hscode,description,net_wt_kg,assess_value_bdt
01051110,Fowls Of The Species Gallus Domestic(Parent Stock One Day Chick),5983,416036572
01051310,Parent stock of one day chick of ducks,326,6167348
01069000,"OTHER LIVE ANIMALS, NES",8,87069
03011100,"Ornamental fish, Freshwater",65,205343
03021490,Atlantic salmon (Salmo salar) and Danube salmon (Hucho hucho) EXCL. Wrapped/canned up,1575,5822717
03021990,"Fish...ruhi,katla,......,pangash, karp & alike, excl. wrapped/canned upto 2.5kg Other",597906,74337659
03023190,"Fresh Or Chilled Albacore Or Longfinned Tunas(Excl.Livers & Roes),nes",22,11017
03023390,"Fresh Or Chilled Skipjack Or Stripe-Bellied Bonito(Ex.Livers & Roes),nes",8,5634
03024210,"Anchovies (Engraulis spp), Wrapped/canned upto 2.5 Kg",2,1438
03024310,"Sardines ( Sardina pilachardus), sardinella (Sardinella spp), brisling . sprattus)Wr",11,10997
03024390,"Sardines ( Sardina pilachardus), sardinella (Sardinella spp), brisling . sprattus) E",22,16525
03028490,"Seabass (Dicentrarchus spp), EXCL. Wrapped/canned upto 2.5 Kg",78,78127
03031390,"Atlantic salmon (Salmo salar) and Danube salmon (Hucho hucho), EXCL. Wrapped/canned upto",6513,4533944
03032490,"Other Catfish (Pangasius spp, Silurus spp, Clarias spp, Ictalurus spp)",30760,3446547
03032610,"Eels (Anguilla spp), Wrapped/canned upto 2.5 Kg",2,1127
03032990,"Fish frozen.. Excl. wrapped/canned upto 2.5kg ruhi, katla,..,karp and alike Other",11540,1292585
03034390,"Frozen Skipjack Or Stripe-Bellied Bonito(Excl.Livers & Roes),nes",103836,11631800
03034990,"Frozen Tunas, Nes, (Excl. Livers & Roes),nes",3000,336012
03035190,"Herrings (Clupea harengus,Clupea pallasii), NES",1573320,176248327
03035490,"Mackerel (Scomber scombrus, Scomber australasicus, Scomber japonicus), EXCL. Wrapped/can",411630,46134923
03035590,Other Jack and horse mackerel (Trachurus spp),130356,14607715
03035990,Wrapped/canned upto 2.5 kg,197835,49259108
03036310,"Cod (Gadus morhua, Gadus ogac, Gadus macrocephalus), Wrapped/canned upto 2.5 Kg",113,14204
03038390,"Toothfish (Dissostichus spp), EXCL. Wrapped/canned upto 2.5 Kg",183,137549
03038990,"Other fish, excluding livers and roes :",2226084,289573361
03046290,"Catfish (Pangasius spp, Silurus spp, Clarias spp, Ictalurus spp), EXCL. Wrapped/canned u",84528,15792770
03048690,"Herrings (Clupea harengus, Clupea pallasii), EXCL. Wrapped/canned upto 2.5 Kg",68,68104
03048710,"Tunas (of the genus Thunnus), skipjack or stripe-bellied bonito...pelamis),Wrapped/canne",819,153288
03048790,"Tunas (of the genus Thunnus), skipjack or stripe-bellied bonito...pelamis), EXCL. Wrappe",578,172316
03049490,Other Alaska Pollack (Theraga chalcogramma),1,795
03054110,"Smoked Pacific, Atlantic & Danuve Salmon & Fillets, Wra./Can. Upto 2.5kg",700,487478
03054190,"Smoked Pacific, Atlantic & Danuve Salmon & Fillets, Nes",102,70742
03055410,"Herrings (Clupea harengus, Clupea pallasii), anchovies (Engraulis spp.), sardines (Sa",8,1661
03055490,"Herrings (Clupea harengus, Clupea pallasii), anchovies (Engraulis spp.), sardines (Sa",39,12206
03055990,"OTHER DRIED FISH(EXCL.COD),NES",1511290,387355556
03056390,"Anchovies Salted Or In Brine But Not Dried Or Smoked, Nes",17,2114
03063610,Other shrimps and prawns,0,1420436
03069990,"Other, including flours, meals and pellets of crustaceans, fit for human consumption",4,588
03071110,"Oysters, Live, fresh or chilled, Wrapped/canned upto 2.5 Kg",2,501
03072110,"Scallops, Live, Fresh Or Chilled Wrapped/Canned Upto 2.5kg",46,45875
03072210,"Scallops, including queen scallops, .. frozen Wrapped/canned upto 2.5 kg",195,61111
03073210,"Mussels (Mytilus spp., perna spp.): Frozen Wrapped/canned upto 2.5 kg",750,281767
03074310,"Cuttle fish and squid , Frozen, Wrapped/canned upto 2.5 kg",10500,2287340
03074390,"Cuttle fish and squid , Frozen, Excl. Wrapped/canned upto 2.5 kg",8000,1742195
03075110,"Octopus Live, Fres Or Chilled, Wrapped/Canned Upto 2.5kg",4,3005
03078210,"Live, fresh or chilled stromboid conchs (Strombus spp.)",8,3124
04011010,"Milk And Cream Of <=1% Fat,Not Concentrated Or Sweetened, Wrapped/Canned upto 2.5 kg",2681,334078
04011090,"Milk And Cream Of <=1% Fat,Not Concentrated Or Sweetened, Nes",7367,4181610
04012010,"Milk & Cream Of>1%But<=6%Fat,Not Concentrated Or Sweetened,Wrap./Cann. upto 2.5 kg",91189,11390687
04015010,"Milk & cream ..added sugar or ..Of a fat content, by weight, >10%, Wrapped./Canned upto",5,6263
04015090,"Milk & cream added sugar or..Of a fat content, by weight, >10%, EXCL.Wrapped./Canned up",13,7353
04021010,"Milk&Cream In Powder Forms<=1.5%Fat,Con... Or Sweet.,In Reta.Pk.Upto 2.5kg",2718,1446290
04021090,Other,5444625,1717193664
04021091,MILK AND CREAM IN SOLID FORMS OF =<1.5% FAT IMPORTED BY VAT REG. MILK AND MILK PRODUC,199150,56888061
04022190,,8687375,3906542223
04022910,Milk&Cream In Powder Forms >1.5% Fat Sweet Or Conc. In Ret.Pk.=<2.5kg,28421,15089204
04029900,Sweetened Milk And Cream (Excl. In Solid Form),9282,603047
04032000,yogurt,1095,205510
04039000,"BUTTERMILK, CURDED MILK AND CREAM.., EXCL. YOGURT",1287,832940
04041000,Whey whether or not concentrated or containing added sugar or other sweetening matter,200006,23773776
04049000,"Products Consisting Of Natural Milk Constituents, Nes",475175,62076697
04059000,Fats And Oils Derived From Milk (Excl. Butter And Dairy Spreads),67200,57029591
04062000,Grated Or Powdered Cheese,23480,14407343
04063000,"Processed Cheese, Not Grated Or Powdered",60052,36041278
04069000,"Cheese, Nes",52378,22744632
04071900,Birds Fertilised eggs for incubation EXCL. Of fowls of the species Gallus domesticu,124,802754
04090010,"Naturel honey, wrapped/canned upto 2.5 kg",32529,20273777
04090090,"Naturel honey, Exclu. wrapped/canned upto 2.5 kg",171120,64183656
05010000,"Human Hair And Waste, Unworked",102700,158336805
05029000,Badger And Other Brush Making Hair & Waste There Of,33,29540
05051000,Raw Feathers For Stuffing; Down,2,1003
05080000,"Coral; Shells Of Molluscs, Crustaceans, Unworked",94203,3265620
05100010,Glands Including Pituitary Glands,0,1879
05119100,"Products Of Fish, Crus.,Mollus.,Other Aquatic, Invet Dead Anim.Of Chapt. 3",662393,49728502
06012000,"Bulbs, Tubers... Rhizomes In Growth Or Flower; Chicory Plants And Roots",702,1153097
06023000,"Rhododendrons And Azaleas, Grafted Or Not",48628,2289351
06024000,"Roses, Grafted Or Not",40947,4641982
06029090,"Other Live Plants,Cutting And Slips, Mushroom Spawn",34635,2132030
06031100,Roses,2073,1231441
06031200,Carnations,538,336278
06031300,Orchids,240,150101
06031400,Chrysanthemums,404,252125
06031500,Lilies (Lilium spp),1647,1028833
06031900,Cut flowers & flower buds of a kind suitable for bouquets or for ornamental pur,1860,1161293
06042000,"Foliage, branches and other parts of plants, without flowers .or otherwise prepared, Fr",604,378274
07011090,"Seed Potatoes, Nes",2,3757
07020019,"Tomatoes, Fresh, Nes",741,187699
07031019,"Onions, Fresh Or Chilled, Nes",23167067,1195199336
07032090,"Garlic, Fresh Or Chilled, Nes",7762877,968276146
07039090,"Leeks And Other Alliaceous Vegetables, Nes, (excl. Wrapped/Canned upto 2.5 kg)",3395,839317
07041090,"Cauliflowers And Headed Broccoli, Fresh Or Chilled, Nes",1421,444195
07042090,"Brussels Sprouts, Fresh Or Chilled, Nes",162,48627
07051190,"Cabbage Lettuce, Fresh Or Chilled, Nes",12793,3170563
07051990,"Lettuce,Fresh Or Chilled, Excl. Cabbage Lettuce, Nes",100,25041
07061090,"Carrots And Turnips, Fresh Or Chilled, Nes",88,22030
07069090,"Salad Betroot..Radishes & Similar Edible Roots,Fresh Or Chilled, Nes",2144,544496
07070090,"Cucumbers And Gherkins, Fresh Or Chilled, Nes",1738,434805
07081090,"Peas, Shelled Or Unshelled,Fresh Or Chilled, Nes",68980,4322435
07082090,"Beans, Shelled Or Unshelled Fresh Or Chilled, Nes",523,162675
07092090,"Asparagus, Fresh Or Chilled, Nes",304,95452
07094090,"Celery Other Than Celeric, Fresh Or Chilled, Nes",326,102040
07095190,"Mushrooms, Fresh Or Chilled, Nes",134,84153
07096019,"Sweet Peppers, Fresh Or Chilled, Nes",212,53922
07096099,"Other Fruits Of Genus Capiscum Or Pimenta,Fresh Or Chilled,Nes,(excl. Wrd/Ca upto 2.5kg)",94161,7038553
07099390,"Pumpkins, squash and gourds (Cucurbita spp), EXCL. Wrapped/canned upto 2.5 Kg",161,51143
07099990,"Other Vegetables NES, EXCL. Wrapped/canned upto 2.5 Kg",4503,465357
07102190,"Shelled Or Unshelled Peas Uncooked/Cooked By Steaming/Boiling Frzn, Nes",4000,722238
07104010,"Sweet Corn Uncooked Or Cooked By Steaming Or Boiling Frozen, Wrapped/Canned upto 2.5 kg",2160,268910
07104090,"Sweet Corn Uncooked Or Cooked By Steaming Or Boiling Frozen, Nes",45200,6191211
07109010,"Mixtures Of Vegetable Uncooked/Cooked By Steaming/Boiling Frozen, Wrap/Can upto 2.5 kg",1800,134455
07122090,"Dried Onions Cut, Whole, Broken, Powder, Nes",104800,28639690
07123110,"MUSHROOMS OF THE GENUS AGARICUS, WRAPPED/CANNED upto 2.5 kg",3,1387
07129010,"Dried vegetable, whole ............., Sweet corn",1070,1928140
07129091,"Other Dried Vegetables Whole,Cut Sliced.. Not Further Nes,Wrapped/Canned upto 2.5 kg",1108,208013
07129092,DIHYDRATED CHIVES IMPORTED BY VAT REGI.BISCUITS AND BAKERY PRO.MFG,700,709333
07129099,"Other Dried Vegetable, Whole, Cut Sliced... Not Further Nes,(Excl.Wrap/Can upto 2.5 kg)",176427,42432071
07131090,"Dried Peas Shelled, Nes",20929354,998179537
07132090,"Dried Chickpeas (Garbanzos) Shelled, Nes",96767763,8243179882
07133190,"Dried Beans Of The Species, Vigna Mungo(L) Hepper/V.Radiata, Shelled, Nes",286350,43443411
07133990,"Dried Other Beans, Shelled, Nes, (Excl. Wrapped/Canned upto 2.5 kg)",1251330,141021924
07134010,"Dried Lentils, Shelled, Wrapped/Canned upto 2.5 kg",14,1680
07134090,"Dried Lentils, Shelled, Nes",123841895,10020338208
07136090,Other Pigeon peas (Cajanus cajan) EXCL. Wrapped/canned upto 2.5 Kg,983,165341
07139090,"Dried Leguminous Vegetables, Shelled, Nes, (Excl. Wrapped/Canned upto 2.5 kg)",22505370,1820562495
07143090,Yams (Dioscorea spp) excl. Wrapped/canned upto 2.5 Kg,70,17530
07149099,"Roots&Tubers With High Starch Content, Fresh/Dri./Chilled/Frozen Nes,(Exc.W/C upto 2.5kg",100,31302
08011190,"Desiccated Coconuts Fresh Or Dried,Nes",230000,22751009
08011290,Other coconuts in the inner shell (endocarp) EXCL. Wrapped/canned upto 2.5 Kg,6723439,252464034
08011990,"Coconuts, Not Desiccated,Fresh Or Dried,Nes",20840,2609244
08013110,"Cashew Nuts, In Shell, Fresh Or Dried,Wrapped/Canned Upto 2.5kg",6,720
08013190,"Cashew Nuts, In Shell, Fresh Or Dried,Nes",51060,10510715
08013290,"Casweh Nuts, Shelled, Fresh Or Dried, Nes",97500,50910517
08021290,"Almonds Shelled, Resh Or Dried,Nes",160800,80230946
08023290,"Walnuts Shelled Fresh Or Dried, Nes",194740,97117636
08025290,"Pistachios, Shelled, EXCL. Wrapped/canned upto 2.5 Kg",10500,10453657
08028090,"Other Areca nuts, EXCL. Wrapped/canned upto 2.5 Kg",54000,13522778
08029919,Betelnuts,260301,64826685
08041011,"Dates, Fresh,Wrapped/Canned Upto 2.5kg",980358,304397241
08041019,"Dates, Fresh, Nes",25269443,5424429714
08041021,"Dates, Dried, Wrapped/Canned Upto 2.5kg",16,8012
08041029,"Dates, Dried, Nes",270449,60745567
08042019,"Figs, Fresh, Nes",2004,627270
08042021,"Figs, Dried,Wrapped/Canned Upto 2.5kg",14000,3485506
08042029,"Figs, Dried, Nes",23000,5724495
08044090,"Avocados Fresh Or Dried, Nes",1470,722766
08045029,"Mangosteens, Fresh Or Dried, Nes",253,95038
08045039,"Mangoes Fresh Or Dried, Nes",294,110348
08051090,"Oranges, Fresh Or Dried, Nes",14602637,1478875626
08052190,Mandarins (including tangerines and satsumas),8560831,746077538
08052210,Clementines,8,2003
08054090,"GRAPEFRUIT, NES",19700,1722461
08055090,"CITRUS FRUIT,FRESH OR DRIED, LEMONS ,NES",134,41930
08059019,"Citrus Fruit, Fresh Nes, Nes",5975007,516295995
08061090,"Fresh Grapes, Nes",6439472,678186870
08062090,"Dried Grapes, Nes",1686371,419915825
08071190,"Watermelons, Fresh, Nes",9,2817
08071990,"Melons, Fresh, (Excl. Watermelons),Nes",153,47886
08072090,"Papaws (Papayas), Fresh, Nes",161,60475
08081090,"Apples, Fresh, Nes",18596230,1621073664
08083090,"Pears, EXCL. Wrapped/canned upto 2.5 Kg",571050,49755313
08091090,"Apricots, Fresh, NES",38,19035
08092190,"Sour cherries (Prunus cerasus), EXCL. Wrapped/canned upto 2.5 Kg",84,63122
08093090,"Peaches, Including Nectarines, Fresh,Nes",62,23526
08094019,Plums EXCL.Wrapped/canned upto 2.5 kg,2527,1168035
08094099,Sloes EXCL.Wrapped/canned upto 2.5 kg,50,31385
08101010,"Strawberries, Fresh, Wrapped/Canne Upto 2.5kg",10556,5290341
08102010,"Raspberries,Blackberries,Mulberries & Loganberries,Fresh,Wrapped/Cann Upto 2.5kg",141,89511
08102090,"Raspberries,Blackberries,Mulberries & Loganberries,Fresh, Nes",12,7800
08103090,"Other Black, white or red currants and gooseberries, EXCL. Wrapped/canned upto 2.5 Kg",17728,706236
08105090,"Kiwifruit, Fresh, NES",3277,779277
08106090,"DURIANS , NES",206,77383
08107090,"Other persimmons, EXCL. Wrapped/canned upto 2.5 Kg",3842,782294
08109090,"Other Fruit, Fresh, Nes,(Excl. Wrapped/Canned Upto 2.5kg)",3589757,355006635
08131090,"Dried Apricots, NES",37710,10795643
08132090,"Dried Prunes,NES",36470,9321702
08134090,"Other Dried Fruit, Nes, (Excl. Wrapped/Canned Upto 2.5KG)",1507593,152206741
08135091,"Mixtures Of Dried Fruit And Nuts, Nes, Wrapped/Canned Upto 2.5KG",2741,1201151
08135099,"Mixtures Of Dried Fruit And Nuts, Nes, (Excl. Wrapped/Canned Upto 2.5KG)",450,192783
09011190,"Coffee, Not Roasted Or Decaffeinated",20920,21144155
09019090,"Coffee husks and skins,coffee substi contain coffee excl. Wrapped/canned upto 2.5 k",5,6257
09021000,"Green Tea,Whether Or Not Flavoured, In Immediate Packings <=3 Kg",517,644154
09023000,"Black Tea Fermented/Partly Fermented,Flavoured Or Not,In Packings Of <=3kg",831,311490
09024000,"Black Tea Fermented/Partly Fermented,Flavoured Or Not,In Packings Of >3kg",3,2253
09041190,"Pepper, Neither Crushed Nor Ground, Nes",178325,96576938
09041200,"Pepper, Crushed Or Ground",3963,1472772
09042190,"Fruits of the genus Capsicum...,: Dried or neither crushed or ground, EXCL.Wrapped/canne",3755631,1033327436
09061110,"Neither crushed nor ground:Cinnamon (Cinnamomum zeylanicum Blume), Wr./Can.upt",5,3000
09061190,"Neither crushed nor ground:Cinnamon (Cinnamo. Zeylan. Blume), Excl. Wr./Can.up",1542170,328376525
09062000,"Cinnamon And Cinnamon-Tree Flowers, Crushed Or Ground",75000,21474036
09071090,"Cloves (whole fruit, cloves and stems), Neither Crushed or ground, EXCL. Wrapped/canned",212110,105634417
09081190,"Nutmeg :Neither Crushed or ground, EXCL. Wrapped/canned upto 2.5 Kg",32770,12285487
09082190,"Mace : Neither Crushed or ground, EXCL. Wrapped/canned upto 2.5 Kg",40330,40501141
09083190,Cardamoms :Neither Crushed or ground. EXCL. Wrapped/canned upto 2.5 Kg,465980,1030203154
09092190,Seeds of coriander : Neither crushed or ground EXCL. Wrapped/canned upto 2.5 Kg,191956,45320564
09093110,Seeds of Cumin : Neither crushed or ground Wrapped/canned upto 2.5 Kg,8,2916
09093190,Seeds of Cumin : Neither crushed or ground EXCL. Wrapped/canned upto 2.5 Kg,1986612,852696156
09096190,"Seeds of anise, badian, caraway...; juniper berries : Neither crushed or ground EXCL. Wr",820430,164861762
09101190,Ginger : Neither Crushed or ground EXCL. Wrapped/canned upto 2.5 Kg,14880557,1736100033
09101290,Ginger : Crushed or ground EXCL. Wrapped/canned upto 2.5 Kg,30600,12129275
09103090,"Turmeric(Curcuma), Nes",1367980,229438374
09109110,MIXTURES REFFERED TO IN NOTE 1(B) TO THIS CHAP WRAP/CAN UPTO 2.5 KG,720,180358
09109910,"Other Spices, Nes, Wrapped/Canned upto 2.5 kg",166,51834
09109990,"Other Spices, Nes, (Excl. Wrapped/Canned upto 2.5 kg)",366132,36182838
10011990,"Durum wheat, Other than Seed, EXCL. Wrapped/canned upto 2.5 Kg",848066150,29287826953
10019990,"Other Seed, NES, EXCL, Wrapped/canned upto 2.5 Kg",140463710,4811006988
10031090,Barley Seed EXCL. Wrapped/canned upto 2.5 Kg,8000,420684
10039090,Barley other than Seed EXCL. Wrapped/canned upto 2.5 Kg,115800,6268115
10049090,"Oats other than Seed, EXCL. Wrapped/canned upto 2.5 Kg",42000,5048524
10051010,"Maize Seed, wrapped/canned upto 2.5 kg",286780,156544352
10051090,"Maize Seed, Excl. wrapped/canned upto 2.5 kg",85047,42471427
10059090,"Other Maize, Excluding wrapped/canned upto 2.5 kg",383131340,17097711916
10061010,Rice in the husk (paddy or rough) wrapped/canned upto 2.5 kg,3,1878
10062000,Husked (Brown) Rice,15,4007
10063019,Semi-Milled Or Wholly Milled Rice,17956,1799601
10063091,Semi-Milled Or Wholly Milled Rice,40000,7754659
10063099,Semi-Milled Or Wholly Milled Rice,120879800,6542803639
10071090,"Grain sorghum Seed, EXCL. Wrapped/canned upto 2.5 Kg",343600,18042676
10082910,"Millet other than Seed, Wrapped/canned upto 2.5 Kg",1025,103008
10082990,"Millet other than Seed, EXCL. Wrapped/canned upto 2.5 Kg",348960,27438914
11010090,"Wheat Or Meslin Flour, Excl. wrapped/canned upto 2.5 kg",32,16025
11022000,Maize (Corn) Flour,24000,2599266
11029000,"Other Flour Than Of Rye,Maize & Rice Flour",1055,188519
11041290,Rolled or flaked grains of oats in bulk,10,6260
11062000,"Flour, Meal And Powder Of Sago Or Of Roots Or Tubers Of 0714",2,1252
11063000,"Flour, Meal And Powder Of Products Of Chapter 8",282,428563
11071000,Malt Not Roasted,200000,26296876
11081200,Maize (Corn) Starch,1335800,98908602
11081300,Potato Starch,44000,6135890
11081400,Manioc (Cassava) Starch,19900,1769768
11082000,Inulin,100,181546
11090000,"Wheat Gluten, Wheather Or Not Dried",24000,4409179
12011010,"Soya beans, whether or not broken Seed, Wrapped/canned upto 2.5 Kg",8,2806
12019090,"Soya beans, whether or not broken other than Seed, EXCL. Wrapped/canned upto 2.5 Kg",326106334,19177287079
12024190,"Ground-nuts, not roasted or otherwise cooked, whether in Shell, EXCL. Wrapped/canned up",2596325,261232582
12024290,"Other Ground-nuts, Shelled whether or not broken EXCL. Wrapped/canned upto 2.5 Kg",4769750,491227518
12030000,Copra,3830936,828515979
12051090,"LOW ERUCIC ACID RAPE OR COLZA SEEDS, Nes",30540461,1985349137
12060090,"Sunflower Seeds, Whether Or Not Broken, Nes",79250,15672212
12074090,"Sesamum Seeds, Nes",333000,104613723
12075090,"Mustared Seeds, Nes",9526880,739035260
12077010,Melon seeds Wrapped/canned upto 2.5 Kg,852,2053330
12077090,"Other Melon seeds, EXCL. Wrapped/canned upto 2.5 Kg",12236,8677540
12079910,"Other Oil Seeds And Oleaginous Fruits, Nes, Wrapped/Canned upto 2.5 kg",30,15023
12079990,"Other Oil Seeds And Oleaginous Fruits, Nes, (Excl. Wrapped/Canned upto 2.5 kg)",219640,59638234
12092900,"Other Seeds Of Forage Plants, Of A Kind Used For Sowing, Nes",1,1253
12093000,Seeds Of Herbaceous Plants Cultivated Principally For Their Flowers,300,150223
12099100,Vegetable Seeds Of A Kind Used For Sowing,78449,157472883
12099990,Other than Tobacco Seeds,10,886443
12102000,"Hop Cones, Ground, Powdered Or In Pellets; Lupulin",700,1286467
12112090,"Ginseng Roots,Of Fresh Or Dried, Nes",100,300478
12113090,"COCO LEAF, Nes",60,36059
12119029,"Plants Or Parts, Used In Pharmacy, Nes, (Excl. Wrapped/Canned upto 2.5 kg)",1142415,277185547
12119091,"Plants Or Parts, Used In Insecticide..., Similar Purpose,Nes, Wrap./Cann upto 2.5 kg",2310,405825
12119099,"Plants Or Parts, Used In Insecticide..., Similar Purpose,Nes, Wrap./Cann upto 2.5 kg",1522218,92259907
12122111,Seaweeds and other algae: Fit for human consumption Wrapped/canned upto 2.5 Kg,51,8013
12122119,Seaweeds and other algae: Fit for human consumption EXCL. Wrapped/canned upto 2.5 Kg,5467,3586909
12122911,Seaweeds and other algae: Other than Fit for human consumption Wrapped/canned upto 2.5,27,6762
12122919,Seaweeds and other algae: Other than Fit for human consumption EXCL. Wrapped/canned upto,98500,8692927
12129290,"Other Locust beans (carob), EXCL. Wrapped/canned upto 2.5 Kg",5000,2454131
12129990,"Vegetable Products Used Primarily For Human..,Fresh/Drd Nes,(Excl. Wrap/Can upto 2.5 kg)",1050,26310813
12130090,"Cereal Straw And Husks, Nes",0,627
13012000,Gum Arabic,18050,10893245
13019000,"Natural gums, resins, gum-resins,natural oleoresesins and balsams (excl. gum arabic)",310178,119216664
13021900,"Other Vegetable Saps And Extracts,Nes(Exl.Opium,Liquorice,Hops,Pyrethrum).",11543,47033996
13022000,"Pectic Substances, Pectinates And Pectates",60250,50086296
13023100,Agar-Agar,5103,3352701
13023200,"Mucilages And Thickeners Of Locust Beans, Bean Seeds And Guar Seeds",37000,17607092
13023900,"Mucilages&Thickeners,Derived From Veg.Prod.(Ex.Locastbeans/Seeds,Guarseeds",1010,2657087
14011000,Bamboos,55000,3443377
14019090,Other than Areca Leaves; Sal Leaves; Siali Leaves; Polash Leaves,81,41942
14049091,"Vegetable Products, Nes Wraped/Canned upto 2.5 kg",3909,832165
14049099,"Vegetable Products, Nes (Excl. Wrapped/Canned upto 2.5 kg)",95942,18512664
15041000,Fish-Liver Oils And Their Fractions,3860,9801563
15042000,"Fish Fats, Oils And Fractions (Excl. Fish Liver Oils)",311789,96956021
15050000,Wool grease and fatty substances derived therefrom(including lanolin).,4750,15016309
15071000,"CRUDE OIL, WHETHER OR NOT DEGUMMED",77460152,11300897420
15079010,Refined Soya-Bean Oil,1000,876426
15079090,Other Soya-Bean Oil,10,2400
15089000,"Ground-Nut Oil (Excl. Crude) And Fractions,Not Che.Modified",3405,3674778
15092010,Extra virgin olive oil,16930,7414275
15092090,Extra virgin olive oil,4588,1893745
15093010,Virgin olive oil,143,72443
15093090,Virgin olive oil,2835,3036471
15099010,Olive oil and fractions (excl. virgin) wrapped/canned upto 2.5kg,18801,7141100
15099090,Olive oil and fractions (excl. virgin) Excl. wrapped/canned upto 2.5kg,8282,4700002
15109000,"Crude olive pomace oil, OTHERS",85,50485
15119011,Rbd Palm Stearin,2999223,438103375
15119090,Palm Oil(Excl.Cude)&Its Fractns....Nes.Incld.Refiend Palm Oil,136300017,17535114789
15121900,Sunflower-Seed And Safflower Oil (Excl. Crude) And Fractions Thereof,33512,6779797
15131100,Crude Coconut (Copra) Oil,1336,822955
15131900,"Coconut (copra) oil (excl. crude) & its fractions, refined or not but not chem. modified",16697,3550667
15132100,Crude Palm Kernel Or Babassu Oil,344020,80200943
15132900,"Refined Palm Kernel/Babassu Oil & Fractions,Not Chem.Modifd",312204,75708268
15151900,"Refined Inseed Oil & Fractions,Not Chemically Modified",5692,1691381
15152100,Crude Maize (Corn) Oil,30,37835
15153000,Castor Oil And Its Fractions,16071,5648078
15155000,Sesame Oil And Fractions,8783,2867076
15156000,Microbial fats and oils and their fractions,2,1501
15159000,"Oth.Fixed Veg.Oil,Fats & Frac.,Nes(Ex.Maize/Castor/Tung/Sesamre/Jojobaoil)",3750,6099275
15161000,"Animal Fats And Oils And Fractions, Hydrogenated, Etc",20,246010
15162000,"Vegetable fats and oils and their fractions, hydrogenated, etc",1430675,283236604
15163000,Microbial fats and oils and their fractions,1004,743755
15171010,"Margarine, excluding liquid margarine in 10kg or above packing",516995,83442062
15171090,"Margarine, excl liquid margarine other than 10kg or above packing",34110,5458652
15179000,"Edible Preparations Of Animal/Veg.Fats And Oils,Nes Incld.Liquid Margarine",46978,20187728
15180000,"Animal Or Vegetable Fats And Oils... Chemically Modified, Nes",98400,39051634
15200000,"Glycerol, Crude, Glycerol Waters And Glycerol Lyes",50,280703
15219000,"Beeswax, other insect waxes and spermaceti",14310,2319444
16010000,"Sausages &Similar Prod.;Of Meat,Meat Offal,Blood,Prep.Based On These Prod.",47661,13325363
16023200,"Prepared/Preserved Meat,Offal/Blood Of Fowls Of Species Gallus Domesticus",53641,8018300
16025000,Preparations Of Meat Of Bovine Animals,2805,2315848
16041400,"Prep./Preserved Tuna,Skipjack & Bonito Ex.Minced Whole/Inpieces",4081,2043278
16041700,Eels,150,93941
16041900,"Prepared Or Preserved Fish (Not Minced), Nes, Whole/Inpieces",5,2504
16042000,"Other Prepared Or Preserved Fish, Including Minced, Nes",41,20542
16043200,Caviar substitutes,264,167437
16051000,"Crab, Prepared Or Preserved",1916,848436
17011400,Other cane sugar,131883247,6513949470
17019900,"Cane Or Beet Sugar, In Solid Form, Nes Including Chemically Kue Sucoose",21240880,1754034064
17021100,Lactose And Lactose Syrup Cont.By Weight>=99% Lactose Calc. On Dry Matter,380420,116890927
17021900,Lactose And Lactose Syrup Cont.By Weight <99% Lactose Calc. On Dry Matter,2460,2735700
17022000,Maple Sugar And Maple Syrup,2520,493092
17023010,"Dextrose, Anhydrous/Monohydrate Bp/Vsp Pyrogen Free",1493100,125232462
17023020,"Glucose & Glucose Syrup,Containing <20% Fructose,Liquid Glucose",96000,6943489
17023090,"GLUCOSE AND GLUCOSE SYRUP, NOT CONTAINING FRUCTOSE OR CONTAINING.. EXCL. LIQUID GLUCO",176008,17375002
17029000,"Artificial honey, caramel and other sugars (incl. invert sugar), nes",1970947,108014240
17031000,Cane Molasses Resulting From The Extraction Or Refining Of Sugar,272747,9248073
17039000,Oth.Molasses Resulting From The Extraction/Refining Of Sugar (Ex.Cane),23000,4798206
17041010,"Chewing Gum Not Containing Cocoa, TV",12745,4870072
17049010,"Sugar confe (incl. white chocolate), not cont cocoa,nes Put up for retail sale",87035,32646167
17049090,"Sugar confei (incl. whit chocole), not cont cocoa, nes excl. Put up for retail sale",22585,8483908
18010000,"Cocoa Beans, Whole Or Broken, Raw Or Roasted",9,5510
18031000,"Cocoa Paste, Not Defatted",2875,900254
18032000,"Cocoa Paste, Wholly Or Partly Defatted",180,44800
18040000,"Cocoa Butter, Fat And Oil",30,17527
18050000,"Cocoa Powder, Not Containing Added Sugar Or Other Sweetening Matter",206327,45790308
18061000,"Cocoa Powder, Containing Added Sugar Or Other Sweetening Matter",1665,416744
18062000,"OTHER PREPARATIONS IN BLOCKS, SLABS OR BARS WEIGHING MORE THAN 2 KG, OR IN LIQUID..",127850,47764174
18063100,"Chocolate, Etc, Containing Cocoa, In Blocks, Slabs Or Bars, Filled, TV",53835,67356009
18069000,"OTHER CHOCOLATE & OTHER FOOD PREPARA. CONTAININGS COCOA, EXCL. FILLED/NOT FILLE, TV",10011,12452106
19011000,"Preparations suitable for infants or young children, put up for retail sale",385457,210302227
19012000,Mixes And Doughs For Preparation Of Bakers' Wares Of 19.05,118023,18648965
19019011,Filled milk powder,1753725,611289889
19019020,Dry mixed ingredients of food preparations,493755,152653051
19019030,Preparations for infant or young children in bulk imported by VAT registered food ind,1023531,645516516
19019040,"Nutritional supplement for pregnant women and breast feeding mothers, put up for",21180,16395240
19019090,,106886,22708859
19019099,Imported in bulk by other than VAT registered food processing industries,4,2640
19021100,Uncooked Pasta Containing Eggs Not Stuffed,750,93939
19021900,"Uncooked Pasta, Not Containing Eggs, Not Stuffed",40200,5111530
19023000,"Other Pasta, Nes",162405,18927666
19024000,Couscous,10,5008
19030000,"Tapioca & Substitutes Prpd.From Starch In Flakes,Grains,Pearls,Sifting Etc",1008359,77965813
19041000,Prepared food obtained by the swelling or roasting of cereals or cereal products,197855,68552885
19042000,Prepared Foods Obtned From Unroasted Cereal Flakes/Mixtures Unroasted/Rstd,4088,2638282
19049000,"Cereals In Grain,Flakes,Worked Grains,Precooked,Otherwise Prepared, Nes",22548,12975201
19051000,Crispbread,1786,1024975
19053100,"SWEET BISCUITS, TV",13650,7026438
19053200,"WAFFLES AND WAFERS, TV",71598,44122745
19054000,"Rusks, Toasted Bread And Similar Toasted Products",562,368590
19059000,"Pastry,Cakes,Other Bread, Etc, Nes; Communion Wafers, Rice Paper, Etc, TV",5652,3967126
20011000,"Cucumbers And Gherkins,Prepared On Preserved By Vinegar Or Acetic Acid",17941,2263926
20019000,"Oth.Veg.Fruits,Nuts&Edible Parts Of Plants Preserved By Vinegar/Acetic Aci",60063,6313835
20021000,"Tomatoes, Whole Or In Pieces, Preserved Other Than By Vinegar, Etc",2250,281443
20029000,"Tomatoes,Oth.Than Whole Or Pieces Preserved Otherwise Than By Vinegar,Nes",94520,9670496
20031000,"Mushrooms, Preserved Otherwise Than By Vinegar Or Acetic Acid",118433,11868512
20039000,"OTHER MUSHROOMS&TRUFFLES,PREPARED OR PRESE.OTHERW.THAN BY VINE.ACETIC ACID",2000,375611
20041000,"Potatoes,Preserved Not By Vinegar/Acetic Acid,Frozen (Excl.Prods. Of 2006)",42356,6816742
20052000,"Potatoes, Preserved Other Than By Vinegar Or Acetic Acid, Not Frozen",4109,2057988
20054000,"Peas, Preserved Other Than By Vinegar Or Acetic Acid, Not Frozen",8964,1023329
20055100,"Shelled Beans, Preserved Other Than By Vinegar, Etc, Not Frozen",9760,735066
20055900,"Beans, Unshelled, Preserved Other Than By Vinegar, Etc, Not Frozen",10255,4541588
20058000,"Sweetcorn, Preserved Other Than By Vinegar Or Acetic Acid, Not Frozen",84404,7469508
20059100,Bamboo shoots,4068,507793
20059900,"Other vegetables and mixtures of vegetables:, Excl. Bamboo shoots",565,75223
20060000,"Vegetables,Fruit,Nuts,Fruitpeel & Other Parts Of Plants,Preserved By Sugar",3313,2734840
20079100,"Jams,Fruit Jellies,Marmalades,Etc,Of Citrus Fruit Oth.Than Homogenised Pre",420,210428
20079900,"Oth.Jams,Fruit Jellies,Marmalades,Nut Purce/Pastes Oth Than Citrus Fruit..",18461,12534419
20081100,"Ground-Nuts, Prepared On Preserved",1149,582148
20081900,"Nuts And Seeds Including Mixtures, Other Than Ground Nuts, Preserved",6514,3311251
20084000,"Pears,Otherwise Prepared Or Preserved (Excl. Those Of 20.06 And 20.07)",5,3130
20086000,"Cherries, Otherwise Prepared Or Preserved (Excl. Those Of 20.06 And 20.07)",19216,13304435
20088000,"Strawberries,Otherwise Prepared Or Preserved (Excl.Those Of 20.06 & 20.07)",3718,1664910
20089700,Mixture,60,26295
20089900,"Other fruit, etc, prepared or preserved, nes",42852,18203520
20091900,"Unfrzn.Orange Juice,Unfermented,Not Containing Added Spirit,Sweetened/Not",105495,23045738
20093900,OTHER JUICE OF ANY OTHER SINGLE CITRUS FRUIT EXCL. BRIX VAL.NOT EXCEED.20,8640,5769549
20097100,APPLE JUICE OF A BRIX VALUE NOT EXCEEDING 20,1512,284070
20097900,"OTHER, APPLE JUICE EXCL. BRIX VALUE NOT EXCEEDING 20",122459,23598259
20098100,Juice of any other single fruit or vegetable Cranberry Juice,94964,17838525
20098900,Juice of any other single fruit or vegetable other than Cranberry Juice,140835,29879845
20099000,"Mixtures Of Juices,Unfermented,Not Cont. Added Spirit,Sweetened Or Not",54144,10171033
21011100,"Extracts, Essences And Concentrates Of Coffee",136962,237824576
21011200,Preparations With A Basis Of Extract/Essence Etc.Or With A Basis Of Coffee,1448,1266565
21012000,"Extracts, Essences, Concentrates And Preparations Of Tea Or Mate",29270,25460011
21013000,"Roasted Coffee Substitutes (Incl.Chicory),Extracts,Essences & Conc.Thereof",92,112203
21021000,Active Yeasts,877311,201073944
21022000,"Inactive yeasts; other single-cell micro-organisms, dead",192500,65498112
21023000,Prepared Baking Powders,35059,7458847
21031000,Soya Sauce,24097,3090200
21032000,Tomato Ketchup And Other Tomato Sauces,41589,6526333
21033000,"Mustard Flour And Meal, And Prepared Mustard",1798,295795
21039010,Mixed seasonings,646027,296906234
21039090,sauce preparations; mixed condiments and seasonings;NES,237918,49008252
21041000,Soups And Broths And Preparations Therefor,88792,36352061
21042000,Homogenized Composite Food Preparations,166,355608
21061000,Protein Concentrates And Textured Protein Substances,64784,21334948
21069020,Beverage concentrate,394767,543523204
21069029,Beverage concentrate,14,5880
21069030,Soya protein-based food preparations,18025,19340614
21069050,Creamer in bulk imported by VAT registered milk foodstuffs manufacturers,183731,39898517
21069060,Food supplement,7018,8870875
21069090,Other food preparations not elsewhere specified or incl.(excl. beverage concentrate),1054104,488516755
22011000,"Mineral Waters And Aerated Waters, Unsweetened",10507,1315747
22019000,"OTHER WATER, EXCL.MINERAL WATERS AND AERATED WATERS",9250,1155598
22021000,"Waters (Incl. Mineral And Aerated), With Added Sugar, Sweetener, Etc",14723,2027707
22029900,"Waters, including mineral waters and aerated waters...Excl. Non-alcoholic beer",2234,420058
22030000,Beer Made From Malt,20320,5606274
22042100,Wine(Not Sparkling);Grape Must With Fermt.Prevt.By Alcohol In: <=2 L Cont.,270,315006
22071000,"Undenatured Ethyl Alcohol, Of Alcoholic Strength >=80% By Vol.",40856,18250666
22083000,Whiskeys,144,1020345
22086000,Vodka,60,71443
22087000,Liqueurs And Cordials,9,14446
22090000,Vinegar And Substitutes For Vinegar Obtained From Acetic Acid,43999,9899774
23023000,"Brans, Sharps And Other Residues Of Wheat",33590643,1496708137
23025000,"Brans, Sharps And Other Residues Of Leguminous Plants",2809493,135751290
23031000,Residues Of Starch Manufacture And Similar Residues,4756152,414445028
23033000,Brewing Or Distilling Dregs And Waste,25463616,1427409682
23040000,"Oil-Cake And Other Solid Residues, Of Soya-Bean Oil",67399253,4439045089
23050000,"Oil-Cake And Other Solid Residues, Of Ground-Nut Oil",30,126173
23061000,Oil-Cake And Other Solid Residues Of Cotton Seeds,103750,8833121
23062000,Oil-Cake And Other Solid Residues Of Linseed,163500,12282840
23064900,"OIL-CAKE AND OTHER SOLID RESIDUES OF RAPE OR COLZA SEEDS, OTHER",3163606,197885033
23066000,Oil-Cake And Other Solid Residues Of Palm Nuts Or Kernels,388521,18490665
23069000,"Oil-Cake And Other Solid Residues, Of Other Vegetable Fats And Oils",44000,2680572
23091000,"Dog Or Cat Food, Put Up For Retail Sale",408296,51858000
23099011,Vitamin or mineral or amino acid or their combination (feed grade),313700,107135045
23099012,Vitamin premix or mineral premix or amino acid premix or their combination(feed grade,2579171,1073593410
23099013,Probiotics or Prebiotics or their combinatioin (feed grade),572027,291800857
23099014,Essential oil or combination of essential oils (feed grade),83840,31871158
23099019,"Oth, Preparations for use in making complete feed or supplementary feed",2658618,835064511
23099021,Vitamin or mineral or amino acid or their combination (feed grade),3163,1537966
23099022,Vitamin premix or mineral premix or amino acid premix or their combination (feed grad,36829,21037198
23099023,Probiotics or Prebiotics or their combination (feed grade),171379,50116884
23099029,"Preparations for use in making complete feed or supplementary feed for fish,NES",238987,37519724
23099090,"OTH..Preparations of a kind used in animal feeding. ,OTHER",10167741,1760650584
24012000,"Tobacco, Partly Or Wholly Stemmed/Stripped",1,15030
24022000,Cigarettes Containing Tobacco,0,1880
24049100,"Other,For oral application",1,9400
25010010,Pure Sodium Chloride Bp/Usp Pyrogen Free,332621,12986849
25010020,Salt (other than pure sodium chlo.)...solution ..salt boulder for crushing & salt in bul,78980000,540024111
25010030,"Rock salt, bhit lobon",707000,12007639
25010099,Other Salt,137,176920
25020000,Unroasted Iron Pyrites,20000,1368530
25030000,"Sulphur Of All Kinds (Excl. Sublimed, Precipitated And Colloidal Sulphur)",3412000,212196286
25041000,Natural Graphite In Powder Or In Flakes,83360,10672578
25051000,Silica Sands And Quartz Sands,2432866,52682522
25059000,Natural Sands(Ex.Silica & Quartz Sands & Metal-Bearing Sands Of Ch.26)Nes,33235,1463225
25061000,Quartz,4367206,119656146
25062000,Quartzite,4712884,120312548
25070010,China clays,11314426,297148171
25070090,"Kaolin And Other Kaolinic Clays, Whether Or Not Calcined",1641416,56454305
25081000,Bentonite,2233088,41921995
25083000,Fire-Clay,44000,498217
25084010,Ball clays,111506163,809637140
25084090,"Other Clays, Nes",4738989,32347690
25090000,CHALK,72000,1496933
25111000,Natural Barium Sulphate (Barytes),767000,38490477
25120000,"Siliceous Fossil Meals (Kieselguhr, Tripolite, Etc); Siliceous Earths",26000,2260583
25131000,Pumice stone,1007950,17636890
25132000,"Emery, Natural Corundum, Natural Garnet And Other Natural Abrasives",245900,5277476
25151100,"MARBLE AND TRAVERTINE,CRUDE OR ROUGHLY TRIMMED",106410,2331797
25151200,"Merely cut, by sawing or otherwise, into blocks ....a rectan.. (including square) shape",5668218,119474901
25161200,"Granite, Merely Cut Into Blocks On Slabs Of A Square Or Rectangular Shape",2817620,64180646
25169010,Boulder stone,570322375,1132355377
25171010,Flint/grinding pebbles,10385,536092
25171090,Broken or crushed stone,1740903570,4343552037
25174100,"Marble Granules, Chippings And Powder",722500,6668407
25174900,"GRANULES, CHIPPINGS AND POWDER, OF STONES OF HEADING 2515 OR 2516..,EXCL. MARBLE",28840989,378288126
25181000,Dolomite Not Calcined,1072660,9087854
25182000,Calcined Dolomite,1994070,13483772
25191000,NATURAL MAGNESIUM CARBONATE (MAGNESITE),231000,9911694
25199000,Magnesia And Other Magnesium Oxide,96101,14104268
25201010,Gypsum; Anhydrite,3612661,73927949
25201090,Gypsum; Anhydrite,168590365,738110962
25202000,Plasters,1925400,47758211
25210010,Boulder limestone,392912101,710656550
25210090,Other than Boulder Limestone,118181015,221399912
25221000,Quicklime,3993333,95476640
25223000,Hydraulic Lime,16500,1448982
25231000,Cement clinkers,1818043951,11916967009
25232100,White Portland Cement,29515,1773985
25232900,"PORTLAND CEMENT, EXCL WHITE CEMENT, WHETHER OR NOT ARTIFICIALLY COLOURED",200,37074
25233000,Aluminous Cement,230016,8919265
25249010,Chrysolite fibre,2442500,236707308
25251000,Crude Mica And Mica Rifted Into Sheets Or Splittings,100000,876476
25252000,Mica Powder,64341,2756028
25261000,"Natural Steatite, Talc, Not Crushed Or Powdered",349500,4807980
25262010,"Natural Steatite, Talc, Crushed Or Powdered",3488290,84505424
25262090,"Natural Steatite, Talc, Crushed Or Powdered",54011,804385
25280000,Natural borates and concentrates thereof (whether or not calcined) but not including ..H,5,3205
25291000,Felspar,83755152,680096732
25292100,Fluorspar Containing By Weight <=97% Of Calcium Fluoride,103736,10180940
25293000,Leucite Nepheline And Nepheline Syenite,58500,4353880
25309000,"Other Mineral Substances, Nes",367901,8347044
26020000,"Manganese Ores/Concentrates(Inc.Ferruginous), With Manganese Cont.Of=>20%",9552764,247262066
26070000,Lead Ores And Concentrates,2500,629180
26140000,Titanium Ores And Concentrates,234000,45153149
26151000,Zirconium Ores And Concentrates,3,2100
26180000,Granulated Slag (Slag Sand) From The Manufacture Of Iron Or Steel,876957332,3276306733
26204000,Ash And Residues Containing Mainly Aluminium,47380,593378
26209910,FLY ASH,427907000,1580328756
26219090,"OTHER,SLAG&ASH,INCLUDING SEAWEED ASH&RESIDUES FROM THE INCIN.MUNICI.WASTE",42040,1313710
27011100,"Anthracite Coal, Not Agglomerated",749496,43438060
27011200,"Bituminous Coal, Not Agglomerated",548830,8245864
27011900,"Other Coal, Not Agglomerated, Nes",2184481044,30262900083
27040000,"Coke And Semi-Coke Of Coal, Of Lignite Or Of Peat; Retort Carbon",1100000,37197084
27060010,"Crude, Tar",216316,13520376
27073000,Xylole,81808,14593817
27074000,Naphthalene,5298,921183
27075090,Other Aromatic Hydrocarbon Mixtures Of Which >=65% Distils At 250oc,93920,22434995
27079100,Creosote Oils,5500,685543
27079910,Rubber process oil imp. by VAT reg. tyre & tube manufacturers,264675,32372398
27079990,"Other Oils And Other Products, Of The Distil Of Coal Tar.",40620,5607853
27081000,Pitch Obtained From Coal Tar Or From Other Mineral Tars,1500,247889
27090000,"Petroleum Oils And Oils Obtained From Bituminous Minerals, Crude TV",238378702,15914680235
27101211,"Motor spirit of HBOC Type, TV",10438080,882628330
27101219,"Other motor spirits, including aviation spirit, TV",105,96097
27101231,"White spirit, TV",524530,66386925
27101239,"Other light oils and preparation, (EXLC. White spirit & naphtah)",24,75269
27101241,"JP1 kerosene type jet fuels, TV",4119242,360330256
27101262,"High speed diesel oils, TV",291653796,25360350228
27101911,"OTHER FUEL OILS FURNACE OILS, TV",66545839,3982703167
27101919,"Fuel oil, NES",840,794314
27101921,Base oil,5530068,833028727
27101929,"LUBRICATING OILS, NES",21339,9648280
27101931,LUBRICATING OIL WHICH HAS ITS FLASHING POINT .. below 220 F b..Jy Abel close test,3123449,1030704803
27101939,"OTHER HEAVY OILS AND PREPARATIONS, NES",13554,4573738
27101949,HEAVY NORMAL PARAFFIN OTHER THAN DRUM,19960,3250332
27101951,LIQUID PARAFFIN IN DRUM,1171880,194511977
27101959,LIQUID PARAFIN OTHER THAN DRUM,676540,116488782
27101961,LIQUID PARAFFIN IN DRUM,52800,8564929
27101971,Transforme Oil in Drum,277630,43073347
27101979,Transformer Oil Other than in drum,377024,49514450
27101981,Greases (mineral) wrapped/canned up to 2.5kg,8303,2818213
27101989,Greases (mineral) other than wrapped/canned,80227,33186943
27101991,MINERAL OIL WHICH HAS ITS FLASIHING POINT =>200D F USED AT JUT OF OTHER FIBER,8314,2499601
27101992,MINERAL OIL FOR THE MANUFACTURE OF INSECTICIDES,24104,8369743
27101999,"OTHER HEAVY OILS AND PREPARATION, NES",87,294648
27102000,"Petroleum oils and oils obtained from bituminous minerals , containing biodiesel, othe",747,467455
27109900,OTHER WASTE OILS,3,2219
27111100,"Natural Gas, Liquefied",431193148,29160803383
27111200,"Propane, Liquefied",12025087,915326067
27111300,"Butanes, Liquefied",93666504,7116852026
27111410,Ethylene/propylene imp. by VAT reg.PVC/PET resin manf. Ind. in economic zone,5794445,549269499
27121000,Petroleum Jelly,42444,6939004
27122000,"Paraffin Wax, Containing <0.75% Oil By Weight",566508,68714011
27129010,"MICROCRYSTALLINE PETROLEUM WAX, SLACK WAX,OZOKERITE..,EXCL.PETROLEUM JELLY, PARAFFIN WAX",80190,24852264
27129090,"MICROCRYSTALLINE PETROLEUM WAX, SLACK WAX,OZOKERITE..,EXCL.PETROLEUM JELLY, PARAFFIN WAX",6811,2663704
27131200,Calcined Petroleum Coke,104000,7556850
27132010,Petroleum bitumen in Drum,9732347,629580165
27132090,Other Petrolium bitumen,9213441,572735577
27149000,"BITUMEN AND ASPHALT, NATURAL; BITUMINOUS.., EXCL.BITUMINOUS OR OIL SHALE AND TAR SANDS",6,1713
27150000,"Bituminous Mixtures Based On Natural Asphalt, Bitumen...(Eg. Cut-Backs)",360,81131
28030000,"Carbon (Carbon Blacks And Other Forms Of Carbon, Nesoi)",843961,160726405
28042100,0Argon,447440,22063592
28042900,Rare Gases (Excl. Argon),416,5429490
28043000,Nitrogen,35,142964
28044000,Oxygen,1308040,21166345
28045000,Boron; Tellurium,1,40706
28046900,Silicon Containing By Weight <99.99% Silicon,41600,16237403
28047000,Phosphorus,744,1112296
28048000,Arsenic,2040,459748
28049000,Selenium,1225,181488
28051100,Sodium,29300,58419413
28051200,CALCIUM,1,1253
28061000,Hydrogen Chloride (Hydrochloric Acid),7,63910
28070000,Sulphuric Acid; Oleum,684,135220
28080000,Nitric Acid; Sulphonitric Acids,313057,15888973
28091000,Diphosphorus Pentaoxide,1,4383
28092000,Phosphoric Acid And Polyphosphoric Acids,37665294,3320924123
28100010,Boric Acid,329400,50989977
28112100,Carbon Dioxide,777050,18013885
28112200,Silicon Dioxide,388610,81394312
28112910,Silica gel,72087,8975202
28112990,Silica gel imported by other than VAT registered motorcycle assembling and manufa,75419,16689134
28142000,Ammonia In Aqueous Solution,25082,1883517
28151100,"Sodium Hydroxide (Caustic Soda), Solid",14785,5648539
28151200,Sodium Hydroxide In Aqueous Solution (Soda Lye Or Liquid Soda),1,750
28152000,Potassium Hydroxide (Caustic Potash),21700,6392082
28161000,Hydroxide and peroxide of magnesium,9901,3467245
28170000,Zinc Oxide; Zinc Peroxide,134680,51175223
28181000,"Artificial Corundum, Whether Or Not Chemically Defined",6250,784027
28182000,"Aluminium oxide, other than artificial corundum",484727,73433418
28183000,Aluminium Hydroxide,740051,79537995
28199000,Chromium Oxides And Hydroxides (Excl. Chromium Trioxide),5500,4310023
28201000,Manganese Dioxide,61002,16094382
28209000,Other Manganese Oxides (Excl. Manganese Dioxide),38215,4986634
28211000,Iron Oxides And Hydroxides,283887,49660984
28220000,Cobalt Oxides And Hydroxides; Commercial Cobalt Oxides,3612,20535763
28230000,Titanium Oxides,177350,51313073
28249010,Red Lead,80,30163
28251000,Hydrazine And Hydroxylamine And Their Inorganic Salts,6018,1536058
28253000,Vanadium Oxides And Hydroxides,1100,2026087
28255000,Copper Oxides And Hydroxides,4550,6796824
28259000,"Other Inorganic Bases; Other Metal Oxides, Hydroxides And Peroxides, Nes",2400,3454159
28261910,Sodium silicon fluoride,419000,52463674
28261990,Other than Sodium silicon fluoride,0,15733
28269000,"Fluorosilicates Nes;Fluoroaluminates And Other Complex Fluorine Salts,Nes",3208,1636415
28271000,Ammonium Chloride,111000,4171981
28272000,Calcium Chloride,304645,54181511
28273100,Magnesium Chloride,200601,6034984
28273200,Aluminium Chloride,748998,21520372
28273500,Nickel Chloride,1812,1026251
28273900,"Chlorides, nes",156676,5090884
28275100,Bromides Of Sodium Or Of Potassium,2050,29842120
28275900,Bromides And Bromide Oxides (Excl. Of Sodium And Potassium),67910,17036481
28276000,Iodides And Iodide Oxides,11,178105
28281000,Commercial Calcium Hypochlorite And Other Calcium Hypochlorites,1819025,71173569
28289000,Hypochlorites (Excl. Of Calcium) And Chlorites; Hypobromites,4086,253596
28291900,Chlorates (excl. of sodium),7002,1156437
28299010,POTASSIUM IODATES,49,467734
28301000,Sodium Sulphides,350000,17429814
28311000,Dithionites And Sulphoxylates Of Sodium,344404,35080376
28319000,Dithionites And Sulphoxylates (Excl. Of Sodium),1,627
28321000,Sodium Sulphites,2211075,100483108
28323000,Thiosulphates,205,43297
28331100,Disodium Sulphate,7524250,133326420
28331900,Sodium Sulphates (Excl. Disodium Sulphate),18725,14488286
28332100,Sulphates Of Magnesium,14170813,291434321
28332200,Sulphates Of Aluminium,109000,3603820
28332400,Sulphates Of Nickel,4685,1943182
28332500,Sulphates Of Copper,4040,1772693
28332700,Sulphates Of Barium,209054,21690403
28332910,Zinc sulphate,1367350,226970315
28332990,"Sulphates; alums; peroxosulphates (persulphates), nes",387704,30928102
28333000,Alums,180030,3952525
28334000,Peroxosulphates (Persulphates),10950,3669870
28341000,Nitrites,201,461026
28342910,Sodium nitrate,324002,39442132
28342990,Other than Sodium nitrate,4000,540881
28351000,Phosphinates (hypophosphites) and phosphonates (phosphites),2000,1710789
28352200,Phosphates Of Mono Or Disodium,9741,4815542
28352400,Phosphates Of Potassium,1453,2675223
28352500,Calcium Hydrogenorthophosphate (Dicalcium Phosphate),1795002,145559825
28352600,"Other Phosphates Of Calcium, Nes",4509174,512407767
28352900,"Phosphates, nes",79012,20395834
28353100,Sodium Triphosphate (Sodium Tripolyphosphates),72000,13533051
28353900,"Polyphosphates, Nes",542054,78098253
28362000,Disodium Carbonate,15461551,598190640
28363000,Sodium Hydrogencarbonate (Sodium Bicarbonate),1466965,104043877
28364000,Potassium Carbonates,255456,51568273
28365000,Calcium Carbonate,11229056,428994625
28366000,Barium Carbonate,237000,21773867
28369100,Lithium Carbonates,100,230369
28369990,"Other Carnonates; Peroxocarbonates, Excl. Ferrous Carbonate",1424665,85684300
28371900,"Other Cyanides, Cyanide Oxides (Excl. Sodium)",0,27672
28391100,Sodium Metasilicates,111200,5641611
28391900,"Other Silicates And Com. Alkali Metal Silicates,Of Sodium (Ex.Metasilicate",439940,18215465
28399010,Silicates; commercial alkali metal silicates Of potassium,96970,8751161
28399090,"Silicates; commercial alkali metal silicates, nes",111921,38323154
28401900,"Disodium Tetraborate, Not Anhydrous",418800,37190691
28402010,Solubo boron,271017,69458888
28403000,Peroxoborates (Perborates),4300,1469670
28413000,Sodium Dichromate,4000,747910
28415000,"Other Chromates And Dichromates, Peroxochromates",1,23991
28416100,Potassium Permanganate,90000,24764730
28417000,Molybdates,62,378219
28419000,"Other Salts Of Oxometallic And Peroxometallic Acids, Nes",1050,1510566
28421010,Aluminium sodium silicate; Zeolite,717250,55190283
28421090,Other salt of inorganic acids .. Excluding aluminium sodium silicate,1001,3443794
28429010,"Other Salts Of Inorganic Acids Or Peroxoacids,Excl. Azides",10000,5321158
28429090,"Other Salts Of Inorganic Acids Or Peroxoacids,Excl. Azides",101,182708
28432100,Silver Nitrate,0,41333
28432900,Other Silver Compounds (Excl. Silver Nitrate),33,2831383
28439010,"CISPLATIN BP, OXALIPLATIN BP, CARBOPLATIN BP",10,31636559
28444110,"Tritium its compounds;alloys, dispersions (incl. cermets),ceramic products mixtures",569,12517489
28444310,"Other radioactive elements and isotopes and compounds; other alloys,dispersions etc.",542,13082810
28444390,"Other radioactive elements and isotopes and compounds; other alloys,dispersions etc.",0,1083494
28459000,"Other Isotopes And Their Inorganic Or Organic Compounds, Nes",100,226372
28461000,Cerium Compounds,16001,6111395
28469000,"Compounds, Inorganic Or Organic, Of Rare-Earth Metals, Etc(Excl. Cerium)",3400,26818336
28470000,"Hydrogen Peroxide, Whether Or Not Sokidified With Urea",46268,8823179
28491000,Carbides Of Calcium,109300,19289351
28492000,Carbides Of Silicon,3298,642108
28539000,Other,886,375648
29011000,"Acyclic Hydrocarbons, Saturated",558295,69615409
29012310,Refrigerant (isobutane/R600a),41939,16759868
29012900,"Other Unsaturated Acyclic Hydrocarbons, Nes",677,773208
29021910,Cyclopentane,169740,59454565
29022000,Benzene,0,1179
29023000,Toluene,386772,46240343
29024400,Mixed Xylene Isomers,148542,20785325
29025000,Styrene,308575,69835365
29029010,"Other Cyclic Hydrocarbons, Nes",18933,3526089
29031200,Dichloromethane (Methylene Chloride),983383,92968853
29031300,Chloroform (Trichloromethane),696,355808
29031500,"1,2-Dichloroethane (Ethylene Dichloride)",100,37561
29031900,"Other Saturated Chlorinated Derivatives Of Acyclic Hydrocarbons, Nes",53,107816
29032200,Trichloroethylene,22400,2453081
29032300,Tetrachloroethylene (Perchloroethylene),24729,3664901
29034200,Trifluoromethane(HFC-23),9975,10639466
29034500,"1,1,1,2-Tetrafluoroethane(HFC-134a)and 1,1,2,2.. (HFC-134)",50101,50426496
29034600,"1,1,1,2,3,3,3-Heptafluoropropane (HFC-227ea)..(HFC-236cb),(HFC-236ea)..",910,24496107
29036900,Other,50,406534
29037100,Chlorodifluoromethane(R-22),50062,14000295
29039100,"Chlorobenzene, o-dichlorobenzene and p-dichlorobenzene",66010,17965016
29041090,Hydrocarbon Derivatives Cont.Only Sulpho Grp.Treir Slats(Ex.Methane Sulp..,3175,911494
29049900,Other,25045,4736261
29051110,Methanol (Methyl Alcohol),516955,42895535
29051190,Methanol (Methyl Alcohol),2654768,217173942
29051210,Propan101 (propy1 alcohol) and propan201 (isopropy1 alcohol):,77605,15981572
29051290,Propan101 (propy1 alcohol) and propan201 (isopropy1 alcohol):,142324,34411194
29051300,Butan-1-Ol (N-Butyl Alcohol),60356,12674881
29051400,"Other Butanols, Nes",13610,2846111
29051600,,1427025,349071628
29051700,"Dodecan-1-Ol, Hexadecan-1-Ol And Octadecan-1-Ol",15225,24714880
29051990,"Other than Pinacolyl alcohol: 3, 3-Dimethylbutan-2-ol",6982,9027619
29052200,Acyclic Terpene Alcohols,19445,5876121
29053100,Ethylene glycol (ethanediol),12226898,927503302
29053200,"Propylene Glycol (Propane-1,2-Diol)",548328,95646567
29053900,"Other Diols, Nes",970,372556
29054200,Pentaerythritol,87504,24033054
29054300,Mannitol,98425,64945359
29054400,D-Glucitol (Sorbitol),9000,2255678
29054500,Glycerol,1233545,158396454
29054900,"Other Polyhydric Alcohols, Nes",20,604563
29061100,Menthol,650,2447106
29061320,Inositols,7575,26972856
29061990,"Oth.Cyclanic,Cyclenic/Cycloterpenic Alcohols & Derivatives,Nes(Ex.Terpinh.",2570,860920
29062100,Benzyl Alcohol,63654,25308057
29062900,"Other Aromatic Alcohols And Their Derivatives, Nes",5913,2047466
29071100,Phenol (Hydroxybenzene) And Its Salts,51616,10807668
29071200,Cresols And Their Salts,36,845897
29071500,Naphthols And Their Salts,1,1863
29071900,"Other Monophenols, Nes",520,343637
29072100,Resorcinol And Its Salts,775,741202
29072200,Hydroquinone (Quinol) And Its Salts,100,467800
29072900,"Other polyphenols, nes",500,892175
29081990,"Chloroxylenol, Dichlorophene Hexachlorophene, parachlorometaxylenol",10250,9171558
29089900,"Haloge. sulpho, nitrated or nitro. Derivat. of phenols or phenol-alco. Excl. Do",1,20667
29091900,"Other acyclic ethers and their halogenated... derivatives, nes",5224532,458687288
29092000,"Cyclanic, Cyclenic... Ethers And Their Halogenated... Derivatives",6200,914227
29093000,"Aromatic Ethers And Their Halogenated... Derivatives, Nes",5840,1292620
29094100,"2,2-Oxydiethanol (Diethylene Glycol, Digol)",518220,52784752
29094300,Monobutyl Ethers Of Ethylene Glycol Or Of Diethylene Glycol,122159,15955370
29094900,"Other Ether-Alcohols And Their Halogenated... Derivatives, Nes",27063,20804403
29095000,"Ether-Phenols, Ether-Alcohol-Phenols And Halogenated... Derivatives, Nes",2001,5009902
29096000,"Alcohol, Ether And Ketone Peroxides And Their... Derivatives, Nes",51600,26150196
29101000,Oxirane (Ethylene Oxide),21643,7869348
29109000,"Other Epoxides... With A Three-Membered Ring And Derivatives, Nes",700,312007
29121900,"Other Acyclic Aldehydes, Without Other Oxygen Function, Nes",18460,4397662
29122900,"Other cyclic aldehydes, without oxygen function, nes",2240,417375
29124100,"Aldehyde-alcohols,...Vanillin (4-Hydroxy-3-Allthobenzaldehyde)",29600,9708748
29124200,Ethyvanillin (3-Ethoxy-4-Hydroxybenzaldehyde),8950,4044688
29124900,"Oth.Aldehyde-Ether,Aldehyde-Phenols,Aldehydes,With Oth.Oxygen Function,Nes",360,74371
29126000,Paraformaldehyde,1460000,211498464
29141100,Acetone,195076,20168456
29141200,Butanone (Methyl Ethyl Ketone),309392,73006012
29141300,4-Methylpentan-2-One (Methyl Isobutyl Ketone),18580,5387103
29141900,"Other acyclic ketones, without oxygen function, nes",300,75122
29142200,Cyclohexanone And Methylcyclohexanones,151282,19766935
29142300,Ionones And Methylionones,530,150996
29142900,"Oth.Cyclanic,Cyclenic/Cycloterpenic Ketones Without Oth.Oxy. Function,Nes",1200,1893729
29143900,Other Aromatic Ketones Without Other Oxygen Function (Excl. Phenylacetone),4225,2116192
29144000,Ketone-alcohols and ketone-aldehydes,42144,8328698
29145000,Ketone-Phenols And Ketones With Other Oxygen Function,5220,26937224
29146200,Coenzyme Q10 (ubidecarenone (INN)),1100,69550665
29146900,Other Quinones (Excl. Anthraquinone),144,10876948
29147900,Other,59,14658
29151100,Formic Acid,126917,10329267
29151200,Salts Of Formic Acid,27300,1484981
29152100,Acetic Acid,49983,8539586
29152400,Acetic Anhydride,203700,22177470
29152910,Sodium acetate,11031,2394102
29152990,"Formic acid, its salts and esters:Excl. Sodium Acetate",4649,11498261
29153100,Ethyl Acetate,2222857,270129194
29153200,Vinyl Acetate,263290,41957103
29153300,N-Butyl Acetate,30964,7055726
29153900,"Other Esters Of Acetic Acids, Nes",190037,53932922
29154000,"Mono-, Di- Or Trichloroacetic Acids, Their Salts And Esters",25,151143
29155090,"Other Propionic Acid,Its Salts&Esters(Excl.Deoxycortone Phenyel Propionate",83500,8035884
29156000,"Butyric Acids, Valeric Acids, Their Salts And Esters",114877,48446593
29157010,"Stearic Acid,Their Salts And Esters",1236141,197229957
29157031,Soap noodle imported by VAT registered soap manufacturers,1161000,169474547
29157039,Other Palmatic Acid/Salt,5500,1198079
29159000,"Other Saturated Acyclic Monocarboxylic Acids And Their... Derivatives, Nes",87870,46346545
29161100,Acrylic Acid And Its Salts,16200,5181846
29161200,ESTERS OF ACRYLIC ACID,296070,77806001
29161300,METHACRYLIC ACID AND ITS SALTS,11755,4214299
29161400,ESTERS OF METHACRYLIC ACID,169963,62437194
29161500,"Oleic, Linoleic Or Linolenic Acids, Their Salts And Esters",420,201578
29161900,"Other Unsaturated Acyclic Monocarboxylic Acids And Their...Derivatives,Nes",68885,21267629
29162000,"Cyclanic...Cycloterpenic Monocarboxylic Acids, Etc, Their... Derivatives",700,10333850
29163100,"Benzoic Acid, Its Salts And Esters",73595,18762103
29163200,Benzoyl Peroxide And Benzoyl Chloride,476,3523754
29163900,"Aromatic monocarboxylic acids, etc, their... derivatives, nes",22152,31353001
29171100,"Oxalic Acid, Its Salts And Esters",1,753
29171200,"Adipic Acid, Its Salts And Esters",72821,23097224
29171400,Maleic Anhydride,300,127696
29171900,"Acyclic polycarboxylic acids, etc, their... derivatives, nes",58130,58333892
29172000,"Cyclanic... Cycloterpenic Polycarboxylic Acids, Etc, Their...Derivatives",39200,12284309
29173400,"Other Esters Of Orthophthalic Acid,",4800,833096
29173500,Phthalic Anhydride,1569050,249006522
29173600,,21835220,1791911938
29173990,"Other Aromatic Polycarboxylic Acids, Etc, Their... Derivatives, Nes",37600,15100494
29181100,"Lactic Acid, Its Salts And Esters",104851,27901678
29181200,Tartaric Acid,3000,1695393
29181300,Salts And Esters Of Tartaric Acid,2800,6732125
29181400,Citric Acid,928707,87598998
29181500,Salts And Esters Of Citric Acid,284390,77569086
29181600,"Gluconic Acid, Its Salts And Esters",112675,20453350
29181910,"Calcium,Lactate,Calcium Livulinate,Calc.Sodium Lactate,Cantharides,Canthr.",13000,2994289
29181990,"Carboxylic Acids With Alcohol Function,Without Oxygen Function..Nes",14792,91406067
29182100,Salicylic Acid And Its Salts,2700,861016
29182200,"O-Acetylsalicylic Acid, Its Salts And Esters",11825,4084247
29182300,Other Esters Of Salicylic Acid And Their Salts,1790,912924
29182900,"Oth.Carboxylic Acids With Phenol Function,But Without Derivatives Nes",3335,6594092
29183000,"Carboxylic Acids With Aldehyde,Or Ketone Function...& Their Derivatives",4230,32563287
29189900,"Car. acids with add.Oxy.func.&their.. Excl.2, 4, 5-T (ISO) (2,4,5-trichlo.acid)",65489,338242638
29199000,Phosphoric esters..derivatives.Exclu. Tris phosphate & Tetrasodium fosfertrol a,400,1189436
29209090,"Oth.Ester Of Oth.Inorganic Acids(Exl.Of Hdrgn.Halides),Deriv.(Ex.Erythrit.",25910,47846889
29211100,"Methylamine, Di- Or Trimethylamine And Their Salts",150,194700
29211300,"2-(N,N-Diethylamino)ethylchloride hydrochloride",1,2505
29211990,,5510,18714574
29212110,Ethylenediamine And Its Salts,97000,51528400
29212190,Ethylenediamine And Its Salts,9019,4422434
29212900,"Other Acyclic Polyamines And Their Derivatives, Salts Thereof, Nes",3390,12364551
29213000,"Cyclanic...Or Cycloterpenic Mono- Or Polyamines, Etc; Salts Thereof",18505,19968762
29214400,Diphenylamine And Its Derivatives; Salts Thereof,1,28922
29214900,"Other Aromatic Monoamines And Their Derivatives, Nes; Salts Thereof",24580,148570311
29215100,"O-, M-, P-Phenylenediamine, Diaminotoluenes, Etc; Salts Thereof",12450,11652052
29215900,"Other Aromatic Polyamines And Their Derivatives, Nes; Salts Thereof",600,262016
29221100,Monoethanolamine And Its Salts,4865,2848744
29221500,Triethanolamine,17020,2950393
29221999,"Other than N,N-Dialkyl (Me, Et, n-Pr or i-Pr) aminoethane-2-ols and corresponding proton",153889,70760837
29222100,Aminohydroxynaphthalenesulphonic Acids And Their Salts,113,483888
29222910,"Acetaminophen,Methoxyphenamine,P-Acetaminopaenol",360,703857
29222990,"Other Amino-Naphthols &-Phenols,Etc.. Oxygen Function;Salts, Nes",82021,22843902
29223900,"AMINO-ALDEHYDES,AMINO-KETONES & AMINO-QUINONES,OTH. THAN THOSE CONT.MORE..",1501,31599651
29224100,Lysine And Its Esters; Salts Thereof,1837900,471672925
29224210,Tasting salts ((monosodium glutamate) in retail pack upto 2.5 kg,81720,13272957
29224220,Tasting salts (monosodium glutamate) in other packing,1495950,255598708
29224290,"Glutamic acid and its salts, NES",4500,2901811
29224900,"Oth.Amino-Acids&Their Esters,>1 Kind Of Oxygen Function; Salts Thereof,Nes",276278,246471796
29225000,"Amino-alcohol/acid-phenols; amino-compounds with oxygen function, nes",282941,171450005
29231000,Choline And Its Salts,565925,86003401
29232000,Lecithins And Other Phosphoaminolipids,4600,1174759
29239000,"Quaternary Ammonium Salts And Hydroxides, Nes",218734,115624303
29241900,"Acyclic amides (incl. acyclic carbamates) and derivatives; salts thereof,nes",28708,16023917
29242900,"Cyclic amides (incl. carbamates) and derivatives; salts thereof, nes",379342,266740258
29251100,Saccharin And Its Salts,34775,20415877
29251990,Imides And Their Derivatives; Salts Thereof (Excl. Saccharin),16,1389198
29252910,Paludrine and chloroguayide (projuanil),156218,87340637
29252990,Paludrine and chloroguayide (projuanil),89056,76289808
29269010,"Nitroxinil And Its Solution,Lsaminile",2825,17973884
29269020,Acetonitrile HPLC,2862,3069612
29269090,"Other Nitrile-Function Compounds, Nes",1200,9231153
29270000,"Diazo-, Azo- Or Azoxy-Compounds",291625,74046107
29280000,Organic Derivatives Of Hydrazine Or Of Hydroxylamine,801,12086325
29291000,Isocyanates,541050,177277024
29299090,Other,1,3750
29303000,"Thiuram Mono-, Di- Or Tetrasulphides",2,46822
29304000,Methionine,2201900,1125051151
29309099,Other,22736,59983822
29314990,Other,25,191176
29315400,Halogenated organo-phosphorous derivatives : Trichlorfon (ISO),3000,1277078
29319090,"Other organo-inorganic compounds, (EXCL.Tetramethyl lead and tetraethyl lead & Tributylt",117124,28330344
29321100,Tetrahydrofuran,1964,3443667
29321400,Sucralose,12200,32647818
29321900,"Compounds containing an unfused furan ring in the structure, nes",2042,2537089
29322000,Lactones,4765,46693467
29329900,"Other Heterocyclic Compounds With Oxygen Hetero-Atom(S) Only, Nes",55975,159242921
29331900,"Compounds containing an unfused pyrazole ring in the structure, nes",4,2817085
29332100,Hydantoin And Its Derivatives,20100,5513509
29332900,"Other Compounds Containing An Unfused Imidazole Ring In The Structure, Nes",33786,71405314
29333100,Pyridine And Its Salts,10501,10235450
29333300,"ALFENTANIL(INN),ANILERIDINE(INN)..PROPIRAM(INN)&TRIMEPERIDINE(INN)SAL.T.OF",73,7153030
29333990,,227895,898702621
29334900,"Compounds with quinoline or isoquinoline ring-system, not further fused,nes",6342,201798057
29335910,"5-fluorouracil BP, methotrexate BP, capecitabine USP, cytarabin",505,14575864
29335990,"OTHER EXCL. 5-FLUOROURACIL BP, METHOTREXATE BP, CAPECITABINE USP",70574,352344852
29336100,Melamine,343500,62227064
29336900,Other Compounds Containing An Unfused Triazine Ring In The Structure,115609,50245152
29337100,6-Hexanelactam (Epsilon-Caprolactam),9300,4191881
29337200,CLOBAZAM(INN)AND METHYPRYLON(INN),50,4853584
29337910,Other Lactams (Excl. Epsilon-Caprolactam),1,310936
29337990,Other Lactams (Excl. Epsilon-Caprolactam),19604,74797980
29339100,ALPRAZOLAM(INN)CAMAZEPAM(INN)CHLO..TETRAZEPAM(INN)&TRIAZOLAM(INN)S.THEREOF,1827,65039224
29339900,"Heterocyclic compounds with nitrogen hetero-atom(s) only,nes",89904,462878691
29341000,Compounds Containing An Unfused Thiazole Ring In The Structure,648,19229759
29342000,"Compounds Containing A Benzothiazole Ring-System, Not Further Fused",0,470948
29343000,"Compounds Containing A Phenothiazine Ring-System, Not Further Fused",683,12546464
29349100,AMINOREX(INN)BROTIZOLAM(INN)CLOTIA..SUFENTANIL(INN)SALTS THEREOF,30,1464883
29349910,NUCLEIC ACIDS AND THEIR SALTS,18121,23540185
29349920,"GEMCITABINE HCI USP, CYCLOPHOSPHAMIDE BP, IPHOSPHAMIDE BP",64,8864211
29349990,"OTH. HETEROCYCLIC COMPOUNDS, NES",80280,905075096
29359000,Other,36355,147490936
29362100,"Vitamins A And Their Derivatives, Unmixed",12397,123486834
29362200,"Vitamin B1 And Its Derivatives, Unmixed",46575,192654283
29362300,"Vitamin B2 And Its Derivatives, Unmixed",624,8021682
29362400,D- Or Dl- Pantothenic Acid (Vitamin B3 Or B5) And Its Derivatives,2020,2633447
29362500,"Vitamin B6 And Its Derivatives, Unmixed",47376,135092235
29362600,"Vitamin B12 And Its Derivatives, Unmixed",4815,46493208
29362700,"Vitamin C And Its Derivatives, Unmixed",85130,53907282
29362800,"Vitamin E And Its Derivatives, Unmixed",67580,148802215
29362900,"Other Vitamins And Their Derivatives, Unmixed",36515,120004958
29369000,"Other Vitamins (Incl. Natural Concentrates), Nes",4112,24057361
29371200,INSULIN AND ITS SALTS,104,528275064
29371910,"HCG,LEUTINISING HORMONE & RELEASING HORMONE",0,49342858
29371990,"POLY.HORMONES,PROTEIN HORMONES..NES EX.HCG,LEUTINISING HORMONE&RLSNG.HORMO",151,242641901
29372100,"Cortisone, Hydrocortisone... And Predisolone (Dehydrohydrocortisone)",427,50542933
29372200,Halogenated Derivatives Of Adrenal Cortical Hormones,717,101825754
29372310,DESOGESTREL ETHINYLOESTRADIOL AND LYNESTRENAL,312,48275424
29372399,Other than Medroxy progesterone acetate,1072,46355884
29372900,"Other Adrenal Cortical Hormones And Their Derivatives, Nes",295,131577280
29375000,"PROSTAGLANDINS,THROMBOXANES&TEUKOTRIENES,THEIR DERIVATIVES&STA.ANALOGUES",5,476229
29379000,"OTHER HORMONES,PROSTAGLANDINS,..USED PRIMARILY AS HORMONES",250,164781452
29381000,Rutoside (Rutin) And Its Derivatives,1900,10188794
29389090,"GLYCOSIDES, NATURAL OR REPRO. BY SYNTHESIS AND... EXCL. RUTOSIDE AND ITS DERIVATIVES RO",4150,24725635
29391100,CONCENTRATES OF POPPY STRAW..PHOLCODINE(INN)THEBACON(INN)&THEBAINE;SL.T.OF,10,1424468
29393000,Caffeine And Its Salts,13750,15707756
29395100,FENETYLLINE (INN) AND ITS SALTS,2101,6211542
29395900,OTHER THEOPHYLLINE AND AMINOPHYLLINE..DERIVATIVES;SALTS THEREOF,16004,49950272
29396900,Other Alkaloids Of Rye Ergot And Their Derivatives; Salts Thereof;Nes,0,413173
29397910,Other,0,1315693
29397990,Other,69,21018364
29398000,Other,11706,26184384
29400000,"SUGARS, PURE (EXCL. GLUCOSE, ETC); SUGAR ETHERS AND SALTS, ETC",66765,104900748
29411000,Penicillins And Derivatives With A Penicillanic Acid Structure; Salts,77972,429521743
29412000,Streptomycins And Their Derivatives; Salts Thereof,891,3098459
29413000,Tetracyclines And Their Derivatives; Salts Thereof,10102,21768615
29414000,Chloramphenicol And Its Derivatives; Salts Thereof,505,1553665
29415010,ERYTHROMYCIN ETHYL SUCCINATE; ERYTHROMYCIN STEARATE,502,4208724
29415090,ANTIBIOTICS EXCL.ERYTHROMYCIN ETHYL SUCCINATE; ERYTHROMYCIN STEARATE,4783,86420799
29419011,AZITHROMYCIN,24510,142979765
29419019,AZITHROMYCIN,16001,190611847
29419090,"ANTIBIOTICS, NES",136459,1747303472
29420010,"Daclatasvir HCL, Dasabuvir, Ledipasvir, Ombitasvir, Partitaprevir, Rito...Velpatasvir",18,210101
29420090,"Other Organic Compounds,Nes",24042,274145272
30012000,Extracts Of Glands Or Other Organs Or Of Their Secretions,25,5683276
30019000,"OTHER GLANDS AND OTHER ORGANS, EXCL.GLANDS AND OTHER ORGANS..,EXCL. EXTRACTS OF GLANDS..",51,39762778
30021200,Antisera and other blood fractions,6628,350597233
30021500,"Immunological products, put up in measured doses or in forms or packings for retail",188,96878533
30024100,Vaccines for human medicine,58883,4052215465
30024200,Vaccines for veterinary medicine,26799,447728874
30024900,"Vaccines, NES",652,31767410
30029090,Other,299,205557853
30032000,"Medicaments Containing Other Antibiotics, ....Not For Retail Sale",499,49001114
30033100,"Insulin, Not For Retail Sale",10,9391
30034910,"Anti-malaria, anti-TB, anti-cancer, anti-leprosy, cardiovascular and anti-hepatic en",1,57090
30039099,"Other medicaments with >=2 constituents, not for retail sale, nes",0,7171755
30041000,"Medicaments Of Penicillins... Or Streptomycins..., For Retail Sale",7151,32126375
30042010,"Mycophenolate mofetil, mycophenolate sodium, ciclosporin",734,32260659
30042090,"Other than Mycophenolate mofetil, mycophenolate sodium, ciclosporin",36576,87784233
30043100,"Medicaments Containing Insulin, For Retail Sale",13333,565234970
30043200,"Medicaments Containing Adrenal Cortical Hormones, For Retail Sale",390,12613812
30043910,"Anti-malaria-TB-cancer-leprosy,crdvsclr/anti-hepatic encephal opathy drugs/Kidney dls",1928,47915976
30043990,"Excl.Anti-malaria-TB-cancer-leprosy,crdvsclr/anti-hepatic..opathy drugs/Kidney dialys",460,59151400
30044910,Other,4,89680
30044990,Other,40,818390
30045000,Other Medicaments Containing Vitamins Or Otr Prod.Of 29.36 For Retail Sale,13932,13588272
30049020,"Homeopathic, Biochemic, Ayurvedic, ......mide, bupivacaine, procaine, kaetamine hydrochl",8548,23067479
30049091,"Antimalaria, antiTB, anticancer, ... Kidney dialysis solution; Drugs for thalassaemia",57634,436112660
30049099,"Other(excl.anti-malaria, anti-TB, anti-leprosy....and kidney dialysis solution",44126,371163065
30051000,ADHESIVE DRESSINGS AND OTHER ARTICLES HAVING AND ADHESIVE LAYER,37667,63157883
30059000,"Wadding, Gauze, Etc With Pharmaceutical Substances For Retail Sale, Nes",77754,21630378
30061000,"Sterile Surgical Catgut,Materrials For Surgi.Sutures;Laminaria;Absor.Haem.",1487,34075552
30064000,Dental cements and other dental fillings; bone reconstruction cements,4515,6270040
30065000,First-Aid Boxes And Kits,103,44041
30066000,CHEMICAL CONTRACEPTIVE PREPARATIONS BASED ON HORMONES ON OTH. PROD. OF HEADING 29.37..,1892,31952487
30067000,GEL PREPARATIONS DESIGNED TO BE USED IN HUMAN OR VETE..MEDICAL INSTRUMENTS,409,297711
31021000,"Urea, Whether Or Not In Aqueous Solution",294843308,16051566070
31022100,Ammonium Sulphate,1833005,84863600
31022900,Double Salts And Mixtures Of Ammonium Sulphate And Ammonium Nitrate,1,627
31031110,Superphosphates : Containing by weight 35 % or more ... Triple superphosphates,295201195,22754895886
31042000,Potassium Chloride,180250607,9121350959
31043000,Potassium Sulphate,335491,45998266
31053000,Diammonium Hydrogenorthophosphate (Diammonium Phosphate),228771790,23276178050
31054000,Ammonium Dihydrogenorthophosphate (Monoammonium Phosphate) And Mixtures...,4000000,343580062
31055100,Mineral Or Chemical Fertilizers Containing Nitrates And Phosphates,55,25038
31059000,"Other Fertilizers, Nes",13042,3916224
32019000,"Tanning extracts of vegetable origin; tannins and other derivatives, nes",55500,2779598
32021000,Synthetic Organic Tanning Substances,185374,25712499
32029000,"Inorganic Tanning Substances; Tanning Preparations..., Nes",3136,461196
32030000,"Colouring Matter Of Vege./Animal Origin,& Prepa..As Spec.In Not 3 Chp.32",356,2780334
32041100,Disperse Dyes And Preparations Based Thereon,227041,75130689
32041200,Acid Dyes And Preparations; Mordant Dyes And Preparations,88110,31562354
32041310,AZO DYES,974,806749
32041390,Other basic dyes and preparation,40394,11512110
32041400,Direct Dyes And Preparations Based Thereon,97737,23847719
32041500,Vat Dyes And Preparations Based Thereon,48877,11076828
32041600,Reactive Dyes And Preparations Based Thereon,1882942,490184206
32041700,Pigments And Preparations Based Thereon,387616,229503773
32041900,Other Synthetic Organic Coloring Matter(Inc.Mixtrs) Of Prods 320411-320419,206730,92414674
32042000,Synthetic Organic Products Used As Fluorescent Brightening Agents,302766,96928402
32049000,Synthetic Organic Products Used As Luminophores,7616,3418838
32050000,Colour Lakes; Preparations Based On Colour Lakes As Specified In Note 3,47504,284173652
32061100,"Pigments & Preparatns Based On Titanium Dioxide,Cont.=>80%Titanium Dioxide",1847396,609997640
32061910,"Pigments/Preparatns Based On Titanium Dioxide, Cont.< 80% Titanium Dioxide",116024,10564674
32061920,Color master batch,270340,101272112
32061990,"Pigments/Preparatns Based On Titanium Dioxide, Cont.< 80% Titanium Dioxide",25324,17794437
32062000,Pigments And Preparations Based On Chromium Compounds,53886,29927624
32064100,Ultramarine And Preparations Based On Other Colouring Matter,7500,3245901
32064200,Lithopone And Other Pigments And Preparations Based On Zinc Sulphide,101005,9116459
32064900,"Other Colouring Matter; Preparations As Specified In Note 3, Nes",41996,18609806
32071000,"Prepared Pigments, Opacifiers & Colours... For Ceramics And Glass Ind.Etc",137073,98541674
32072000,"Vitrifiable Enamels And Glazes, Englobes And Similar Preparations",5413214,428834112
32073000,LIQUID LUSTRES AND SIMILAR PREPARATIONS,2682,46895668
32074000,"GLASS FRIT AND OTHER GLASS,IN THE FORM OF GRANULES OR FLAKES",4107590,312239945
32081020,Insulating varnish for copper wire,61126,16658804
32081090,"Other Paints Based On Polyesters, In A Non-Aqueous Medium",7834,4590467
32082091,"Other Paints Based On Acrylic Or Vinyl Polymers, In A Non-Aqueous Medium",14120,9893246
32082099,"Other Paints Based On Acrylic Or Vinyl Polymers, In A Non-Aqueous Medium",34926,19833897
32089020,Heat Sealable Lacquers,5640,5562519
32089030,Coating materials,65828,20191730
32089090,"Other Paints And Varnishes, In A Non-Aqueous Medium, Nes",465822,428331902
32091000,Based on acrylic or vinyl polymers,12000,3050886
32099030,Coating materials imported by VAT registered cookingware manufacturers,60744,31315369
32099090,"Other Paints And Varnishes, In An Aqueous Medium, Nes",43446,21233998
32100090,Other Paints & Varnishes,1733,919585
32110000,Prepared Driers,299590,58017218
32121000,Stamping Foils,57494,31806375
32129000,"PIGMENTS(INCL.METALIC..) DISPERSED IN NON AQUEOUS MEDIA..,EXCL. STAMPING FOILS",140996,47356434
32131000,Colours in sets,18965,3649224
32139000,"Artists', Students' Or Signboard Painters' Colours In Packings, Nes",24155,7513396
32141000,"GLAZIERS PUTTY,GRAFTING PUTTY, RESIN CEMENTS, CAULKING COMPOUNDS AND OTHER MASTICS...",359700,61526702
32149000,Non-Refractory Surfacing Preparations,185607,27943158
32151100,"Black printing ink, whether or not concentrated or solid",23978,31707281
32151900,"Printing ink, whether or not concentrated or solid (excl. black)",525435,369025877
32159010,Inkjet Refill In Injectable Form,23395,31866812
32159020,Ink for ball point pen imp by VAT reg ball point pen manf. Ind.,41260,39200266
32159090,"Other Ink,Wheterh Or Not Concentrated Or Solid(Ex.Ink For Ball Points Pens",49863,26553222
33011300,Essential Oils Of Lemon (Incl. Concretes And Absolutes),150,65735
33011900,"Essential Oils Of Citrus Fruit (Incl. Concretes And Absolutes), Nes",1627,1472995
33012500,"Essential Oils Of Mints (Incl. Concretes And Absolutes), Nes",75,675856
33012900,"Essential Oils (Incl. Concretes And Absolutes), Nes",6282,8502451
33013000,Resinoids,25,9394
33019000,"Concentrates of essential oils in fats... aqueous distillates, extracted oleoresins etc",7927,26493903
33021010,Of A Kind Usd.Bvg.manf.&Imp.by VAT Reg.Bev.Inds.Contn.Alchol<0.5%absolute/vlm.Free Al,219015,253362626
33021090,Mix. Of Odoriferous Subs. Excl. Those Used In Bev. Industries,56666,69508053
33029000,Mixtures/With Basis Of Odorifer'S Subst'S Inc.Alc.Sol'S For Use In Ind Nes,314405,523946785
33030000,Perfumes And Toilet Waters,19874,36690067
33041000,Lip Make-Up Preparations,7316,19656811
33042000,Eye Make-Up Preparations,9690,13137726
33043000,Manicure Or Pedicure Preparations,31156,45311017
33049100,"Powders,Whether Or Not Compressed,For Beauty/Makeup/Skin Care/Preparation",2580,3231667
33049910,"Powders, wheth er or not compressed, for cosmetic --face and/or skin cream",63848,160173053
33049920,"Beauty, make-up, skin-care (incl. suntan), nes...Moisture Lotion",47730,63852593
33049930,"Beauty, make-up, skin-care (incl. suntan), nes-- Petroleum jelly",383,604263
33049990,"Beauty, make-up, skin-care (incl. suntan), nes-- Petroleum jelly... than other",35172,48444357
33051000,Shampoos,86544,43836369
33052000,Preparations For Permanent Waving Or Straightening,16222,10486162
33053000,Hair Lacquers,13159,7841144
33059000,"Preparations For Use On The Hair, Nes",119918,57581485
33061000,Dentifrices,199656,91518845
33062000,"Yarn Used To Clean Between Teeth (Dental Floss),Individual Retail Packages",1057,878172
33069000,"Preparations For Oral Or Dental Hygiene (Incl. Denture Fixative), Nes",11946,7127903
33071000,"Pre-Shave, Shaving Or After-Shave Preparations",12570,8361259
33072000,Personal Deodorants And Antiperspirants,121805,67663687
33073000,Perfumed Bath Salts And Other Bath Preparations,596,446201
33074100,Agarbatti And Other Odiferous Preparations Which Operate By Burning,95854,17010152
33074900,"Preparations For Deodorizing Rooms, Nes",67146,26468439
33079000,"OTH.PREPARATIONS FOR PERFUMING, EXCL.(PRE-SHAVE..,PERSONAL..,PERFUMED BATH..)",26852,18529154
34011100,"Soap And Organic Surface-Active Products In Bars, Etc, For Toilet Use",28222,14274690
34011900,"Soap And Organic Surface-Active Products In Bars, Etc, Nes",17933,20094144
34012000,SOAP IN OTHER FORMS,15,16974
34013000,"ORGNC.SRFC.ACTIVE PROD.&PREPARATION FOR WASHING THE SKIN,IN THE FORM OF ..",91288,65778800
34023100,Anionic organic surface-active ageLinear alkylbenzene sulphonic acids and their salts,563504,94628055
34023910,Chips of Sodium Isethionate,500,190310
34023990,Other than Chips of Sodium Isethionate,1078370,235242091
34024100,"Other organic surface-active agents, whether or not put up for retail sale :, Cationi",23498,16138266
34024210,"Other organic surface-active agents, whether or not put up for retail sale :, Non-ion",188830,54263997
34024290,"Other organic surface-active agents, whether or not put up for retail sale :, Non-ion",645341,128407536
34024910,"Other organic surface-active agents, NES",38452,13478455
34024990,"Other organic surface-active agents, NES",211771,26344294
34025000,Preparations put up for retail sale,78893,15604911
34029010,Detergents,49151,17636285
34029020,Cleaning preparation for steel industries,39624,10981944
34029090,Washing & Cleaning Preparations (Excl. Detergents),431859,157091820
34031100,Lub.Preparations For Treatement Of Tex.Leather Etc With=<70% Petroleum Oil,75050,20690517
34031900,"Other Lubricating Preparations, With =<70% Petroleum Oil, Nes",116789,29845980
34039100,"Lub.Preparations For Treatement Of Tex. Leather Etc, Nes",105152,24118069
34039910,Compressor oil,32608,20674719
34039920,Semi-synthetic lubricating oil,190917,77257124
34039930,Synthetic lubricating Oil,215786,165659775
34039990,"Other Lubricating Preparations, Nes",193322,68537529
34042000,Artificial Waxes Of Polyethylene Glycol,5897,3398836
34049010,Other Waxes,8062,2973125
34049090,"Artificial Waxes And Prepared Waxes, Nes",548588,113782624
34051000,"Polishes, Creams And Similar Preparations For Footwear Or Leather",20221,7771152
34052000,"Polishes,Cream.&Similar Prepa.For Mainten. Of Woodwork Woden Fur.Flo.&Othr",1055,265430
34053000,Polishes And Similar Preparations For Coachwork (Excl. Metal Polishes),607,1086942
34054000,Scouring Pastes And Powders And Other Scouring Preparations,15883,3918212
34059010,Polishes and other preparations used in the finishing (including electroplating) of met,183865,36415163
34059090,"Other polishes, creams and similar preparations, nes",76958,16344203
34060000,"Candles, Tapers And The Like",11720,3628852
34070000,"Modelling Pastes; Dental Wax And Impression Compounds, For Retail Sale",298048,24725791
35011000,Casein,0,3130
35019000,Caseinates And Other Casein Derivatives; Casein Glues,5001,7855808
35021900,Egg Albumin(Excluding Dried Egg Albumin),25,25634
35029000,"Albumins (excl. egg albumin and milk albumin), albuminates and other derivatives",103,9920931
35030010,Ultrasound And Ecg Gel,23818,3741698
35030090,"Gelatin and derivatives; isinglass; glues of animal origin, nes",73494,58521390
35040000,"Peptones/protein substances and derivatives, nes; hide powder",5272,4328307
35051000,Dextrin and other modified starches,625633,117644147
35052000,"Glues Based On Starches, Dextrins Or Other Modified Starches",887,551887
35061000,"Products Put Up As Glues Or Adhesives For Retail Sale, =<1kg",159798,57519255
35069110,Adhesives Based On Rubber Or Plastic (Incl. Artificial Resins),315369,121678245
35069190,Adhesives Based On Rubber Or Plastic (Incl. Artificial Resins),445814,144073316
35069900,Stripping chemical,288652,102326545
35079010,Streptokinase,6,80364
35079090,Other than Streptokinase,681017,471507112
36020000,"Prepared Explosives, (Excl. Propellent Powders)",127065,85813114
36032000,Detonating cords,20759,35495279
36035000,Igniters,1,2103425
36036000,Electric detonators,4,5559051
36049000,Signalling Flares... And Other Pyrotechnic Articles (Excl. Fireworks),124,38735566
36069000,"Ferro-Cerium, Pyrophoric Alloys; Articles Of Combustible Materials, Nes",14487,1105050
37011000,"Photographic Plates... For X-Ray, In The Flat, Unexposed",148062,374227634
37012000,"Instant Print Flat Film, Unexposed",1018,361499
37013000,,419714,139195200
37019100,"PHOTOGRAPHIC PLATES..., IN THE FLAT FOR COLOUR PHOTOGRAPHY, UNEXPOSED",190,95155
37021000,"Photographic Film In Rolls, For X-Ray, Unexposed",4533,1779545
37023900,"Photo Film, In Rolls, Non-Perforated, Of Width =<105mm",1103,12570126
37024400,"Photo Film, In Rolls, Non-Perforated, Width >105mm But =<610mm",1928,1320884
37029800,Other Photographic film Of a width exceeding 35 mm,9340,3453754
37032000,"OTHER PHOTOGRAPHIC PAPER, FOR COLOUR PHOTOGRAPHY(POLYCHROME)",25996,3359339
37039000,"OTHER PHOTOGRAPHIC PAPER..,(EXCL.IN ROLLS..,FOR COLOUR PHOTOGRAPHY(POLYCHROME))",420,57844
37071000,Sensitising emulsions,26920,9460892
37079000,"OTH.CHEMICAL PREPARATIONS FOR PHOTOGRAPHIC USES..,EXCL.SENSITISING EMULSIONS",108142,14588371
38011000,Artificial Graphite,1,61026
38013010,Graphite or carbon electrode paste imported by VAT registered ferro alloy manu. Ind,105000,9201631
38019000,"Preparations Based On Graphite Or Carbon In The Form Of Pastes..., Nes",7476554,252656221
38021000,Activated Carbon,274965,13759811
38029000,Activated Natural Mineral Products; Animal Black,3708195,203535621
38040000,Residual Lyes From The Manufacture Of Wood Pulp (Excl. Tall Oil),83466,10592630
38059000,"Oth.Turpenic Oils,Nes;Crude Dipentene,Sulphite Turpentine&Oth.Crude Parac.",16551,7980380
38061010,Rosin And Rasin Asids,63100,9546267
38061090,Rosin And Rasin Asids,60900,9139482
38069090,"Derivatives of rosin and resin acids,... NES",3065,996903
38086900,Other,94457,39959196
38089110,"Insecticides For Dairy, Poultry and Agricultural purposes",3557485,2075439281
38089121,Mosquito coil; aerosol; mosquito repellent,30199,12933463
38089129,"Insecticides, rodenticides... and similar products, for retail sale, nes",1444,3615673
38089210,"Fungicides For Dairy, Poultry and Agricultural purposes",3705251,1394517750
38089291,"Fungicides, NES In bulk",134200,42971308
38089299,"Fungicides, NES Cxcl.in bulk",26,158241
38089310,"Herbi., anti-sprouting prod.&plant-growth regu.:For Dairy, Poultry and Agricul",3169183,885822814
38089399,"Herbicides, anti-sprouting products and plant-growth regul: NES in retail pack",201,281404
38089410,"For Dairy, Poultry, Fishery and Agricultural purposes",12174,6277031
38089491,"Disinfectants Cetrimide In bulk, Excl. For Dairy, Poultry and Agricultural, In bulk",32000,10272762
38089499,"Disinfectants, NES in retail packings upto 2.5 kg",819,335891
38089910,"For Dairy, Poultry, Fishery and Agricultural purposes",32000,11022244
38089991,"Insecticides, rodenticides, fungicides, herbicides,..NES in bulk",21882,12134528
38089999,"Insecticides, rodenticides, fungicides, herbicides,..NES in bulK in retail pac",581,441989
38091000,"Finishing Agents, Etc, With A Basis Of Amylaceous Substances Nes",1420,278771
38099100,Finishing Agents Etc. Of A Kind Used In The Textile Or Like Industries Nes,1088493,161848697
38099200,"Finishing Agents, Etc, Of A Kind Used In The Paper Or Like Industries Nes",217850,34652205
38099300,Finishing Agents Etc. Of A Kind Used In The Leather Or Like Industries Nes,41328,7618298
38101000,Pickling Preparations For Metal Surfaces;Soldering..Powders&Pastes..Mater.,77722,20683407
38109010,Pickling preparations for metal surface....Submerge welding flux for LPG,45529,5815256
38109090,Pickling preparations for metal surface.... Excl. Submerge welding flux for LPG,350154,53086325
38111900,Anti-Knock Preparations (Excl. Based On Lead),41456,11260860
38112100,Additives For Lubrctng.Oils Contng.Ptrlum.Oils/Oils Of Bituminous Minerals,54528,41780551
38112900,Additives For Lubricating Oils (Excl. With Petroleum Oils),8549,1943351
38119000,"OTHER PREPARATIONS, EXCL.ANTI-KNOCK PREPARATIONS, ADDITIVES FOR LUBRICATING OILS",165284,45247748
38121000,Prepared Rubber Accelerators,29727,11287113
38122000,"Compound Plasticisers For Rubber Or Plastics, Nes",687562,86726361
38123100,"Mixtures of oligomers of 2,2,4-trimethyl-1,2-dihydroquinoline (TMQ)",30000,10891824
38123910,Other,27001,20036349
38123990,Other,1409463,349634383
38130000,Preprton.&Charge For Fire-Extinguishers;Charged Fire-Extinguishing Grenade,188841,5266224
38140010,Organic composite solvent,26160,8439487
38140090,"Organic Composite Solvents And Thinners, Nes; Paint Or Varnish Removers",792964,130453948
38151200,Supported Catalysts With Precious Metal Or Its Compounds,146,923507
38151900,"Supported Catalysts, Nes",780,226813
38159000,"Reaction Initiators, Accelerators And Catalytic Preparations, Nes",55581,12080689
38160010,"Refractory Cmnts.Mrtrs,Concretes&Similar Compositions,Ex.Prdcts.Of Hd38.01",939115,125659642
38160090,"Refractory Cmnts.Mrtrs,Concretes&Similar Compositions,Ex.Prdcts.Of Hd38.01",2904999,109332697
38170010,"MIXED ALKYLBENZENES AND MIXED ALKYLNAPHTHALENES,OTHER THAN THOSE OF HEADING 2707 OR 2902",1818220,361346919
38170090,"MIXED ALKYLBENZENES AND MIXED ALKYLNAPHTHALENES,OTHER THAN THOSE OF HEADING 2707 OR 2902",2000200,351742045
38190000,Hydraulic Brake Fluids And Similar Liquids With <70% Petroleum Oil,203056,47650648
38200000,Anti-Freezing Preparations And Prepared De-Icing Fluids,65185,14826125
38210000,Prepared Culture Media For Development or maintenance of Micro-Organisms(incl.viruses..,15874,70636351
38221100,DIAGNOSTIC OR LABORATORY REAGENTS FOR MALARIA,488,1063303
38221200,DIAGNOSTIC...For Zika and other diseases transmitted by mosquitoes of the genus Aedes,170,167307
38221300,Diagnostic or laboratory reagents .. for For blood-grouping,440,7061475
38221900,"Dignostic or lab. reagent (Exlud For alariam, Zika, blood-grouping)",62807,723159783
38229000,"Dianostic or Lab. Reagent, NES",327083,625387551
38231100,Stearic Acid,82640,15161195
38231900,"OTH.INDUST. MONOCARBOXYLIC FATTY ACIDS.., EXCL.ST.ACID,OLEIC ACID,TALL OIL FATTY ACIDS",1018785,115292948
38237000,INDUSTRIAL FATTY ALCHOLS,28620,12733348
38241000,Prepared Binders For Foundry Moulds Or Cores,356508,31784618
38244000,"Prepared Additives For Cements, Mortars Or Concretes",1974481,245158361
38245000,Non-Refractory Mortars And Concretes,321971,10596714
38246000,Sorbitol (Excl. That Of 2905.44),2395500,169329212
38249920,Chlorinated paraffin wax,2000,272932
38249930,Barium/strontium ferrite powder imported by VAT registered manufacturers,40000,7612862
38249950,Coated cal.car....Imp by IND.IRC.VAT reg plastic goods_cal.car filler_cable manf.ind,6401102,175380803
38249960,Desiccant,130771,88581163
38249992,Master batch not containing pigments,54400,8480525
38249993,Mould Powder,88000,10210320
38249999,Other,2927012,621945676
38275900,"Mixture Containing trifluoromethane (HFC-23) or perfluorocarbons (PFCs) , NES",130,1963147
38276810,"Mixtures containing halogenated derivatives of methane, ethane or propane...",35595,12207527
38276820,"Other containing substances of subheadings 2903.41 to 2903.48, HFC R-404A",11663,4388641
38276830,"Other containing substances of subheadings 2903.41 to 2903.48, HFC R-404A",6441,2441937
38276890,"Mixtures containing halogenated derivatives of methane, ethane or propane...",1000,560224
39011000,Polyethylene having a specific gravity of less than 0.94,3231505,492488221
39012000,Polyethylene having a specific gravity of 0.94 or more,11764614,1466101892
39013000,"Ethylene-Vinyl Acetate Copolymers, In Primary Forms",1321191,264291830
39014000,"Ethylene-alpha-olefin copolymers, having a specific gravity of less than 0.94",8668000,1136920127
39019000,"Other Polymers Of Ethylene, In Primary Forms, Nes",1080247,177636019
39021000,"Polypropylene, In Primary Forms",18885441,2298753904
39023000,"Propylene Copolymers, In Primary Forms",8422809,1057167698
39029000,"Other Polymers Of Propylene Or Of Other Olefins, In Primary Forms, Nes",96107,28105945
39031100,"Expansible Polystyrene, In Primary Forms",1363196,251589290
39031900,"Polystyrene (Excl. Expansible), In Primary Forms",1790950,311693334
39032000,"Styrene-Acrylonitrile (San) Copolymers, In Primary Forms",277001,47252552
39033000,Acrylonitrile-butadiena-styrene(ABS) copolymers,1197700,257292586
39039000,"Polymers Of Styrene, In Primary Forms, Nes",2143666,420604225
39041000,"Polyvinyl Chloride, Not Mixed With Other Substances, In Primary Forms",24030003,2353712501
39042100,"Non-Plasticised Polyvinyl Chloride, In Primary Forms",1900725,274146797
39042200,"Plasticised Polyvinyl Chloride, In Primary Forms",907544,162300232
39043000,"Vinyl Chloride-Vinyl Acetate Copolymers, In Primary Forms",81126,74018391
39044000,"Vinyl Chloride Copolymers, Excl. Vinyl Acetate, In Primary Forms",1950,386266
39046100,"Polytetrafluoroethylene, In Primary Forms",49053,67268402
39046900,"Fluoro-Polymers (Excl. Polytetrafluoroethylene), In Primary Forms",2783,6078894
39049000,"Polymers Of Halogenated Olefins, In Primary Forms, Nes",15522,7196935
39051200,Polyvinyl Acetate In Aqueous Dispersion,353970,28729771
39052100,Vinyl Acetate Copolymers In Aqueous Dispersion,216844,52354383
39052900,"Vinyl Acetate Copolymers, Excl.That In Aqueous Dispersion, In Primary Form",8801,3763543
39053000,"Polyvinyl Alcohol, Whether Or Not Containing Unhydrolysed Acetate Groups",241351,36476241
39059100,Copolymers In Primary Forms,1157,1048417
39059900,Polymers Of Other Vinyl Esters & Other Vinyl Polymers In Primary Forms Nes,131632,201900945
39061000,"Polymethyl Methacrylate, In Primary Forms",37875,15358460
39069000,"Acrylic Polymers, In Primary Forms, Nes",4188496,826028264
39071000,"Polyacetals, In Primary Forms",45824,11236798
39072100,Other polyethers : Bis (polyoxyethylene) methylphosphonate,7003,2387488
39072900,Other polyethers :EXLCUDING Bis (polyoxyethylene) methylphosphonate,2687928,585282988
39073000,"Epoxide Resins, In Primary Forms",265261,77597050
39074000,Polycarbonate,327211,101112235
39075000,"Alkyd Resins, In Primary Forms",608902,97939230
39076100,Having a viscosity number of 78 ml/g or higher,6745700,800259134
39076900,Other,2995014,439188319
39079100,"Unsaturated Polyesters, In Primary Forms, Nes",472712,59395140
39079900,"Polysters, In Primary Forms,NES",1595248,316981750
39081000,"Polyamide 6,11,12,6,6,6,9,6,10 or 6,12:",491700,107668566
39089000,"Other polymides, in primary forms, nes",110455,38265803
39091000,UREA RESINS; THIOUREA RESINS,1012200,82755517
39092000,Melamine resins,1602134,196714444
39093100,"Poly(methylene phenyl isocyanate) (crude MDI, polymeric MDI)",2008274,630657350
39093900,Other,425520,16349141
39094000,"Phenolic Resins, In Primary Forms",437345,68834068
39095000,"Polyurethanes, In Primary Forms",3077523,725589077
39100000,Silicones Inprimary Forms,441270,192752395
39111000,"Petroleum Resins... Other Resins And Polyterpenes, In Primary Forms",492411,60506101
39119000,"Polysulphides, Polysulphones And Other Products..., In Primary Forms",6519,2459573
39121100,"Non-Plasticised Cellulose Acetates, In Primary Forms",1,1254
39122000,"Cellulose Nitrates (Incl. Collodions), In Primary Forms",10500,4973926
39123100,"Carboxymethylcellulose And Its Salts, In Primary Forms",385712,119707923
39123900,"Other Cellulose Ethers, In Primary Forms, Nes",436732,259181733
39129000,"Cellulose And Its Chemical Derivatives, In Primary Forms, Nes",69147,210618004
39131000,"Alginic Acid, Its Salts And Esters, In Primary Forms",339954,141018930
39139000,"Natural and modified natural polymers, in primary forms",103351,45495348
39140000,"Ion-Exchangers Based On Polymers Of 39.01 To 39.13, In Primary Forms",1081816,122566917
39159000,"Waste, Parings And Scrap, Of Other Plastics, Nes",131667,6623702
39161000,"Monofilament Dimenson>1mm,Rods..&Prof.Sha.,Polym. Of Ethylene",17,78884
39162000,"Monofil..>1mm,..Of Vinyl Chloride For door, window and photo frame",19812,3711625
39169010,"Monofil.Dimension>1mm,Rods..&Profile Shapes,Of Other Plastics",123823,61269070
39169020,Fibre reinforced polymer (FRP) sticks and profile shapes,71,112337
39169090,"Monofil.Dimension>1mm,Rods..&Profile Shapes,Of Other Plastics",16144,4400899
39171000,Artificial Guts Of Hardened Proteins Or Of Cellulosic Materials,1266,1899932
39172100,"Tubes, Pipes And Hoses, Rigid, Of Polymers Of Ethylene",36621,11803630
39172200,"Tubes, Pipes And Hoses, Rigid, Of Polymers Of Propylene",4982,1687261
39172310,Pvc Shrinkable Tube(Plain),43233,11585790
39172390,"Tubes,Pipes And Hoses, Rigid, Of Polymers Of Vinyl Chloride, Nes",33269,14702158
39172910,SILICON TUBING FOR LABORATORY USE;HOSES PIPE FOR GAS CYLINDER,455,5426732
39172999,"Tubes, Pipes And Hoses, Rigid, Of Other Plastics, Nes",238302,78643652
39173110,"Fiexible Silicone Tubing For Laboratory Use,With A Burst Pressure>=27.6mpa",21,36176
39173190,"Other Flexible Tubes,Pipes And Hoses,With A Burst Pressure >=27.6 Mpa",3164,3097087
39173210,"Silicone Tubing With Fitting For Lab.Use,Not Reinforced Or Otherwise Comb.",721,9625061
39173220,"Tubes Upto 10"" Dia For Packing Iv Fluid",117453,42634550
39173290,"Tubes, Pipes And Hoses, Not Reinforced, Without Fittings, Nes",2237,6755994
39173310,"Silicone Tubing For Lab. Use, Nes",26,241974
39173390,"Other Tubes,Pipes&Hoses With Fittings",2213,8066661
39173910,Other Silicone Tubing For Laboratory Use,1478,387389
39173990,"Other Tubes, Pipes And Hoses, Nes",74107,20273414
39174000,"Fittings, For Tubes, Pipes And Hoses, Of Plastic",216552,74163723
39181000,"Floor... Coverings Of Polymers Of Vinyl Chloride, In Rolls Or Tiles",8869,3288083
39189000,"Floor, Wall Or Ceiling Coverings Of Plastics, Nes, In Rolls Or Tiles",23213,6444267
39191000,"Self-Adhesive Tape, Plates, Strip..., In Rolls, Width =<20cm",19299,19448150
39199010,"OTHER SELF-ADHESIVE PLATES, TAPE, STRIP, FOIL... OF PLASTICS, NES",403765,103395352
39199020,Performance Tape/Closure/Side Tape,9973,14037218
39199030,Scratch off label imp. by IND_IRC_VAT reg. SIM_Smart card or Gypsum Boad manf. ind,4,75116
39199091,Re-seal/Self adhesive tape,21536,8936501
39199099,"OTHER SELF-ADHESIVE PLATES, TAPE, STRIP, FOIL... OF PLASTICS, NES",877483,302787348
39201010,Stretch Wrapping Film,47254,11327345
39201030,Mulch film,106038,29565620
39201040,Tarpaulin,5440,1702923
39201090,"Plates..,Of Polymers Of Ethylene, Laminated.. Not Reinforced,Etc.,Nes",350470,94615213
39202010,Polymers of propylene in printed form,53267,22965188
39202020,Non-printed cast polypropylene film,25830,10071192
39202090,Other polymers of propylene(excl printed form),355795,100640716
39203000,"Plates..., Of Polymers Of Styrene, Laminated..Not Reinforced, Etc",42825,10769226
39204300,CONTAINING BY WEIGHT NOT LESS THAN 6% OF PLASTICISERS,24002,6011011
39204910,PVC FILM & PVDC FILM FOR BLISTER PACK FOR MEDICINE,758914,204733929
39204920,Printed PVC sheet,150474,38497389
39204930,PVC film imp. by Ind. IRC_VAT compliant medicine pack. Industries,142252,36356193
39204940,Unprinted PVC sheet,5870,1523449
39204950,PVC FILM IMP. BY IND. IRC VAT COMPLI. GYPSUM BOARD MFG IND.,23442,5910080
39204990,"Other plates...,of polymers of vinyl chloride other than not<6% of plasticisers",210310,53899242
39205100,"Plates..., Of Polymethyl Methacrylate, Laminated Not Reinforced, Etc",90426,23108132
39205900,"Plates..., Of Other Acrylic Polymers, Laminated Not Reinforced, Etc, Nes",33678,8546237
39206100,"Plates..., Of Polycarbonates,Laminated Not Reinforced, Etc",2054,513570
39206210,poly(ethylene terephthalate in printed form,8798,2330717
39206290,Other poly(ethylene terepthalate) excl printed form,724858,183895655
39206390,"Plates..., Of Unsaturated Polyesters, Laminated Not Reinforced, Etc",20582,5152000
39206910,Other polyester in printed form,80,38126
39206920,Unprinted in roll form imported by VAT registered plastic products manufacturing indu,3632,959472
39206999,"Other polyesters, Nes (excl. printed form)",4827,1317442
39207300,"Plates..., Of Cellulose Acetate, Not Reinforced, Etc",9975,2827008
39209100,"Plates..., Of Polyvinyl Butyral, Not Reinforced, Etc",42,106189
39209210,Other plastics polyamides in printed form,41,31300
39209220,Unprinted in roll form imported by VAT registered plastic products manufacturing indu,36152,10483234
39209230,"Unprinted nylon film in roll form imp.by Ind.IRC.VATcompliant medicine packaging ind,",21260,5306128
39209290,"Other plastics polymides, Nes (excl. printed form)",130,107890
39209910,Film For Blister Packing Of Other Plastics,398,107158
39209990,"Plates..., Of Other Plastics, Not Reinforced, Etc, Nes",30527,8667857
39211100,"Cellular Plates, Strips... Of Polymers Of Styrene",15,9229
39211200,"Cellular Plates, Strips... Of Polymers Of Vinyl Chloride",1504,1241054
39211300,"Cellular Plates, Strips... Of Polymers Of Polyurethanes",11781,3259318
39211400,"Cellular Plates, Strips... Of Polymers Of Regenerated Cellulose",70,43155
39211910,Microcellular PET light sheet having a power saving capacity of 20% or more,6876,3830398
39211990,"Microcellular PET light sheet having a power saving capa.of 20% or more, NES",9786,3834526
39219020,Multilayer extruded sheet for plastic.. imported by VAT regtd. plastic tube manufactu,304761,125785344
39219091,"Other cellular plates, strips in printed form..., of plastics",152908,49040767
39219092,Coating materials imported by VAT registered cookingware manufacturers,21,11393
39219093,Tarpaulin,223169,52986569
39219099,"Other cellular plates, strips ..., of plastics, nes",885207,273012271
39221000,"Baths, Shower-Baths And Wash-Basins, Of Plastics",2018,1259525
39222000,Lavatory Seats And Covers Of Plastics,25806,15924046
39229000,"Bidets, Lavatory Pans... And Other Sanitary Ware Of Plastics, Nes",27314,17535977
39231000,"Boxes, Cases, Crates And Similar Articles Of Plastics",47772,13949793
39232100,Sacks and bags (incl. cones) of polymers of ethylene,3998,3419122
39232910,AIRTIGHT STORAGE BAGS WITH ZIPPER,3031,907407
39232990,Article for the conve..of polymers of ther plastic excl.airtght storage bag with zipp,53778,15565410
39233010,"Sachet For Medicin,Inhaler Container,Actuators and Dust Caps for Inhaler",57037,68860760
39233090,"Other Carboys, Bottles, Flasks And Similar Articles Of Plastics",93013,107512713
39234010,Bobbins; Sliver/spinning can,51244,31815417
39234090,"Spools, Cops And Similar Supports Of Plastics",107,495186
39235000,"Stoppers, Lids, Caps And Other Closures Of Plastics",100903,92392714
39239010,"Trays For Transportation And Keeping For Chicks And Eggs, Of Plastics",18394,10664768
39239020,"Nursery Trays For Seedlings, Of Plastics",14448,3586196
39239090,"Articles for the packing of goods, of plastics, nes",17759,7233937
39241000,Tableware And Kitchenware Of Plastics,27201,15873034
39249010,Feeding Bottles,17536,5032836
39249090,"Other Household Articles And Toilet Articles, Of Plastics, NES",148425,36877708
39251000,"Reservoirs... And Similar Containers, Capacity >300 L, Of Plastics",6828,1750992
39253000,"Shutters, Blinds And Similar Articles And Parts, Of Plastics",77,403692
39259000,"Builders' Ware Of Plastics, Nes",124909,33697097
39261000,Office Or School Supplies Of Plastics,61184,13497294
39262010,Gloves (Surgical) Of Plastics & Materials Of Heading 39.01-39.04,9274,4013132
39262090,Art.Of App.&Clothing Accessories(Exl.Gloves)Of Plastics Hd.No.39.01-39.04,41428,15190461
39263000,"Fittings For Furniture, Coachwork Or The Like Of Plastics",110,61967
39264000,Statuettes And Other Ornamental Articles Of Plastics,164215,48111339
39269010,Plastic Coil Used As Contraceptive And Coil Inserter,44,36067
39269030,"Parts And Fittings For Infusino Set, Of Plastics",7235,5837052
39269050,Taflon tape/PTFE tape,2049,3151057
39269060,Cot and Apron,4465,19113100
39269091,Conveyor or transmission belts of belting,9827,18189812
39269092,LP Gas cylinder capacity below 5000 litres,1,750
39269093,PLASTIC FRAME WORKS IMP. BY INDUS. IRC VAT COMPLI CABLE MFG. INDU.,1501,1129607
39269099,"PVC scrn.having intrnl.dia.from 4-8 Mulch and strct.thereof used in agri.& hoti.,nes",674298,728443335
40011000,"Natural Rubber Latex, In Primary Forms Or In Plates, Sheets Or Strips",505,178239
40012200,"Technically Specified Natural Rubber, In Primary Forms Or In Plates, Etc",142368,36617788
40013000,"Balata, Gutta-Percha... And Similar Gums, In Primary Forms Or In Plates",2,104704
40021100,Latex Of Styrene-Butadiene Or Carboxylated Styrene-Butadiene Rubber,491294,87927458
40021900,"Styrene-Butadiene Rubber; Carboxylated Styrene-Butadiene Rubber, Nes",235993,77481526
40022000,"Butadiene Rubber, In Primary Forms Or In Plates, Sheets Or Strip",198925,42530817
40023100,Isobutene-Isoprene (Butyl) Rubber,154800,48063636
40023900,Halo-Isobutene-Isoprene Rubber,4,424184
40024900,Chloroprene (Chlorobutadiene) Rubber (Excl. Latex),57692,30782088
40025100,Latex Of Acrylonitrile-Butadiene Rubber,2,1630
40025900,Acrylonitrile-Butadiene Rubber (Excl. Latex),17255,5652707
40026000,Isoprene Rubber,870,1530690
40027000,Ethylene-Propylene-Non-Conjugated Diene Rubber,20001,8138804
40029900,"Other Synthetic Rubber (Excl. Latex), Nes",209912,75982620
40030000,"Reclaimed Rubber In Primary Forms Or In Plates, Sheets Or Strip",297059,24890152
40040000,"Waste,Parings & Scrap Of Rubber(Ex.Hard Rubber)&Powders Gran.Obt.Therefrom",13005,1383774
40051000,"Rubber Compounded With Carbon Black Or Silica, Unvulcanized",5632,3180383
40052000,"Rubber Solutions; Dispersions, Unvulcanized, Nes Excl Hs 40051000",506,216652
40059100,"Plates, Sheets And Strip Of Unvulcanized, Compounded Rubber, Nes",6,164869
40059900,"Compounded Rubber, Unvulcanized, In Primary Forms",3044,1386537
40069000,"Other Forms And Articles Of Unvulcanized Rubber, Nes",3460,1103198
40070000,Vulcanized Rubber Thread And Cord,27012,8813757
40081100,"Plates, Sheets And Strip Of Cellular Vulcanized Rubber",39362,10162208
40081900,"Rods And Profile Shapes Of Cellular Vulcanized Rubber, Nes",69,182804
40082100,"Plates, Sheets And Strip Of Non-Cellular, Vulcanized Rubber(Excl. Hard)",3272,2182290
40082900,"Rods And Profile Shapes Of Non-Cellular, Vulcanized Rubber (Excl. Hard)",3015,2401014
40091100,NOT REINFORCED OR OTHERWISE COBINED WITH OTH.MATERIAL WITHOUT FITTINGS,10808,8316812
40091200,"TUBES,PIPES & HOSES ..NOT REINFORCED OR OTHERWISE COMB.WITH MAT.WITH FITT.",3380,7252122
40092100,REINFORCED OR OTH.WISE COMBINED ONLY WITH METAL-WITHOUT FITTINGS,39444,7509946
40092200,REINFORCED OR OTHERWISE COMBINED ONLY WITH METAL WITH FITTING,16858,9658184
40093100,REINFORCED OR OTH.WISE COMBINED ONLY WITH TEXTILE MTRLS.WITHOUT FITTINGS,43073,9995416
40093200,REINFORCED OR OTHERWISE COMBINED ONLY WITH TEXTILE MATERIALS-WITH FILLINGS,7261,2257523
40094100,REINFORCED OR OTHERWISE COMBINED WITH OTHER MATERIALS-WITHOUT FITTINGS,4997,1725308
40094200,REINFORCED OR OTHERWISE COMBINED WITH OTHER MATERIALS-WITH FILLINGS,24220,12456028
40101100,"Conveyor Belts Or Belting,Of Vulcanized Rubber Reinforced Only With Metal",4991,3844009
40101200,Conveyor Belts/Belting Of Vulcanised Rubber Reinf'D Only With Textile Mats,25725,11262122
40101900,"Conveyor Belts Or Belting, Of Vulcanised Rubber, Nes",23269,11834494
40103100,"ENDLESS TRNSMSN.BELTS OF TRPZDL.CROSS-SEC.(V-BLT),V-RIBBED OF..>60CM,<180",7481,8936505
40103200,"ENDLESS TRNSMSN.BELTS OF TRPZODL.CROS-SECTION(V-BELTS),OTHER..>60CM<180CM",84087,17524760
40103300,"ENDLESS TRNSMSN.BELTS OF TRZDL.CROSS-SECTION(V-BELTS)V-RIBED..>180CM,<240",34691,9028603
40103400,"ENDLES TRNSMSN.BETLS OF TRPZDL.CROSS-SECTION(V BELTS)OTH.THAN..>180CM,<240",62061,12004581
40103500,"ENDLESS SYNCHRONOUS BELTS,OF AN OUTSIDE CIRCUMFERENCE EXCEEDING >60CM,<150",226,389740
40103600,"ENDLESS SYNCHRONOUS BELTS,OF AN OUTSIDE CIRCUMFERENCE >150CM,<198CM",1440,256847
40103910,RUBBER BELT ROUND NOT EXCEEDING 10 in DIA/FLAT,11403,7801421
40103990,"TRANSMISSION BELTS OR BELTING,NES OTHER THAN RUBBER BELT ROUND<10"" dia/Flat",124755,44041756
40111000,"New Pneumatic Tyres, Of Rubber Of A Kind Used On Motor Cars, TV",480267,277634772
40112010,"New pneumatic tyres, of rubber of a kind used on buses or lorries",509754,197660027
40112090,"New pneumatic tyres, of rubber of a kind used on buses or lorries",2300874,866198257
40113000,"New Pneumatic Tyres, Of Rubber For Aircraft",2560,6094490
40114000,"New Pneumatic Tyres, Of Rubber Of A Kind Used On Motorcycles, TV",252349,142424996
40115000,"New Pneumatic Tyres, Of Rubber Of A Kind Used On Bicycles",72165,27248210
40117010,Of a kind used on agricultural tractors,287184,108200390
40117090,Of a kind used on agricultural tractors,24580,10196735
40118000,"Of a kind used on construction, mining or industrial handling vehicles and machines",58375,25763118
40119000,"Other Tyre, excl. construction, mining or industrial handling vehicles and machines",56372,28259991
40121900,"RETREADED OR USED PNMATIC.TYRES OF RUBBER;SOLID OR CUSHION TYRES,TYRE..NES",48,27041
40122000,Used Pneumatic Tyres Of Rubber,17,9577
40129090,"Solid... tyres, interchangeable tyre treads and flaps, of rubber, nes",59903,25700298
40131000,"INNER TUBES, OF RUBBER, OF A KIND USE ON MOTOR CARS(INCL.STN.WAGON..),BUSES OR LORRIE",7803,2642791
40132000,"Inner Tubes, Of Rubber Of A Kind Used On Bicycles",21257,6845460
40139010,"Inner Tubes, of rubber Of a kind used on tractors and aircraft",21324,6754929
40139020,"Inner tube of rubber, of a kind used on motorcycles",258,82225
40139090,"Inner tubes, of rubber, nes",25733,8507629
40141000,Sheath Contraceptives Of Rubber,100491,91069182
40149000,"Hygienic Or Pharmaceutical Articles Of Vulcanized Rubber, Nes",66094,19209777
40151200,"Gloves, mitteens..Of a kind used for medical, surgical, dental or veterinary purposes",89675,61225303
40151900,Gloves Of Vulcanized Rubber (Excl. Surgical Gloves),74667,30561408
40159000,"Articles Of Apparel And Clothing Accessories Of Vulcanized Rubber, Nes",3395,1797619
40161000,Articles Of Vulcanized Cellular Rubber,10422,5373482
40169100,"Floor Coverings And Mats Of Vulcanized Rubber, Non-Cellular",12858,4177228
40169200,"Erasers, Of Vulcanized Rubber",27420,5383240
40169300,"Gaskets, Washers And Other Seals, Of Vulcanized Rubber",343923,350786626
40169400,"Boat Or Dock Fenders, Of Vulcanized Rubber",39869,14188988
40169500,"Inflatable Articles, Of Vulcanized Rubber, Nes",16984,13455082
40169910,"ARTICLES OF VULCANIZED RUBBER, RUBBER CO /APRON",18269,44441256
40169920,Rubber bearing,8879,2535063
40169990,"ARTICLES OF VULCANIZED RUBBER,NES EX.RUBBER COT/APRON",393658,268471807
40170000,"HARD RUBBER(FOR EX.,EBONITE) IN ALL FORMS,INCL.WASTE AND SCRAP; ARTICLES OF HARD RUBBER",1306,1048271
41021000,"Raw Skins Of Sheep Or Lambs, With Wool On",4238,3019999
41033000,OF SWINE,90,49833
41039000,"Other Raw Hides And Skins, Fresh Or Preserved, Not Tanned, Nes",1552,1681920
41041110,"Tanned or...,in the wet state (including wet-blue) full grains,.......Split leather",32,22905
41041190,"Tanned or...,in the wet state (inclu wet-blue) full grains, .....excl. Split leather",40,24560
41041990,"Tanned..wet-blue other than full grains unsplit, grain splits , excl split leather",1,750
41044110,Tanned or crust hieds. in the dry state full grains..Split leather,46,52099
41044190,Tanned or crust hieds. in the dry state full grains..Excl Split leather,3,2629
41044990,"Tanned or crust. in the dry state other than full grains..., Excl Split leather",58,75152
41053000,IN THE DRY STATE (CRUST),989,3267148
41062210,Split leather In the dry state (crust) of goats or kids,417,178556
41062290,Excl Split leather In the dry state (crust) of goats or kids,144,64401
41071900,"WHOLE HIDES AND SKINS, NES",7,7240
41079900,"OTHER,INCLUDING SIDES,NES",4800,11077072
41120000,"LEATHER FURTHER PREPARED AFTER TANNING OR CRUSTING,INC.PARCHMENT DRESSED..",482,296187
41131000,OF GOATS OR KIDS,1,1003
41139000,"LEATHR FUTHER PREPARED AFTER TUNNING OF CRUSTING,INCL PARCHMETN-DRSED..NES",1,7198
41151000,"COMPOSITION LEATHER WITH A BASIS OF LEAHTER OR LEATHER FIBR,IN SLABS...",52989,5112436
42010000,"Saddlery And Harness For Any Animal, Of Any Material",4134,1294549
42021100,"Trunks, Suit-Cases..., Etc, With Outer Surface Of Leather,Or Of composition leather",284,187812
42021200,"Trunks, Suit-Cases..., Etc, With Outer Surface Of Plastic Or Textiles",17736,5163622
42021900,"Trunks, Suit-Cases..., Etc, Nes",399175,123018354
42022100,"Handbags With Outer Surface Of Leather, Or Composition Leather",94,151372
42022200,Handbags with outer.. with outer surface of sheeting of plastics or of tex.. material,541,289905
42022900,"Handbags, Nes",103307,42888153
42023100,With outer surface of leather or of composition leather,19,18306
42023200,Articles.... in pocket or handbag.. With outer surface of sheeting of plastics or....,156,33204
42023900,"Articles Normally Carried In Pocket Or Handbag, Nes",9988,2873587
42029100,With Outer Surface Of Leather or of composition leather,23,19302
42029200,With outer surface of sheeting of plastics or of textile materials,33965,7166473
42029900,"Cases And Containers, Nes, With Outer Surface Of Other Materials, Nes",13172,8535542
42031000,Articles Of Apparel Of Leather Or Of Composite Leather,23,35947
42032100,"Gloves,Mittens & Mitts For Use In Sports,Of Leather Or Of Composite Leathr",3815,1119713
42032900,"Gloves, Mittens And Mitts Nes, Of Leather Excl. For Sports",6073,2189054
42033000,Belts And Bandoliers Of Leather Or Of Composition Leather,24916,6911997
42034000,OTHER CLOTHING ACCESSORIES,25,62230
42050090,"Other articles of leather or of composition leather, NES",668,433106
44012200,Non-Coniferous Wood In Chips Or Particles,2,20454
44013100,Wood pellets,64,39695
44013200,"Sawdust and wood, Wood briquettes",290,181545
44013900,Sawdust and wood waste and scrap Other than Wood pellets,0,10692
44022000,Wood charcoal ( including sheell or nut char..) ....Of shell or nut,6,3757
44029090,"Wood charcoal (including shell or nut charcoal), whether or not agglomerated E",13875,1243642
44034900,"Other Tropical Wood Spec'D In Subhd Note 1 To Ch40,In The Rough,Exc.440341",5535977,296016744
44039100,"Oak Wood (Quercus Spp.) In The Rough, (Excl. Treated)",39930,1581546
44039900,"Wood, Nes In The Rough..., (Excl. Treated)",3258796,157074888
44050000,Wood Wool; Wood Flour,336,213352
44079200,Beech Wood (Fagus Spp.) Sawn/Chipped Lengthwise Sliced Or Peeled >6m Thick,227004,23485064
44083900,"Other Trpcl.Wood Specf'd Subhd Note2 to this Chap,execl.Dark Red Meranti..Bakau",510395,69974136
44089000,"Veneer Sheets And Sheets For Plywood Of Other Wood, =<6mm Thick, Nes",321141,55904736
44101100,Particle board,19271,1100276
44109000,"Particle board,ori.strn board (OSB)&simi.board of wood?other organic bin. subst",1,751
44111200,Medium density fiberboard (MDF) of a thickness not exceeding 5 mm,196740,7390021
44111300,Medium density fiberboard (MDF) of a thickness exceeding 5 mm but not exceedin,1200,175665
44111400,Medium density fiberboard (MDF) of a thickness exceeding 9 mm,2089,118884
44119200,Fibreboard of wood or other lign.mat.Excl. Med.den. f.board (MDF)of a den.exce,52794,2264590
44119300,F.board of wood or other .mat. Excl.Med.den. F.board (MDF)of a den.>0.5 g/cm3,12354,695466
44123300,"Other, with at leat one outer ply ..... tulipwood or walnut",25950,1620721
44123900,"Other, with both outer plies of coniferous wood",387755,16488683
44129900,"Plywood, veneered panels and similar laminated wood, nes",32495,2657468
44130090,"Other Densified Wood In Blocks, Plates Strips Or Profile Shapes",41357,13781649
44141000,"Wooden frames for paintings, photographs, mirrors or similar .... Of tropical wood",57,26166
44149000,"Wooden frames for paintings, photographs, mirrors or.... Excluding Of tropical wood",1244,347275
44151000,"CASES,BOXES,CRATES,DRUMS AND SIMILAR PACKING;CABLE-DRUMS",1193,455514
44152010,Pallet Collars Of Wood,440,98420
44152090,"Pallets,Box Pallets&Other Load Boards Of Wood,Excl.Pallet Collars, Nes",7,8391
44170000,"Tools, tool bodies, tool handles, broom or brush bodies.lasts and trees, of wood.",35813,1802170
44181900,"Windows, French-windows and their frames : excluding Of tropical wood",1,4498
44182100,Doors and their frames and thresholds : Of tropical wood,14527,1871351
44182900,Doors and their frames and thresholds : excluding Of tropical wood,280,78870
44187900,"Other Assembled flooring panels, excl. bamboo, mosaic, multilayers",174657,12269942
44189200,Engineered structural timber products : Cellular wood panels,150,43586
44189900,"Other panels, not of bamboo, not Assembled flooring panels",1615,410157
44191100,"Bread boards, chopping boards and similar boards",5158,1291686
44191200,Chopsticks,1422,235969
44191900,"Other, excl. Bread boards, chopping boards and similar boards & Chopsticks",17234,1884808
44192000,Tableware and kithcenware of wood Of tropical wood,885,221616
44199000,"Other, excl. Bamboo",887,1537655
44201900,Statuettes and other ornaments : Excluding Of tropical wood,3841,842470
44209000,"Wood Marquetry, Inlaid Wood; Caskets & Cases For Jewellery/Cutlery Of Wood",641,303636
44211000,Clothes Hangers Of Wood,23384,4496198
44219100,Of bamboo,41766,4018260
44219910,Other,155,82168
44219990,Other,111034,33269961
45019000,"Waste Cork; Crushed, Granulated Or Ground Cork",80,280562
45031000,CORKS AND STOPPERS,2363,1538500
45049000,"OTH, AGGLOMERATED CORK(WITH OR WITHOUT A BINDING SUB-STANCE) AND ARTICLES OF AGG. CORK",3758,1555712
46012100,"Mats, matting and screens of vegetable materials Of bamboo",829,155642
46019900,"OTH, PLAITS AND SIMILAR PRODUCTS OF PLAITING MATERIALS...(EXCL. OF VEGETABLES MATERIALS)",1635,432452
46021100,"Basketwork, wickerwork and other articles?Of vegetable materials Of bamboo",8,3005
46021900,"Basketwork, wickerwork and other articles?Of vegetable materials Excl. bamboo",144,162389
46029000,Articles Of Plaiting Materials (Excl. Of Vegetable Material),726,214798
47031100,"Unbleached Coniferous Chemical Wood Pulp, Soda Or Sulphate, Nes",99861,10420098
47032100,"Semi-Bleached Or Bleached Coniferous Chemical Wood Pulp, Soda..., Nes",1405631,211470965
47032900,"Semi- Or Bleached Non-Coniferous Chemical Wood Pulp, Soda..., Nes",37858022,3971907607
47062000,Pulps Of Fibres Derived From Recovered (Waste And Scrap) Paper/Paperboard,47020,5180542
47069300,Obtained by a combination of mechanical & chemical processes,79750,3195198
47071000,"Recovered (Waste/Scrap) Unbleached Kraft Paper,Paperboard, Of...Paperboard",756360,33920713
47072000,Recovered (Waste/Scrap) Other Paper/Paperboard Of Bleached Chemical Pulp,1289270,89110251
47079000,"Recovered (Waste And Scrap) Paper Or Paperboard, Nes",13,105701
48010000,"Newsprint, In Rolls Or Sheets",752641,59777607
48022000,Paper And Paperboard As A Base For Photo-Sensitive... Paper,0,10517
48025400,,99029,25843600
48025510,ECG and ultrasonogram recording paper,5543,2920383
48025600,"OTHER PAPER OR PAPERBOARD, NOT CONTAINING...,WEIGHING 40 G/M2 OR MORE...",46922,6280259
48025700,"OTHER,WEIGHING 40 G/M2 OR MORE BUT NOT MORE THAN 150G/M2",220814,62574757
48025800,WEIGHING MORE THAN 150G/M2,28909,4959480
48026100,"OTH.PAPER& PAPERBOARD,WEIGHT >10% BY WEIGHT OF TOTAL FIBRE CONTENT,IN ROLL",50712,10603191
48026900,"OTH. PAPER & PAPER BOARD, IN ROLL, NES",1223293,102904840
48030000,"Toilet,Facial Tissue,Towel,Napkin Stock & Similar Paper, In Rolls Or Sheet",40963,7619833
48041100,"Unbleached Kraftliner, Uncoated Paper & Paperboard In Rolls Or Sheets",46364,3600070
48041900,"Kraftliner,Uncoated(Excl.Unbleached),Paper & Paperboard,In Rolls Or Sheets",84,102926
48042110,"Clue Pack Extensible Sack Craft Paper(Weig.70,80&110gsm)For Cement Bag Ind",20,12520
48043900,"Kraft Paper... (Excl. Unbleached), Weighing =<150g/M2",52028,8328576
48044100,"Unbleached Kraft Paper..., Weighing >150g/M2 But <225g/M2",50123,4392864
48045100,"Unbleached Kraft Paper..., Weighing >=225g/M2",149118,14528295
48051100,"FLUTING PAPER, SEMI-CHEMICAL FLUTING PAPER",0,626
48052400,"TESTLINER(RECYCLED LINER BOARD),WEIGHING 150G/M2 OR LESS",201433,17764435
48053000,"Sulphite Wrapping Paper, Uncoated In Rolls Or Sheets",103,292340
48054000,"Filter Paper And Paperboard, Uncoated In Rolls Or Sheets",41699,11192343
48059190,"Fluting paper, NES, weighing 150 g/m2 or less",26,11270
48059390,"Fluting paper, NES weighing 225 g/m2 or more",1352,903321
48062000,"Greaseproof Papers, In Rolls Or Sheets",22,11017
48063000,"Tracing Papers, In Rolls Or Sheets",5590,896673
48064000,"Glassine And Other Glazed Transparent Or Translucent Papers, Nes",45011,7843286
48081000,"Corrugated Paper And Paperboard, In Rolls Or Sheets",4207,786472
48089000,"Paper And Paperboard, Corrugated, Creped, Etc, In Rolls Or Sheets, Nes",123,76753
48092000,"Self-Copy Paper, In Rolls Or Sheets",103969,6416873
48099010,Carbon or similar copying papers,12168,859268
48099090,"Carbon or similar copying papers, nes",177141,22470665
48101300,"MECHANICL OR CHEMICAL-MECHANICAL, IN ROOLS",303752,31610024
48101900,"PAPER&PAPERBOARD OF A KIND USED FOR WRITTING,PRINTING OR OTH.GRAPHIC..NES",44,40346
48102200,LIGHT-WEIGHT COATED PAPER,630,124680
48102900,"Paper... For Writing, Etc, >10% Mechanical Fibres, Coated...",32344,6780354
48109200,"OTHER PAPER & P.BOARD,MULTIPLY PAPER & PAPERBOARD",6010856,675373514
48109910,Single/double side coated relse. paper Imp. by VAT reg. Refrigtr. or freez manf. Ind,96711,22553891
48109990,"Single/double side coated relse. paper Imp. by VAT reg. Refrigtr./freez manf. Ind,Nes",1329592,111788299
48111000,"Tarred, Bituminized Or Asphalted Paper And Paperboard",12,7766
48114100,Self-adhesive,819875,160085531
48114900,"SELF ADHESIVE,PAPER & PAPER BOARD, NES",202208,52091949
48115100,"Bleached, weighing more than 150 g/m2",140272,18751523
48115910,"PAPER & P.BOARD,PACK/ASCEPTIC PACK",628442,315316909
48115920,Melamine impregnated decorative paper,92565,23070509
48115990,"PAPER,PAPERBOARD,CELLULOSE WADDING AND ...EXCL.TETRAPACK/ASCEPTIC PACK",372725,48387451
48116010,Ultrasonogram recording paper,830,222487
48116020,Paraffin wax or stearin covered or lates coated or waterproof paper and paperboard by,66018,25435697
48116090,"Paper and paperboard, coated...parafin wx, stearing oil,(excl. ultrasonograme rec.paper)",156171,29691717
48119010,,41186,12420941
48119021,Insulated paper imp. by VAT reg. electric fan motor or water pump motor manf. Ind.,81111,25502602
48119029,Excl. Insulated paper imp. by VAT reg. electric fan/water pump motor manf. Ind.,2296,839344
48119030,Base paper for melamine,668801,183509926
48119090,"Other Paper,Paperboard,Cellulose Wadding And Webs Of Cellulose Fibres,Nes",55767,22646966
48132000,,69275,47175283
48139000,,176776,58198626
48142000,"Wallpaper,Etc Of Paper Coated On The Face Side With A.. Layer Of Plastics",21894,3347197
48149000,"Wallpaper And Other Wall Coverings; Window Transparencies Of Paper, Nes",782,378692
48169000,"Copying Or Transfer Paper, Nes; Offset Plates, Of Paper (Excl.Heading 4809",147055,18471457
48172000,"Letter Cards, Plain Postcards And Correspondance Cards Of Paper...",226,117946
48173000,"Boxes, Etc, Of Paper Or Paperboard Containing Paper Stationery",7677,3837507
48181000,Toilet Paper,404,174813
48182000,Handkerchiefs And Cleansing Or Facial Tissues & Towels,10440,3338995
48183000,Tablecloths And Serviettes Of Paper,2,1002
48189000,"Household, Sanitary Or Hospital Articles Of Paper..., Etc, Nes",9388,2786752
48191000,"Cartons, Boxes And Cases, Of Corrugated Paper Or Paperboard",968630,206328862
48192010,"Folding Cartons, Boxes And Cases, Of Non-Corrugated Paper Or Paperboard",130931,58952447
48192090,"Folding Cartons, Boxes And Cases, Of Non-Corrugated Paper Or Paperboard",55801,27939574
48193000,"Sacks And Bags, Having A Base Of A Width Of >=40cm Of Paper, Paperboard",3540,1040948
48194010,Fruit Bag,130127,23534093
48194090,Other than Fruit Bag,76373,35524907
48195000,"Packing Containers, Including Record Sleeves, Of Paper..., Nes",1378,801835
48196000,"Box Files,Letter Trays,Storage Boxes,Etc,Of Paper Used In Office,Shops Etc",3718,1822723
48201000,"Registers,Acc.Books,Diaries,Similar Articles,Order & Receipt Books,Of ....",47775,13197690
48202000,Exercise-Books,4,2505
48203000,Binders (Other Than Book Covers) Folders & File Covers Of Paper/Paperboard,905,224136
48204000,Manifold Business Forms And Interleaved Carbon Sets,264,135220
48205000,Albums For Samples Or For Collections Of Paper Or Paperboard,730,152322
48209000,"Blotting Pads, Book Covers And Other Articles Of Stationery Of Paper...Nes",9406,3083918
48211000,Printed Paper Or Paperboard Labels Of All Kinds,45146,35321974
48219010,Sticker,3539,1343870
48219090,Excl. Sticker imp. by VAT reg. electric fan or water pump motor manf. Ind.,65133,13758763
48221000,"Bobbins, Spools..., Of Paper Or Paperboard For Winding Textile Yarn",48243,9250862
48229000,"Bobbins, Spools,Cops And Similar Supports Of Paper Or Paperboard, Nes",97861,18132378
48232000,"Filter Paper And Paperboard, Cut To Shape",25863,20450976
48234000,"Rolls, sheets and dials, printed for self recording apparatus",907,426892
48236900,"Trays, dishes, plates, cups and the like, of paper and paperboard Excl. Of bam",62027,16974381
48237010,"Moduled or pressed articles of paper pulp, Gasket imp by VAT reg. comp. manu.",144,896600
48237090,"Moduled or pressed articles of paper pulp, Excl Gasket imp by VAT reg. comp. manu.",25148,2616863
48239010,"Paper And Paperboard, Cut To Size And Articls Of Paper",17,20681
48239091,Paper Separator,2370,977676
48239092,Wrappers for confectionery,1904,515872
48239093,Surface coloured or printed paper or paper board,8143,2714296
48239094,Air laid paper,64270,19867848
48239095,Honeycomb imported by VAT registered fire resistant door manufacturers,1740,1633908
48239099,"Paper And Paperboard, Cut To Size And Articles Of Paper, Etc, Nes",92846,13911452
49011000,"Printed Books, Brochures, Leaflets, Etc, In Single Sheets",6830,10098717
49019910,"Religious,Reference,Scientific,Medical,Engg,Agril. & Oth.Books for higher education",62028,22615925
49019930,Other books,11981,3874692
49019990,"Printed Books,Brichures,Leaflets&Similar Printed Metter, Nes",11816,7886792
49021000,"Newspapers, Journals And Periodicals, Appearing At Least 4 Times A Week",181,290103
49029000,"Newspapers, Journals And Periodicals, Appearing < Four Times A Week",978,2943589
49030000,"Children'S Picture, Drawing Or Colouring Books",3495,1169809
49059000,"Maps and hydrographic or similar charts of all kinds, including atlases,...NES",1794,447269
49060000,Plans...For Archit...Purposes;Handwitten Texts;Photogr.Of Repo.Of The ....,2,17584887
49070010,Stock Share And Bond Certificates&Similar Documents Of Title Cheque Forms,49263,8861196
49070090,"New Stamps,Stamp-Impressed Paper,Cheque Forms,Banknotes,Nes",280385,811624455
49081090,"Transfers(Decalcomanias), Vitrifiable, Nes",24306,11496727
49089000,Transfers (Decalcomanias) (Excl. Vitrifiable),772,3414437
49090000,"Printed Or Illustrated Postcards; Printed Cards Bearing Greetings, Etc",37,16826
49100000,"CALENDER OF ANY KIND, PRINTED, INCLUDING CALENDER BLOCKS",8094,2913376
49111000,"Trade Advertising Material, Commercial Catalogues And The Like",22987,10457452
49119100,"Pictures, Designs And Photographs",6410,1508513
49119910,"Scratch card, TV",6,183033
49119990,"Other printed matter, including printed pictures and photographs., NES",48776,85600832
50030000,"Silk waste (including cocoons unsuitable for reeling, yarn waste and garnetted",8600,2034764
50072000,"Woven Fabrics Of Silk, Containing >=85% Silk Or Of Silk Waste",6,4382
51011100,"Greasy Shorn Wool, Not Carded Or Combed",7336,5010100
51012100,"Degreased Shorn Wool, Not Carbonised, Not Carded Or Combed",26,4386
51013000,"Carbonised Wool, Not Carded Or Combed",967,1436450
51040000,Garnetted stock of wool or of fine or coarse animal hair,1491,852286
51061000,"Yarn Of Carded Wool, Not Put Up For Retail Sale, With >=85% Wool",1106,692170
51072000,"Yarn Of Combed Wool, Not Put Up For Retail Sale, With <85% Wool",187,117322
51111900,"Woven Fbrcs.With>=85%Carded Wool Or Of Fine Animal Hair, >300g/M2 Weight",2,1241
51112000,"Woven Fabrics Of Carded Wool, Mixed With Man-Made Filaments",77,48731
51113000,"Woven Fabrics Of Carded Wool, Mixed With Man-Made Staple Fibres",36,22536
51119000,"Other Woven Fabrics Of Carded Wool Or Carded Fine Animal Hair, Nes",820,385421
51121900,"Woven Fabrics With >=85% Combed Wool Or Of Fine Animal Hair, >200g/M2",6,4385
51129000,"Woven Fabrics Of Combed Wool Or Of Combed Fine Animal Hair, Nes",10,6368
52010000,"Cotton, Not Carded Or Combed",132524594,33211848377
52029100,Garnetted Stock Of Cotton,4,3384
52029910,Cotton waste,92,212911
52030000,"Cotton, Carded Or Combed",8,8424
52041100,"Cotton Sewing Thread, With >=85% Cotton, Not Put Up For Retail Sale",560,325900
52041900,"Cotton Sewing Thread, With <85% Cotton, Not Put Up For Retail Sale",1050,536239
52051100,"Uncombed Sin.Cot.Yarn,With>=85%Cot.,Nprs,=>714.29 Decitex (<=14mn).",440,268141
52051200,"Uncom.Sin.Cot.Yarn,With>=85%Cot.Nprs,<714.29de(>14mn)But(>=232.56de)<=43mn",420,265028
52051500,"Uncombed Single Cotton Yarn, With >=85% Cotton, Nprs,<125 Decitex (>80mn)",10,6287
52052100,"Combed Single Cotton Yarn, With >=85% Cotton, Nprs,>=714.29 Decitex(<=14mn",108,68697
52052200,"Combed Sin.Cot.Yarn,With>=85%Cot.,Nprs,<714.29(>14mn)But>=232.56de.(<=43mn",14,8765
52052300,"Com.Sin.Cot.Yarn,With>=85%Cot.,Nprs,<232.56deci(>43mm)But>=192.31de(<=52mn",64,87083
52052400,"Com.Sin.Cot.Yarn,With>=85%Cot.,Nprs,<192.31de.But>=125de>52mn But<=80mn",0,627
52052700,"Com.Sin.Cot.Yarn,With>=85%Cot.Nprs,<106.38de But>=83.33de>94mn But<=120mn",6,3693
52053100,"Mul.Unco.Cabled Cotton Yarn,With >=85% Cot.,Nprs,<=14mn Per Single Yarn",23,14399
52054200,"Combed Cabled Cotton Yarn,With>=85%Cotton,Nprs,>14mn But<=43mn P.Sing.Yarn",662,213534
52054400,"Combed Cabled Cotton Yarn,>=85% Cotton,Nprs,>52mn But<=80mn Pr.Single Yarn",2,1253
52054800,"Combed Cabled Cotton Yarn, With >=85% Cotton, Nprs, >120mn Per Single Yarn",66,31549
52064200,"Combed Cabled Cotton Yarn,<85% Cotton,Nprs,>14mn But<=43mn Per Single Yarn",13,8139
52071000,"Cotton Yarn (Excl. Sewing), Put Up For Retail Sale, With >=85% Cotton",58,72818
52079000,"Cotton Yarn (Excl. Sewing), Put Up For Retail Sale, With <85% Cotton",2972,1404380
52081100,"Unbleached Plain Woven Fabrics Of Cotton With>=85%Cotton, =<100g/M2",3719,2510940
52081200,"Unbleached Plain Woven Fabrics Of Cotton>=85%Cotton,>100g/M2 But<200g/M2",1814,876601
52081900,"Unbleached Woven Cotton Fabrics, Nes, With >=85% Cotton",100,62368
52082100,"Bleached Plain Woven Fabrics Of Cotton With >=85% Cotton, =<100g/M2",135,91409
52082200,"Bleached Plain Woven Fbrcs.Of Cotton With>=85%Cotton,>100g/M2 But<200g/M2",2,1868
52082900,"Bleached Woven Cotton Fabrics, Nes, With >=85% Cotton",575,288048
52083100,"Dyed Plain Cotton Woven Fabrics With >=85% Cotton, =<100g/M2",669,322084
52083200,"Dyed Plain Cotton Woven Fabrics With >=85% Cotton, >100g/M2",16020,6983448
52083300,"Dyed 3 Or 4-Thread Twill (Incl. Cross Twill), With >=85% Cotton",25,15777
52083900,"Dyed Woven Cotton Fabrics, With >=85% Cotton, Nes",26607,11037796
52084100,"Coloured Plain Cotton Woven Fabrics With >=85% Cotton, =<100g/M2",9020,3952506
52084200,"Coloured Plain Cotton Woven Fabrics With >=85% Cotton, >100g/M2",425,262794
52084900,"Coloured Woven Cotton Fabrics, With >=85% Cotton, Nes",46,29310
52085200,"Printed Plain Cotton Woven Fabrics With >=85% Cotton, >100g/M2",4822,2506091
52085900,"Printed Woven Cotton Fabrics, With >=85% Cotton, Nes",59972,30185658
52091100,"Unbleached Plain Cotton Woven Fabrics With >=85% Cotton, >=200g/M2",16,10145
52091900,"Unbleached Cotton Fabrics, With >=85% Cotton, >=200g/M2, Nes",0,1254
52092100,"Bleached Plain Cotton Woven Fabrics With >=85% Cotton, >=200g/M2",6,3883
52092200,"Bleached 3 Or 4-Thread Twill, >=85% Cotton, >=200g/M2",4,2630
52093200,"Dyed 3 Or 4-Thread Twill (Incl. Cross Twill), With >=85% Cotton",78,49334
52093900,"Dyed Woven Cotton Fabrics, With >=85% Cotton, >=200g/M2, Nes",5,3618
52094200,"Denim, With >=85% Cotton, >=200g/M2",3812,1876206
52094900,"Coloured Woven Cotton Fabrics, With >=85% Cotton, >200g/M2",2,1128
52103100,"Dyed Plain Cotton Woven Fabrics With <85% Cotton, =<200g/M2",6,2315
52105100,"Printed Plain Cotton Woven Fabrics With <85% Cotton, =<200g/M2",0,627
52113100,"Dyed Plain Cotton Woven Fabrics With <85% Cotton, >200g/M2",1,752
52113200,"Dyed 3 Or 4-Thread Twill (Incl. Cross Twill) With <85% Cotton, >200g/M2",3,2255
52113900,"Dyed Woven Cotton Fabrics, Nes, With <85% Cotton, >200g/M2",169,91263
52114200,"Coloured Denim, With <85% Cotton, >200g/M2",889,482344
52121400,"Coloured Woven Fabrics Of Cotton, =<200g/M2, Nes",6,3756
53012100,"Flax, Broken Or Scutched, But Not Spun",101300,87410023
53012910,"Flax, Hackled Or Otherwise Processed, But Not Spun",48398,36309619
53031000,"Jute and other textile bast fibres, raw or retted",575,298102
53050090,"Coconut, avaca.... Excl. Coco substrate; coco pellet; growing media",24030,1932615
53071000,Single yarn of jute or of other textile bast fibres of 53.03,0,616
53091900,"Woven Fabrics Of Flax, With >=85% Flax, Printed, Dyed Or Coloured",2,1253
53092900,"Woven Fabrics Of Flax, With <85% Flax, Printed, Dyed Or Coloured",18,10268
53109000,Woven fabrics of jute or other textile bast fibres (excl. unbleached),2228,874793
53110000,Woven fabrics of other vegetable textile fibres; woven fabrics of paper yarn.,5465,2031942
54011000,Sewing Thread Of Synthetic Filaments,6760,3014923
54012000,Sewing Thread Of Artificial Filaments,10,17862
54021900,"Synthetic filament yarn?High tenacity of nylon or other polyamides, Excl.Of ar",12260,4023777
54022000,"High tenacity yarn of polyesters, whether or not textured",304941,60933024
54023100,"Textured Yarn, Of Nylon Or Other Polyamides, =<5tex, Nprs",19,11901
54023300,TEXTURED YARN OF POLYESTER,6757,2513168
54023400,Textured yarn Of polypropylene,10347,3372189
54023900,"Synthetic Textured Yarn, Nes, Nprs",4500,1566899
54024400,"Other yarn, single, untwisted or with a twist not exceeding 50 turns per metre",35378,17624805
54024500,"Other yarn,single,untwisted or with a twist <=50 turns per metre Othr,of nylon",8,5637
54024700,"Other yarn,single,untwisted or with a twist <=50 turns per metre Other, of pol",7080,1616028
54024800,"Other yarn,single,untwisted or with a twist <=50 turns per metre Other, of pol",13,8013
54025100,"Single Yarn Of Nylon Or Other Polyamides, With >50turns/M, Nprs",902,288828
54025200,"Single Yarn Of Polyesters, With >50turns/M, Nprs",9046,2831853
54026200,"Synthetic Multiple Or Cabled Yarn Of Polyesters, Nprs",10000,3110177
54026900,"Synthetic Multiple Or Cabled Yarn, Nes, Nprs",8084,2708608
54033100,"Single Yarn Of Viscose Rayon,Untwisted Or With =<120turns/M, Nprs",112870,26329668
54033200,"Single Yarn Of Viscose Rayon, With >120turns/M, Nprs",25,15085
54033900,"Single Artificial Yarn, Nes, Nprs",4,3109
54034100,"Multiple Or Cabled Yarn Of Viscose Rayon, Nprs",7,5639
54034900,"Multiple Or Cabled Artificial Yarn, Nes, Nprs",2002,1003568
54041100,Monofilament Elastomeric,64002,44319406
54041900,Monofilament Excl. Elastomeric & other of polypropylene,24322,4727442
54049000,OTH. SYNTHETIC MONOFILAMENT OF 67 DECITEX OR MORE... (EXCL. MONOFILAMENT),80,39908
54060000,"Manmade filament yarn (other than sewing thread), put up for retail sale.",1035,266043
54071010,Rejected fabrics generated during manu.of garments or processing of fabrics,11,7390
54071090,"Rejected fabrics generated during manu.of garments or processing of fabrics, nes",25221,11736591
54072000,Woven Fabrics Obtained From Synthetic Strip Or The Like,5689,2324427
54074200,"Dyed Woven Fabrics Of Synthetic Filament Yarn, >=85% Nylon...",15,11399
54075100,"Unbleached Or Bleached Woven Fabrics, >=85% Textured Polyester",34,63881
54075200,"Dyed Woven Fabrics Of Synthetic Filament Yarn, >=85% Textured Polyester",44919,25437283
54075400,"Printed Woven Fabrics Of Synthetic Yarn, >=85% Textured Polyester",54580,30866835
54076100,Other Woven Fabrics Of Synthetic Yarn>=85% Nontextured Polyester Filaments,35053,17925772
54076900,Other Woven Fabrics Of Synth'C Yarn >=85% Textrd/Non-Textrd Polystr Filmnt,260808,134245052
54077200,"Dyed Woven Fabrics, >=85% Synthetic Filaments, Nes",1779645,989437330
54077300,"Coloured Woven Fabrics, >=85% Synthetic Filaments, Nes",3097,2843314
54077400,"Printed Woven Fabrics, >=85% Synthetic Filaments, Nes",61313,37899753
54078200,"Dyed Woven Fabrics, <85% Synthetic Filaments, Mixed With Cotton",129291,64754538
54078300,"Coloured Woven Fabrics, <85% Synthetic Filaments, Mixed With Cotton",314117,157599227
54079200,"Dyed Woven Fabrics <85% Synthetic Filament Yarn, Nes",7715,3847560
55021000,Artificial filament tow of cellulose acetate,937383,718215678
55031100,"Syn.Sta.fibres, not carded,combed or otherwise proce.for spin.Of nylon or othe",31,23901
55031900,"Syn.Sta.fibres,not carded, combed or othrwise pro.for spin.Of nylon or othr po",20,26041
55032000,"Synthetic Staple Fibres, Of Polyesters, Not Carded, Combed Or Processed",8543216,1321584083
55033000,"Acrylic Or Modacrylic Synth. Staple Fibres,Not Carded,Combed Or Processed",50497,17404180
55034000,"Synthetic Staple Fibres,Of Polypropylene,Not Carded,Combed Or Processed",1178734,228314504
55039000,"Syn.Staple Fibres,Not Carded,Combed Or Processed(Exl.Nyl/Polest./Acry./Pp)",11,7514
55041000,"Artificial Staple Fibres,Of Viscose Rayon,Not Carded,Combed Or Processed",1741121,563520001
55049000,"Artificial Staple Fibres, (Excl. Viscose), Not Carded,Combed Or Processed",5619522,2165655157
55061000,"Synt.Staple Fibres,Of Nylon Or Other Polyamides,Carded,Combed Or Processed",33,57675
55062000,"Synthetic Staple Fibres, Of Polyesters, Carded, Combed Or Processed",1748874,275909505
55063000,"Acrylic Or Modacrylic Synthetic Staple Fibres,Carded,Combed Or Processed",0,42569
55081000,Sewing Thread Of Synthetic Staple Fibres,1504,490887
55091100,"Single Yarn, With >=85% Staple Fibres Of Nylon Or Other Polyamides, Nprs",240,150535
55092100,"Single Yarn, With >=85% Polyester Staple Fibres, Nprs",9,5636
55092200,"Multiple Or Cabled Yarn, With >=85% Polyester Staple Fibres, Nprs",1427,659866
55093200,"Multiple Or Cabled Yarn, >=85% Acrylic Or Modacrylic Staple Fibres, Nprs",4,2757
55094200,"Multiple Or Cabled Yarn, With >=85% Synthetic Staple Fibres, Nes, Nprs",449,878927
55095900,"Yarn,<85%Polyester Staple Fibres,Nes,Nprs(Exl.Arti/Wool/Cotton Staplefibre",20,12646
55096100,"Yarn, <85% Acrylic Or Modacrylic Staple Fibres, Mixed With Wool..., Nprs",0,627
55096200,"Yarn, <85% Acrylic Or Modacrylic Staple Fibres, Mixed With Cotton, Nprs",2,1251
55096900,"Yarn, <85%Acrylic Or Modacrylic Staple Fibres, Nes, Nprs(Exl. Wool/Cotton)",231,120085
55099100,"Yarn, Synthetic Staple Fibres, Nes, Mixed With Wool..., Nprs",6,4007
55099200,"Yarn, Synthetic Staple Fibres, Nes, Mixed With Cotton, Nprs",2,1253
55099900,"Yarn, Synthetic Staple Fibres,Nes, Nprs (Exl. Wool/Cotton)",6,3005
55101100,"Single Yarn, With >=85% Artificial Staple Fibres, Nprs",318,199997
55101290,"YARN OF ARTIFICIAL STAPLE FIBRES, .. EXCL. WATER BLOCKING YARN IMP BY VAT REG. OPTICAL F",31,19520
55103010,WATER BLOCKING TAPE IMPORTED BY VAT REGISTERED OPTICAL FIBRE CABLE MANUFACTURING INDU,150,71366
55109000,"Yarn, Artificial Staple Fibres, Nes, Nprs (Exl. Wool/Cotton)",123,66856
55111000,"Yarn, With >=85% Synthetic Staple Fibres, Put Up For Retail Sale",6,3756
55131100,"Plain weave fabrics, <85% polyester fibres + cotton, =<170g/m2 fibres, plain weave",2,1254
55131200,"3-Thread or 4-thread twill, including cross twill ,of polyester staple fibres",1,627
55131900,Other woven fabrics,5,3131
55132300,"Dyed Woven Fabrics, Nes, <85% Polyester Fibres + Cotton, =<170g/M2",13,10142
55134100,"Printed Plain Weave Fabrics, <85% Polyester Fibres + Cotton, =<170g/M2",1,2509
55141900,Other woven fabrics,10994,5505819
55142200,"Dyed 3 Or 4-Thread Twill, <85% Polyester Fibres + Cotton, >170g/M2",3,2100
55142300,"Dyed Woven Fabrics, Nes, <85% Polyester Fibres + Cotton, >170g/M2",415,207916
55151100,Mixed mainly or solely with viscose rayon staple fibres,10437,5226426
55151300,Mixed mainly or solely with wool or fine animal hair:,15,9391
55161100,"Unbleached or bleached woven fabrics, >=85% artificial staple fibres",7,4383
55161400,"Printed Woven Fabrics, >=85% Artificial Staple Fibres",61978,24845155
55162400,"Printed Woven Fabrics, <85% Artificial Fibres, With Man-Made Filaments",40769,18404013
55169100,"Woven fabrics, <85% artificial staple fibres, nes Unbleached or bleached",1240,621152
55169200,"Dyed Woven Fabrics, <85% Artificial Staple Fibres, Nes",2125,1076115
56012100,Cotton Wadding And Articles Thereof,25759,8130211
56012200,Wadding Of Man-Made Fibres And Articles Thereof,96891,96985770
56012900,"Wadding and articles of wadding, nes",937,353946
56013000,Textile Flock And Dust And Mill Neps,19177,7707686
56021000,,188,293960
56022100,"Felt Of Wool Or Fine Animal Hair (Excl. Impregnated, Coated, Etc)",0,6489
56022900,"Felt of textile materials (excl. impregnated, coated, etc) Of other textile materials",31912,9264993
56029000,"Felt, Nes (Exl. Needleloom, Wool, Text Material, Jute, Other Than Jute)",4268,24772044
56031110,"Nonwovens, Of Man-Made Filaments, Weighing <=25g/M2",1114979,329677872
56031190,"Nonwovens, Of Man-Made Filaments, Weighing <=25g/M2",9833,8527458
56031210,"Nonwovens, Of Man-Made Filaments, Weighing >25g/M2 But <=70g/M2",28810,9700999
56031290,"Nonwovens, Of Man-Made Filaments, Weighing >25g/M2 But <=70g/M2",838,775407
56031310,Elastic back ear,17789,19334076
56031390,"Nonwovens, Of Man-Made Filaments, Weighing >70g/M2 But <=150g/M2",16828,4925123
56031400,"Nonwovens, Of Man-Made Filaments, Weighing >150g/M2",13253,4744037
56039100,"Nonwovens, Not Of Man-Made Filaments, Weighing <=25g/M2",0,627
56039210,"Dry web, Weighing more than 25 g/m2 but not more than 70 g/m2",118761,34422233
56039290,"Nonwovens, Not Of Man-Made Filaments, Weighing >25g/M2 But <=70g/M2",35063,12310065
56039300,"Nonwovens, Not Of Man-Made Filaments, Weighing >70g/M2 But <=150g/M2",7,5009
56039400,"Nonwovens, Not Of Man-Made Filaments, Weighing >150g/M2",10973,3201044
56041000,"Rubber Thread And Cord, Textile Covered",642,229005
56049000,"Textile Yarn And Strip, Etc, Impregnated Or Coated",1640,479918
56050090,Other metalized yarn,591,148421
56060000,"Gimped yarn, & strip & the like .... (including flock chenille yarn); loop wale-yarn.",10050,3127459
56072900,"Twine,Cordage,Rope & Cables,Of Sisal,Etc. Of The Genus Agave,Nes,Ex.Binder",9,6014
56074910,"Twine,Cordage,Rope&Cables,Of Polyethylene/Polypropy. For Fishing Trawlers",6,9265
56074990,"Twine, Cordage,Rope & Cables, Of Polyethylene Or Polypropylene, Other",75494,16253758
56075000,"Twine, Cordage, Rope And Cables, Of Synthetic Fibres, Nes",957,1425657
56079000,"Twine, cordage, ropes and cables, whether or not plaited .. with rubber or pla",10274,3311197
56081110,Made Up Fishing Nets For Fishing Trawler,83,50457
56081190,"Other Made Up Fishing Nets, Excl, For Fishing Trawler",8473,1862837
56081910,Knotted netting of man-made textile materials (excl. fishing nets),164,628931
56081990,Knotted netting of man-made textile materials (excl. fishing nets),229,108544
56089000,"Knotted netting of twine, cordage or rope of textile materials, nes",61455,15378898
56090010,"Twine,Cordage,Rope Or Cables For Fishing Trawler And Factory Ships, Nes",87,37934
56090090,"Articles Of Yarn,Strip,Etc,Twine,Cordage, Rope Or Cables, Nes",7108,1701088
57011000,"Carpets And Other Textile Floor Coverings, Of Wool..., Knotted",4,20033
57019000,"Carpets & other textile floor coverings, ...textiles, knotted Of other textile material",8688,1572460
57023100,"Floor Coverings Of Wool..., Of Pile Construction, Not Made Up",0,798
57023200,"Floor Coverings Of Man-Made Textiles, Of Pile Construction Not Made Up",1,626
57023900,"Pile floor coverin....textiles, woven, not made up Of other textile materials, nes",4495,1092851
57024200,"Pile Floor Coverings Of Man-Made Textiles, Woven, Made Up",7377,1589321
57029900,"Non-pile floor coverings of textile materials, ....... up Of other textile materials, ne",212,69755
57031000,Tufted Floor Coverings Of Wool Or Of Fine Animal Hair,34,8346
57032900,Carpet and other textile floor Covering Of nylon or other polyamides : Excluding Turf,956,179562
57033100,Carpet and other textile floor covering ...Of other man-made textile materials :Turf,10263,3056826
57033900,Carpet other textile floor covering ...Of other man-made textile materials : Exl.Turf,2627,738087
57039000,Carpet and other textile floor covering..of other textile materials of jute,87051,14161109
57041000,"Carpet Tiles =<0.3m2, Of Felt, Not Tufted Or Flocked",6096,1555003
57049000,"Floor coverings of felt, not tufted or flocked, nes",22062,4350505
57050000,"Other carpets and other textile floor coverings, whether or not made up.",644652,80809021
58012200,Cut Corduroy Of Cotton,16,9956
58012600,"Chenille Fabrics, Of Cotton",44958,24295916
58013600,"Chenille Fabrics Of Man-Made Fibres, Nes",401708,215181795
58019000,"Floor coverings of felt, not tufted or flocked Of other textile materials nes,",5817,19163664
58023000,Tufted textile fabrics,0,751
58041000,Tulles And Other Net Fabrics,88226,44058531
58042100,"Mechanically Made Of Lace Of Man-Made Fibres In Piece,In Strips/In Motifs",4153,1756932
58042900,"Mechanically Made Of Lace Of Oth.Textiles In Piece,In Strips Or In Motifs",96948,38155168
58043000,"Hand-Made Lace In Pieces, In Strips Or In Motifs",123479,46505710
58061000,Narrow Woven Pile Fabrics And Chenille Fabrics,1667,1722585
58062000,"Narrow Woven Fabrics, Width >=5% Elastomeric Yarn Or Rubber Thread",36821,14047684
58063100,OTHER WOVEN FABRICS OF COTTON,699,473278
58063200,,72883,24948727
58063900,"Narrow Woven Fabrics Of Other Textiles, Nes",53034,13674045
58064000,Fabrics With Warp Without Weft Assembled By An Adhesive (Bolducs),3665,1243660
58071000,"Labels, Badges... Of Textiles, Woven, In Piece..., Not Embroidered",1175,1218646
58079000,"Labels, Badges... Of Textiles, Unwoven, In Piece..., Not Embroidered",5921,1810840
58081000,"Braids, In The Piece",11,63033
58089000,"Ornamental Trimmings In The Piece; Tassels, Pompons, Etc, Nes(Excl.Braids)",272,68154
58090000,"Woven Fabrics Of Metal Thread And Woven Fabrics Of Metallized Yarn, Nes",93,41808
58101000,Embroidery Without Visible Ground,23,175550
58109100,"Cotton Embroidery, In The Piece, In Strips Or In Motifs",1921,1261525
58109200,"Embroidery Of Man-Made Fibres, In The Piece, In Strips Or In Motifs",3,13753
58109900,"Embroidery Of Other Textiles, In The Piece, In Strips Or In Motifs",1614,1413912
58110000,Quilted Tex.Produ.In The Piece(Excl.Embroi.Of 58.10)One Or More Layers Tax,0,627
59011000,Tex.Fab.Coated With Gum/Amyla.. Substances For Other Convers Or Books Etc,10200,4941605
59019000,"Tracing Cloth; Prepared Painting Canvas; Buckram, Etc",57,14718
59021000,Tyre Cord Fabric Of High Tenacity Yarn Of Nylon Or Other Polyamides,218815,82175262
59022000,Tyre Cord Fabric Of High Tenacity Yarn Of Polyesters,702258,87532000
59029000,Tyre Cord Fabric Of High Tenacity Yarn Of Viscose Rayon,29,11899
59031010,Fusing Interlining Mate.(Tex.Mat.For Stiffening Cuffs&Col.With Poly V.Chlo,5154,1468430
59031090,Other Fabrics Impregnated...With Polyvinyl Chloride,212184,63936204
59032010,Fusing Interlining Mat.(Tex.Mat.For Stiffening Cuffs&Col. With Poly Ureth.,526,207285
59032090,Other Textile Fabrics Impregnated....With Polyurethane,125982,39648597
59039010,"Textile fabrics impregnated... with plastics, nes",4120,4440323
59039090,"Textile fabrics impregnated... with plastics, nes",23984,200086716
59061000,Adhesive Tape Of A Width =<20cm,1747,584069
59069100,Knitted Or Crocheted Rubberized Textile Fabrics (Excl. Adhesive Tape),327,126746
59069910,REFLECTIVE TAPE,11961,3019880
59069990,"RUBBERIZED TEXTILE FABRICS EXCLUDING REFLECTIVE TAPE, KNITTED OR CROCHETED & ADHESIVE TA",3297,999210
59090000,"Textile... Tubing, With Or Without Lining, Etc, Of Other Materials",81037,20703956
59100000,"Transmission Or Conveyor Belts Or Belting, Of Textile Material",49258,21856850
59111010,Narrow Fab. Made Of Velvet Impregna. With Rubber For Cover Weaving Spindle,80,14809
59111090,Other,5844,2762133
59112000,Bolting Cloth Whether Or Not Made Up,14707,8328717
59113100,"Textile Fabrics And Felts, For Paper-Making Machines, <650g/M2",1279,14949046
59113200,"Textile Fabrics And Felts, For Paper-Making Machines, >=650g/M2",6830,24791175
59114000,"Straining Cloth Of A Kind Used In Oil Presses, Etc",20730,9571024
59119000,"Textile Articles For Technical Uses, Nes, As Specified In Chapter Note 7",25243,45244893
60011000,"Long Pile Fabrics, Knitted Or Crocheted",63171,35988459
60012100,"Looped Pile Fabrics Of Cotton, Knitted Or Crocheted",2,1253
60012200,"Looped Pile Fabrics Of Man-Made Fibres, Knitted Or Crocheted",5,3006
60012900,"Looped Pile Fabrics Of Textile Materials, Knitted Or Crocheted",77850,38992465
60019100,"Pile Fabrics Of Cotton, Nes, Knitted Or Crocheted",469,295632
60019200,"Pile Fabrics Of Man-Made Fibres, Nes, Knitted Or Crocheted",20778,12288359
60019900,"Pile Fabrics Of Textile Materials, Nes, Knitted Or Crocheted",80918,45762998
60024000,CONTAINING BY WEIGHT 5%OR MORE ELASTOMERIC YARN BUT NOT CONTNG.RUBER THRED,10,6012
60029000,"KNITTED OR CROCHETED FABRICS OF A WIDTH <30CM,CONTAINING BY WEIGHT 5%..NES",46,28929
60032000,KNITTED OR CROCHETED FABRICS OF A WIDTH <30CM.. OF COTTON,27,8294
60033000,"KNITTED OR CROCHETED FABRICS OF A WIDTH <30CM,OF SYNTHETIC FIBRES",0,627
60041000,CONTING. BY WEIGHT 5%OR MORE OF ELASTOMERIC YARN BUT NOT CONT.RUBER THRED,2199,1820213
60049000,"CONTNG.BY WEIGHT 5%OR MORE ELSTMRC.YARN BUT NOT CONTAINING RUBR.THREAD,NES",10,6262
60052100,"WRAP KNIT FABRICS,OF COTTON, UNBLEACHED OR BLEACHED",1,627
60052200,"WRAP KNIT FABRICS OF COTTON,DYED",262,99921
60053700,Of synthetic fibres other dyed,7168,2947487
60053800,Synthetic fibres Other of yarns of different colours,1,626
60054200,"WARP KNIT FABRICS,OF ARTIFICIAL FIBRES DYED",40,25041
60059090,"WARP KNIT FABRICS OF ARTIFICIAL FIBRES, NES",105076,40580518
60062200,OTH.KNITTED OR CROCHETED FABRICS OF COTTON DYED,121,80146
60062300,"OTH.KNITTED OR CROCHETED FABRICS OF COTTON, OF YARNS OF DIFFERENT COLOURS",11,7894
60063100,"OTH.KNITTED OR CROCHETED FABRICS. OF SYNTHETIC FIBRES,UNBLEACHED OR BLEACH",15,8620
60063200,"OTH.KNITTED OR CROCHETED FABRICS OF SYNTHETIC FIBRES,DYED",5172,4505981
60063300,OTH.KNITTED OR CROCHETED FABRICS OF SYNTH. FIBRES OF YARNS OF DIFF.COLOUR,1034,779603
60063400,OTH KNITTED OR CROCHETED FABRICS OF SYNTHETIC FIBRES PRINTED,3,1878
60069000,"OTH.KNITTED OR CROCHETED FABRICS OF ARTIFICIAL FIBRES,NES",73,54872
61012000,"Men'S Or Boys' Over/Car Coats, Etc, Of Cotton, Knitted Or Crocheted",3,37782
61019000,"Men'S Or Boys' Over/Car Coats, Etc, Of Other Textiles,Knitted Or Crocheted",456,172823
61022000,"Woman'S Or Girls' Over/Car Coats, Etc, Of Cotton, Knitted Or Crocheted",4,6890
61023000,"Woman'S Or Girls' Over/Car Coats,Etc,Of Man-Made Fibres,Knitted/Crocheted",0,627
61029000,"Woman'S Or Girls' Over/Car Coats,Etc,Of Other Textiles,Knitted/Crocheted",7,6262
61031000,"Men's or boys' Suits, Excl. Sports out fit for sports shooting",16,274152
61032200,"Men'S Or Boys' Ensembles Of Cotton, Knitted Or Crocheted",1,627
61032900,"Men'S Or Boys' Ensembles Of Other Textiles, Nes, Knitted Or Crocheted",423,261876
61033100,"Men'S Or Boys' Jackets And Blazers Of Wool..., Knitted Or Crocheted",3,6264
61033200,"Men'S Or Boys'Jackets And Blazers Of Cotton, Knitted Or Crocheted",2,8504
61033300,"Men'S Or Boys' Jackets... Of Synthetic Fibres, Knitted Or Crocheted",60,152812
61033900,"Men'S Or Boys' Jackets... Of Other Textiles, Nes, Knitted Or Crocheted",1628,974772
61034100,"Men'S Or Boys' Trousers, Etc, Of Wool..., Knitted Or Crocheted",13,15904
61034200,"Men'S Or Boys' Trousers, Etc, Of Cotton, Knitted Or Crocheted",2340,704550
61034300,"Men'S Or Boys' Trousers, Etc, Of Synthetic Fibres, Knitted Or Crocheted",3297,2144315
61034900,"Men'S Or Boys' Trousers, Etc, Of Other Textiles, Knitted Or Crocheted",1967,861597
61042900,"Women'S Or Girls' Ensembles, Of Other Textiles, Knitted Or Crocheted",3045,980891
61043200,"Women'S Or Girls' Jackets, Of Cotton, Knitted Or Crocheted",2,1882
61043300,"Women'S Or Girls' Jackets, Of Synthetic Fibres, Knitted Or Crocheted",1,627
61043900,"Woman'S Or Girls' Jackets, Of Other Textiles, Knitted Or Crocheted",4,7037
61044100,"Dresses Of Wool Or Fine Animal Hair, Knitted Or Crocheted",1,3757
61044200,"Dresses Of Cotton, Knitted Or Crocheted",7233,3096671
61044300,"Dresses Of Synthetic Fibres, Knitted Or Crocheted",296,223250
61044900,"Dresses Of Other Textile Material, Nes, Knitted Or Crocheted",340,298473
61045200,"Skirts And Divided Skirts Of Cotton, Knitted Or Crocheted",173,77960
61046200,"Women'S Or Girls' Trousers, Etc, Of Cotton, Knitted Or Crocheted",1975,6775716
61046300,"Women'S Or Girls' Trousers, Etc, Of Synthetic, Knitted Or Crocheted",5,13054
61046900,"Women'S Or Girls' Trousers, Etc, Of Other Textile, Knitted Or Crocheted",674,444453
61051000,"Men'S Or Boys' Shirts Of Cotton, Knitted Or Crocheted",171,333668
61052000,"Men'S Or Boys' Shirts Of Man-Made Fibres, Knitted Or Crocheted",462,562233
61059000,"Men'S Or Boys' Shirts Of Other Textiles, Nes, Knitted Or Crocheted",3342,3373652
61061000,"Women'S Or Girls' Blouses, Etc, Of Cotton, Knitted Or Crocheted",53,163708
61062000,"Women'S Or Girls' Blouses, Etc, Of Man-Made Fibres, Knitted Or Crocheted",5,13275
61069000,"Women'S Or Girls' Blouses Etc. Of Other Textiles Nes, Knitted Or Crocheted",5,12524
61071100,"Men'S Or Boys' Underpants And Briefs Of Cotton, Knitted Or Crocheted",5825,3680954
61071200,"Men'S Or Boys' Underpants, Etc, Of Man-Made Fibres, Knitted Or Crocheted",5476,2906542
61071900,"Men'S Or Boys' Underpants Etc. Of Other Textiles Nes, Knitted Or Crocheted",12033,10444750
61072100,"Men'S Or Boys' Night Shirt Pyjamas Of Cotton, Knitted Or Crocheted",282,158043
61072200,"Men'S Or Boys' Night Shirt Pyjamas Of Man-Madefibres, Knitted Or Crocheted",160,29899
61072900,"Men'S Or Boys'Night Shirt Pyjamas Of Other Textiles,Nes,Knitted Or Croched",22,10642
61079100,"Men'S Or Boys' Dressing Gowns, Etc, Of Cotton, Knitted Or Crocheted",2872,2199644
61079900,"Men'S Or Boys' Dressing Gowns, Of Other Textiles,Nes, Knitted Or Crocheted",706,506649
61081900,"Women'S Or Girls' Slips, Etc, Of Other Textiles,Nes, Knitted Or Crocheted",564,343433
61082100,"Women'S Or Girls' Briefs And Panties Of Cotton, Knitted Or Crocheted",4485,1097983
61082200,"Women'S Or Girls' Briefs, Etc, Of Man-Made Fibres, Knitted Or Crocheted",0,1879
61082900,"Women'S Or Girls' Briefs, Etc, Of Other Textiles,Nes, Knitted Or Crocheted",912,542533
61083100,"Women'S Or Girls' Night Dresses, Pyjama Etc, Of Cotton, Knitted Or Croched",8,16841
61083200,"Women'S Or Girls' Pyjamas,Night Dresses Of Man-Made Fibres,Knitted/Croched",5,6388
61083900,"Women'S Or Girls' Night Dresses & Pyjamas Of Other Tex.,Knitted Or Croched",158,104696
61089100,"Women'S Or Girls'Negliges Dressing Gowns..,Of Cotton, Knitted Or Crocheted",3,3757
61089200,"Women'S Or Girls'Negliges Dressing Gowns Of Man-Made Fibre,Knitted/Croch.",0,627
61089900,"Women'S/Girls' Negliges Dressing Gowns.. Of Other Tex.,Nes,Knitted/Croche.",693,617339
61091000,"T-Shirts, Singlets And Other Vests, Of Cotton, Knitted Or Crocheted",18496,13643267
61099000,"T-Shirts, Singlets, Etc, Of Other Textiles, Nes, Knitted Or Crocheted",51379,38856737
61101100,OF WOOL OR FINE ANIMAL HAIR. OF WOOL,8,18322
61101200,OF KASHMIR(CASHMERE)GOATS,0,3750
61101900,"OF WOOL OR FINE ANIMAL HAIR,NES",82,78247
61102000,"JERSEYS, PULLOVERS, CARDIGANS, WAISTCOATS & SIMILAR ART., KNITTED OR CROCHETED OF COT",1038,1700109
61103000,"JERSEYS,PULLOVERS,CARDIGANS,WAISTCOATS.., KNITTED OR CROCHETED OF MAN-MADE FIBRE",572,394312
61109000,"JERSEYS, PULLOVERS, CARDIGANS, WAISTCOATS.. ,KNITTED OR CROCHETED OF OTH. TEXT. MATER",10474,5259517
61112000,"Babies' Garments, Etc, Of Cotton, Knitted Or Crocheted",162,152508
61113000,"Babies' Garments, Etc, Of Synthetic Fibres, Knitted Or Crocheted",0,3256
61119000,"Babies' Garments, Etc,Of Other Textiles Materials,Nes Knitted Or Crocheted",4189,1304395
61121100,"Track-Suits Of Cotton, Knitted Or Crocheted",1186,248920
61121200,"Track-Suits Of Synthetic Fibres, Knitted Or Crocheted",2,1697
61121900,"Track-Suits Of Other Textiles,Nes, Knitted Or Crocheted",2,750
61122000,SKI SUITS,28,3005
61123100,"Men'S Or Boys' Swimwear Of Synthetic Fibres, Knitted Or Crocheted",1,9891
61123900,"MEN'S OR BOY'S SWIMWEAR, OF OTHER TEXTILE MATERIALS",44,17515
61124100,"Women'S Or Girls' Swimwear Of Synthetic Fibres, Knitted Or Crocheted",3,5763
61124900,Women's or girls swimwear of other textile material,6,4997
61130000,"GARMENTS, MADE UP OF KNITTED OR CROCHETED FABRICS OF HEADING 5903,5906 OR 5907",0,626
61142000,"Garments Of Cotton, Knitted Or Crocheted, Nes",0,627
61143000,"Garments Of Man-Made Fibres, Knitted Or Crocheted, Nes",3,4813
61149000,"Garments Of Other Textiles, Knitted Or Crocheted, Nes",559,400755
61151000,"Graduated compression hosiery (for example, stockings for varicose veins)",3,9711
61152900,Other panty hose and tights Of other textile materials,259,166389
61159400,"Panty hose,tights,stockings,sock..., inclu.grad.Comp.hos.Of wool/fine animal h",11,8139
61159500,"Panty hose,tights,stockings,sock..., inclu.grad.Comp.hos.Of Cotton, NES",2263,965717
61159600,"Panty hose,tights,stockings,sock..., inclu.grad.Comp.hos.Of synthetic fibres",250,98039
61159900,"Hosiery And Footwear Without Soles Of Other Tex., Knitted Or Crochete, Nes",10430,3475411
61161000,"IMPREGNATED, COATED OR COVERED WITH PLASTICS OR RUBBER",807,384092
61169200,"Gloves, Mittens And Mitts, Of Cotton, Knitted Or Crocheted",419,130524
61169300,"Gloves, Mittens And Mitts, Of Synthetic Fibres, Knitted Or Crocheted",0,626
61169900,"Gloves, Mittens And Mitts, Of Other Textiles, Knitted Or Crocheted",4660,2276594
61171000,"SHAWLS, SCARVES, MUFFLERS, MANTILLAS, VEILS AND THE LIKE",457,201167
61178090,"Other clothing accessories, knitted or crocheted, nes",423,170119
61179000,"Parts Of Garments Or Clothing Accessories, Knitted Or Crocheted",500,561302
62013000,"overcoat, rain-coat, of cotton",364,141052
62014000,Other Of man-made fibres,10,36294
62019000,"Mens or boys overcoat, car-coats, cloaks excludin Of other textile materials",70044,13821445
62023000,"Womens or girls overcoat , car-coad capes, cloaks, anoraks ...Of cotton",2,2508
62024000,"Womens or girls overcoat , car-coad capes, cloaks, anoraks ...Of man-made fibres",4,7513
62029000,"Woent or gilrs overcoat, raincot car-coat capes, ......Of other textile materials",1658,640607
62031200,Men'S Or Boys' Suits Of Synthetic Fibres,50,135119
62032200,Men'S Or Boys' Ensembles Of Cotton,7,5510
62032300,Men'S Or Boys' Ensembles Of Synthetic Fibres,23,100713
62032900,"Men'S Or Boys' Ensembles Of Other Textiles, Nes",63,295950
62033100,Men'S Or Boys' Jackets And Blazers Of Wool Or Fine Animal Hair,63,106501
62033200,Men'S Or Boys' Jackets And Blazers Of Cotton,555,537709
62033300,Men'S Or Boys' Jackets And Blazers Of Synthetic Fibres,335,264606
62033900,"Men'S Or Boy'S Jackets And Blazers Of Other Textiles,(Exl.Wool,Syn.Fab,Cot",2923,3603919
62034100,"Men'S/Boy'S Bib&Brace Trousers,Breeches,Shorts Of Wool Or Fine Animalhar",12,13152
62034200,"Men'S Or Boys' Bib & Brace Trousers, Breeches, Shorts, Of Cotton",11293,7770190
62034300,"Men'S Or Boys' Bib & Brace Trousers, Breeches & Shorts Of Synthetic Fibres",64069,35655208
62034900,"Men'S Or Boys' Bib&Brace Trousers,Breeches & Shorts Of Other Textiles,Nes",14496,9520650
62041100,Women'S Or Girls' Suits Of Wool Or Fine Animal Hair,127,90468
62041200,Women'S Or Girls' Suits Of Cotton,5759,5855148
62042100,Women'S Or Girls' Ensembles Of Wool Or Fine Animal Hair,2,22417
62042200,Women'S Or Girls' Ensembles Of Cotton,22,21288
62042300,Women's or girls' ensembles of synthetic fibres,294795,220548916
62042900,"Women'S Or Girls' Ensembles Of Other Textiles, (Exl.Wool,Cotton,Syn.Fibre)",51608,31066439
62043200,Women'S Or Girls' Jackets And Blazers Of Cotton,131,66799
62043300,Women'S Or Girls' Jackets And Blazers Of Synthetic Fibres,1930,908728
62043900,"Women'S Or Girls' Jackets&Blazers Of Oth.Tex.,(Exl.Wool,Cotton,Syn.Fibre)",770,335334
62044200,Dresses Of Cotton,23,63319
62044300,Dresses Of Synthetic Fibres,164457,139140308
62044400,Dresses Of Artificial Fibres,1,999
62044900,"Dresses Of Other Textiles, (Exl.Wool,Cotton,Syn./Arti.Fibre)",88683,60857300
62045200,Skirts And Divided Skirts Of Cotton,92,72871
62045300,Skirts And Divided Skirts Of Synthetic Fibres,4,10584
62045900,"Skirts And Divided Skirts Of Other Textiles, (Exl.Wool,Cotton,Syn.Fibre)",9,113853
62046100,"Women'S Or Girls' Trousers, Breeches, Etc, Of Wool Or Fine Animal Hair",65,73370
62046200,"Women'S Or Girls' Trousers, Breeches, Etc, Of Cotton",805,1154614
62046300,"Women'S Or Girls' Trousers, Breeches, Etc, Of Synthetic Fibres",2,5456
62046900,"Women'S/Girl'S Trousers,Breeches,Etc,Of Oth.Tex.,(Exl.Wool,Cotton,Syn.Fib.",888,159234
62052000,Men'S Or Boys' Shirts Of Cotton,17005,8549130
62053000,Men'S Or Boys' Shirts Of Man-Made Fibres,20,61383
62059000,"Men'S Or Boy'S Shirts Of Other Textiles,(Exl.Wool,Cotton,Man Made Fibre)",4541,4540746
62061000,"Women'S Or Girl'S Blouses, Shirts/Blouses Of Silk Or Silk Waste",57,20034
62062000,"Women'S Or Girl'S Blouses, Shirts/Blouses Of Wool Or Fine Animal Hair",4,9494
62063000,"Women'S Or Girls' Blouses, Shirts/Blouses Of Cotton",883,1530740
62064000,"Women'S Or Girl'S Blouses, Shirts/Blouses Of Man-Made Fibres",22,67338
62069000,"Women/Girl'S Blouses,Shirts/Blouses Of Oth.Tex.(Exl.Silk,Wool,Of Man M.Fib",1156,569561
62071100,Men'S Or Boys' Underpants And Briefs Of Cotton,499,295249
62071900,"Men'S Or Boys' Underpants And Briefs Of Textile Materials, (Exl. Cotton)",32,16091
62072100,Men'S Or Boys' Nightshirts And Pyjamas Of Cotton,473,104252
62072900,"Men'S Or Boy'S Nightshirts & Pyjamas Of Tex.Mate.(Exl.Cotton,Man Made Fib.",3250,980555
62079100,"Men'S Or Boys' Singlets,Vests Dressing Gowns, Etc, Of Cotton",5083,8271368
62079900,"Mens/Boy'S Singlets,Vests Dressing Gowns,Etc,Of Oth.Tex.(Exl.Cot.Man M.Fib",825,403228
62081900,"Slips And Petticoats Of Other Textiles, (Exl. Man Made Fibre)",102,19030
62082100,Women'S Or Girls' Nightdresses And Pyjamas Of Cotton,3,4610
62082200,Women'S Or Girls' Nightdresses And Pyjamas Of Man-Made Fibres,2,3130
62082900,"Womens/Girl'S Nightdresses & Pyjamas Of Tex.Mat.(Exl.Cotton, Man Made Fib.",255,157819
62089100,"Women'S Or Girls' Dressing Gowns, Panties, Etc, Of Cotton",5192,2011222
62089900,"Womens/Girl'S Dressing Gowns,Panties,Etc,Of Oth.Tex.(Exl.Cotton Man M.Fib.",22791,12156861
62092000,Babies' Garments And Clothing Accessories Of Cotton,3860,2081725
62093000,Babies' Garments And Clothing Accessories Of Synthetic Fibres,31954,16784819
62099000,"Babies Garments&Clothing Accessories Of Oth.Tex.(Exl.Wool,Cotton,Syn.Fib)",237953,87222253
62101000,"GARMENTS, MADE UP..OF HEAD.5602,5603,5903, 5906 OR 5907 OF FABRICS OF HEAD.5602 OR 5603",1398,396831
62102000,"Garments Of 6201.11 To 19, Made Up Of Fabrics Of 59.03, 59.06 Or59.07",6,18885
62104000,"Men'S Or Boys' Garments Made Up Of Fabrics Of 59.03, 59.06 Or 59.07",65,8700
62105000,"Women'S Or Girls' Garments Made Up Of Fabrics Of 59.03, 59.06 Or 59.07",5,8772
62111100,Men'S Or Boys' Swimwear,287,265725
62111200,Women'S Or Girls' Swimwear,89,66490
62112000,Ski Suits,356,129120
62113200,"Men's or boys' garments of cotton, nes",573,327997
62113300,"Men's or boys' garments of man-made fibres, nes",34,227382
62113900,"Men's or boys' garments of other textiles, nes",324,85104
62114200,"Women's or girls' garments of cotton, nes",1914,1393909
62114300,"Women's or girls' garments of man-made fibres, nes",31,1634431
62114900,"Women's or girls' garments of other textiles, nes",1786,935505
62121000,Brassisres,14150,7324189
62122000,Girdles And Panty-Girdles,509,422427
62129000,"Corsets, Braces, Garters, Suspenders And Similar Articles",11672,4372792
62132000,Handkerchiefs Of Cotton,709,282594
62139000,"Handkerchiefs Of Other Textiles, (Exl. Silk/Silk Waste,Cotton).",189,75566
62141000,"Shawls,Scarves,Mufflers,Mantillas,Veils,& The Like Of Silk Or Silk Waste",1890,788608
62142000,"Shawls,Scarves,Mufflers,Mantillas,Veils & The Like Of Wool/Finearri Hair",1843,849465
62143000,"Shawls,Scarves,Mufflers,Mantillas,Veils,Etc & The Like Of Synthetic Fibres",933,1163631
62144000,"Shawls,Scarves,Mufflers,Mantillas,Veils & The Like Of Artificial Fibre",153,75369
62149000,"Shawls,Scrvs.,Mflrs.,Mntls.,Veils,Etc,Of Oth.Textls.(Exl.Silk/Wool,Syn/Art",115582,44248244
62151000,"Ties, Bow Ties And Cravats Of Silk Or Silk Waste",111,38423
62152000,"Ties, Bow Ties And Cravats Of Man-Made Fibres",17,88188
62159000,"Ties, Bow Ties And Cravats Of Other Textiles,Nes(Excl.Silk Man Made Fibre)",2390,1861044
62160000,"Gloves, Mittens And Mitts",195,976729
62171000,"Clothing Accessories, Nes",16149,11023686
62179000,"Parts Of Garments Or Clothing Accessories, Nes",2611,2544238
63012000,"Blankets (Excl. Electric Blankets) And Travelling Rugs, Of Wool...",13537,7807566
63013000,"Blankets (Excl. Electric Blankets) And Travelling Rugs, Of Cotton",3640,2854632
63014000,"Blankets (Excl. Electric Blankets), Etc, Of Synthetic Fibres",4954,9718460
63019000,"Blankets And Travelling Rugs, Nes",4459,3675510
63021000,"Bed Linen, Knitted Or Crocheted",516,239942
63022100,Printed Bed-Linen Of Cotton (Excl. Knitted Or Crocheted),3769,1658442
63022200,Printed Bed-Linen Of Man-Made Fibres (Excl. Knitted Or Crocheted),0,626
63022900,Printed Bed-Linen Of Other Textiles (Excl. Knitted Or Crocheted),1769,774269
63023100,"Bed Linen Of Cotton (Excl. Printed, Knitted Or Crocheted)",340,240115
63023900,"Bad Linen Of Other Textiles (Excl. Printed, Knitted Or Crocheted)",2755,1381263
63024000,"Table Linen, Knitted Or Crocheted",1099,550656
63025100,Table Linen Of Cotton (Excl. Knitted Or Crocheted),152,85673
63025300,Table Linen Of Man-Made Fibres (Excl. Knitted Or Crocheted),0,626
63025900,"Table Linen Of Other Textiles, Nes (Excl. Knitted Or Crocheted)",10651,4212756
63026000,"Toilet Linen And Kitchen Linen, Of Terry Fabrics, Of Cotton",21005,6037537
63029100,"Linen Of Cotton, Nes",17859,4471104
63029300,"Linen Of Man-Made Fibres, Nes",1,627
63029900,"Linen Of Other Textiles, Nes",3162,1111437
63031200,"Curtains, Etc; Bed Valances Of Synthetic Fibres, Knitted Or Crocheted",670,368672
63031900,"Curtains, Etc; Bed Valances Of Textile Materials, Knitted Or Crocheted",17,17026
63039100,Curtains&Interior Blinds;Curtain/Bed Vlncs.Of Cotton(Exl.Knitted/Crocheted,510,451165
63039200,Curtains&Intror.Blinds;Curtain/Bed Vlncs.Of Synthtc.Fbrs.(Exl.Knitted/Cro.,121,105005
63039900,Curtains&Intror.Blinds;Curtain/Bed Valances Of Oth.Txtls.(Exl.Knitted/Croc,286,204634
63041100,Knitted Or Crocheted Bedspreads,664,304844
63041900,Bedspreads (Excl. Knitted Or Crocheted),257,71741
63042000,Bed nets specified in Subheading Note 1 to this Chapter,517,253057
63049100,"Knitted Or Crocheted Furnishing Articles, Nes",393,172288
63049200,"Furnishing Articles, Nes, Of Cotton (Excl. Knitted Or Crocheted)",281839,124493677
63049300,Furnishing Articles Of Synthetic Fibres (Excl. Knitted Or Crocheted),629,257857
63049900,Furnishing Articles Of Other Textiles (Excl. Knitted Or Crocheted),4974,1955919
63051000,"Sacks And Bags, Used For Packing Goods, Of Jute, Etc",825,396051
63052000,"Sacks And Bags, Used For Packing Goods, Of Cotton",251,107656
63053200,"Flexible Intermediate Bulk Containers, Of Man-Made Textile Materials",9,5573
63053300,"Sacks And Bags,For Packing Goods,Of Polyethylene/Polypropylene Strip Nes",3,1252
63053900,"Sacks And Bags, Used For Packing Goods, Of Man-Made Textile Fibres, Nes",914,344508
63059000,"Sacks And Bags, Used For Packing Goods, Of Other Textiles, Nes",7557,3478071
63061900,"Tarpaulins, Awnings And Sunblinds, Of Other Textiles, Nes",23,14900
63062200,Tents Of Synthetic Fibres,113,53168
63062900,"Tents Of Textiles, (Excl. Cotton Or Synthetic Fibres)",444,159356
63069000,Other camping goods,507,171264
63071000,"Floor-Cloths, Dish-Cloths, Dusters And Similar Cleaning Cloths",13746,5204345
63072000,Life-Jackets And Life-Belts,5086,1485425
63079000,"Made Up Articles (Incl. Dress Patterns), Nes",255779,82837992
63090000,,146586,7522345
63090090,Worn clothing & other worn articles excl. Imported by VAT reg. blanket mfg. Indus.,1042,250080
63101000,"USED OR NEW RAGS, SCRAP TWINE, CORDAGE, ROPE AND CABLES AND WORN OUT ART..,SORTED",0,627
63109000,"USED OR NEW RAGS, SCRAP TWINE, CORDAGE, ROPE AND CABLES AND WORN OUT ART..,EXCL. SORTED",7011,652692
64011000,Waterproof Footwear Incorporating A Protective Metal Toe-Cap...,5340,1123722
64019200,Waterproof Footwear Covering The Ankle But Not The Knee,160,16227
64019900,Waterproof Footwear Nes.,169932,28136132
64021900,"Sport Footwear, Nes, Of Rubber Or Plastics",5,4178
64029900,"Footwear, Nes, Exl. Covering The Ankle, Of Rubber Or Plastics",1073609,335745740
64031200,"Ski-Boots,Snowbrd Boots,With Rubber,Plastics,Leather Soles,& Leather Upper",12,3505
64031900,"Sports Footwear, With Rubber, Plastics, Leather...Soles, Leather Uppers",1006,2220509
64032000,"Footwear With Leather Soles And Straps (Over Instep, Around Big Toe)",107,247388
64034000,"Footwear, With A Metal Toe-Cap, Leather Uppers",25531,11579821
64035900,"Footwear With Leather Soles And Uppers, Not Covering The Ankle",26740,59269464
64039100,"Footwear With Rubber... Soles And Leather Uppers, Covering The Ankle,Nes",6,3383
64039900,"Footwear With Rubber... Soles, Leather Uppers, Not Covering The Ankle",21315,7827821
64041100,"Sports Shoes, Etc, With Rubber Or Plastic Soles And Textile Uppers",5336,2684912
64041900,"Sports Footwear, With Rubber Or Plastic Soles And Textile Uppers",1095,503384
64042000,Footwear With Leather Or Composition Leather Soles And Textile Uppers,126,227986
64051000,"Footwear, Nes, With Leather Or Composition Leather Uppers",134325,49091074
64052000,"Footwear, Nes, With Textile Uppers",9992,4071501
64059000,"Footwear, Nes",92097,29551332
64061000,,405536,140231926
64062000,"Outer soles and heels, of rubber or plastics",734570,203804353
64069000,Other Parts of footwear,181980,53226814
65010000,"Hat-Forms, Hat Bodies And Hoods Of Felt; Plateaux And Manchons Of Felt",58,20028
65020000,"Hat-Shapes, Plaited Or Made By Assembling Strips Of Any Material",49,15507
65040000,"Hats And Other Headgear, Plaited Or Assembled By Strips Of Any Material",45,21515
65050000,"Hats and other headgear, knitted or crocheted, . trimmed; hair-nets of any material, wh",26791,5961971
65061000,Safety Headgear,107098,96453491
65069100,"Hats And Other Headgear, Of Rubber Or Plastics",6659,1410237
65069900,"Hats And Other Headgear, Nes",1433,788266
65070000,"Head-Bands, Linings, Covers, Hat Foundations, Etc, For Headgear",15081,5530094
66011000,Garden Or Similar Umbrellas,37738,4560607
66019100,"Umbrellas And Sun Umbrellas, Having A Telescopic Shaft",440,327364
66019900,"Umbrellas And Sun Umbrellas, Nes",3661,1268597
66020000,"Walking-Sticks, Seat-Sticks, Whips, Riding-Crops And The Like",3300,1850643
66032000,"Umbrella Frames, Including Frames Mounted On Shafts (Sticks)",636917,67652170
66039000,"Parts, Trimmings And Accessories Of Articles Of 66.01 Or 66.02",52380,9531706
67010000,"Skins Of Birds With Feathers Or Down, Feathers, Etc",986,185173
67021000,"Artificial Flowers, Foliage And Fruit And Articles Thereof Of Plastics",67024,25453600
67029000,"Artificial Flowers, Foliage, Etc And Articles Thereof Of Other Materials",75991,28812479
67030000,"Human Hair, Dressed, Etc; Animal Hair And Synthetic Materials For Wigs",2421,2702378
67041100,Complete Wigs Of Synthetic Textile Materials,93,107958
67041900,"False Beards, Eyebrows And Eyelashes, Etc, Of Synthetic Fibres",412,427436
67042000,"Wigs, False Beards, Eyebrows, Etc And Articles, Nes, Of Human Hair",33,244834
67049000,"Wigs,False Beards,Eyebrows,Etc Of Animal Hair Or Text,Material",1216,725667
68021010,"Tiles, Cubes...; artificially coloured granules, chippings and powder",3,2224
68021090,"Tiles, Cubes...; Artificially Coloured Granules..., For Mosaics",250,33568
68022100,"Marble, Travertine, Alabaster, Cut/Sawn, With Flat/Even Surface",52558,3946091
68022990,Silex/lining/abrasive/polishing disc imported by other than VAT regi.ceramic prod,1926,144695
68029100,"Marble, Travertine And Alabaster, Worked",44651,3252424
68029300,Worked Granite,78200,5385474
68029900,"Monumental/Building Stone, Nes, Worked",1573618,8225500
68030000,Worked Slate And Articles Of Slate Or Of Agglomerated Slate,7618,686650
68041000,"Millstones And Grindstones For Milling, Grinding Or Pulping",56129,39803139
68042100,"Millstones, etc, of agglomerated synthetic or natural diamond",23271,14210894
68042200,"Millstones, etc, of other agglomerated abrasives or of ceramics",560621,187751435
68042300,"Millstones, etc, of natural stone",10265,3348742
68043000,Hand Sharpening Or Polishing Stones,57400,8642719
68051000,"NATURAL OR ARTIFICIAL ABRASIVE POWDER OR GRAIN..,ON A BASE OF WOVEN TEXTILE FABRIC ON",51246,38616984
68052000,"Natural Or Artificial Abrasive Powder/Grain, On Paper/Paperboard",107420,66452839
68053000,"Natural Or Artificial Abrasive Powder/Grain, On A Base Of Materials, Nes",84112,55367786
68061000,"Slag Wool, Rock Wool, Etc (Incl. Intermixtures) In Bulk, Sheets Or Rolls",243323,42521215
68062000,"Exfoliated Vermiculite, Expanded Clays, Etc (Incl. Intermixtures)",400,87643
68069000,"OTH. WOOL,EXCL.SLAG WOOL,ROCK WOOLAND SIMILAR, EXFOLIATED VERMICULITE, EXPANDED CLAYS..",136387,21004809
68071000,"Articles Of Asphalt Or Of Similar Material, In Rolls",3487,327437
68080000,"Panels, Boards..., Of Wood Waste, Etc, Agglomerated With Cement, Etc",210442,19210242
68091900,"Boards..., Of Plaster Or Compositions Based On Plaster, Nes",59507,4776694
68099000,"Articles Of Plaster Or Compositions Based On Plaster, Nes",45592,6127490
68101910,Railway Sleepers,1462620,36664968
68109900,"Articles Of Cement, Concrete Or Artificial Stone, Nes",6830,566498
68118200,"Arti.of asbestos-cement, of cellu...Not cont.asbestos.Ottr sheets, panels, tile",1,1253
68118900,"Arti of asb..Not containing asbestos, NES Other articles",21,4823
68129100,"Clothing, clothing accessories, footwear and headgear, Excl. Of crocodile",762,151430
68129900,Fabricated asbestos fibres;mixtures with a basis of asbestos or with a basis of,29472,2257188
68132010,Friction material and articles containing asbestos Unfinished,1954,489391
68132090,Friction material ans articles Exlcuding unfinished,73583,24893381
68138100,Friction material and articles thereof ..not Containing asbestos Brake linings,174785,39787945
68138900,Friction material and articles thereof ..not Containing asbestos Excl. Brake l,1383,670251
68141000,"Plates, Sheets And Strips Of Agglomerated Or Reconstituted Mica",40,37561
68149000,"Worked Mica And Articles Of Mica, Nes",2635,1762875
68151100,Articles of stone or of other mineral substance ...Carbon fibres,253,405020
68151200,Articles of stone or of other mineral substance ...Fabrics of carbon fibres,475,325732
68151900,Articles of stone or of other mineral substance .. NES,261,1201845
68159900,"Articles Of Stone Or Other Mineral Substances, Nes",7835,1380702
69021000,"Refractory Bricks, Blocks, Tiles..., >50% Mgo, Cao, Cr2o3",963230,174730250
69022000,"Refractory Bricks, Blocks..., >50% Silica (Sio3) Or Alumina (Al2o3)",555471,104170073
69029000,"Refractory Bricks, Blocks, Tiles, Etc, Nes",27870,7699023
69031010,"Laboratory Articles, Weight >50% Of Graphite Or Other Carbon Or Of A Mix..",493,21731858
69031090,"Other Refactory Ceramic Goods,Nes,>50% Of Graphite (Excl.Lab.Articles)....",15548,7778538
69032020,Ceramic roller and alumina ball,505974,76636876
69032090,"Refactory Ceramic Goods,Nes,>50% Of Alumina(Al203) Or Silica(Ex.Lab.Articl",107793,51366669
69039010,Ceramic Ingot Moulds,1639,8838948
69039020,Kiln furniture,17459,10492840
69039090,"Refactory Ceramic Goods, Nes",9563,5088425
69051000,Ceramic Roofing Tiles,336090,6326991
69059000,"Ceramic Chimney-Pots... And Ceramic Constructional Goods,Nes",12,2945
69060000,"Ceramic Pipes, Conduits, Guttering And Pipe Fittings",521,249678
69072100,Of a water absorption coefficient by weight not exceeding 0.5 %,133460,4877246
69074000,Finishing ceramics,5543747,232947444
69091100,"Ceramic Wares For Laboratory... Use, Of Porcelain Or China",162,517449
69091910,Ceramic Wares For Lab.Use(Excl.Porcelain Or China)Having A Hardness <9mohs,4742,1128053
69091990,Ceramic Wares For Lab.Use(Excl.Porcelain Or China)Having A Hardness <9mohs,602,449568
69099000,"Ceramic (Agricultural) Troughs, Tubs...; Ceramic Pot, Jars..., Nes",55,175871
69101000,"Ceramic Sinks... And Other Sanitary Fixtures, Of Porcelain Or China",775829,70454230
69109000,"Ceramic Sinks, Wash Basins, Baths... And Other Sanitary Fixtures, Nes",314293,30345995
69111000,"Tableware And Kitchenware, Of Porcelain Or China",804,356580
69119000,"Household And Toilet Articles, Nes, Of Porcelain Or China",1246,473884
69120000,Ceramic Tableware... Other Household Articles (Excl. Porcelain Or China),2134,898447
69131000,Statuettes And Other Ornamental Articles Of Porcelain Or China,9458,1893202
69141000,"Ceramic Articles, Nes, Of Porcelain Or China",412,61994
69149000,"Ceramic Articles, Nes (Excl. Porcelain Or China)",1149,812791
70010000,Cullet And Other Waste And Scrap Of Glass; Glass In The Mass,598670,15088158
70021000,"Balls Of Glass, Unworked",854,80757
70023110,Neutral Glass Tubes For The Manufacture Of Ampoules And Vials,64416,8130359
70023190,Tubes Of Fused Quartz Or Other Fused Silica (Excl.Neutral Glass Tubes),294,182840
70023910,Neutral Glass Tubes For The Manufacture Of Ampoules And Vials,242578,52756253
70023990,"Tubes Of Glass, Unworked, Nes",23940,3866063
70031200,"Nonwired Unworked Sheets Cast/Rolled Glass,Coloured,Opacified,Flashed Or..",73366,2390102
70031900,"Non-Wired Unworked Sheets Of Cast/Rolled Glass, Nes",390972,11415081
70049000,"Unworked Drawn/Blown Glass (Excl. Coloured, Opacified, Etc)",196292,8493423
70051000,"Nonwired Unworked Sheets Of Float/Ground/Polished Glass,Wth Absorbnt Layer",51500,2495070
70052100,"Non-Wired Unworked Sheets Of Float/Ground/Polished Glass, Coloured...",219340,10377478
70052910,Ultra clear glass imported by VAT registered refrigerator or freezer manf. ind.,1241703,51539834
70052990,Excl. Ultra clear glass imported by VAT registered refrigerator or freezer manf. ind.,344383,13307094
70060000,"Glass Of 70.03, 70.04 Or 70.05, Bent, Edge-Worked, Engraved, Etc",87503,10194885
70071100,"Toughened (tempered) safety glass for use in v..., aircraft, spacecraft or vessels:",295011,68075528
70071910,UL Marked Glass,188,42012
70071990,"Toughened (Tempered) Safety Glass, Nes",1595248,340478825
70072100,"Laminated safety glass for vehicles, aircraft, etc ...., aircraft, spacecraft or vessels",315413,73507072
70072900,"Laminated Safety Glass, Nes",43369,8812058
70080000,Multiple-Walled Insulating Units Of Glass,164911,28886139
70091000,"Rear-View Mirrors For Vehicles, Of Glass",99398,42717057
70099110,"Unframed Glass Mirrors, Spherical And Cylindrical Only For Lab Use",1,171
70099190,Unframed Glass Mirrors (Excl.Spherical & Cylinderical Only For Lab Use),276556,20837688
70099210,"Framed Glass Mirrors,Spherical & Cylindrical Only For Laboratory Use",8,8795
70099290,Framed Glass Mirrors (Excl. Spherical & Cylindrical Only For Lab.Use),23641,3427116
70101000,Glass Ampoules,8518,8350154
70102000,"Stoppers, Lids And Other Closures Of Glass",419614,80164418
70109000,"Carboys, bottles, flasks, jars, pots...nes, excl.jar of glass, glass bottles, jar",1628198,269995492
70112000,"Open Glass Envelopes (Incl. Bulbs And Tubes), For Cathode-Ray Tubes",48,24037
70119000,"Open Glass Envelopes (Incl. Bulbs And Tubes), Nes",6,4045
70131000,"Glass-Ceramic Objects, Used For Table, Kitchen..., Nes",438,417906
70132800,Glassware...Stemware drinking glasses other than of glass-ceramics Excl. of lea,2548,1689361
70133700,"Glassware..Other drinking glasses, other than of glass ceramics Excl. Of lead",57409,18185012
70134900,Glassware ...(othr than dri.glasses) or kit.purposes other than of glass-cerami,65732,20627003
70139100,"Glassware For Toilet, Office, Indoor Decorations, Etc, Of Lead Crystal",620,194066
70139910,"Glassware For Toilet, Office, Indoor Decorations, Etc, Nes",22230,6958482
70139990,"Glassware For Toilet, Office, Indoor Decorations, Etc, Nes",24658,6308365
70151000,"Glasses For Corrective Spectacles, Not Optically Worked",389,193239
70169000,"Paving Blocks... Of Glass, For Building Or Construction Purposes, Nes",381901,28578903
70171000,"Laboratory, Hygienic Or Pharmaceutical Glassware, Of Fused Quartz...",10,340753
70172000,"Laboratory, Hygienic Or Pharmaceutical Glassware, Lce =<5x10-6/K",10,1234115
70179000,"Laboratory, Hygienic Or Pharmaceutical Glassware, Nes",41398,7479746
70181000,"Glass Smallware (Incl. Beads, Imitation Pearls/Stones, Etc)",554548,125412799
70182000,Glass Microspheres =<1mm In Diameter,1001,251129
70189000,"Glass Statuettes And Other Ornaments Of Lamp-Worked Glass, Nes",367,165677
70191100,"Chopped Strands Of Glass Fibres, Of A Length <= 50 Mm",36,13354
70191200,Rovings Of Glass Fibres,68494,10289983
70191500,Chemically bonded mats,57900,7249197
70191900,"OTH. YARN AND STRANDS, EXCL.(CHOPPED STRANDS, OF A LENGTH OF NOT >50MM, ROVINGS)",9874,1415781
70196190,Closed woven fabrics of roving,24305,3172539
70196990,Other,320,1104098
70197110,Glass fiber in sheet form imp. by Ind.IRC VAT compliant,16534,6174793
70197190,Chemically bonded fabrics : Veils (thin sheets)(Excl Glass Fib..),36698,6652987
70197300,Other open fabrics,9,540527
70198000,Glass wool and articles of glass wool,349757,43590151
70199010,ARTICLES OF GLASS FIBRE,3521,920662
70199090,"GLASS FIBRES (INCL. GLASS WOOL) AND ARTICLES THEREOF (EG WOVEN FABRICS), NES",20616,19298347
70200010,"Other articles of glass, Glass inners for vacuum flasks or for other vacuum ves",86111,23328230
70200090,"Other articles of glass, Excl. Glass inners for vacuum flasks or for other vac",1677,6236134
71031000,"Precious (Excl. Diamonds) Or Semi-Precious Stones, Unworked",2290,1058319
71039900,"Precious Or Semi-Precious Stones, Worked But Not Set..., Nes",2,2357
71049900,Other Excluding Diamond,0,12895
71090000,"Base Metals Or Silver, Clad With Gold, Up To Semi-Manufactured",1,751
71131900,Articles Of Jewellery And Parts Thereof Of Precious Metal (Excl. Silver),459,204429
71132000,Articles Of Jewellery... Of Base Metal Clad With Precious Metal,2716,1338848
71159000,"OTH. ARTICLES OF PRECIOUS METAL OR OF.., EXCL. CATALYSTS IN THE FORM OF WIRE CLOTH..",658,123601
71161000,Articles Of Natural Or Cultured Pearls,0,1003
71162000,Articles Of Precious Or Semi-Precious Stones (Excl. Pearls),41,30359
71171100,Cuff-Links And Studs Of Base Metal (Incl. Plated),2,16294
71171900,"Imitation Jewellery Of Base Metal (Incl. Plated), Nes",307912,192927197
71179000,Imitation Jewellery (Excl. Of Base Metal),28718,17632120
72011000,"Non-Alloy Pig Iron Containing, =<0.5% Phosphorus, In Pigs, Blocks",310073,24149241
72022100,"Ferro-Silicon, Containing By Weight >55% Silicon",564000,92638600
72022900,"Ferro-Silicon, Containing By Weight =<55% Silicon",1000,380602
72023000,Ferro-Silico-Manganese,2301199,313962010
72029900,"Ferro-Alloys, Nes",12800,5422553
72031000,"Ferrous Products Obtained By Direct Reduction Of Iron Ore, In Lumps...",27220460,1339077976
72041000,Waste and scrap of cast iron,410905,22126613
72043000,Waste and scrap of tinned iron or steel,2745123,135190384
72044900,"Ferrous waste and scrap, nes",413242892,20570391009
72051000,"Granules, Of Pig Iron, Spiegelelsen, Iron Or Steel",81001,9506143
72052100,Powders Of Alloy Steel,2000,1030620
72081000,,2957086,238686414
72082500,,367615,26173868
72082600,,543335,38965953
72082700,Flat/hot-rolled iron/steel of a thickness of less than 3 mm,1741342,131567543
72083600,,2146760,136330415
72083700,,11102105,687118958
72083800,,11019673,672580627
72083900,Of a thickness of less than 3 mm,93123791,5785476640
72084000,"Not in coils, not further worked than hot rolled, with patterns in relief",582240,44881065
72085100,,3533223,263067802
72085200,,3176916,218306856
72085300,,327731,29607707
72085400,,3401438,243203640
72089000,Other,81865,7338638
72091500,"Flat/Cold-Rolled Iron/Steel, In Coils, Width >=600mm, >=3mm Thick",9090,756837
72091610,COLD ROLLED STEEL SHEET..Of a thickness exceeding 1 mm but less than 3 mm,135480,13569671
72091690,"Flat/Cold-Rolled Iron/Steel, In Coils, Width >=600mm, >1mm But <3mm Thick",840391,81920041
72091710,"Flat/Coldrolled Iron/Steel,In Coils,Width >=600mm, >=0.5mm But <=1mm Thick",60190,6029638
72091790,"Flat/Coldrolled Iron/Steel,In Coils,Width >=600mm, >=0.5mm But <=1mm Thick",2782185,220955838
72091800,Flat roll Prod. in coil not Fut. work.. Cold roll thickness <.5mm,5362,909230
72092600,"Flat/Cold-Rolled Iron/Steel,Not In Coils,Width>=600mm, >1mm But<3mm Thick",107537,11098220
72092700,"Flat/Coldrolled Iron/Steel,Not In Coils,Wid>=600mm,>=0.5mm But <=1mm Thick",168006,13673979
72099000,"Flat/Coldrolled Iron/Non-Alloy Steel,Wid>=600mm,Not Clad,Plated/Coated Nes",90,15651
72101100,"Flatrolled Iron/Steel, Width>=600mm, >= 0.5mm Thick,Clad,Plated...With Tin",13,8139
72101200,"Flat-Rolled Iron/Steel, Width >=600mm, <0.5mm Thick, Plated... With Tin",2670626,359806535
72103000,Electrolytically plated or coated with zinc,21484,1873437
72104100,"Flatrolld Iron/Steel,Wid.>=600mm,Plated Wth Zinc(Exc.Electroplatd)Corrugtd",540,87892
72104910,Flat rolled prod. of a thickness => 0.4 mm Imp.VAT reg. Refri. & Pre. Fab.bu.Industry,12528968,989672734
72104990,"Flat rolled products, NES",3434323,287102817
72106110,Of a thickness of 0.25mm or more Imp by Ind.IRC VAT Compliant cont. color coating lin,1202335,163686538
72106120,PLATED OR COATED WITH ALU.ZINC ALLOYS Of a thickness of 1.0 mm or more,18585,2513267
72106190,"Ro.Iron/Steel,..Excl. thi.=< 0.4 mm imp.by reg. & pre-fabr. building mfg industry",65,32555
72106920,PLATED OR COATED WITH ALUMNIUM Of a thickness of 1.0 mm or more,28629,2743748
72107010,Of a thickness of 0.3 mm or more,1905942,267966830
72107020,"Painted, varnished or coated with plastics a Of a thickness of 1.0 mm or more",36784,3314563
72107030,"Painted, varnished or coated with plastics Of a thickness of more than 1.0 mm",1691,317691
72107091,"Other painted, varnished or coated with plastics",3800,618497
72107099,"Other painted, varnished or coated with plastics",682969,64861872
72109000,"Rolled Iron/Steel, Width >=600mm, Otherwise Clad,Plated Or Coated Nes",111005,14468374
72111900,"Flat/Hotrolled Iron/Nonalloy Steel,Width<600mm,<4.75mm Thick,Not Clad..Nes",185412,20406796
72112300,"Flat/Cold-Rolled Iron/Steel,Width <600mm, Contng.By Weight < 0.25% Carbon",202387,17184835
72112990,Width Upto 6mm (Excl. Reed Frame Steel Strips),253577,32460344
72119000,"Flatrolled Iron/Nonalloy Steel,Wid<600mm,Nes(Inc.Furthr Worked Than Rolled",552219,65520475
72121000,"Flatrolled Iron/Nonalloy Steel,Width <600mm, Plated Or Coated With Tin",788,145873
72122000,Electorlytically plated or coated.. Imp by VAT Reg.Refri and air cond manu. indus.,1951089,210840337
72122090,Electrolytically plated or coated with zinc other than imp by ind IRC holder VAT...,10605,934829
72123000,"Flatrolled Iron/Steel,Width<600mm,Zinc Plated/Coated (Excl.Electro-Plated)",15797439,1216767931
72124091,"Other flat-rolled products ..width < 600 mm Painted, varnished or coated with pla",84250,14557776
72124099,"Other flat-rolled products ..width < 600 mm Painted, varnished or coated with pla",2428773,245845033
72125090,Excl. Steel plate imp.by VAT reg. refrigerator manf. industry,900,225452
72132000,"Hot-rolled bars & rods of free-cutting steel, in coils",30,159778
72139110,Wire rod,14906,1644279
72139190,Other of circular cross section measuring less than 14 mm in diameter,7638827,508725287
72139990,"Hot-rolled iron or non-alloy steel bars & rods, in irregularly wound coils, nes",2057,1175342
72141000,"Iron or non-alloy steel bars and rods, forged,",102000,5096577
72143000,"Bars and rods of free-cutting steel, hot-rolled,hot-drawn or hot-extruded...., nes",192777,9781147
72149100,,1500,372363
72149900,"Iron/steel bars and rods, hot-rolled, hot-drawn or hot extruded, nes",1288,134235
72155000,"Bars and rods of iron/steel, not further worked than cold-formed or cold-finished",952,119494
72159000,"Bars and rods of iron/steel, nes (incl. further worked than cold-formed/cold finished",1051408,72334921
72162100,"L Sections Of Iron/Steel, Hot-Rolled..., <80mm High",0,3274
72162200,"T Sections Of Iron/Steel, Hot-Rolled..., <80mm High",126186,12977781
72163100,"U Sections Of Iron/Steel, Hot-Rolled..., >=80mm High",6800,1432777
72163200,"I Sections Of Iron/Steel, Hot-Rolled..., >=80mm High",2141,271956
72163300,"H Sections Of Iron/Steel, Hot-Rolled..., >=80mm High",200589,21125746
72164000,"L Or T Sections Of Iron/Steel, Hot-Rolled..., >=80mm High",834794,82374259
72165000,"Angles/Shapes/Sections Of Iron/Steel,Not Furthr Worked Than Hot-Rolled Nes",99136,14881570
72166900,"Angles,Shapes..Of Iron/Steel,Not Further Worked Thn Coldformd/Finished Nes",9293,1523537
72169900,"Angles, Shapes And Sections Of Iron Or Non-Alloy Steel, Nes",448959,56460288
72171000,"Wire Of Iron/Non-Alloy Steel,Not Plated/Coated,Whether Or Not Polished",1142809,123010838
72172000,"Wire Of Iron Or Non-Alloy Steel,Plated Or Coated With Zinc",152085,22535104
72173000,"Wire Of Iron/Non-Alloy Steel,Plated Or Coated With Base Metals (Excl.Zinc)",161019,24403428
72179000,"Wire Of Iron Or Non-Alloy Steel, Nes",52199,8292483
72179090,"Wire Of Iron Or Non-Alloy Steel, Nes",750,190981
72191400,"Hot-Rolled Stainless Steel, In Coils, >=600mm By <3mm",74814,11177584
72192100,"Hot-Rolled Stainless Steel, Uncoiled, >=600mm By >10mm",5856,1162505
72192200,"Hot-Rolled Stainless Steel, Uncoiled, >=600mm By 4.75-10mm",63984,11386330
72192300,"Hot-Rolled Stainless Steel, Uncoiled, >=600mm By 3-4.75mm",150443,22368866
72192400,"Hot-Rolled Stainless Steel, Uncoiled, >=600mm By <3mm",1359,512156
72193100,"Cold-Rolled Stainless Steel, Uncoiled, >=600mm By >4.75mm",2810,506080
72193200,"Cold-Rolled Stainless Steel, Uncoiled, >=600mm By 3-4.75mm",58669,9055660
72193300,"Cold-Rolled Stainless Steel, Uncoiled, >=600mm By 1-3mm",3007469,451102243
72193400,"Cold-Rolled Stainless Steel, Uncoiled, >=600mm By 0.5-1mm",4476181,667516127
72193500,"Cold-Rolled Stainless Steel, Uncoiled, >=600mm By <0.5mm",446726,66506325
72199000,"Rolled Products Of Stainless Steel, >=600mm Wide, Nes",193472,33312843
72202010,"Cold-Rolled Stainless Steel,<600mm Wide, Thickness Less Than 0.125mm",25213,19207763
72202090,Not Further Worked Than Cold-Rolled(Cold-Reduced)Excl.Thickness <0.125 Mm,698430,111430984
72209000,"Rolled products stainless steel, <600mm wide, nes",24983,5378385
72210000,"Stainless Steel Bars & Rods, Hot-Rolled, In Irregularly Wound Coils",1080,315513
72221100,"Stainlss Steel Bars/Rods,Not Furthr Workd Than Hotrolld,Circular X-Section",765,1055467
72221900,"Stainlss Steel Bars/Rods,Not Furthr Workd Than Hotrolld,Not Circ.X-Section",60,30051
72222000,"Stainless Steel Bars & Rods, Cold-Formed/Finished",160247,25891051
72223000,"Stainless Steel Bars And Rods, Nes",10222,2410569
72224000,"Angles, Shapes And Sections Of Stainless Steel",1319324,234972175
72230000,Wire Of Stainless Steel,107409,25563457
72251100,"Flat-Rolled Products Of Silicon-Electric.Steel,>=600mm Wide,Grain-Oriented",1028792,307890965
72251900,"Flatrolled Prods Of Siliconelectric.Steel,>=600mm Wide,(Excl.Grainoriented",1416633,182336385
72254000,,7348,2253875
72259200,"Flat-Rolled Alloy Steel,>=600mm Wide,Zinc Plated/Coated(Excl.Electroplated",410015,63026784
72259900,"Flat-Rolled Products Of Alloy Steel, >=600mm Wide, Nes",11659,2244145
72269200,"Flatrolled Prods Alloy Steel,Not Furthr Workd Than Coldrolld,<600mm Wd Nes",80825,9613350
72272000,"Bars And Rods, Hot-Rolled, In Coils, Of Silico-Manganese Steel",241115,30014604
72279010,"Bars and rods, hot-rolled, in irregularly wound coils, of other alloy steel...M.S. shaft",5578,1010395
72279090,Excl. M.S. rod/shaft imp.by VAT reg. electric fan or water pump motor manuf. Ind.,397043,25905352
72281000,"Bars And Rods, Of High-Speed Steel",4250,3953940
72284000,Bars And Rods Of Alloy Steel Not Further Worked Than Fooged,13974,2689740
72286000,"Bars And Rods Of Alloy Steel, Nes",428280,38839453
72287000,"Angles, Shapes And Sections Of Alloy Steel",5221721,519952028
72299000,"Wire Of Alloy Steel, Nes",86133,16095053
73011000,Sheet Piling Of Iron Or Steel,996120,101911556
73012000,"Angles, Shapes And Sections Of Iron Or Steel",6305,1663486
73021000,Railway Rails Of Iron Or Steel,2425299,474424665
73024000,Railway Fish Plates And Sole Plates Of Iron Or Steel,4000,840010
73029000,"Railway Track Construction Material Of Iron Or Steel, Etc, Nes",41546,9723733
73030000,"Tubes, Pipes And Hollow Profiles, Of Cast Iron",145576,24471807
73041110,"Line pipe of a kind used for oil or gas pipelines : Of stainless steel, Exceed",107094,17454354
73041120,"Line pipe of a kind used for oil or gas pipelines : Of stainless steel, 8 inch",132438,32962891
73041910,"Line pipe of a kind used for oil or gas pipelines:Excl.Of stainless steel, Exc",10093,1734879
73041920,"Line pipe of a kind used for oil or gas pipelines:Excl.Of stainless steel, 8 in",321512,52698474
73042210,"Casing, tubing and drill pipe..Drill pipe of stainless steel Exceeding 8 inch d",2,992
73042220,"Casing, tubing and drill pipe..Drill pipe of stainless steel 8 inch dia or less",20000,3256532
73042410,"Casing, tubing and drill pipe..Other, of stainless steel , Exceeding 8 inch di",11730,2533121
73042420,"Casing, tubing and drill pipe..Other, of stainless steel , 8 inch dia or less",53951,20097806
73042920,"Seamless Iron/Steel Casing..(Ex.Drill Pipe),<=8"" Dia,Used In Oil/Gas Drill",7266,1187793
73043100,"Seamless Iron/Steel Tubes/Pipes/Profiles, Circular, Cold-Drawn/Rolled",34348,5590593
73043900,Other Circular cross section of iron or non alloy steel (Excl cold drawn or cold rol),771864,144634743
73044190,"Capillary Tube (Excl.16 Bwg To 29 Bwg), Of S.Steel, Circular Cross Section",1262,738728
73044990,"Other Tubes,Pipes,Profiles,Circular,Nes(Excl.Capillary Tube Of 16 Bwg To..",12731,7673670
73045100,"Seamless Alloy Tubes/Pipes/Profiles, Cold-Drawn/Rolled",708,2398239
73045900,"Seamless Alloy Tubes/Pipes/Profiles, Nes",20,32587
73049000,Seamless Iron/Steel Tubes/Pipes/Profiles Of Non-Circular X-Section,470831,79951752
73053100,Longitudinally welded,613006,360444129
73059000,"Iron/steel tubes, riveted, >406.4mm external diameter",6,3005
73061110,"Line pipe of a kind used for oil/gas pipelines:Welded, of stainless steel Excee",107131,17437255
73061120,"Line pipe of a kind used for oil/gas pipelines:Welded, of stainless steel, 8 in",158216,26054860
73061910,"Line pipe of a kind used for oil/gas pipelines:Excl. Wel, of stainless steel Ex",21040,3144648
73061920,"Line pipe of a kind used for oil/gas pipelines:Excl.Welded,of stainless steel,",65459,10921475
73062920,"Casing and tubing of a kind used in the dril for oil/gas,Excl.Weld.,of s.less s",19394,3139572
73063000,"Other, welded, of circular cross-section of iron or non-alloy steel",60530,15299641
73064000,"Other, welded, of circular cross-section, of stainless steel",1683,982679
73065000,"Other, welded, of circular cross-section, of other alloy steel",14981,2350164
73066100,"Othr,weld, of non-circu.cr.section Of square or rec.cross-sec., NES",18434,3005414
73069000,"Tubes, pipes and hollow profiles, riveted, of iron or steel, nes",375442,130356160
73071100,Cast Tube Or Pipe Fittings Of Non-Malleable Cast Iron,999,247694
73071900,"Cast Tube Or Pipe Fittings Of Iron,Oth.Than Non-Malleable Steel",260884,53335984
73072100,Flanges Of Stainless Steel,12218,10793978
73072200,"Threaded Elbows, Bends And Sleeves Of Stainless Steel",48530,18944000
73072300,Butt Welding Fittings (Excl. Elbows And Bends) Of Stainless Steel,1189,1720996
73072900,"Tube Or Pipe Fittings Of Stainless Steel, Nes",58002,25224927
73079100,Flanges Of Iron Or Steel (Excl. Stainless),5534,3624129
73079210,Sleeves,1861,3011148
73079290,"Threaded Elbows, Bends And Sleeves Of Iron Or Steel (Excl. Stainless)",21211,6858068
73079300,Lock ring,30977,6009366
73079910,"Tube Or Pipe Fittings Of Iron Or Steel (Excl. Stainless), Nes",1774,2559108
73079990,"Tube Or Pipe Fittings Of Iron Or Steel (Excl. Stainless), Nes",170503,199784675
73081000,Bridges And Bridge-Sections Of Iron Or Steel,242697,60677080
73082000,Towers And Lattice Masts Of Iron Or Steel,6097284,953141359
73083000,"Doors, Window-Frames And Thresholds For Doors Of Iron Or Steel",73402,82280483
73084000,"Equipment For Scaffolding,Shuttering,Propping Or Pitpropping Of Iron/Steel",208935,41233235
73089010,Door co-ordinator,2,110679
73089020,Industrial .. System Imp. by Ind. IRC Holder VAT ... 100% Exp. Oriented Garments ind.,103613,20381516
73089091,"Structures And Parts Of Structures, Nes, Of Iron Or Steel",34849,14042472
73089099,"Structures And Parts Of Structures, Nes, Of Iron Or Steel",1395108,277932890
73090010,"Reservoirs, Tanks... (Excl. For Gas) Of Iron Or Steel, >=300 L",2320,1582683
73090090,"Reservoirs, Tanks... (Excl. For Gas) Of Iron Or Steel, >=300 L",150979,74822944
73101000,"Tanks, Casks, Drums, Cans... (Excl. For Gas) Of Iron Or Steel, 50-300 L",6593,5014523
73102110,"Tin plated cans, bottom not closed by soldering or crimping (e.g. Beverage Can Type)",4224,1054672
73102190,Cans Closed By Soldering And Crimping (Excl.Tin Plated Cans),20042,12674722
73102900,"Tanks, Casks, Drums... (Excl. For Gas) Of Iron Or Steel, <50 L",57897,45965472
73110010,"Containers For Compressed Or Liquefied Gas,Of Iron/Steel, >5000l,Ckd",8500,5226676
73110020,LPG GAS CYLINDER CAPACITY BELOW 5000 LITRES,86885,3866753
73110090,"Containers For Compressed Or Liquefied Gas (Ex.Capacity >5000l, Ckd)",35612,54249384
73121000,"Stranded Wire, Cables Of Iron Or Steel, Not Electically Insulated",1396346,201661012
73129000,"Plaited Bands, Slings, Etc, Of Iron Or Steel, Not Electically Insulated",6893,2571969
73130000,"Barbed Wire And Other Fencing Material, Of Iron Or Steel",1000,187877
73141200,Stainless Steel Woven Cloth Endless Bands For Machinery,190,286231
73141400,Woven Cloth Of Stainless Steel (Excl. Endless Bands For Machinery),18081,7418728
73141900,Woven Cloth Of Iron Or Steel Wire (Excl.Endless Bands Or Stainless Steel),8442,2584876
73142000,"Wire Iron/Steel Grill,Fencing,Welded @ Intersect,Mesh>=100cm2,X-Sectn>=3mm",22376,5379867
73143100,"Iron/steel grill, netting & fencing, welded at intersection,plated or coated with zinc",2,1001
73143900,"Iron/Steel Grill, Netting & Fencing, Welded At Intersection, Nes",25442,30730558
73144100,"Iron/Steel Cloth,Grill, Netting & Fencing, Nes, Plated Or Coated With Zinc",42,21032
73144200,"Iron/Steel Cloth, Grill, Netting & Fencing, Nes, Coated With Plastics",136,33901
73144900,"Iron/Steel Cloth, Grill, Netting & Fencing, Nes,",25113,46156162
73145000,Expanded Metal Of Iron Or Steel,400,105893
73151110,"Roller chain of iron or steel Of a kind used exclusively ..or automotive vehicles , nes",130326,40853351
73151120,Roller Chain Of Iron/Steel Of A Kind Used Exclusively In Motor Cycles,232052,103581374
73151190,"Roller Chain Of Iron Or Steel, Nes",215015,48767804
73151200,Articulated Link Chain (Excl. Roller Chain) Of Iron Or Steel,35393,38295069
73151900,Parts Of Articulated Link Chain Of Iron Or Steel,115969,36388943
73152000,Skid Chain Of Iron Or Steel,4,144958
73158100,Stud-Link Of Iron Or Steel,20045,3737502
73158200,Welded Link Chain (Excl. Stud-Link) Of Iron Or Steel,4952,929528
73158900,"Chain, Nes, Of Iron Or Steel",35926,19430638
73159000,"Parts Of Chains, Nes, Of Iron Or Steel",3488,2518913
73160000,"Anchors, Grapnels And Parts Thereof, Of Iron Or Steel",38495,26968767
73170000,"Nails, tacks, drawing pins, ...erial, but excluding such articles with heads of copper.",45342,10088556
73181100,Threaded Coach Screws Of Iron Or Steel,9135,2365326
73181200,Threaded Wood Screws (Excl. Coach Screws) Of Iron Or Steel,67983,17127209
73181300,Threaded Screw Hooks And Screw Rings Of Iron Or Steel,2946,807030
73181400,Threaded Self-Tapping Screws Of Iron Or Steel Imp by pre-fab. Buil. industry,83841,28919185
73181510,"Threaded Screws&Bolts Of Iron Or Steel,Nes Whether Or Not With Nuts/Washer",169,2208224
73181590,"Threaded Screws&Bolts Of Iron Or Steel,Nes Whether Or Not With Nuts/Washer",584710,254116411
73181600,Threaded Nuts Of Iron Or Steel,397430,130545795
73181900,"Threaded Articles, Nes, Of Iron Or Steel",109540,80363458
73182100,Non-Threaded Spring Washers And Other Lock Washers Of Iron/Steel,762,6431394
73182200,Other washers,13368,13720353
73182310,Stapple Pin For Tv Cabinet And Rivets For Tv/Radio,23,15765
73182390,"Rivets, Nes",14718,6483023
73182400,Cotters And Cotter-Pins Of Iron/Steel,758,1756866
73182910,M.S. Nipple,3955,2106017
73182990,"Screw,bolts,nuts,coach,screws,screw hooks,river,cotters,cotter-pins,washers..,NES",86304,42675258
73194000,Safety pins and other pins,38861,7522254
73199000,"Knitting needles, bodkins, crochet hooks, etc, of iron or steel",25517,12959213
73201000,LEAF SPRINGS AND LEAVES THERE FOR,10038,3483287
73202000,Helical springs of iron or steel,23766,16119149
73209000,"Springs, nes, of iron or steel",95561,48131332
73211100,"Cooking Appliances, Plate Warmers, For Gas Fuel... Of Iron Or Steel",157668,17994433
73211200,"Cooking Appliances, Plate Warmers, For Liquid Fuel Of Iron Or Steel",60,7384
73211900,"Cooking appliances & plate warmers: Other, including appliances for solid fuel",17411,1407277
73218190,"Appli.(Ex.Cookers)For Gas Fuel/Both Gas&Oth.Fuels,Of Iron/Stell(Ex.Lab Use",5334,558140
73218290,"Appliances)Ex.Cooking Appliances/Plate Warmers) For Liquid Fuel,Of Iron...",28,9334
73218910,"Stoves,ranges,grates,cookers appliances, Other,including appliances for solid fuel",2765,166474
73218990,"Stoves,ranges,grates,cookers appliances, Other,including appliances for solid fuel",385,174151
73219000,"Parts Of Appliances Of 7321.11 To 7321.83, Of Iron Or Steel",542987,139709478
73221100,"Radiators, Not Electrically Heated, And Parts Thereof Of Cast Iron",84,31549
73221900,"Radiators, Not Electrically Heated, And Parts Thereof Of Iron Or Steel",1134,435753
73229000,"Air Heaters/Hot Air Distributors..., Nes (Non-Electric) Of Iron/Steel",13,475646
73231000,"Iron or steel wool; pot scourers and scouring or polishing pads, gloves and the like",11022,2245073
73239100,"Table, Kitchen Or Household Articles... Of Cast Iron, Not Enamelled",17855,3975995
73239300,"Table, kitchen or household articles... of stainless steel",221905,70031471
73239400,"Table, kitchen or household articles... of iron or steel, enamelled",260620,49783501
73239910,"Parts of table, kitchen or other household articles",66035,20502622
73239990,"Table, kitchen or household articles... of iron or steel, nes",33495,11750937
73241000,"Sinks And Wash Basins, Of Stainless Steel",85841,28601010
73242100,Baths Of Cast Iron Wheather Or Not Enamelled,300,112726
73242900,Baths Of Iron (Excl. Cast) Or Steel,2500,1244540
73249000,Sanitary Ware And Parts Of Sanitary Ware Of Iron Or Steel,112600,44616241
73251000,"Other Cast Articles Of Non-Malleable Cast Iron, Nes",585,1027692
73259900,"Cast articles of iron or steel, nes",49695,23185893
73261900,"Forged Or Stamped Articles Of Iron Or Steel, Nes",322,1000905
73262010,Bead Wire For Cycle Tyres,83942,15986243
73262090,Other Articles Of Ironor Steel Wire( Excl.Bead Wire For Cycle Tyres),4676,42803093
73269010,Steel bobbin,16892,4711537
73269090,"Other Articles Of Iron Or Steel, Nes(Excl.S.S.Screen, Burette Stand)",722860,534959733
74020000,Unrefined Copper; Copper Anodes For Electrolytic Refining,115,931953
74031100,Cathodes And Sections Of Cathodes Of Refined Copper,986155,1407741827
74032100,"Copper-Zinc Base (Brass) Alloys, Unwrought",6342,6757643
74032200,"Copper-Tin Base Alloys (Bronze), Unwrought",1,1878
74040000,Copper Waste And Scrap,0,627
74061000,Copper Powders Of Non-Lamellar Structure,40,20031
74071000,"Bars, rods and profiles of refined copper",3,6580
74072110,"Bars,rods and profiles of brass",22195,29768552
74072900,"Bars, rods and profiles of copper alloys, nes",1661,4588352
74081100,"Wire Of Refined Copper, Maximum Cross-Sectional Dimension >6mm",200000,281078726
74081900,Other,9837,6966658
74082100,Wire Of Brass,6005,9750885
74082200,Wire Of Cupro-Nickel Or Nickel Silver,1,627
74082900,"Wire Of Copper Alloy, Nes",398,1266837
74091100,"Plates, Sheets And Strip, Of Refined Copper, In Coils, >0.15mm Thick",3823,6722874
74091900,"Plates, Sheets And Strip, Of Refined Copper, Uncoiled, >0.15mm Thick",320,553216
74092100,"Plates, sheets and strip, of brass, in coils, >0.15mm thick In coils",11659,15052806
74093100,"Plates, Sheets And Strip, Of Bronze, In Coils, >0.15mm Thick",6060,10141918
74093900,"Plates, Sheets And Strip, Of Bronze, Uncoiled, >0.15mm Thick",5,2504
74099000,"Plates, Sheets And Strip, Of Copper Alloys, Nes, >0.15mm Thick",500005,257967394
74101100,"Foil, Not Backed, Of Refined Copper, =<0.15mm Thick",4935,11536578
74102100,"Foil, Backed With Paper... Of Refined Copper, =<0.15mm Thick",22520,37415571
74111000,Tubes And Pipes Of Refined Copper,316917,577773838
74112100,Tubes And Pipes Of Brass,0,1151
74112900,"Tubes And Pipes Of Copper Alloys, Nes",124,149503
74121000,Tube Or Pipe Fittings Of Refined Copper,1073,741118
74122000,Tube Or Pipe Fittings Of Copper Alloys,28918,36186241
74130000,"Stranded Wire, Cables... Of Copper, Not Electrically Insulated",68477,113253577
74151000,"Nails And Tacks, Drawing Pins, Staples, Etc, Of Copper Or Partly Copper",0,627
74152100,Washers Of Copper (Including Spring Washers),53,328414
74152900,"Non-Threaded Articles Such As Rivets, Cotters, Cotter-Pins... Of Copper",207,345524
74153310,SCREWS FOR WOOD,0,32117
74153390,"SCREWS;BOLTS AND NUTS, EXCLUDING SCREWS FOR WOOD",4773,7653112
74153900,"Threaded Articles Of Copper, Nes",29023,40664495
74181000,"Table, kitchen or other household articles and parts thereof; of copper... polishing pad",4436,2851656
74182000,Sanitary Ware And Parts Thereof Of Copper,1303,1037062
74192000,"Cast, moulded, stamped or forged, but not further worked",137,327306
74198010,Other,94,240787
74198090,Other,15727,23024517
75021000,"Unwrought Nickel, Not Alloyed",1300,3422615
75052200,Wire Of Nickel Alloys,607,346645
75061000,"Plates, sheets, strip and foil of nickel, not alloyed",84,79632
75062000,"Plates, sheets, strip and foil of nickel alloys",12,8748
75071200,Tubes And Pipes Of Nickel Alloys,18,1161520
75072000,Tubes Or Pipe Fittings Of Nickel,1565,801977
75089010,Parts for Machinery,31,3824850
75089090,Other parts(excl.machinery),160,1620249
76011000,"Aluminium, not alloyed",2076368,752773327
76012000,"Unwrought Aluminium, Aluminium Alloy",1191145,465365184
76020000,Aluminium Waste And Scrap,524556,65612688
76032000,Powders Of Lamellar Structure; Flakes Of Aluminium,2030,770104
76041000,"Bars, rods and profiles of aluminium, not alloyed",69456,30856761
76042100,Hollow Profiles Of Aluminium Alloys,86697,40115495
76042900,"Bars, rods and profiles of aluminium alloys",187432,87460788
76051100,"Wire Of Aluminium, Not Alloyed, Maximum Cross-Sectional Dimension > 7mm",100000,42695280
76051900,"Wire of aluminium, not alloyed, maximum cross-sectional dimension =<7mm",29087,13499886
76052900,"Wire of aluminium alloys, maximum cross-sectional dimension =<7mm",61135,26212255
76061100,"Rectangular (Incl. Square) Plates... Of Aluminium, Not Alloyed, >0.2mm",251303,123281873
76061200,"Of Aluminium, alloys",768352,334590071
76069110,"Plates... (Excl. Rectangular) Of Aluminium, Not Alloyed, >0.2mm Thick",46461,23400119
76069190,"Plates... (Excl. Rectangular) Of Aluminium, Not Alloyed, >0.2mm Thick",15835,7671658
76069200,"Plates...(Excl. Rec) of aluminium alloys,>0.2mm thick NES Of aluminium alloys",464275,200828738
76071100,Rolled but not further worked,742595,378303522
76071910,Aluminium foil lacquered,328175,191667534
76071990,"Aluminium foil, =<0.2mm thick, not backed (excl. rolled),Nes",88951,74450141
76072010,"Aluminium Foil, Backed By Paper/Paperboard",27989,17185295
76072092,Co-polymer coated aluminium tape imp by VAT reg cable manu. Ind.,5,3130
76072099,"Aluminium foil backed, NES",609890,416501336
76081000,"Tubes And Pipes Of Aluminium, Not Alloyed",94062,49008235
76082000,Tubes And Pipes Of Aluminium Alloys,11459,4619509
76090000,Aluminium Tube Or Pipe Fittings,1730,865019
76101000,"Doors, Windows And Their Frames And Thresholds For Doors, Of Aluminium",38378,20508578
76109010,"Aluminium Structure And Parts Of Structures..., Nes",58169,19119056
76109090,"Aluminium Structure And Parts Of Structures..., Nes",124279,66553315
76129010,"Aluminium Can For Inhaler, 19mm",1076,3462317
76129090,"Aluminium casks, drums, etc, nes (excl. for gas), <300 l, nes",62633,57062494
76130000,Aluminium Containers For Compressed Or Liquefied Gas,128,324675
76141000,"Cables... of aluminium, with steel core, not electically insulated",1135968,344960646
76149000,"Stranded wire, cables... of aluminium alloys, not electrically insulated",753713,290535543
76151010,"Table, kitchen or other household articles and parts thereof; of aluminium... polishing",71195,43009744
76151090,"Table, kitchen or other household articles and parts thereof; of aluminium... polishing",3971,2132231
76161000,"Nails, Tacks, Staples, Screws, Bolts, Nuts... Of Aluminium",3365,10137193
76169100,"Cloth, Grill, Netting And Fencing, Of Aluminium Wire",200,251659
76169900,"Articles of aluminium, nes",18332,13514845
78011000,"Refined Lead, Unwrought",1104760,301262671
78019100,"Unwrought Lead, Containing Antimony As The Principale Other Element",291140,94482741
78019900,Unwrought Lead (Excl. Refined And Containing Antimony),60685,20804176
78041100,"Lead Sheets, Strip And Foil, Of Thickness =<0.2mm Thick",0,1002
78060090,Other Articles Of Lead Nes,203,174105
79011110,"Zinc,Callots Not Alloyed Containing By Weight >=99.99% Pure Of Zinc",18,5309
79011190,"Zinc, Not Alloyed, >=99.99% Pure, Nes",1901823,775845842
79011210,Zinc ingots,16275,2555437
79011290,Other,15000,5816528
79012000,Zinc alloys,124894,54419522
79031000,Zinc Dust,1,1880
79040000,"Zinc Bars, Rods, Profiles And Wire",49032,24175747
79070090,"Other Articles Of Zinc, Nes",5352,2531692
81019900,"Other Articles Of Tungsten, Nes",219,6424801
81029600,WIRE,50,1032108
81041100,"Unwrought Magnesium, >=99.8% Pure",52000,19115894
81059000,"Articles Of Cobalt, Nes",40,679605
81069000,"Bismuth and articles thereof including waste and scrap, NES",2,50678
81089000,"Articles Of Titanium, Nes",3,581594
81110000,Manganese And Articles Thereof (Incl. Waste And Scrap),250,125206
81123100,Hafnium : Unwrought; waste and scrap; powders,2,3827
81126900,Cadmium : Exclduding Waste and scrap,15509,2524166
82011000,Spades And Shovels,271283,34022679
82013000,"Mattocks, Picks, Hoes And Rakes",277589,35058287
82014000,"Axes, Bill Hooks And Similar Hewing Tools",316,66132
82015000,Secateurs And Similar One-Handed Pruners And Shears (Incl. Poultry Shears),4502,1506694
82016000,"Hedge Shears, Two-Handed Pruning Shears And Similar Two-Handed Shears",8473,1616215
82019000,Scythes... Timber Wedges And Other Agricultural/Forestry Hand Tools,481,125232
82021000,Hand Saws,45399,8835348
82022000,Band Saw Blades,1819,2768723
82023100,Circular Saw Blades With Working Part Of Stl(Inc.Slittng/Slottng Saw Blade,57645,11989496
82023900,Circular Saw Blades(Inc.Slitting Blades)Excl.With Steel Working Part;Parts,5639,2665344
82024000,Chain Saw Blades,13266,2603993
82029100,"Straight Saw Blades, For Working Metal",23604,7673655
82029910,Hand saws; blades for saws of all kinds....Toothless saw blades,43896,7503625
82029990,Hand saws; blades for saws of all kinds....Excl. Toothless saw blades,52002,12779770
82031010,Files For Cutting Ampoules,8335,1371611
82031090,"Files, Raspsand Similar Tools Nes.",53843,10414457
82032000,"Tweezers, Pliers, Pincers And Similar Tools",136143,35123308
82033000,Metal Cutting Shears And Similar Hand Tools,16757,3385203
82034000,"Pipe-Cutters, Bolt Croppers, Perforating Punches And Similar Tools",17498,4800000
82041100,"Non-Adjustable, Hand-Operated Spanners And Wrenches",30526,13903229
82041200,"Adjustable, Hand-Operated Spanners And Wrenches",132127,35234098
82042000,"Interchangeable Spanner Sockets, With Or Without Handles",70031,17809386
82051000,"Drilling, Threading Or Tapping Hand Tools",4,3093
82052000,Hammers And Sledge Hammers,129654,21576153
82053000,"Planes, Chisels, Gouges And Similar Cutting Tools For Working Wood",1837,517394
82054000,Screwdrivers,53867,14010767
82055100,Household Hand Tools,21485,4433809
82055910,FIBRE OPTIC CABLE FUSION SLICER,98,63627
82055990,"HAND TOOLS, NES (INCL. GRAZIERS' DIAMONDS) EXCLUDING FIBRE OPTIC CABLE FUSION SLICER",55799,18851060
82057000,"Vices, Clamps And The Like",25015,7698981
82059000,"Other,incl.sets of articles of two or more of sub-headings of this heading",8998,25355631
82060000,"Tools Of Two Or More Of 82.02 To 82.05, Put Up In Sets For Retail Sale",3652,3052723
82071900,Oth.Rock Drilling/Earth Boring Tool(Ex.With Working Part Of Cermets);Parts,130,82264
82072000,Dies For Drawing Or Extruding Metal,6945,20554330
82073000,"Interchangeable Tools For Pressing, Stamping Or Punching",22461,68988537
82074000,Interchangeable Tools For Tapping Or Threading,64997,15619157
82075000,"Interchangeable Tools For Drilling, Other Than For Rock Drilling",156167,33451689
82076000,Interchangeable Tools For Boring Or Broaching,12750,3954071
82077000,Interchangeable Tools For Milling,1411,3673357
82078000,Interchangeable Tools For Turning,3344,4011211
82079000,"Other Interchangeable Tools For Hand Or Machine-Tools, Nes",14169,15478402
82081000,"Knives And Cutting Blades, For Metal Working Machines",34947,22898081
82082000,"Knives And Cutting Blades, For Wood Working Machines",9857,4575838
82083000,"Knives And Cutting Blades, For Kitchen Appliances Used For Food",30,207287
82084000,"Knives And Cutting Blades, For Agricultural, Horticultural... Machines",1670,1011575
82089000,"Knives And Cutting Blades, For Machines Or Mechanical Appliances Nes",105911,74649092
82090000,"Plates, Sticks... For Tools, Unmounted, Of Metal Carbides Or Cermet",1567,4716891
82100000,"Hand-Operated Machanical Appliances, =<10kg, Used For Food Or Drink",12213,2679213
82111000,"Sets Of Assorted Knives, Nes",1410,715990
82119100,Table Knives With Fixed Blades,7983,2035441
82119200,Other Knives With Fixed Blades (Excl. Table Knives),7631,4555168
82119300,Knives(Excl. With Fixed Blades),4575,1283948
82119400,Blades For Knives (Excl. Those Of 82.08),22626,5645597
82119500,Knife Handles Of Base Metal,2341,1917927
82121000,Razors (Non-Electric),19477,14646919
82122011,Perforated blade blanks in strips or pieces width not exceeding half Inch.,1050,262942
82122019,Stainless Steel Blade,2430,3366752
82122090,Safety Razor Blades (Incl. Razor Blades Blanks In Strips) Nes.,552,1998892
82129000,"Parts Of Razors, Nes",11242,3766718
82130000,"Scissors, Tailors' Shears And Similar Shears, And Blades Therefor",53623,15112807
82141000,"Paper Knives, Letter Openers, Erasing Knives, Pencil Sharpeners...",30578,6907793
82142000,Manicure Or Pedicure Sets And Instruments (Incl. Nail Files),86179,18056044
82149000,Other Articles Of Cutlery,9915,1854315
82151000,"Sets Of Spoons,Forks, Etc (One Or More Article Plated With Precious Metal)",7024,1062238
82152000,"Sets Of Assorted Spoons, Forks, Etc... (Excl. Plated)",42789,11081216
82159900,"Spoons, Forks, Ladles, Skimmers... Or Similar Tableware, Nes",66652,19673138
83011000,Padlocks Of Base Metal,174868,68413269
83012000,Locks of a kind used for motor vehicle,68258,32132833
83013000,Locks For Furniture Of Base Metal,67781,30499284
83014010,Other locks,259,161009
83014090,Other locks,35237,31997206
83015000,"Clasps And Frames With Clasps, Incorporating Locks Of Base Metal",2117,1337992
83016000,Parts Of Padlocks And Locks Of Base Metals,148169,59986133
83017000,Keys Presented Separately Of Base Metal,21950,8400079
83021000,Hinges Of Base Metal,490327,164953217
83022000,Castors Of Base Metal,73598,19293280
83023000,"Mountings, Fittings, Etc, For Motor Vehicles, Of Base Metal, Nes",20982,7060483
83024100,"Mountings, Fittings, Etc, Suitable For Buildings, Of Base Metal, Nes",219852,57647855
83024210,Magnatic door holder....Suitable for furniture,21083,5574807
83024290,"Mountings, Fittings, Etc, Suitable For Furniture, Of Base Metal, Nes",420458,112425612
83024910,"OTHR MOUNTING, FIT.&SIMILAR ARTICLES, DEV. /FITTINGS FOR BARR.WIND. & OR PANIC EXIT DOOR",7998,2005944
83024991,OTR MOUNTING FITTINGS &SIMILAR ARTI.EXCL. DEVICE/FIT.FOR BARRED WINDOWS & OR PANIC EXIT,60510,15519766
83024999,OTR MOUNTING FITTINGS &SIMILAR ARTI.EXCL. DEVICE/FIT.FOR BARRED WINDOWS & OR PANIC EXIT,7477,2864551
83025000,"Hat-Racks, Hat-Pegs, Brackets And Similar Fixtures Of Base Metal",17989,6712616
83026000,Automatic door closers,33972,9341514
83030000,"Armoured Or Reinforced Safes, Strong-Boxes And Doors... Of Base Metal",37394,12230188
83040000,Filing Cbnts.Card-Index Cbnes../Desk Eqpmnt.Of Base Mtl.Oth.Than Hs 94.03,4226,766707
83051000,Fittings For Loose-Leaf Binders Or Files Of Base Metal,7685,987289
83052000,"Staples In Strips, Of Base Metal",117474,19799106
83059000,"Office Artcls.Such As Ltr.Clips,Ltr.Corners..Of Base Metal Incldng.Parts",35253,7143693
83061000,"Bells, Gongs, Etc, Non-Electric, Of Base Metal Containing more than 99.99 % of bismut",22702,5832836
83062100,"Statuettes And Other Ornaments Of Base Metal, Plated With Precious Metal",1810,760970
83062900,Statuettes and other ornaments of base metal (excl. plated),45579,10785096
83063000,"Photograph, Picture Or Similar Frames; Mirrors Of Base Metal",1073,456163
83071000,Flexible Tubing Of Iron Or Steel,19811,5750395
83079000,Flexible Tubing Of Other Base Metal (Excl. Iron Or Steel),2341,1918131
83081000,"Hooks, Eyes And Eyelets Of Base Metal",18336,7619710
83082000,Tubular Or Bifurcated Rivets Of Base Metal,29499,9892434
83089000,"Clasps, Buckles... Beads Andspangles Of Base Metal (Incl. Parts)",135123,38695574
83091000,Crown Corks Of Base Metal,237,106128
83099010,Lug Caps,8311,4799313
83099020,Container Seal,11708,8273641
83099030,Combination seal for vials,11074,28109607
83099091,"Stoppers, caps and lids.. excl.Crown corks nes,",52311,13420300
83099099,"Stoppers, caps and lids.. excl.Crown corks nes,",31878,17513538
83100000,"Sign-Plates, Name-Plates, Address-Plates, Etc, Of Base Metal(Ex.Hsno-94.05",534,796741
83111010,"Coated electrodes of base metal, for electric arc-welding......Welding wire",46309,6518787
83111090,"Coat electrode of base metal, for elec arc-weld, ExWeld wire imp by VAT reg com. manu",159720,32354640
83112000,"Cored Wire Of Base Metal, For Electric Arc-Welding",69892,17964698
83113000,"Coated rods and cored wire of base metal, for soldering, brazing...",27506,16728324
83119000,"Wires, Rods... Of Base Metal, Coated/Cored (Incl. Powder For Sprays) Nes",61330,9955704
84021200,Watertube Boilers With A Steam Production =<45t/Hour,207602,90275660
84021900,"Other Vapour Generating Boilers, Nes (Incl. Hybrid Boilers)",280144,208350253
84029000,Parts Of Sheam On Oth.Vapour Genrtng.Boilers & Super-Heated Water Boiles,20477,10899898
84031000,Central Heating Boilers For Oth.Than Hs Code No-84.02,28900,19123627
84039000,Parts Of Central Heating Boilers,5,759658
84041000,Auxiliary Plant For Use With Boilers Of 84.02 Or 84.03,747,3949070
84042000,Condensers For Steam Or Other Vapour Power Units,200,141377
84049000,parts of 8401 to 8404,591,13325690
84051000,"Producer Gas Or Water Gas Generators; Acetylene Gas Generators, Etc",28650,108773740
84069000,Parts Of Steam And Other Vapour Turbines,1628,21906261
84072100,Outboard Motors For Marine Propulsion Engines,422,1770845
84072900,Other Marine Propulsion Spark-Ignition Piston Engines (Excl. Outboard),2586,2194695
84073290,"Oth.Spark-Ignition..,For Vehicles,Of Cy..Capacity >50 Cc, Not >250c",666923,876358943
84073390,"Spark-Igni...For Vehicles, Of Cylinder Capacity 250-1000 Cc",11572,13387643
84073490,"Cylinder capacity >1,000 cc exlc. Bus or Truck engine with inbuilt CNG mechanism",401160,67877997
84079090,"Spark-Ignition Reciprocating/Rotary Intl. Combustion Engines, Nes",1,64774
84081000,Marine propulsion engines,2100,840033
84082039,Other diesel engine>=2600cc,412930,46906960
84082090,"Compression-Ignition ... , Other Engines For Vehicles Of Chapter No. 87",14001,31347844
84089010,Diesel Engines of capacity 3 to 45 HP,1387261,267925182
84089020,"Compre.-Ignition Internal Combustion Pisotn Engi. For Fishing Trawler,Nes",4154,11816307
84089090,"Other Engine, Nes",12630,4473223
84091000,Parts For Aircraft Engines Of 8407.10,16,1461796
84099110,For Engines of Industrial use and fishing trawler,1912,34663572
84099190,"Parts For Spark-Ignition Internal Combustion Engines(Excl.Aircraft),Nes",419513,389749115
84099910,For Engines of Industrial use and fishing trawler,20381,277853837
84099990,"Parts For Compression-Ignition Internal Combustion Engines, Nes",1123174,451857366
84109000,"Parts Of Hydraulic Turbines, Water Wheels Including Regulators",20,7513
84119900,Oth. Parts Of Gas Turbines (Excl. Of Turbo-Jets And Turbo-Propellers),18011,630441314
84122100,"Hydraulic Power Engines And Motors, Linear Acting (Cylinders)",18473,9857132
84122900,Hydraulic Power Engines And Motors (Excl. Linear Acting),19372,28758756
84123100,"Pneumatic Power Engines And Motors, Linear-Acting (Cylinders)",31936,33468823
84123900,Pneumatic Power Engines And Motors (Excl. Linear Acting),719,5569186
84128000,"Engines and motors, nes",106,642266
84129090,"Parts Of Engines And Motors Of 8412.10 To 8412.80, Nes",1869,1030379
84131100,"Pumps For Dispensing Fuel Or Lubricants, For Filling-Stations Or Garages",7132,5047861
84131900,"Pumps For Liquids, With Or Designed To Be Fitted With A Measuring Device",3411,7481036
84132000,Hand Pumps For Liquids (Excl. Those Of 8413.11 Or .19),1985,2133916
84133000,Fuel/Lubricating/Cooling-Medium Pumps For Internal Combustion Engines,110903,85178970
84134000,Concrete Pumps,66619,31155533
84135000,Reciprocating Positive Displacement Pumps,13381,39507341
84136000,Rotary Positive Displacement Pumps,137329,74151079
84137000,Other Centrifugal Pumps,3002966,1438223041
84138100,Other Liquid Elevatos Pumps,937781,487633064
84138200,Liquid Elevators,8,3061
84139100,Parts of Pumps for liq. whts or not fitted with fitted with meas. dev.liquied elev.,53900,370886336
84139200,Parts Of Liquid Elevators,10,259651
84141000,Vacuum Pumps,14898,35016979
84142000,Hand Or Foot-Operated Air Pumps,19021,11295311
84143010,Compressors For Refrigerating Equipment For Industrial Use,26712,22875274
84143090,"Other Compressors For Refrigerating Equipment, Nes",2054434,1300386777
84144000,Air Compressors Mounted On A Wheeled Chassis For Towing,20029,7821845
84145100,"Table, floor, wall, window, ceiling or roof fans, with a....output not exceeding 125W",35616,8332670
84145910,Venlating exhaust fan with blade rotating diameter of 24 inch or mere,103379,52049275
84145920,"Laminar air flow equipment, industrial type",3497,4393435
84145990,"Otherv Fans, Nes",168142,67081423
84146000,Hoods Incorporating A Fan Having A Maximum Horizontal Side =<120cm,26207,7884717
84147000,Gas-tight biological safety cabinets,7683,13433550
84148010,Air Compressors,314134,288612293
84148020,"Pumps & Compressors; Hodds With A Fan, Blowers For Use In Piciculture Only",48793,52429653
84148030,Pumps and compressors,2460,1170143
84148041,Industrial Type,1116,3439181
84148049,Compressor Excl Industial and VAT MFG AIRCON,739708,597656162
84148090,"Other Air Pumps; Air Or Gas Compressors; Hoods With A Fan, Nes",32667,68770926
84149010,Parts Of Fan,76593,22846859
84149020,Parts...Of compressor,13548,28154474
84149090,"Parts Of Air/Vacum Pumps, Of Air/Gas Compressors, Nes",21351,199481864
84151010,"A/C, Window/wall self contained Requiring more than 300,000 BTU or equivalent",136113,150034943
84151020,"A/C Machines, window/wall type >90,000 BTU, BUT <3,00,000 BTU",59575,35336932
84151090,"Window or wall air conditioning machines, self-contained, nes",10010,5535718
84152020,"AIR CON.MCH >200,000BTU,OR EQV.USE FOR PRSN IN MOTOR VEHI.IMP.BY VAT REG.BUS BDY BLD.",9299,5238484
84152090,"MOTOR VEHICLE A/C, EXCLUDING VAT REG. BUS BUIDLING IND.",609,280733
84158110,"Requiring more than 3,00,000 BTU or equivalent",8932,5035259
84158120,"Air handling unit or HVAC system imp by VAT reg pharma ind req >= 2,00,000 BTU",20453,69837650
84158210,"Requiring more than 3,00,000 BTU or equivalent",161124,123609755
84158220,"Air handling unit or HVAC system imp by VAT reg pharma ind req more than 2,00,000 BTU",124796,165411229
84158230,"A/C Machine with ref. unit requiring >90,000 BTU not exceeding 3,00,000 BTU",4969,6245022
84158290,"Air conditioning machines, with refrigerating unit, no valve, nes",1091,2000758
84158330,Stability/Humidity chamber imported by pharmaceutical industries,3491,13730613
84158390,"Air conditioning machines, without refrigerating unit, nes",96,308505
84159010,Indoor or outdoor unit,51952,28433992
84159090,Parts of other Air Conditioning Machine,762006,316628952
84161000,Furnace Burners For Liquid Fuel,104,38840
84162000,Other Furnace Burners For Solid Fuel Or Gas (Incl. Combination Burners),7824,8501370
84163000,"Mechanical Stokers,Including Mechanical Grates,Ash Dischargers And Similar",3850,1438188
84169000,Parts Of Furnace Burners For Liquid/Solid/Gas Fuel; Mechanical Grates...,76,759501
84171000,"Furnaces And Ovens For Roasting, Melting... Of Ores/Pyrites/Metals",41737,20769700
84172000,Bakery Ovens (Incl. Biscuit Ovens),56281,32934866
84178000,Industrial Or Laboratory Furnaces (Incl. Incinerators),206865,77809306
84179000,Parts Of Industrial Or Laboratory Furnaces And Ovens,6415,9363225
84181000,"Combined refrigerator-freezers, fitted with separate external doors",64339,40731874
84182100,Compression-type household refrigerators,3635,1666433
84182900,"Household refrigerators, nes",295775,148699639
84183000,"Freezers of the chest type, not exceeding 800 L capacity",92192,36381229
84184000,"Freezers of the upright type, not exceeding 900 L capacity",10285,4429782
84185000,"Other furniture (chests, cabinets, display counters, show-cases and",8102,3881688
84186110,"Indstrl.Refrigeration/Freezing Equipment,Compression Type..Heat Excharger)",51290,38185076
84186190,Oth.Re/Freg.Compres.Type Units Whose Cndnsrs.Are Heat Exchngrs.Ex.Indstrl.,11471,9658809
84186910,"Refrigerating Or Freezing Equipment,Heat Pumps, Industrial",1200495,540979463
84186995,Special type laboratory refrigerator imported by pharmaceutical industries,1272,5307974
84186997,"Chiller, capacity 50 tons or above",15533,29672175
84186999,"Freezers of the upright type, (Excl.) exceeding 900 L or 800L capacity",41637,31021650
84189100,Furniture Designed To Receive Refrigerating Or Freezing Equipment,68,25041
84189900,Parts for imported by VAT registered refrigerator and freezer manufacturers,512613,274861377
84191900,"Other Instantaneous Or Storage Water Heaters, Non-Electric, Nes",15,9977
84192000,"Medical, Surgical Or Laboratory Sterilizers",13723,75701508
84193300,"Lyophilisation apparatus, freeze drying units and spray dryers",13136,82172908
84193400,"Other, for agricultural products",23320,8886603
84193500,"Other, for wood, paper pulp, paper or paperboard",1150,434200
84193900,"Non-Domestic Dryers, Nes",173000,189652371
84194010,Water Distillation Equipment Up To 20 Litres,8,95154
84194090,Water Rectifying Plant,239,220699
84195000,Heat Exchange Units,58252,101056476
84198100,"Non-Domestic Equipment, For Cooking Or Heating Food",11525,7705771
84198911,Evaporator or condenser or both exceeding 200000 BTU,24968,56060820
84198919,Other,6656,12521874
84198990,Other,190315,396430202
84199000,Parts Of Non-Domestic Heating/Cooling Equipment,24892,92031639
84201000,Calendering Or Other Rolling Machines (Excl. For Metal/Glass),4253,3293237
84209100,Cylinders For Calendering Or Other Rolling Machines,1484,6310197
84209900,"Parts Of Calendering Or Other Rolling Machines, Nes",14,101023
84211100,Centrifugal Cream Separators,2537,952936
84211200,Centrifugal Loundry -Dryers Of 1bhp Or More,5341,4045000
84211910,"Other Centrifuges,Including Contrifugal Dryers Nes, For Laboratory Use",51151,63070178
84211990,"Oth. Centrifuges, incl. Centrifugal dryers; filtering.. Excl.laboratory, industrial type",487,2156665
84212110,Water Filtering Or Purifying Machines Of Sterilisers For Laboratory Use,119,1142561
84212120,Domestic type water purifying apparatur and machine.,119411,78891616
84212191,Filtering Or Purifying Machinery & Apparatus To Be Used With Swimm. Pools,2403,961571
84212192,Water purifying machine (Industrial type),26491,59835954
84212193,Effluent (waste water) Treatment Plant,317731,567777973
84212194,"CARBON FILTER, FILTER HOUSING DIFFUSER IMP. BY VAT REG. WATER PURI.G MACH/APP.MGF.IND",1958,1222237
84212195,Sewage treatment plant (STP) imported by VAT complaint water purifying machine/apparatus,2668,2810489
84212199,Other (excl. effluent waste water treatment plant),88823,265741019
84212200,Machinery And Apparatus For Filtering/Purifying Beverages (Excl. Water),129,19152
84212300,Oil Or Petrol-Filters For Internal Combustion Engines,100351,94284350
84212910,Cartrdg./Membr. filt. imp. by VAT reg. pharma. & water purif. mach./apprts. manf. ind,23407,68302542
84212920,Haemodialyser (Artificial Kidney),36187,97259881
84212930,Dialysis filter,0,627
84212990,"Filtering or purifying machinery and apparatus for liquids, NES",47166,134515561
84213100,Intake Air Filters For Internal Combustion Engines,121044,86472585
84213290,Filtering or purifying machinery and apparatus for gases,1054,612082
84213920,Industrial filter for air or other gases; overhead travelling .. cyclone of industria,263436,247859715
84213930,Leucocyte filter,31,64341
84213990,Other,14774,44380689
84219100,"Parts Of Centrifuges, Including Centrifugal Dryers",2309,20134725
84219910,Parts Of Machinery... For Filtering/Purifying Liquids Or Gases,41625,20134606
84219990,Parts Of Machinery... For Filtering/Purifying Liquids Or Gases,22630,23879255
84221100,"Dish Washing Machines, Of The Household Type",12639,9365676
84221900,"Other Dish Washing Machines, Of The Industrial Type",1346,773710
84222000,Machinery For Cleaning Or Drying Bottles Or Other Containers,14372,32137287
84223000,"Machinery For Filling,Closing...Etc.Bottles,Cans Etc,& Aerating Drinks",1187959,828141074
84224000,"Oth.Packing/Wrapping Machinery, (Incl. Heat-Shrink Wrapping Machinery)Nes",229982,709780072
84229000,Parts Of Machinery Of 8422.11 To 8422.40,3327,25618205
84231010,"Personal wt. machines (incl. baby scales), h/hold scales... Neonatal scale with spring",12073,22200111
84231090,"Personal wt. Machine .., h/hold scales... Excl. Neonatal scale with spring",36665,13150905
84232000,Scales For Continuous Weighing Of Goods On Conveyors,84799,42682339
84233000,Constant Weight Scales And Scales For Discharging A Predetermined Weight,1322,5222734
84238100,"Weighing Machinery, Nes, Of Weighing Capacity =<30kg",100121,32014673
84238210,Weighting Capacity Exceeding 200KG,27439,10323016
84238290,"Weighing Machinery,Nes,..Capacity 30-5000kg(Excl.Capacity Excd. 200kg)",111042,33174703
84238900,"Weighing Machinery, Nes, Of Weighing Capacity >5000kg",13810,5163854
84239000,Weighing Machine Weights Of All Kinds; Parts Of Weighing Machinery,10084,6069127
84241000,"Fire Extinguishers, Whether Or Not Charged",279475,61099039
84242010,Spray Guns And Similar Appliances Of Industrial Use,4934,5647366
84242020,Metered valves for inhaler,2852,32598399
84242030,SPRINKLER SYSTEM AND EQUIPMENTS,993,7819007
84242090,Spray Guns And Similar Appliances (Excl. Of Industrial Use),59867,97271828
84243000,Steam Or Sand Blasting Machines And Similar Jet Projecting Machines,2309,1276882
84244110,Agricultural or horticultural sprayers Portable sprayers,269481,71051831
84244190,Agricultural or horticultural sprayers Portable sprayers,80420,31911203
84244900,Oth. Agricultural or horticultural sprayers,6869,2541498
84248200,Other appliances Agricultural or horticultural,13,25043
84248900,Mechanical Appliances For Projecting/Dispersing/Spraying Liquids/Powders,73348,35237637
84249000,Parts Of Machinery And Apparatus Of 8424.10 To 8424.89,28997,15030956
84251100,"Pulley Tackle And Hoists..., Powered By Electric Motor",3870,1833419
84251900,"Pulley Tackle And Hoists..., Nes (Excl. Skip Or Vehicle Hoists)",29131,16403447
84253100,"Winches, Capstans, Powered By Electric Motor",20330,17793444
84254100,Built-In Jacking Systems Of A Type Used In Garages,1850,709431
84254200,Hydraulic Jacks And Vehicle Hoists,58914,11080397
84254900,"Jacks And Vehicle Hoists, Nes",38002,18163943
84261100,Overhead Travelling Cranes On Fixed Support,165259,73538932
84261200,Mobile Lifting Frames On Tyres And Straddle Carriers,70,35056
84261900,"Transporter Cranes,Gantry Cranes/Bridge Cranes,Overhd Travellng Cranes Nes",102565,53184818
84262000,Tower Cranes,38803,14574651
84263000,Portal Or Pedestal Jib Cranes,1327089,1446947707
84264110,Works trucks fitted with crane on tyres,24500,9092737
84264190,"Other machinery, self propelled",202,964435
84269900,"Ships Derricks, Cranes, Etc, Nes",13859,24366484
84271000,Self-Propelled Works Trucks Powered By An Electric Motor,399069,221332112
84272000,Self-Propelled Works Trucks (Excl. Electic),374241,211045317
84279000,"Other Works Trucks Fitted With Lifting Or Handling Equipment, Nes",83999,26378512
84281000,Lifts And Skip Hoists,1674262,706920336
84282000,Pneumatic Elevators And Conveyors,69394,50148763
84283200,"Continuous-Action Elevators And Conveyors, Bucket Type, Nes",1650,680704
84283300,"Continuous-Action Elevators And Conveyors, Belt Type, Nes",34953,26741201
84283900,"Continuous-Action Elevators And Conveyors, Nes",161978,126968459
84284000,Escalators And Moving Walkways,35780,13490448
84287000,Industrial robots,320,279063
84289000,"Lifting, Handling, Loading Or Unloading Machinery, Nes",356328,295811904
84291900,"Self-Propelled Bulldozers And Angledozers, (Excl. Track Laying)",206790,316459883
84292000,Self-Propelled Graders And Levellers,42750,28796853
84293000,Self-Propelled Scrapers,1092,1649841
84294000,Self-Propelled Tamping Machines And Road-Rollers,148162,105699584
84295100,Self-Propelled Front-End Shovel Loaders,188679,63059770
84295200,Self-Propelled Bulldozers... With A 360o Revolving Superstructure,258010,180878122
84295900,"Self-Propelled Bulldozers, Excavators..., Nes",1206136,338916213
84301000,Pile-Drivers And Pile-Extractors,348138,115900541
84303100,Self-Propelled Coal Or Rock Cutters And Tunnelling Machinery,91427,25095570
84304100,Self-Propelled Boring Or Sinking Machinery,54509,20481840
84306900,"Other Earth Moving,Excavating, Extracting... Machinery, Not Self-Propelled",1648,2048489
84311000,Parts Of Machinery Of 84.25,7766,2074603
84312000,Parts Of Machinery Of 84.27,13884,5262698
84313100,"Parts Of Lift, Skip Hoists Or Escalators",317226,88440710
84313900,"Parts Of Machinery Of 84.28 (Excl. Lift, Skip Hoists Or Escalators)",29393,25911188
84314100,"Buckets, Shovels, Grabs And Grips Of Machinery Of 84.26, 84.29 And 84.30",6076,6058366
84314200,Bulldozer Or Angledozer Blades Of 84.29,296,185309
84314300,Parts For Boring Or Sinking Machinery Of Subheading 8430.41 Or 8430.49,49029,178243632
84314900,"Parts of machinery of 84.26, 84.29 and 84.30, nes",105479,31507864
84322900,"Harrows (Excl. Disc Harrows), Scarifiers, Cultivators, Weeders And Hoes",146980,68275130
84323100,"Seeders, planters and transplanters No-till direct seeders, planters and transplanter",541,204771
84323900,"Seeders, planters and transpl Excl. No-till direct seeders, planters and transplanter",500,244225
84328000,"Soil preparation/cultivation machinery; lawn/sports-ground rollers , nes",2407056,580615024
84329000,Parts Of Soil Preparation/Cultivation Machinery...,681603,90221948
84331100,"Mowers..., Powered, The Cutting Device Rotating In A Horizontal Plane",1594,696423
84331900,"Mowers For Lawns, Parks Or Sports Grounds, Nes",3727,1170322
84332000,"Mowers (Incl. Cutter Bars For Tractor Mounting), Nes",2143,1226002
84333000,Haymaking Machinery,29221,11160819
84335910,Harvesting machinery,1270,326889
84335990,"Harvesting Machinery, Nes",2866,1074313
84336000,"Machines For Cleaning, Sorting Or Grading Eggs, Fruit Or Other Produce",2646,33636963
84339000,Parts Of Harvesting... Machinery,30289,14837586
84341000,Milking Machines,5707,3907748
84342000,Dairy Machinery,2788,1544142
84349000,Parts Of Milking Machines And Dairy Machinery,901,2318283
84351000,Crushing Machinery,1750,657533
84361000,Machinery For Preparing Animal Feeding Stuffs,485939,456995596
84362100,Poultry Incubators And Brooders,319610,220812609
84362900,"Other Poultry-Keeping Machinery, Nes",368223,191712881
84368000,"Agricultural... Forestry Or Bee-Keeping Machinery, Nes",5800,4569935
84369100,Parts Of Poultry-Keeping Machinery Or Poultry Incubators And Brooders,1930,480737
84369900,"Parts Of Agricultural... Machinery, Nes",83579,84519158
84371000,"Machines For Cleaning/Sorting/Grading Seed, Grain Or Dried Vegetables",361855,264195123
84378010,Rice Huller And Rice/Wheat Crusher,41074,15420020
84378090,Other Machinery For Milling Or Working Cereals Or Dried Vegetables,289843,230545975
84379010,Parts For Rice Huller And Wheat Crusher,177328,45193863
84379090,"Other Parts Of Milling Etc, Machinery",29752,13550206
84381000,"Bakery Machinery And Machinery For Making Macaroni, Spaghetti, Etc",42239,38927439
84382000,"Machinery For The Manufacture Of Confectionery, Cocoa Or Chocolate",10848,63649777
84383000,Machinery For Sugar Manufacture,1137,1292737
84385000,Machinery For The Preparation Of Meat Or Poultry,1940,708657
84386000,"Machinery For The Preparation Of Fruits, Nuts Or Vegetables",3276,1539529
84388000,"Machinery for the preparation or manufacture of food or drink, nes",515062,784698026
84389000,"Parts Of Industrial Machinery For Food And Drink Manufacture, Nes",5491,24870335
84391000,Machinery For Making Pulp Of Fibrous Cellulosic Material,1000,2230459
84392000,Machinery For Making Paper Or Paperboard,40922,49470875
84393000,Machinery For Finishing Paper Or Paperboard,672,419599
84399100,Parts Of Machinery For Making Pulp Of Fibrous Cellulosic Material,1988,4777602
84399900,Parts Of Machinery For Making/Finishing Paper Or Paperboard,16773,13476707
84401000,Book-Binding Machinery (Incl. Book-Sewing Machines),47318,29281463
84409000,Parts Of Book-Binding Machinery,157,4597109
84411000,Cutting Machines,151753,98016164
84412000,"Machines For Making Bags, Sacks Or Envelopes Of Paper Or Paperboard",72476,45268857
84413000,"Machines For Making Cartons, Boxes, Etc, Of Paper Or Paperboard",133940,109545538
84414000,"Machines For Moulding Articles In Paper Pulp, Paper Or Paperboard",990,438379
84418000,"Machinery For Making Up Paper Pulp, Paper Or Paperboard, Nes",208643,153768436
84419000,"Parts Of Machinery For Making Up Paper Pulp, Paper Or Paperboard, Nes",9581,9358147
84423000,"Machinery, apparatus and equipment for pre. or making plates, ..comp. Machiner",2425,4244930
84424000,Parts Of Type-Setting... Machinery,1099,468869
84425010,"Printing Type, Prepared For Printing Purpose",6877,8428701
84425020,PRINTING PLATES,554,1406439
84425090,"Other Printing Type,Blocks,Plates,Cylinders...Other Printing Components",28,21167
84431100,"Offset Printing Machinery, Reel Fed",17300,5008148
84431300,Other offset printing machinery,142172,61071331
84431500,"Letterpress printing machinery, other than reel fed, excluding flexographic pr",9290,4804046
84431600,Flexographic printing machinery,55794,81319403
84431700,Gravure printing machinery,84261,23210684
84431900,"Other printing components(excl.Offset printing machinery, Letterpress printing",263843,372075245
84433100,"Machines which perform two or more of the functions of printing, copying or fa",93602,102505736
84433210,Computer printer,80674,92875900
84433290,Other printer (excl. computer printer),14721,48574749
84433910,Inkjet printer,23283,63854244
84433991,Copying machine & fax machine,4303,2306063
84433999,"Other printing machine,nes",24649,48977869
84439100,"Parts & acces.of printing m/c used for print. by means of plates, cylinders an",10245,12795925
84439910,Toner cartridge/Inkjet cartridge,215016,160761274
84439920,Other parts for Computer Printer,6602,11180904
84439990,Parts & accessories other than compuet printer,25186,84239522
84451100,"Carding Machines, For Preparing Textile Fibres",189259,71728546
84451200,"Combing Machines, For Preparing Textile Fibres",34500,10323961
84451300,"Drawing Or Roving Machines, For Preparing Textiles Fibres",67409,44470311
84451900,"Other Machines For Preparing Textile Fibres, Nes",93073,85788718
84452000,Textile Spinning Machines,162537,327733418
84453000,Textile Doubling Or Twisting Machines,48602,21943158
84454000,Textile Winding (Incl. Weft-Winding) Or Reeling Machines,49694,162912845
84459000,"Machinery For Producing Or Preparing Textile Yarns, Nes",90487,49992870
84461000,"Weaving Machines For Weaving Fabrics, =<30cm Wide",14625,13764771
84462100,"Power Looms For Weaving Fabrics, >30cm Wide, Shuttle Type",2309710,650789848
84463000,"Weaving Machines For Weaving Fabrics, >30cm Wide, Shuttleless Type",1207891,388331634
84471100,"Circular Knitting Machines, With Cylinder Diameter =<165mm",5601,2383879
84471200,"Circular Knitting Machines, With Cylinder Diameter >165mm",421405,527981561
84472000,Flat Knitting Machines; Stitch-Bonding Machines,596506,814010347
84479000,"Machines For Making Gimped Yarn, Tulle, Lace, Embroidery, Trimmings, Etc",1158351,622770503
84481100,"Doobies And Jacquards; Card Reducing, Copying... Machines",10800,4034679
84481900,"Auxiliary Machinery For Machines Of 84.44, 84.45, 84.46, 84.47",69514,71775768
84482010,Parts And Accessories Of Machines Of 84.44 Or Their Auxiliary Machinery,1939,606530
84482090,Parts And Accessories Of Machines Of 84.44 Or Their Auxiliary Machinery,964,2976110
84483100,Card Clothing,53544,151293661
84483200,"Parts And Accessories Of Machines For Preparing Textile Fibres, Nes",403,450455
84483300,"Spindles, spindle flyers, spinning rings and ring travellers",23670,100409470
84483900,"Parts And Accessories Of Machines Of 84.45, Etc, Nes",120208,189925246
84484210,"Reeds And Wire Healds, For Loom",18879,3705300
84484290,Other Reeds For Looms Healds And Heald-Frames,588,828505
84484900,"Parts And Accessories Of Weaving Machines (Looms), Nes",61767,47180819
84485100,"Sinkers, needles and other articles used in forming stitches",7910,286422730
84485900,"Other Parts And Accessories Of Machines Of 84.47, Etc, Nes",35393,74571876
84490000,Machinery For The Manufacture Or Finishing Of Felt Or Nonwovens,145782,56470237
84501100,"Fully-Automatic Washing Machines, Capacity=<10kg",252851,154752151
84501200,"Washing Machines With Built-In Centrifugal Drier, Capacity =<10kg",7460,6031933
84501900,"Washing Machines, Nes, Of A Dry Linen Capacity =<10kg",629,150579
84502010,"Washing Machines, Household/Laundry Type, Capacity <18kg",148017,92760608
84502090,"Washing Machines, Household/Laundry Type, Capacity >10kg",692,1703694
84509000,Parts Of Household/Laundry-Typewashing Machines,344733,143685743
84511000,Dry-Cleaning Machines,4149,9830209
84512100,"Drying Machines, Of A Dry Linen Capacity =<10kg",3075,3672842
84512900,"Drying Machines, Of A Dry Linen Capacity >10kg",153246,189128761
84513000,Ironing Machines And Presses (Incl. Fusing Presses),85130,129069489
84514000,"Washing, Bleaching Or Dyeing Machines, Nes",295178,655363765
84515000,"Machines For Reeling, Unreeling, Folding, Cutting... Textile Fabrics",172951,269329058
84518000,"Machines For Wringing, Dressing, Finishing... Textile Yarns, Fabrics...",700520,893949044
84519000,"Parts Of Machines For Cleaning, Drying, Ironing, Etc",38170,38200043
84521000,SEWING MACHINES OF THE HOUSEHOLD TYPE,549549,169263452
84522100,Automatic Sewing Machines,1088377,1894774071
84522910,Sewing Machines Of Industrial Type(Excl.Automatic Units) Non Electric,4823,163083
84522990,Sewing Machines Of Industrial Type (Excl. Automaic Units ) Nes.,7459,15364476
84523000,Sewing Machine Needles,11380,118978433
84529010,"Furniture, bases and covers for sewing machines and parts thereof",12153,3201549
84529090,Other parts of sewing machines,64128,56079959
84531000,"Machinery For Preparing, Tanning Or Working Hides, Skins Or Leather",24712,8971572
84532000,Machinery For Making Or Repairing Footwear,102567,74641684
84538000,"Machinery For Making/Repairing Articles Of Hides, Skins Or Leather, Nes",26097,19510519
84539000,"Parts Of Machinery For Preparing ... Leather, Making Footware, Etc",580,604479
84542000,"Ingot Moulds, Ladles Used In Metallurgy Or In Metal Foundries",60380,22730420
84543000,Casting Machines Used In Metallurgy Or In Metal Foundries,180848,80280511
84549000,"Parts Of Converters, Ladles... Casting Machines",5619,5821376
84551000,Tube Mills,20210,5533025
84552100,Hot Or Combination Hot And Cold Metal-Rolling Mills,1060832,954998392
84552200,Cold Metal-Rolling Mills,9185,3450071
84553000,Rolls For Rolling Mills,163630,85146787
84559000,Parts Of Metal-Rolling Mills (Excl. Rolls),7887,12065044
84561100,"Operated by laser or other light or photon beam processes,Operated by laser",89949,250437239
84561200,"Operated by laser or other light or photon beam processes , Oper by other light or ph",291,1262660
84562000,Machine-Tools Operated By Ultrasonic Processes,155,1014150
84563000,Machine-Tools Operated By Electro-Discharge Processes,4050,1898089
84564000,Operated by plasma arc processes,16285,7011334
84569000,"Other m/c-tools(excl. laser or other light or photon beam, ultra-sonic, electr",6730,4111875
84571000,Machining Centres For Working Metal,52130,17243385
84581900,Horizontal Lathes For Removing Metal (Excl. Numerically Controlled),44677,17483048
84589100,"Other Lathes For Removing Metal, Nes, Numerically Controlled",18080,8325088
84589900,"Other Lathes For Removing Metal, Nes (Excl. Numerically Controlled)",27221,8707058
84591000,"Way-Type Unit Head Machines For Drilling, Boring... By Removing Metal",8800,6823602
84592100,"Drilling Machines For Removing Metal, Numerically Controlled, Nes",231,166354
84592900,"Drilling Machines For Removing Metal, Nes",50645,20116499
84593100,"Boring-Milling Machines For Metal, Numerically Controlled, Nes",1800,493588
84594100,Other boring machines Numerically controlled,2830,4563487
84595900,"Milling Machines, Knee-Type, For Metal (Excl. Numerically Controlled)",1600,2385328
84596900,"Other Milling Machines For Metal, Nes",10644,13965269
84597000,"Threading Or Tapping Machines For Metal, Worked By Removing Metal, Nes",5050,6570690
84601900,"Flat-Surface Grinding Machines, 0.01mm Accuracy, Nes",1008,385770
84602900,"Grinding Machines, Nes, Accurate To 0.01mm",5946,2240686
84603900,"Sharpening (Tool Or Cutter Grinding) Machines, Nes",6657,3446642
84609000,"Other Machines For Deburring, Grinding, Polishing, Etc, Metal, Nes",18994,9792820
84612000,Shaping Or Slotting Machines For Working Metal Or Cermets,6000,2520155
84613000,Broaching Machines For Working Metal Or Cermets,1049,394019
84615000,Sawing Or Cutting-Off Machines For Working Metal Or Cermets,31040,15148209
84619000,"Other Machine Tools Working By Removing Metal Or Cermets,Nes",5640,3975675
84621100,Closed die forging machines,3380,1291607
84621900,Other Than Closed die forging machines,6955,4294377
84622200,Profile forming machines,279569,109774491
84622300,Numerically controlled press brakes,15000,6009868
84622500,Numerically controlled roll forming machines,2090,2442852
84622600,"Other numerically controlled bending, folding, straightening or flattening machines",4690,2567296
84622900,"Bending, Folding, Straightening Or Flattening Machines (Incl. Presses)",141998,176350555
84623200,Slitting lines and cut-to-length lines,6050,3387774
84623300,Numerically controlled shearing machines,43970,16516195
84623900,"Shearing Machines (Incl. Presses), Nes",103387,37894061
84624900,"Punching Or Notching Machines (Incl. Presses), Nes",35720,23872815
84626100,Cold metal working presses : Hydraulic presses,31926,9391664
84626200,Cold metal working presses :Mechanical presses,36026,17558755
84626900,"Cold metal working presses :, NES",7522,5246652
84629000,Machine-tools (Including presses) for working metal by... not specified above NES,46766,23679229
84631000,"Draw-Benches For Bars, Tubes, Profiles Or The Like",125,113095
84632000,"Thread Rolling Machines For Working Metal, Without Removing Material",11145,8907328
84633000,"Machines For Working Wire, Without Removing Material",11957,9304051
84639000,"Other Machine-Tools For Working Metal, Without Removing Material, Nes",14355,37757119
84641000,"Sawing Machines, For Workingstone, Ceramics, Concrete, Etc",360,147738
84642000,"Grinding Or Polishing Machines, For Working Stone, Ceramics, Etc",39967,16391329
84649000,"Machine-Tools For Working Stone, Ceramics, Concrete, Etc",57204,97365719
84651000,Machines Which Can Change Operation Without Changing Tools,30,7514
84652000,Machining centres,8366,6026978
84659100,"Sawing Machines For Working Wood, Cork, Bone, Hard Rubber, Etc",6137,3169961
84659200,"Planing, Milling Or Moulding Machines For Working Wood, Cork, Bone, Etc",39078,14992836
84659300,"Grinding, Sanding Or Polishing Machines For Working Wood, Cork, Etc",40677,18873460
84659400,"Bending Or Assembling Machines For Working Wood, Cork, Bone, Etc",10240,9981257
84659500,"Drilling Or Morticing Machines For Working Wood, Cork, Bone, Etc",16547,8752395
84659600,"Splitting, Slicing Or Paring Machines For Working Wood, Cork, Bone, Etc",22781,8558823
84659900,"Other Machine-Tools, Nes, For Working Wood, Cork, Bone, Hard Rubber, Etc",435795,260884528
84661000,Tool Holders And Self-Opening Dieheads,853,3694333
84662000,Work Holders For Machine-Tools,1116,761121
84663000,Dividing Heads And Other Special Attachments For Machine-Tools,26,64852
84669100,Parts And Accessories For Machines Of 84.64,15880,8275556
84669200,Parts And Accessories For Machines Of 84.65,8005,4118151
84669300,Parts And Accessories For Machines Of 84.56 To 84.61,1410,6809234
84669400,Parts And Accessories For Machines Of 84.62 To 84.63,2167,9849983
84671100,"Pneumatic Tools, Rotary Type, For Working In The Hand",322,2141683
84671900,"Pneumatic Tools (Excl. Rotary Type), For Working In The Hand",1594,2926094
84672100,DRILLS OF ALL KINDS;WITH SELF CONTAINED ELECTRIC MOTOR,175137,68251176
84672200,SAWS; WITH SELF-CONTAINED ELECTRIC MOTOR,39142,15004820
84672900,TOOLS FOR WORKING IN THE HAND;EXCLUDING DRILLS AND SAWS,121690,56002800
84678100,Chain Saws With Non-Electric Motor,13675,5078701
84678900,"Tools for working in the hand, with non-electric motor, nes",23831,20922546
84679100,Parts Of Chain Saws,24148,6341998
84679200,Parts Of Pneumatic Tools,512,4107782
84679900,"Parts Of Hand-Tools, With Non-Electric Motor, Nes",52741,13795456
84682000,"Gas-Operated Machinery And Apparatus, For Soldering, Brazing...",619,4421944
84688000,"Machinery And Apparatus For Soldering, Brazing Or Welding, Nes",58617,49761225
84689000,"Parts Of Soldering, Brazing Or Welding Machinery And Apparatus",1112,828629
84701000,Electronic calculators capable of operation ... machines with calculating functions,28855,27554825
84702900,"Electronic Calculating Machines, Nes, Without A Printing Device",1,14933
84703000,Calculating Machines (Excl. Electronic),2,1252
84705000,Cash Registers,2000,8205067
84709000,"Postage-Franking Machines, Ticket-Issuing Machines, Etc",1158,1048459
84713000,"Portable Digital Adp Machines,Wt<=10 Kg,Comp.At Least Cpu,Keyboard&Display",65659,848365985
84714100,"Nonportable Adp Machines,Comprisng At Least Cpu & I/O Unit In Same Housing",2073,14976460
84714900,"Non-Portable Adp Machines, Nes, Presented In The Form Of Systems",42905,287668402
84715000,"Processing units other than those of subheading 8471.41 or 8471.49, whether or",32915,234678799
84716010,Adp Input/Output Units Whether/Not Containg. Storage Units In Same Housing,2093,10203800
84716090,Adp Input/Output Units Whether/Not Containg. Storage Units In Same Housing,90714,70956802
84717000,Automatic Data Processing Machine Storage Units,29784,279734084
84718000,Other Units Of Automatic Data Processing Machines Nes,1407,80618394
84719000,Magnetic or optical readers; machines for transcribing data onto data media...nes,3564,14526851
84723000,Machines For Dealing With Mail,115,62608
84729010,"Office machines (incl. coin-sorting/counting/wrapping machines...) , nes",16899,24740809
84729090,"Office machines (incl. coin-sorting/counting/wrapping machines...) , nes",47758,17192123
84732100,"Parts & Accessor. Of The Electronic Calculating Of 8470.10,8470.21,8470.29",51825,20611331
84732900,Parts And Accessories Of Machines Of 8470.30 To 8470.90,21438,8378118
84733000,Parts And Accessories Of The Machines Of 84.71,124089,328488532
84734000,Parts And Accessories Of The Machines Of 84.72,88758,102786917
84735000,Parts/acss equally suitable for use with the mach of >2= of hdgs 84.70 to 84.72,43,2133708
84741000,"Sorting, Screening, Separating Or Washing Machines For Earth, Stone...",12493,14844241
84742000,"Crushing Or Grinding Machines For Earth, Stone, Ores, Etc",16151,7657502
84743100,Concrete Or Mortar Mixers,77508,37308938
84743900,"Mixing Or Kneading Machines For Earth, Stone, Ores, Etc",13476,16183693
84748000,"Other Machinery For Earth, Stone, Ores, Etc, Nes",851397,385976811
84749000,Parts Of Machinery Of 84.74,51134,68900514
84752900,Machines For Manufacturing/Hot Working Glass/Glassware(Exc.Optical Fibres),1470255,635714043
84759000,Parts Of Machines Of 84.75,116,989903
84768900,"Automatic Vending Machines Without Heating/Refrigerating Devices,Nes",57,21418
84771000,"Injection-Moulding Machines For Working Rubber Or Plastics, Etc",796561,312556293
84772000,Extruders For Working Rubber Or Plastics And Making Products Thereof,370261,352953540
84773000,"Blow Moulding Machines For Working Rubber Or Plastics, Etc",156938,106036314
84774000,Vacuum Moulding Machines And Other Thermoforming Machines For Rubber...,18654,12054524
84775100,Machinery For Moulding Or Retreading Pneumatic Tyres...,5205,1963194
84775900,"Machinery For Moulding Or Forming Rubber Or Plastics, Etc, Nes",2176,2015250
84778000,"Other Machinery For Working Rubber/Plastics Or Making Products Thereof,Nes",397476,377164162
84779000,"Parts Of Machinery For Working Rubber Or Plastics, Etc",58401,55653633
84781000,"Machinery For Preparing Or Making Up Tobacco, Nes",58593,251615637
84789000,Parts Of Machinery Preparing Or Making Up Tobacco,3840,134697345
84791000,"Machinery For Public Works, Building..., Having Individual Functions",8,4507
84792000,Machinery For The Extraction/Preparation Of Animal/Vegetable Fats Or Oil,162140,69142033
84793000,"Machinery For Treating Wood Or Cork, Having Individual Functions",184901,69823370
84794000,Rope Or Cable-Making Machines,67416,93391103
84795000,"Industrial Robots, Nes",24612,52033236
84796000,Evaporative Air Coolers,10677,8409259
84797900,Other Passenger boarding bridges:,772,150244
84798100,"Machines For Treatng Metal,Inc.Elec.Wire Coilwinders,Individual Functions",785715,1098315901
84798200,"Machines For Mixing,Kneading,Crushing,Grinding,Having Individual Functions",571801,812843093
84798300,Cold isostatic presses,110,305382
84798900,"Machines, having individual functions, nes",1698391,2460932899
84799000,Parts Of Machines Having Individual Functions Of Hs Heading 8479,37482,46312015
84801000,Moulding Boxes For Metal Foundry,718,737285
84802000,Mould Bases,286317,427531588
84803000,Moulding Patterns,1258,2435893
84804100,Injection Or Compression Type Moulds For Metal Or Metal Carbides,25948,56097377
84804900,Moulds For Metal Or Metal Carbides (Excl. Injection Or Compression),257130,442249348
84805000,Moulds For Glass,11679,23478977
84806000,Moulds For Mineral Materials,24235,40319162
84807100,Injection Or Compression Type Moulds For Rubber Or Plastics,179581,317820103
84807900,Moulds For Rubber Or Plastics (Excl. Injection Of Compression),212414,344783368
84811011,"Pressure-reducing valves,... not exceeding 1 inch Pressure regulator/valve for LPG",127185,136953125
84811019,"Pressure-reducing valves,... not exceed 1 inch, Excl. Press. regulator/valve for LPG",6005,8792425
84811090,Exclu. Inner Diameter not exceeding 1 inch,80480,287087352
84812010,"Valves for oleohydraulic or pneumatic transmission, inner diameter not exceeding 1 inch",40057,29280863
84812090,"Valves for oleohydraulic or pneumatic transmissions,Excl.Inner diameter not excee. 1 inc",6054,8895470
84813019,"Check (nonreturn) valves, inner diameter <= 1 inch.",8890,7502904
84813090,"Check (nonreturn) valves, Excl. Inner Diameter <= 1 inch.",117630,49105324
84814011,"Safety or relief valves, Inner diameter <= 1 inch., Safety or relief valve for LPG",71149,81472796
84814019,"Safety or relief valves, Inner dia. <= 1 inch., Excl. Safety or relief valve for LPG",8950,9161058
84814090,"Safety or relief valves, Excl. diameter <= 1 Inch",8422,14019112
84818010,Inner-Tube Valves For motorized or non-motorized vehicles,50637,59535418
84818021,Hand diaphragm valve,1317,29588676
84818029,Hand diaphragm valve,208255,187396151
84818090,"Inner Diameter <1 inch,nes",237748,225420199
84819010,Parts of taps and cocks,95114,46179309
84819090,"Parts of taps and cocks, NES",10224,117582262
84821000,Ball Bearings,1050421,588474879
84822000,"Tapered Roller Bearings, Including Cone And Tapered Roller Assemblies",100195,55473561
84823000,Spherical Roller Bearings,3995,9003140
84824000,Needle Roller Bearings,952,4695975
84825000,Other Cylindrical Roller Bearings (Excl. Needle),9440,17753991
84828000,"Ball Or Roller Bearings (Incl. Combined Ball/Roller Bearings), Nes",11568,50487639
84829100,"Balls, Needles And Rollers",38276,16710351
84829900,"Parts Of Ball Or Roller Bearings (Excl. Balls, Needles And Rollers)",75669,39353362
84831000,Transmission shafts (incl. cam and crank shafts) and cranks,192445,243437635
84832000,"Bearing housings, incorporating ball or roller bearings",138235,77795472
84833000,"Bearing Housings, Nes; Plain Shaft Bearings",32343,72951858
84834000,Gears and gearing; ball or roller screws; gear boxes and other speed changers...,255423,155056746
84835000,Flywheels And Pulleys (Incl. Pulley Blocks),133319,73372447
84836000,Clutches And Shaft Couplings (Incl. Universal Joints),101519,65093386
84839000,"Parts Of Transmission Shafts, Cranks, Bearing Housings, Gears, Etc",7277,21961953
84841000,Gaskets... Of Metal Combined With Other Materials Or >1 Metal Layer,52313,34263843
84842000,Mechanical Seals,3890,196873653
84849000,Sets Or Assortments Of Gaskets And Similar Joints,565,14202318
84851000,"Machines for additive manufacturing, By metal deposit",26,16341
84853000,"Machines for additive manufacturing By plaster, cement, ceramics or glass deposit",5,210794
84863000,Machines and apparatus for the manufacture of flat panel displays,770,289218
84869000,Parts and accessories,12,7510
84871000,Ships' or boats' propellers and blades therefore,3033,2607417
84879000,Machinery Parts other than ships' or boats' propellers and blades therefore,151578,258491449
85011010,Fan motor fitted with revolving mechanism,98123,63293898
85011090,Motors Of An Output =<37.5 W,144269,81296899
85012010,Fan motor fitted with revolving mechanism,64794,28991130
85012091,Motors of an output not exceeding 37.5 W but not exceeding 750 W,370455,172268046
85012099,Excluding Motors of an output not exceeding 37.5 W but not exceeding 750 W,1320,1446740
85013100,"Oth DC motors; DC generators, other than photovoltaic genera <=750 W",38467,33821941
85013200,"Oth DC motors; DC generators, other than photovoltaic generators : >1200 W But <=75 Kw",439153,193152686
85013300,"Oth DC motors; DC generators, other than photovoltaic generators >75 Kw But <=375 Kw",1143,1158270
85013400,"Oth DC motors; DC generators, other than photovoltaic generators >375 kW",19314,24970699
85014010,"Ac motors, single-phase.. Of an output not exceeding 750 W",183775,97993387
85014020,"Ac motors, single-phase...Of an output exceeding 750 W but not exceeding 75 KW",350195,139932627
85014090,"Ac motors, single-phase...Excl. Of an output not exceeding 750 W",54396,21489513
85015100,"Ac Motors, Multi-Phase, Of An Output =<750 W",4276,9701255
85015200,"Ac motors, multi-phase, of an output >750 W-<=75 kW",34833,42884667
85015300,"Ac Motors, Multi-Phase, Of An Output >75 Kw",17775,18538985
85016100,"AC generators (alternators), other than photovoltaic generators :<=75 Kva",44030,18462798
85016200,"AC generators (alternators), other than photovoltaic generators=>75 Kva But <=375 Kva",505,191197
85016300,"AC generators (alternators), other than photovoltaic generato >=375 Kva But <=750 Kva",44,10968
85017100,Photovoltaic DC generators : Of an output not exceeding 50 W,1,1227
85017210,Photovoltaic DC generators : Of an output exceeding 50 W :,203,146414
85017220,Photovoltaic DC generators :Of an output exceeding 750 W not exceeding 75 kW,9138,10710547
85017230,Photovoltaic DC generators : Of an output exceeding 75 kW not exceeding 375 kW,38130,27297037
85017240,Photovoltaic DC generators : Of an output exceeding 50 W :,369124,154382574
85018030,Photovoltaic AC generators :Of an output exceeding 375 kVA but not exceeding 750 kVA,226,639291
85021100,"Generating Sets With Compression-Ignition Engines, =<75 Kva",262034,155962113
85021200,"Generating Sets With Compression-Ignition Engines, >75 Kva But <=375 Kva",152797,130678405
85021300,"Generating Sets With Compression-Ignition Engines, >375 Kva",263852,408558281
85022000,Generating sets with spark-ignition internal combustion piston engines,271645,816060485
85023900,"Generating sets (excl. wind-powered), nes",8676,4895841
85024000,Electric Rotary Converters,3,9219
85030020,PARTS OF OTHER GENERATOR,5792,2675728
85030030,Rotor/Motor bush/Casing for electric motors,405757,153179532
85030091,Stator with winding wire,288585,126801847
85030092,STATOR WITHOUT WINDING WIRE,151198,56811134
85030093,Others parts of motor,23001,8859078
85030099,Stator other than with/without winding wire,10569,7367094
85041000,Ballasts For Discharge Lamps Or Tubes,514,193132
85042100,"Liquid Dielectric Transformers, Power Handling Capacity =<650 Kva",3083,9504616
85042210,Having a power handling capacity exceeding 650kVA but exceeding 1000kVA,44,15325
85042390,"Liquid Dielectric Transformers, Power Handling Capacity >10000 Kva",104647,66902904
85043100,"Transformers, Nes, Power Handling Capacity =<1 Kva",98440,89482701
85043200,"Transformers, Nes, Power Handling Capacity =>1 Kva But <=16 Kva",608,1682120
85043300,"Transformers, Nes, Power Handling Capacity 16-500 Kva",428,1542029
85043400,"Transformers, Nes, Power Handling Capacity >500 Kva",77391,58555110
85044010,Mobile battery charger(less than 6V),54529,153443377
85044020,UPS/IPS (Capacity upto 2000 VA),207082,175442969
85044030,"Voltage stabilizer (capacity upto 2,000 VA)",27238,15371147
85044040,Solar Inverter,31783,48057418
85044090,Other Static converters,658668,742805741
85045000,"Inductors, Nes",7389,60043256
85049010,"Electrical transformers, static converters .. Tap Changer",11590,70663210
85049020,Formed core,120,149493
85049030,"Electrical transformers, static converters .. Parts, Parts of static converter",18337,9262102
85049090,"Parts Of Transformers, Inductors And Static Converters, Nes",83453,27535679
85051100,Permanent Magnets And Articles Becoming Permanent Magnets Of Metal,1198,1124526
85051900,Permanent Magnets And Articles Becoming Permanent Magnets (Excl. Metal),16498,10179094
85052000,"Electro-Magnetic Couplings, Clutches And Brakes",404,4815511
85059000,"Other Electro-Magnetic Or Permanent Magnet Chucks,Etc;Incl.Parts Of Magnet",6485,5460743
85061000,"Primary cells & primary Battery of Manganese dioxide, TV",1079,1610241
85063000,Primary Cells And Primary Batteries Of Mercuric Oxide,1290,250407
85065000,Primary Cells And Primary Batteries Of Lithium,323,2034969
85066090,Primary Cells And Primary Batteries Of Air-Zinc EXCL. Hearing Aid,63,132845
85068000,"Primary Cells And Primary Batteries, Nes",768,606097
85069010,Separator (Parts Of Primary Cells And Primary Batteries),90,45069
85069090,"Parts Of Primary Cells And Primary Batteries,Excl.Separator, Nes",1602,971160
85071000,Lead-Acid Accumulators For Starting Piston Engines,98469,47717447
85072010,Sealed (capacity 85 amp or less) imported by VAT registered manufacturing industries,26905,10663127
85072090,Other Lead Acid Accumulators,151502,66350850
85073000,"Nickel-Cadmium Accumulators, Separators.",39346,127980405
85075000,Nickel-metal hydride,2332,1508779
85076000,Lithium-ion,768824,1050033640
85078010,"Electric Accumulators,Seperators(Excl.Lead-Acid,Nickel-Cadmium/Nickel-Iron",20647,14099612
85078090,"Electric Accumulators,Seperators(Excl.Lead-Acid,Nickel-Cadmium/Nickel-Iron",518,893407
85079010,Separators,122182,57332691
85079090,"Parts Of Electric Accumulators, Nes",225966,60706220
85081100,"Vacuum Cleaners of a power not >1,500 W and a dust bag or oth recept. Cap. Not",2692,983496
85081900,"Vacuum Cleaners of a power >1,500 W and a dust bag or oth recept. Cap. > 20 l",16370,5748776
85086010,"Other vacuum cleaners, Industrial type",4212,4914413
85086090,"Other vacuum cleaners, Excluding Industrial type",2674,1286283
85087000,Parts,636,354285
85094000,Electro-Mechanical Domestic Food Grinders/Mixers/Juice Extractors,158453,34572068
85098000,"Electro-Mechanical Domestic Appliances, Nes, With Electric Motor",47629,10864858
85099000,Parts Of Electro-Mechanical Domestic Appliances,148505,62251390
85101000,Shavers With Self-Contained Electric Motor,472,505775
85102000,Hair Clippers With Self-Contained Electric Motor,586,1047403
85103000,"Hairremoving Appliances Wth Selfcontained Elec.Motor,(Exc.Shavers/Clippers",1469,1308983
85109000,Parts Of Shavers And Hair Clippers Etc With Self-Contained Electric Motor,15644,5128800
85111010,Sparking Plugs,67,53582
85111090,Sparking Plugs,44041,33118708
85112000,Ignition magnetos; magneto-dynamos; magnetic flywheels,8399,10715494
85112090,Other ignition magnetos; magneto-dynamos; magnetic flywheels,1,40290
85113000,Distributors; Ignition Coils,27361,57093864
85114000,Starter motors and dual purpose starter-generators,67095,43581408
85115000,"Generators, Nes, For Internal Combustion Engines",9415,7454645
85118000,"Ignition/Starting Equipment, Nes, For Internal Combustion Engines",952,2508846
85119000,Parts Of Electrical Ignition/Starting Equipment Of 85.11,28526,13745090
85121000,Lighting Or Visual Signalling Equipment For Bicycles,6586,2673321
85122000,Lighting Or Visual Signalling Equipment For Motor Vehicles,290888,189698073
85123000,Sound Signalling Equipment For Cycles Or Motor Vehicles,76268,37145727
85124000,"Windscreen Wipers, Defrosters And Demisters For Motor Vehicles",7166,4099149
85129000,"Parts Of Vehicle Lighting/Signalling, Etc, Equipment Of 85.12",11248,9778913
85131090,"Lamps, NES",95255,27512418
85139010,Parts of solar powered lantern/lamps having no provision for electrical power,177,88637
85139090,Parts of portable electric lamps of 85.13,48918,16283327
85141100,Resistance heated furnaces and ovens : Hot isostatic presses,56,109590
85141900,Resistance heated furnaces and ovens : Excluding Hot isostatic presses,4286,10409466
85142000,Induction Or Dielectric Industrial Or Laboratory Furnaces And Ovens,81743,38961881
85143100,Other furnaces and ovens : Electron beam furnaces,897,1011873
85143900,"Other furnaces and ovens , NES",4847,6133931
85149000,"Parts Of Industrial Or Laboratory Furnaces And Ovens, Etc, Of 85.14",6199,11754707
85151100,Soldering Irons And Guns,14044,6041229
85151900,"Brazing Or Soldering Machines And Apparatus, Nes",13998,13813943
85152100,"Machines For Resistance Welding Of Metal, Fully Or Partly Automatic",90,49829
85152900,"Machines And Apparatus For Resistance Welding Of Metal, Not Automatic",4098,2626777
85153100,"Machines For Arc (Incl. Plasma Arc) Welding Of Metals, Automatic",6039,3287026
85153900,"Machines For Arc (Incl. Plasma Arc) Welding Of Metals, Not Automatic",61634,32703700
85158000,"Machines And Apparatus For Welding/Spraying Of Metals, Nes",23765,16094533
85159000,"Parts Of Soldering, Brazing, Welding, Etc, Machines/Apparatus Of 85.15",31460,12768010
85161010,Solar water heater with insulated storage tank,10,175285
85161090,Other than water heater with insulated storage tank,153942,39526800
85162100,Electric Storage Heating Radiators,2440,176358
85162900,"Electric space heating and soil heating apparatus, nes",9352,3490064
85163100,Electro-Thermic Hair Dryers,10445,5270893
85163200,"Electro-Thermic Hair-Dressing Apparatus, Etc (Excl. Dryers)",4831,3030261
85163300,Electro-Thermic Hand-Drying Apparatus,1712,484471
85164010,Industrial Steam Iron,15220,14154136
85164090,"Other Electrical Smoothing Irons,Nes",1700,572354
85165000,Microwave Ovens,79627,31888280
85166000,"Electric Ovens, Nes; Cookers, Cooking Plates, Boiling Rings, Grillers...",244546,68682027
85167100,Electro-Thermic Coffee Or Tea Makers,14961,5495947
85167200,Toasters,2875,376055
85167910,"Electro-Thermic Domestic Appliances, Nes",974,377302
85167920,Mosquito/Insect killing bat,25163,6294167
85167990,"Electro-Thermic Domestic Appliances, Nes",115080,38828099
85168000,Electric Heating Resistors (Excl. Those Of 85.45),103511,50780881
85169000,Parts Of Electro-Thermic Appliances Of 85.16,723476,261901788
85171100,"Telephone set,inclu.telephone for cellu. network line t.phon Sets With ordless Handsets",6285,4561877
85171300,Smartphones,5691,166068791
85171400,Other telephones for cellular networks or for other wireless networks,45,1727842
85171800,Telephone set for other wireless networks,2098,1254910
85176100,"Other apparatus for transmission or reception of voice, images or other data??b",7440,202692727
85176210,Transmitting and receiving apparatus,9554,61539230
85176220,Telephonic or telegraphic switching apparatus,48,56340
85176230,"Modem; Ethernet interface card; computer network switch, hub and router",304777,710582249
85176240,G.master clock; modulator; m.plexer; optical fiber platform; network mgmt. system,12217,398783323
85176250,"WI-FI WIMAX LAN Card Access point,Security Dev",3035,196584320
85176260,ANTENA FOR BASE STATION,99013,479118654
85176290,"Other reception, transmission app.(excl. modem, telephonic/telegraphic switch.",209529,926220047
85176900,Other telephone sets (excl. video phone ),8,354405
85177000,Parts,4,25666
85177900,Parts : NES,102692,1883868769
85181000,Microphones And Stands Therefor,22442,26680950
85182100,"Single Loudspeakers, Mounted In Their Enclosures",2395,2723864
85182200,"Multiple Loudspeakers, Mounted In The Same Enclosure",15246,6088807
85182900,"Loudspeakers, Not Mounted In Encloseurs",133928,145607094
85183000,"Headphones, Earphones And Combined Microphone/Speaker Sets",148146,52956060
85184000,Audio-Frequency Electric Amplifiers,7962,4397680
85185000,Electric Sound Amplifier Sets,61212,28701717
85189000,Parts Of Apparatus Of 85.18,105254,33973854
85192000,"Apparatus operated by coins, banknotes, bank cards, tokens ..other means of payment",141,45963
85193000,Turntables (record-decks) :,89,33328
85198120,"Other apparatus, Using magnetic, optical or semiconductor media, In CBU condit",61984,19421653
85198910,"Other Sound recording or reproducing apparatus, In CKD condition, nes",3,1502
85198920,"Other Sound recording or reproducing apparatus, In CBU condition, nes",60203,32164829
85211010,"Video Recording..Appa.,With/Without Video Tuner,Magnetic Tape-Type In Ckd",8,123
85219020,"Vdo Rcding./Reprod.Appa.,With/Without Vdo Tuner,Exc.Mag.Tape Type In Cbu",52237,24942713
85229010,OTHER APPARATUS OF THE HEADING 8519,19222,6232066
85229020,For apparatus of Heading 85.21,1284,1263578
85232100,Cards incorporating a magnetic stripe,6,71457
85232913,Other software for automatic data processing machines,0,294757
85232919,"Other recorded media excl. rec. from holy Quran, software, reproduction of spe",1,1439876
85234100,Optical media: Unrecorded,2928,2583268
85234921,Database; os; development tools; productivity; communication or collaboration soft.,4,29841
85234929,Optical media: Incorporating computer software,35,776865920
85234990,Other Optical media (EXCL. Unrecorded),86,177556802
85235110,Flash memory card or similar media,1486,35126008
85235121,"Database,os, dev. tools, security software ms office internet ... presentation tools",0,91628
85235129,Other software for automatic data processing machines,15,344767
85235190,"Solid-state non-volatile storage devices, excl flash memory",171,9441363
85235200,Smart cards,23204,806102728
85235910,Proximity Cards and tags,38,342147
85235920,RFID TAG,520,6660048
85235990,Semiconductor media : Excl. Proximity Cards and tags,1,23945
85238010,Database; os; dev. tools; productivity; commn or collaboration soft.,10,25100531
85238020,Other software for automatic data processing machines,2,8217284
85238090,Excl Database; os; dev. tools; productivity; commn or collaboration soft.,598,4325050
85241110,Flat panel display module Without drivers or control circuits :Of liquid crystals :,231,220349
85241190,Flat panel display module Without drivers or control circuits :Of liquid crystals :,3,17555
85241210,OLED panel of apparatus of Heading 85.28,225,2030909
85241290,Flat panel display modules ..:Of liquid crystals :Of organic light-emitting diodes,9,31317
85241910,LED panel of apparatus of Heading 85.28,3013,11889619
85241990,"Flat panel display modules, Without drivers or control circuits : NES",15,836260
85249100,"Flat panel display modules, whether or not incorporating Of liquid crystals",6014,59300213
85249200,Flat panel display modules Of organic light-emitting diodes (OLED),160,1603374
85249900,"Flat panel display modules, whether or not incorporating touch-sensitive screens,NES",74875,1643385427
85255090,"Transmission apparatus, excl. aircraft",18,12562119
85256020,Walkietalkie,904,12492958
85256090,"Other Transmission apparatus incorporating reception apparatus(excl. aircraft,",86,3338190
85258110,High-speed goods as specified in Subheading Note 1 to this Chapter,8735,5294860
85258190,High-speed goods as specified in Subheading Note 1 to this Chapter,3393,11089594
85258210,"Other, radiation-hardened or radiation-tolerant goods as specified in Subheading Not2",1,6412
85258290,"Other, radiation-hardened or radiation-tolerant goods as specified in Subheading Not2",15784,10760179
85258310,"Other, night vision goods as specified in Subheading Note 3 to this Chapter",585,1406148
85258390,"Other, night vision goods as specified in Subheading Note 3 to this Chapter",831,1257242
85258900,"Flat panel display modules, whether or not incorporating touch-sensitive screens. NES",60331,84897357
85261000,Radar Apparatus,0,1299
85269110,GPS Vehicle tracking system,778,10283744
85269190,Radio Navigational Aid Apparatus,552,9491690
85269200,Radio Remote Control Apparatus,5,255246
85272100,Combined with sound recording or reproducing apparatus :,119,2905389
85272900,"Radio receivers for motor vehicles, nes",10178,2778470
85284900,"Other Cathode-ray tube monitors, excl. of a kind solely....used in an automati",8,41885
85285210,Computer monitor size not exceeding 22 inch,147785,264291979
85285290,"Other Monitor, excluding Computer monitor size not exceeding 22 inch",12312,21891079
85285900,"Other Monitor, excl, of a kind solely or principally?.an automatic data proc..",8996,33303846
85286200,"Projector, Cpbl.of directly connecting…for use with auto data processing mchn, 8471",413,959117
85286900,"Other Projections, excl. of a kind solely or prin?.an automatic data proc..sys",8105,5778864
85287110,"Reception apparatus for television,?.,Not designed to incorporate a video disp",24931,16255364
85287190,"Reception apparatus for television,?.,Not designed to incorporate a video disp",10214,8221300
85287200,"Other Reception apparatus for television,.,Colour, CKD",6913,5887322
85287300,"Other, black and white or other monochrome",6012,2481280
85291000,Aerials And Aerial Reflectors Of All Kinds And Parts Thereof,14058,4899536
85299010,Parts of apparatus of Heading 85.27,1143,675874
85299021,LED bulb with bar imported by VAT registered television manufacturing industry,8343,42824067
85299022,"Open Cell for use in manu of LCD,LED panel import by IND.IRC.VAT reg. TV manf. Ind",148457,1008406608
85299023,Other Parts,372093,241416416
85299029,Parts of app. of 85.25-85.28 Excl. Imp. By VAT reg. TV Mfg. including TV card,4101,1959791
85299030,,33516,71994245
85299090,Parts Of Apparatus Of Heading No. 85.25 & 85.26,8114,4316483
85301000,Electrical Signalling... Equipment For Railways Or Tramways,133,5409702
85308000,"Electrical Signalling... Equipment For Roads, Inland Waterways...",2148,7198855
85309000,"Parts Of Electrical Signalling Equipment For Railways, Etc, Of 85.30",1050,394283
85311000,Electrical Burglar Or Fire Alarms And Similar Apparatus,52067,126004219
85312000,ndicator panels incorp. liquid crystal devices (LCD) or light-emitting diodes (LED),9453,86084123
85318000,"Electrical Apparatus For Sound Or Visual Signalling, Nes",10049,20356146
85319000,Parts Of Apparatus Of 85.31,12624,12662909
85321000,Fixed Capacitors For 50/60 Hz Circuits Having Power Capacity >=0.5kvar,23870,18576645
85322200,Aluminium electrolytic,36727,26393805
85322300,"Fixed Electrical Capacitors Of Ceramic Dielectric, Single Layer",578,314363
85322400,"Fixed Electrical Capacitors Of Ceramic Dielectric, Multilayer",11,6655
85322500,Fixed Electrical Capacitors Of Dielectric Of Paper Or Plastics,16186,10202140
85322910,"Fixed electrical capacitors, nes, capacitors imp by VAT reg comp. manu.",10215,7796175
85322990,"Fixed electrical capacitors, nes, Excl capacitors imp by VAT reg comp. manu.",113550,164910145
85323000,Electrical Variable Or Adjustable (Pre-Set) Capacitors,7394,4205852
85329000,Parts Of Electrical Capacitors Of 85.32,1,9369
85331000,"Fixed Carbon Resistors, Composition Or Film Types",8189,4799041
85332100,Fixed Resistors For A Power Handling Capacity =<20w,318,1975065
85332900,Other Fixed Resistors For A Power Handling Capacity >20w,6163,33614821
85333100,Wirewound Variable Resistors For A Power Handling Capacity =<20w,120,56280
85333900,Wirewound Variable Resistors For A Power Handling Capacity >20 W,97,74023
85334000,"Variable Resistors, Nes (Incl. Rheostats And Potentiometers)",28942,31599894
85339000,"Parts Of Electrical Resistors, Rheostats And Potentiometers",1,565
85340000,Printed Circuits,65506,132562052
85351000,"Fuses, >1000 V",297154,60474064
85352110,Automatic Circuit Breakers For A Voltage 1.0-72.5 Kv,1859,2231988
85352190,Automatic Circuit Breakers For A Voltage 1.0-72.5 Kv,31258,32369240
85352900,Automatic Circuit Breakers For A Voltage >72.5 Kv,17945,5147336
85353000,"Isolating Switches And Make-And-Break Switches, >1000 V",20415,13603691
85354010,Lightning arresters,8293,35187418
85354090,Excl. Lightning arresters,7482,4643298
85359090,"Other Apparatus For Switching... Electrical Circuits, >1000 V, Nes",997,7774664
85361000,"Fuses, =<1000 V",3666,3596050
85362000,"Automatic Circuit Breakers, =<1000 V",91913,156972652
85363010,"Apparatus For Protecting Electrical Circuits, Nes, =<1000 V",55,63926
85363090,"Apparatus For Protecting Electrical Circuits, Nes, =<1000 V",3410,9985945
85364100,Relays For A Voltage =<60 V,18139,8883808
85364910,Relays For A Voltage 60-1000 V,349,776483
85364990,Relays For A Voltage 60-1000 V,50728,136447160
85365000,Other switches,52514,78854143
85366100,"Lamp-Holders, =<1000 V",5513,22155238
85366900,Other,7029,9431320
85367000,"Connectors for optical fibres, optical fibre bundles or cables",11145,4407598
85369010,"Apparatus For Switching... Electrical Circuits, Nes, =<1000 V",19101,41114037
85369090,"Apparatus For Switching... Electrical Circuits, Nes, =<1000 V",31734,66524421
85371010,BUSBAR TRUNKING SYSTEM,159640,298793937
85371020,Electric panel,37798,72764066
85371090,Other,125203,769747933
85372000,"Boards...Equipped With Two/More Apparatus Of 85.35/85.36, Voltage > 1000v",276262,1067488576
85381000,"Boards... Desks, Cabinets And Other Bases For Goods Of 85.37, Not Equipped",121895,254197008
85389000,"Parts Of Apparatus Of 85.35 To 85.37, Nes",596832,681143492
85389090,"Parts Of Apparatus Of 85.35 To 85.37, Nes",655,645982
85391000,Sealed Beam Lamp Units,29187,3615205
85392110,Tungsten Halogen Lomp For Use In Laboratories Or Operation Theatres,3,1219520
85392190,Other Tungsten Halogen Filament Lamps (Excl.Ultra-Violet Or Infra-Red)Nes.,1414,1021576
85392200,"Filament lamps of a power =<200w and of a voltage >100v, nes",13,58658
85392910,Indicator pilot lamp 6V-60V/5 Watt,9253,4175471
85392990,"Elec.filmnt.or discharge lamps,incl. sealed beam..excl.Indicator pilot lamp 6V-60V/5 wa",7990,5323897
85393110,Energy Saving Lamp having an output of light 3 times or more compared to normal fla.,7,101423
85393120,T5 tube light,2107,1255348
85393190,"Discharge Lamp other than Ultra-Violet Lamps, Fluorescent, Hot Cathode",219,433412
85393290,"Other Mercury Or Sodium Vapour Lamps; Metal Halide Lamps, Nes",14672,21810322
85393990,"Discharge Lamps, Not Ulta-Viilet Lamps,Mercury Or Sodium Vapour Lamps Nes.",99,1613648
85394100,Arc-Lamps,622,2845554
85394910,For Use In Laboratories Or Operation Theaters,2,1279499
85394990,Other Ultra-Violet Or Infra-Red Lamps Nes.,18815,24080385
85395100,Light-emitting diode (LED) light sources :,18665,13134774
85395200,Light-emitting diode (LED) light sources :Light-emitting diode (LED) lamps,28788,25736217
85399010,Base Cap For Lamps,58046,25187147
85399030,Of Light-emitting diode (LED) lamps,246007,158984771
85399090,"Parts For Filament Or Discharge Lamps,Excl.Aluminum Base Cap For Lamps,Nes",126587,56325322
85407100,Magnetrons,5275,4397534
85408100,Receiver Or Amplifier Valves And Tubes,98,28794
85408900,"Other Valves And Tubes, Nes",93,3253821
85409900,Other Parts Of Tubes And Valves Of 85.40 (Excl.Parts Of Cathode-Ray Tubes),788,318324
85411000,"Diodes, other than photosensitive or light-emitting diodes (LED)",15851,23418085
85412900,"Transistors (Excl. Phototransistors), With A Dissipation Rate >=1w",3029,13858048
85413000,"Thyristors, Diacs And Triacs, Other Than Photosensitive Devices",3237,15520409
85414100,"Photosensitive semi-conductor devices, including....Light-emitting diodes (LED)",8406,25221631
85414300,Photovoltaic cells assembled in modules or made up into panels,5273461,2051178505
85414900,"Other --- Photosensitive semi-conductor devices,..light-emitting diodes (LED) NES",4,48770
85415100,"Other semi-conductor devices , Semiconductor-based transducers",3,56104
85415900,Other semi-conductor devices : NES,1,80380
85416000,Mounted Piezo-Electric Crystals,14,8094040
85419000,Parts Of Devices Of 85.41,3991,2640722
85423110,"Processors & controllers, whet. or not comb.logic ckt, a, SIM module",1049,137414846
85423120,Other module Imp by VAT Reg SIM card or smart card or Dig card manu,468,45229965
85423300,Amplifiers,82,2061004
85423910,"SIM card, TV",1,3748
85423990,"Electronic integrated circuits,nes",6280,3848667625
85429000,Parts,3291,5740658
85432000,Signal Generators,98,521934
85433000,"Machines/Apparatus For Electroplating, Electrolysis Or Electrophoresis",148,41904
85434000,Electronic cigarettes and similar personal electric vaporising devices,1,750
85437010,Remote control for electronic and electrical apparatus,16003,23926060
85437020,Electronic talking dictionary,1,24132
85437030,Electronic insects repelling devices,17628,15701857
85437040,Electric/Electronic access control,13683,12023395
85437090,"Other machines & appa., Excl. Remote control for electronic and electrical appa.",57015,159434956
85439090,Parts excluding Electronic Cigarattes and Similar personal electric vaporising device,35277,16969200
85441100,Of copper,44925,42045529
85441910,Cotton Braided Electric Cables,478,8376858
85441990,Other Winding Wire (Excl Wire Of Copper & Cotton Braided Electric Cables),138367,141092944
85442000,Co-Axial Cable And Other Co-Axial Electric Conductors,124767,151104177
85443000,"Ignition Wiring Sets And Other Wiring Sets For Vehicles, Aircraft...",57787,36877109
85444200,"Other electric conductors for a voltage not exceeding 1,000 V: Fitted with conn",316770,285908052
85444900,"Electric Conductors, Nes, For A Voltage <=80 V, Not Fitted With Connectors",591377,1277796002
85446000,"Other electric conductors, for a voltage exceeding 1000V",220256,242301232
85447000,Optical Fibre Cables Made Up Of Individually Sheathed Fibres,41028,26843944
85451100,Carbon electrodes for furnaces,248821,87155537
85452000,Carbon Brushes,5663,7154876
85459010,Crabon Block,896,232023
85459020,Carbon rod,4707,1963008
85459090,"Articles Of Graphite Or Other Carbon, Nes, For Electrical Purposes, Nes",227,87826
85462000,Ceramic Electrical Insulators,130541,11997985
85469000,Electrical Insulators (Excl. Of Glass Or Ceramics),7951,22133818
85471000,Insulating Fittings Of Ceramics For Electrical Machines...,108095,8984761
85472000,Insulating Fittings Of Plastics For Electrical Machines...,10654,27501439
85479000,"Insulating Fittings, Nes, For Electrical Machines...; Conduit Tubing...",1659,451049
85480000,"Electrical parts of machinery or apparatus, not specified or included elsewhere in th",2350,1721397
86072900,"Brakes And Parts Thereof, Of Railway... Locomotives/Rolling Stock",3750,1839787
86073000,"Hooks And Other Coupling Devices, Buffers, And Parts Thereof",0,10295
86079100,"Parts Of Railway Or Tramway Locomotives, Nes",8615,65662763
86079900,"Parts Of Railway Or Tramway Rolling Stock, Nes",886,5417272
86090010,Insulated Or Refer Container,4370,2939782
86090090,"Containers Specially Designed For Transport By One Or More Method, Nes",16111,2781301
87012100,With only compression-ignition internal combustion piston engn(diesel or semi-diesel,32400,15566408
87019210,"Other Tracktor, of an engine power Exceeding 18 kW but not exceeding 37 kW",549530,265839246
87019310,"Other tracktor, of an engine power Exceeding 37 kW but not exceeding 75 kW",952994,511542951
87021010,"Built-Up, Double Decker Bus (diesel or semi-diesel)",32000,31237660
87021030,"Built-Up,Having A Seating Capacity >15 but not exceeding 40,incl.the driver",116655,112101664
87029011,"Built-up, Double Decker bus, Using CNG/LPG/LNG as fuel",1,3718
87029030,"Built-Up,Having A Seating Capacity exceeding 15 but not exceeding 40,incl Driver",7880,8999732
87029040,"Built-Up,having a seating capacity not exceeding 15,including the driver",341160,286842583
87031000,Vehicles specially designed for travelling on snow; golf cars and similar vehicles......,3965,2956326
87032121,"Recond. Motor cars & oth. vehicles; incl.stn.wagons,CBU, cylinder capacity not>1000 cc",870,1179791
87032211,"Recond.Motor Cars & oth. Vehicles,incl.stn. wagons,CBU, cap.>1000cc,but=<1500cc",229160,206135001
87032221,"Other Motor Cars & Vehicles,incl.stn. wagons,CBU, cap.>1000cc,but=<1500cc",68598,101634860
87032225,"Other Microbus, CBU, capacity >1000cc, but <=1500cc",1350,726182
87032321,"Oth.Motor cars and oth. vehi, incl. stn.wagons,CBU,capacity >1500cc,<=1600cc",13500,35343499
87032331,"Recond. Motor Cars and oth. Vehicle, incl.stn. wagon,CBU, cap. >1600cc,but =<2000cc",82160,96250791
87032334,"Recond Ambulance fitted with essen. equp. passen cabin leng>9ft Cap >1600cc,<=2000cc",98260,76482542
87032336,"Recond. Microbus of a cylinder capacity exceeding 1800cc, , CBU",173720,157318527
87032346,"Other Microbus of a cylinder capacity >1800cc, but not >2000cc,CBU",1650,5010050
87032351,"Recond. Motor Cars and oth. Vehicle, incl.stn. wagon,CBU, cap. >2000cc,but =<3000cc",21661,21853841
87032353,"Recond Ambulance fitted essen. equp. passen cabin leng>9ft cap.>2000cc, =<3000cc",1980,1548959
87032361,"Other Motor Cars and oth. Vehicle, incl.stn. wagon,CBU, cap. >2000cc,but =<3000cc",4490,8171657
87032411,"Recond. Motor cars and oth.vehicles,incl. stn. wagon,CBU cap. >3000cc, <=4000cc",2600,2890067
87032421,"Other Motor cars and oth.vehicles,incl. stn. wagon,CBU cap. >3000cc, <=4000cc",5040,9537840
87032431,"Recon. Motor car & oth.vehicle incl.stn.Wagon,CBU,capacity >4000CC",2745,5129624
87033341,"Oth.Motor cars & vehi.incl. stn. wagons, CBU,>3000cc but <=4000cc",19360,41073009
87034011,Of a cylinder capacity not exceeding 1800 cc,58642,91703613
87034012,Of a cylinder capacity not exceeding 1800 cc,796295,852692583
87034013,"Microbus, brand new , cyliner capacity not >1600CC",11970,18515492
87034014,"Microbus, Reconditioned, cyliner capacity not >1600CC",337581,364334419
87034022,"Motor cars & oth. vehicles, incl. stn wagons, CBU, recondition, cap. >1600CC, <2000CC",21560,26716375
87034031,"Motor cars & oth vehicles, incl. station wagons, CBU, brand new, >2000CC, = >2500CC",5480,11034643
87034032,"Motor cars & oth vehicles, incl. station wagons, CBU, Recond. , >2000CC, =<2500CC",51920,68832271
87034033,"Microbus, brand new, cylinder capacity >2000CC, but not >2500CC",2230,5469975
87034034,"Microbus, reconditioned, cylinder capacity >=2001CC, but not <=2500CC",20070,25701519
87035041,"Motor cars & oth vehicles, incl stn wagons, CBU, brand new,>3000CC, <=4000CC",2680,5158393
87036011,"Motor cars and oth vehicles, Inc. station wagons, CBU, Brand new,Capacity <1800cc",177086,244535182
87036041,"Motor cars and oth vehicles, incl. station wagons, CBU,brand new,cap >2500 but<3000cc",1660,26160769
87037043,"Microbus, brand new, capacity >2500cc but <3000cc",5370,7983033
87038000,"Other vehicles, with only electric motor for propulsion",52576,241505858
87039011,"CNG operated 3 wheeled vehicle, 4 stroke engine,CBU",80529,39679445
87039013,Electric Battery operated 3 wheeled Vehicles,1093914,146250244
87041000,Dumpers For Off-Highway Use,6340,2353101
87042111,"Refer Van & Insulated Road Milk Tanker In Cbu, G.V.W Not >5 Tonnes",4390,3500076
87042114,"Double cabin pickup,CBU,min.4 doors of a cylinder capacity 2001cc-3000cc",17975,35230977
87042117,Dumper/tipper in CBU,7160,2917553
87042119,"Goods vehicles, with diesel or semi-diesel engines, gvw =<5tonnes, CBU, NES",572120,294910664
87042121,Truck and pickup in CKD condition,298474,187529306
87042211,Refrigeration Van in CBU,9430,6786509
87042214,Dumper/tipper in CBU,92858,41189367
87042219,"Goods vehicles, with diesel or semi-diesel engines, gvw 5-20tonnes, CBU, NES",356935,229159088
87042221,"Truck, Gvw >5 Toones, Not >20 Tonnes, Ckd",2099873,888786942
87042312,Truck having more than 2 axles in CBU,288402,106578022
87042313,Dumper/tipper in CBU,77679,24506607
87042319,"Goods vehicles, with diesel or semi-diesel engines, gvw >20tonnes, CBU, NES",23800,9688434
87043111,"Refer Van & Insulated Road Milk Tanker, Cbu, Gvw Not >5 Tonnes",7210,4734974
87043114,"Double cabin pickup,CBU,min.4 doors of a cylinder capacity >2000cc but<=3000cc",15680,33208170
87043119,"Goods vehicles, with spark-ignition piston engines, gvw =<5tonnes, CBU, NES",27840,20602366
87043129,Goods Vehicle...gvw=<5 tones Truck in CKD,3600,5865234
87046000,Other with only electric motor for propulsion,10460,5662494
87059090,"Special Purpose Motor Vehicles, Nes (Eg Breakdown Lorries, Etc)",14000,92169410
87060022,Chassis Fitted With Eng.Heading No.87.02 Buses For Having Seating Cap.>=40,248570,116356846
87060024,"Chassis fitted with engine,for the notor vehicles of heading 87.02 in CKD Condition",614088,275811797
87060029,"Chassis Fitted With Engines,For The Motor Vehicles Of 87.02, Nes",12890,6581362
87060043,Chassis fitted with eng. for motor vehic. 8704. in CKD,63162,55153085
87071000,Bodies (Incl. Cabs) For The Motor Vehicles Of 87.03,54194,43440431
87079041,"Bodies Including Cabs, For Trucks ( Excl. Multi Axle Trucks), Pickup",60060,28249624
87079049,"Bodies Incl. Cabs For The Motor Vehicles, Nes",271510,111262958
87081000,Bumpers and parts thereof,17705,14343199
87082100,Safety seat belts,1442,2396995
87082200,"Front windscreens (windshields),rear windows& oth win. specified in S.head Note 1 Ch",18314,22642868
87082900,"Parts and accessories of bodies (incl. cabs), nes",47274,29257262
87083000,Brakes and servo-brakes and parts thereof Excl. For tractors,160249,86248003
87084000,Gear boxes,170815,92946625
87085000,Drive-axles with differential,394047,159433408
87087000,Road wheels and parts and accessories thereof,69389,38384878
87088000,Suspension shock absorbers,250433,111130470
87089100,Radiators,28999,21102213
87089200,Silencers and exhaust pipes,6750,6698878
87089300,Clutches and parts thereof,109734,58583573
87089400,"Steering wheels, steering columns and steering boxes",16743,14691823
87089500,Safety airbags with inflater system; parts thereof,412,1899116
87089900,"Parts and accessories, nes, for vehicles of 87.01 to 87.05",1270520,620177143
87091100,"Electrical vehicles, not fitted with lifting... equipment",7500,7125663
87100000,Motorized Tanks And Other Armoured Fighting Vehicles And Parts Thereof,2541,62709578
87112011,"Piston engine,capacity >50cc not >250cc,Motorcycle, in CBU with four-stroke engine",114407,143387581
87112021,"Piston Engine,Capacity >50cc not >250cc,Motorcycle,In CKD with four stroke engine",67007,48123806
87116000,"Motorcycles (including mopeds)...; side-cars., With electric motor for propulsion",140211,58592800
87119000,Other,4566,1621050
87120000,"Bicycles And Other Cycles, Not Motorized",17567,3670128
87131000,"Invalid Carriages, Not Mechanically Propelled",61105,21339068
87139000,"Invalid Carriages, Motorised Or Otherwise Mechanically Propelled",8955,2387476
87141010,"Parts and acce. Of Motorcycles, Saddles",96,48073
87141020,FUEL TANK OF MOTORCYCLE,215569,125261779
87141090,"Parts and acce. Of Motorcycles, EXCLUDING Saddles",2970071,2421941221
87142000,Parts And Accessories Of Invalid Carriages,141,52962
87149100,"Frames and forks, and parts thereof",277971,75441306
87149210,"Wheel Rims & Spokes Of Bicycles & Other Cycles, Not Motorised",59061,17393999
87149311,"Hubs, other Than Coaster Braking Hubs & Hub ... Free-wheel sprocket-wheels of bicycle",78984,21056349
87149319,"Hubs, other Than Coaster Braking Hub excluding Free-wheel sprocket-wheels of bicycle",42177,11144151
87149390,"Hubs,Other Than Coaster Braking Hubs & ....Of Bicycles (Excl.Not Motorised",2339,649836
87149410,"Brakes,Including Coaster Braking Hubs & Hubs...Of Bicycles, Not Motorised",146277,46438384
87149490,"Brakes,Including Coaster Braking Hubs &..Of Bicycle (Excl.Not Motorised)",79,136064
87149510,"Saddles Of Bicycles & Other, Not Motorised",35474,9201105
87149590,Saddles Of Bicycles & Other (Excl. Not Motorised),25933,6625147
87149610,"Pedals & Crank-Gear Of Bicycles & Other, Not Motorised",150025,39328914
87149900,"Parts and accessories of cycles, nes",422207,122645375
87150000,Baby Carriages And Parts Thereof,24241,7065985
87161000,"Trailers And Semi-Trailers Of The Caravan Type, For Housing Or Camping",140,35061
87163100,Tanker Trailers And Tanker Semi-Trailers,44300,17924085
87163900,"Trailers And Semi-Trailers For The Transport Of Goods, Nes",15000,5983002
87168000,"Vehicles, Not Mechanically Propelled, Nes",74656,11063450
87169000,"Parts Of Trailers, Semi-Trailers, Etc, Of 87.16",192381,36764295
88010000,"Balloons and dirigibles; gliders, hang gliders and other nonpowered aircraft.",200,901712
88051000,"Aircraft Launching Gear, Deck-Arrestors... And Parts Thereof",233,7551287
88052900,"GROUND FLYING TRAINERS AND PARTS THEREOF,EXCLUDING AIR COMBAT SIMULATORS",2,1092306
88062200,"Oth,for rmt-ctrl.flight only: With maximum take-off weight>250g but <7 kg",112,1499943
88079000,"Parts of goods of heading 88.01, 88.02 or 88.06.OTHER",9877,696415097
89019010,Vessels capa. <=3000 DWT for regi.in BD operating in ocean at least 3 consec year,80000,2879685
89019030,VESEL CAPACITY >5000 DWT FOR REG. IN BD OPERATING IN OCEAN FOR AT LEAST 3 CONSE. YRS,38976000,5018303925
89031900,Inflatable (including rigid hull inflatable) boats : OTHER,415,3081267
89079000,"Oth.Floating Structures(Egtanks,Cofferdams,Landingstages,Buoys/Beacons)Nes",13337,9770444
89080000,Vessels and other floating structures for breaking up.,73394940,3903721460
90011010,Optical fibres and color optical fibres,8378,53626172
90011090,COLOR OPTICAL FIBRES EXCLUDING IMPORTED BY VAT REGISTERED OPTICAL FIBRE CABLE MFG.INDUS,9,5133
90013000,Contact Lenses,1176,1934531
90014000,Spectacle Lenses Of Glass,1706,1170575
90015000,Spectacle Lenses (Excl. Of Glass),24577,14406600
90019090,"Oth. Prisms, Mirrors And Other Optical Elements, Unmounted, Nes",8305,38204301
90021100,"Mounted Objective Lenses, Of Any Material, For Cameras, Projectors, Etc",160,6294880
90021900,"Mounted Objective Lenses, Of Any Material, Nes",430,386219
90022000,"Mounted Filters, Of Any Material",1,56184
90029000,"Oth. Mounted Lenses, Prisms, Mirrors, Etc, Of Any Material, Nes",110,1030152
90031100,"Frames And Mountings For Spectacles, Goggles Or The Like, Of Plastics, TV",2509,4516114
90031900,"Frames And Mountings For Spectacles, Goggles Or The Like, Nes, TV",434,15020882
90039000,"Other Parts Of Frames And Mountings For Spectacles, Goggles Or The Like",14847,4798687
90041000,"Sunglasses, TV",2298,6850639
90049000,"Spectacles, Goggles And The Like (Excl. Sunglasses), TV",1486,1448710
90051000,Binoculars,305,4708450
90058000,Other Instruments (Excl. Binoculars) Such As Optical Telescopes,4521,1330954322
90059000,"Parts And Accessories (Incl. Mountings) Of Binoculars, Etc",71,136269
90063000,"Cameras For Underwater Use, For Aerial Survey, For Medical Purposes...",104,88888
90064000,Instant Print Cameras,1640,1143984
90065900,"Cameras,Nes (Not Cine-)",4444,14550289
90066100,Discharge Lamp (Electronic) Flashlight Apparatus,2327,760619
90066900,"Photographic Flashlight Apparatus, Nes",211,85140
90069100,Parts And Accessories For Cameras (Not Cine-),4747,7183578
90069900,Parts And Accessories For Photographic Flashlight Apparatus,5679,8442932
90072010,Other Of Film Less Than 16mm,527,167827
90079100,Parts And Accessories For Cinematographic Cameras,176,2328772
90079200,Parts And Accessories For Cinematographic Projectors,120,52585
90085000,"Projectors, enlargers and reducers",390,581599
90089000,"Parts And Accessories Of Image Projectors, Photo Enlargers/Reducers",0,3696
90101000,Apparatus And Equipment For Automatically Developing Photographic Film,1950,4051111
90105000,"Oth Apparatus & Equipment For Photographic(& Cinema.)Labs,Nes;Negatoscopes",2365,1905744
90106000,Projection Screens,16780,6391531
90109000,Parts And Accessories Of Photo-Laboratory Apparatus Of 90.10,454,113688
90111000,Stereoscopic Microscopes,258,9496699
90118000,"Other Optical Microscopes, Nes",9873,15653836
90119000,Parts And Accessories Of Optical Microscopes Of 90.11,14,184431
90121000,Microscopes (Excl. Optical Microscopes) And Diffraction Apparatus,2174,36983628
90131000,"Telescopic Sights For Fitting To Arms; Periscopes, Etc",15,6849
90132000,"Lasers, Other Than Laser Diodes",6489,18109639
90138090,"Optical devices, appliances and instruments, nes",263,91094
90139010,"Parts And Accessories Of Lasers And Optical Devices, Nes, Of 90.13",1,37541
90139090,"Parts And Accessories Of Lasers And Optical Devices, Nes, Of 90.13",397,307519
90141000,Direction Finding Compasses,127,9327676
90148090,"Instruments And Apparatus For Navigation, Nes",647,27122351
90149000,Parts And Accessories Of Instruments And Apparatus For Navigation,6,364046
90151000,Rangefinders,367,162665
90152000,Theodolites And Tacheometers,189,10359230
90153000,Levels For Surveying,548,1069892
90154000,"Photogrammetrical, Surveying Instruments And Appliances",1319,512008
90158010,"Other Instruments And Appliances For Meteorological... Purposes, Nes",41,3126370
90158090,"Other Instruments And Appliances For Meteorological... Purposes, Nes",19192,686615799
90159000,Parts And Accessories Of Surveying... Instruments/Apparatus Of 90.15,755,1321330
90160000,"Balances Of A Sensitivity Of 5cg Or Better, With Or Without Weights",1619,2146819
90171000,"Drafting Tables And Machines, Wheather Or Not Automatic",143,51333
90172000,"Other drawing, marking-out or mathematical calculating instruments:",122024,20235696
90173000,"Micrometers, Calipers And Gauges",5855,7475905
90178010,Plotter,3320,17333920
90178090,Other Instruments,76279,76906196
90179000,Parts And Accessories Of Drawing/Measuring Instruments Of 90.17,1163,1714439
90181100,Electro-Cardiographs,2662,10300555
90181200,Ultrasonic Scanning Apparatus,6676,133609072
90181300,Magnetic Resonance Imaging Apparatus,2435,1012527
90181400,Scintigraphic Apparatus,54,27542
90181910,Other Electro-Diagnostic Apparatus Nes,2968,16079289
90181990,Other Electro-Diagnostic Apparatus Nes,3347,102326929
90182000,"Ultra-Violet Or Infra-Red Apparatus, For Medical, Surgical... Sciences",984,26427528
90183110,"Empty prefilled glass/plastic syringes with needles,.. shield, plunger and stopper",20331,230439035
90183120,Portable infusion pump (syringe driver),294,6319619
90183130,Plastic syringe with or without needles,8982,11566829
90183190,"Syringes, NES",1167,2211794
90183200,"Tubular Metal Needles And Needles For Sutures, For Medical... Sciences",7859,97616503
90183911,Infusion set with or without IV fluid bag,8813,1026670
90183912,Blood transfusion set,11472,2219640
90183913,Feeding tube,1419,1498431
90183914,IV cannulae,11663,22423563
90183915,Scalp vein set,78,220404
90183916,Suction catheter,1047,686784
90183919,Infusion set with or without IV fluid bag,7984,25841516
90183920,Insulin Pen/Insulin cartridge,3951,29354203
90183930,Urine drainage bag,13543,4461511
90183940,FISTULA NEEDLE,1300,929765
90183950,Spinal needle,840,4312725
90183990,"Other syringes, needles, catheters, cannulae and the like",103919,93358861
90184100,Dental Drill Engines......Equipments,3153,2974274
90184900,Instruments And Appliances Used In Dental Sciences (Excl. Drill Engines),23779,24749017
90185000,Other Ophthalmic Instruments And Appliances,5321,83106827
90189010,Biology Boxes,2706,1010354
90189020,Kidney Dialysis Machines/Baby Incubator,18285,57794165
90189030,"Angiographic catheter wire, guidy catheter wire....balloons, stents",6253,602923461
90189090,Other,271753,540396710
90191010,Mechano-Therapy Appliances,3692,1315511
90191020,Massage Apparatus,134198,93881239
90191090,Mechano-Therapy Appliances;Massage Apparatus;Psychological Appatatus Nes.,3932,3966861
90192010,Oxygen-Therapy And Artificial Respiration Apparatus Incld. Heart/Lung ....,5077,34957449
90192090,"Ozone Therapy,Oxygen Therapy,Aerosol Therapy,Respiration Apparatus Nes.",164431,167897808
90200000,Other Breathing Appliances And Gas Masks,12910,14917316
90211000,ORTHOPAEDIC OR FRACTURE APPLIANCES,20249,25471462
90212100,Artificial Teeth,34,33662
90212900,Dental Fittings (Excl. Artificial Teeth),48,50005
90213100,ARTIFICIAL JOINTS,2837,70273944
90213900,"OTHER ARTIFICIAL PARTS OF THE BODY, EXCLUDING ARTIFICIAL JOINTS",2702,116462450
90214000,Hearing Aids (Excl. Parts And Accessories),859,18274275
90215000,Pacemakers For Stimulating Heart Muscles (Excl. Parts And Accessories),115,40800865
90219010,Heart Valve,162,35259015
90219090,Other Parts And Accessories Of Articles And Apparatus Of 90.21 Nes,371,2563330
90221200,"Computed Tomography Apparatus,Based On The Use Of X-Rays",10821,137945505
90221300,"Apparatus Based On The Use Of X-Rays,Nes, For Dental Uses",1459,15779479
90221400,"Apparatus Based On Use Of X-Rays,Nes,For Medical/Surgical/Veterinary Uses",25309,166758255
90221900,"Apparatus Based On The Use Of X-Rays, Nes",4126,31437605
90223000,X-Ray Tubes,626,40544872
90229000,"X-Ray Generators..., Screens..., Parts And Accessories Of 90.22",1438,27022104
90230000,"Instruments, Apparatus And Models Designed For Demonstrational Purposes",6849,3334501
90241000,"Machines/Appliances For Testing The Hardness, Strength... Of Metals",11294,17238733
90248010,Other Machines/Appliances For Testing... Materials (Excl. Metals),1980,59440880
90248090,Other Machines/Appliances For Testing... Materials (Excl. Metals),13912,114696080
90249000,Parts And Accessories Of Machines For Testing... Materials Of 90.24,67,1620891
90251100,"Thermometers/Pyrometrs,Not Comb.With Other Instrs,Liquid,For Direct Readng",4812,2318721
90251900,"Thermometers/Pyrometrs,Not Comb.With Other Instrumts,Not Liquid-Filled Nes",1121,13159679
90258000,"Oth.Instruments Hydrometers,Pyrometers, Hygrometers, Etc, And Combinations",32661,78228561
90259000,"Parts And Accessories Of Hydrometers... Thermometers, Etc, Of 90.25",20,104237
90261000,"Instruments... For Measuring/Checking The Flow Or Level Of Liquids, Nes",35797,77118376
90262000,Instruments... For Measuring Or Checking Pressure,6417,34735456
90268000,Oth.Instruments... For Measuring Or Checking Variables Of Liquids Or Gas,8253,71168484
90269000,Parts And Accessories Of Instruments For Measuring Flows... Of 90.26,654,6656111
90271000,Gas Or Smoke Analysis Apparatus,568,9340489
90272000,Chromatographs And Electrophoresis Instruments,3524,230249320
90273000,"Spectrometers, Spectrophotometers... Using Optical Radiations",1635,76918080
90275000,"Instruments And Apparatus Using Optical Radiations, Nes",2850,37044166
90278100,Other instruments and apparatus : Mass spectrometers,851,867817
90278900,"Other instruments and apparatus, OTHER Excl. Mass spectrometers",75841,806608516
90279000,Parts And Accessories Of Instruments For Analysis Of 90.27,2132,38394616
90281000,Gas Meters,2567,30746313
90282000,Liquid Meters,264,335206
90283010,Kilowatt-Hour Meter,16,2625063
90283020,"Pre-payment, programmable m.function elec. programmable multitariff elec. kwh meter",2835,7459926
90283090,Electricity Meters Nes.,0,79587
90289010,"Gas, Liquid & Electricity Meters, Of Kilowatthour meter",43725,39770115
90289020,"Parts of prepayment kwh meter prgrmble,multifuction,kwh mtr,prgmble multitrf,kwh",28081,24751456
90289090,"Gas, Liquid & Electricity Meters, Excl. Kilowatthour meter",505,126709
90291010,Fare Meters For Exclusive Use In Taxicabs Or Auto Rickshaws,3059,1272323
90291090,"Revolution Or Producton Counters,Taximeters,Mileometers,Pedometers, Nes",4626,6429097
90292000,Stroboscopes; speed indicators and tachometers,43751,70770758
90299000,"Parts And Accessories Of Revolution Counters, Etc, Of 90.29",4669,3284287
90301000,Instruments And Apparatus For Measuring Or Detecting Ionising Radiations,335,55089185
90302000,Cathode-Ray Oscilloscopes And Cathode-Ray Oscillographs,84,1192016
90303100,Multimeters,10202,3882023
90303200,"Other inst and appt, for measr or chking volt, cur., resis.or power : Multim.",2107,1743894
90303300,"Other inst and appt, for measr or chk volt, cur., resis.or power : Multim. wit",33301,13693793
90303900,"Instruments... For Measu./Check. Volt.,Current, with a recoding device",539,6378357
90304000,Measuring/Checking Instruments/Apparatus For Telecommunications,589,48262210
90308400,Other instruments & apparatus with a recording device,50,24778
90308900,"Instruments... For Measuring/Checking Electronic Gain Etc, Nes",9066,25023300
90309000,Parts/Accessories Of Electrical... Measuring... Instruments Of 90.30,1069,1314889
90311000,Machines for balancing mechanical parts,1467,3651977
90312000,Test Benches,1315,4098000
90314100,Instruments For Inspecting Semiconductor Wafers/Devices/Photomasks/Reticls,3,9266
90314900,"Optical Instruments And Appliances For Measuring Or Checking, Nes",20600,40614208
90318000,"Instruments, Appliances And Machines For Measuring Or Checking, Nes",33874,361760969
90319000,"Parts And Accessories Of Measuring Instruments... Nes, Of 90.31",487,13532552
90321000,Thermostats,32733,74605612
90322000,Manostats,90,1490762
90328100,"Automatic Regulating... Instruments/Apparatus, Hydraulic Or Pneumatic",5465,9243656
90328900,"Automatic Regulating Or Controlling Instruments And Apparatus, Nes",178520,191657008
90329000,Parts And Accessories Of Automatic Regulating Devices Of 90.32,1797,24897315
90330090,"Parts And Accessories, Nes, For Machines, Appliances, Etc, Of Chapter 90",23635,181555477
91011190,"Wrist Watches, Electrically Operated (Excl.Use For Blind/In Ckd Condition)",2510,36185995
91011910,"Other Wrist Watches, Specially Designed For The Use Of Blind",4,710946
91011990,Other Wrist Watches (Excl.Ckd Condition & Not For The Use Of Blind),1408,4633511
91012910,"Wrist Watches(Ex.Electrically Operated/Auto Winding),Used For Blind",0,53712
91019990,"Other Pocket Watches, Etc(Excl. Wrist), Nes, Of Precious Metal",719,1165037
91021110,"Wrist Watches, With Mechanical Display Only, Spec.Designed For Blind",3,25951
91021190,"Other Wrist Watches,Mechanical Display(Ex.Use For Blind,Ckd Condition)",7545,92116110
91022190,"Wrist Watches,With Automatic Winding (Excl.Ckd, Not Use For Blind)",173,251978
91022910,"Wrist Watches,Not Electronicoperated/Automatic Winding,For Use Of Blind",30,40066
91022990,"Wrist Watches,Not Electronic Operated/Automatic Winding,Nes",33614,37658652
91029990,"Other Pocket Watches, Etc, Nes",1921,2993549
91039000,Clocks With Watch Movements (Excl. Electrically Operated),207,847987
91040090,Instrument Panel Clocks Other Than Use In Aircraft/Helicopter,28,28390
91051100,"Alarm Clocks, Electrically Operated",35,38180
91051900,Alarm Clocks (Excl. Electrically Operated),25937,9521997
91052100,"Wall Clocks, Electrically Operated",4718,707886
91052900,Wall Clocks (Excl. Electrically Operated),45193,18981600
91059100,"Other Clocks, Nes, Electrically Operated",6,645879
91059900,"Other Clocks, Nes (Excl. Electrically Operated)",702,1033462
91061000,Time-Registers; Time-Recorders,13,5559
91069000,"Other Apparatus For Indicating Time, Nes",1074,391017
91070000,Time Switches With Clock Or Watch Movement Or With Synchronous Motor,119,35643
91081100,"Electrically Operated Watch Movements, With Mechanical Display Only",327,307301
91081900,"Other Electrically Operated Watch Movements, Nes",0,31871
91089000,"OTHER WATCH MOVEMENTS,COMPLETE AND ASSEMBLED,EXCLUDING 33.8MM OR LESS",6996,6083584
91099000,"Clock Movements, Complete And Assembled, Nes",12134,4427692
91101100,"Complete Watch Movements, Unassembled Or Partly Assembled",240,914036
91112000,Watch Cases Of Base Metal (Incl. Plated),0,8923
91118000,"Watch Cases, Nes",45,22461
91119000,Parts Of Watch Cases,1943,1357481
91122000,CASES,190,71365
91131000,"Watch Straps, Bands And Bracelets, And Parts Thereof, Of Precious Metal",11,13772
91132000,"Watch Straps, Bands And Bracelets, And Parts Thereof, Of Base Metal",176,134967
91139000,"Watch Straps, Bands And Bracelets, And Parts Thereof, Nes",164572,38868567
91149000,"Clocks Or Watch Parts, Nes",459,2109955
92012000,Grand Pianos,60,30052
92019000,"Other Automatic Pianos, Harpsichords And Other Keyboard Instruments, Nes",273,40936
92029000,"Other String Musical Instruments, Nes",7781,4522833
92051000,"Wind musical instruments, Brass-wind instruments",2,11526
92059000,"Wind musical instruments, (EXCL. Brass-wind instruments)",544,252380
92060000,"Percussion Musical Instruments (Eg Drums, Xylophones, Cymbals, Etc)",327,125841
92071000,Keybrd.Instrmnts.With Elec.Produced Or Amplified Sound Oth.Than Accordions,1049,1451896
92079000,"Oth.Musical Instruments,Nes,With Electrically Produced Or Amplified Sound",2611,1142780
92081000,Musical Boxes,1,1499
92089000,"Fairground Organs, Etc; Decoy Calls Of All Kinds; Whistles, Etc",196,52825
92093000,Musical Instrument Strings,76,57089
92099200,Parts And Accessories For The Musical Instruments Of 92.02,99,40312
92099400,Parts And Accessories For The Musical Instruments Of 92.07,7,24352
92099900,"Parts And Accessories Of Other Musical Instruments, Nes",2411,1018154
93019000,OTHER THAN ROCKET LAUNCHERS;FLAME THROWERS;GRENADE LAUNCHERS;TORPEDO TUBES,34,401313
93020010,"Arms Forming Part Of The Regular Uniform Of BD.Armies,NAVY,Air Forces & Foreign Armies..",1075,11826973
93032010,"Sporting,Hunting/Target-Shooting Shotguns, Imp.By/On Behalf Of The Bd.Govt",19763,266659640
93062100,Cartridges For Shotguns,1607,5617957
94012010,SEATS OF KIND USED FOR MOTORCYLE,51463,30501891
94012090,SEATS OF KIND USED FOR OTHER THAN MOTORCYCLE,48944,48222026
94013900,Swivel seats with variable height adjustment :OTHER,15505,6122400
94016100,"Upholstered Seats, With Wooden Frames",12563,6824646
94016900,"Seats With Wooden Frames, Not Upholstered",17289,7638919
94017100,"Upholstered Seats, With Metal Frames",2353,894442
94017900,"Seats With Metal Frames, Not Upholstered",18987,9286985
94018000,"Seats, Nes",9484,4289424
94019100,"Seats (Other Then 94.02) Whether or not cnvrt. into beds, and parts :Parts: of wood",555,208615
94019900,"Seats (Other Then 94.02) Whether or not cnvrt. into beds, and parts :Parts : others",245813,94502159
94021000,"Dentists', Barbers' or similar chairs and parts thereof",51649,19601144
94029010,Hospital Beds,46646,20968336
94029090,"Medical,Surgical Or Veterinary Furniture & Parts Therof (Exc Hosopital Bed",16460,10773096
94031000,Metal Furniture Of A Kind Used In Offices (Excl. Seats),23267,9155088
94032010,Other metal furniture specially design to receive apparatus of heading 84.71 and,100935,47599147
94032020,Racks of a kind used in the pharmaceutical laboratory,480,798854
94032030,Cutting table of kind used with cutting machine,20110,8739024
94032090,Other metal furniture EXCL.specially design to receive apparatus of heading 84.7,59664,38059447
94033000,Wooden Furniture Of A Kind Used In Offices (Excl. Seats),39810,15113836
94034000,Wooden Furniture Of A Kind Used In The Kitchen (Excl. Seats),2433,1126789
94035000,Wooden Furniture Of A Kind Used In The Bedroom (Excl. Seats),15769,5813687
94036010,Furniture of a kind used in pharmaceutical laboratory,418,148198
94036020,Cutting table of a kind used with cutting machine,851,319626
94036090,"Wooden Furniture, Nes",15604,6558014
94037000,Furniture (Excl. Seats) Of Plastics,6660,2698961
94038200,"Furniture of other materials, including cane, osier, bamboo or similar..: Of bamb",6,2253
94038900,"Furniture of other material, including cane,osier or similar materials: Excl b",21275,8889454
94039100,"Others Furniture and Parts Thereof :Parts, of wood",1350,1102211
94039900,"Others Furniture and Parts Thereof :Parts, OTHERS",14159,6963884
94041000,Mattress Supports,8151,1525252
94042100,Mattresses Of Cellular Rubber Or Plastics,7393,4507669
94042900,"Mattresses Of Other Materials, Nes",6699,3743212
94043000,Sleeping Bags,3375,374912
94044000,"Quilts, bedspreads, eiderdowns and duvets (comforters)",47059,18080399
94049000,"Articles Of Bedding, Stuffed, Etc (Excl. Mattresses And Sleeping Bags)",55648,20233193
94051100,Designed for use solely with light-emitting diode (LED) light sources,926,1284748
94051900,"Designed for use solely with light-emitting diode (LED) light sources,NES",1270,1352289
94052100,Designed for use solely with light-emitting diode (LED) light sources,13728,9492638
94052900,"Electric table, desk, bedside or floor-standing luminaires ,OTHER",5612,3717587
94053100,Designed for use solely with light-emitting diode (LED) light sources,671,377908
94053900,"Lighting sets of a kind used for Christmas trees,OTHER",3676,2128558
94054110,"Photovoltaic, dsgn. use solely with light-emitting diode (LED) light sources",28164,99660367
94054190,"Photovoltaic, dsgn. use solely with light-emitting diode (LED) light sources",15021,9169444
94054200,"Oth.elec.lum. &..Other, designed for use solely light-emitting diode (LED) light sour",5756,8744334
94054910,Shadowless operation lamps,8773,16705756
94054920,Energy saving light with balast and fittings,99,57087
94054990,"Other electric luminaires and lighting fittings,NES",20491,30073029
94055010,"Non-Electrical Lamps And Lighting Fittings, Hurricane Lamps Of Base Metal",3,881
94055090,"Non -Electrical Lamps & Lighting Fitting, Nes.",11422,7029127
94056100,Designed for use solely with light-emitting diode (LED) light sources,723,10465298
94056900,"Illuminated signs, illuminated name-plates and the like,OTHER",13821,10912999
94059100,Glass parts for lamps and lighting fittings etc of glass,10288,3935819
94059200,Luminating and lighting fittings including searchlights .........Parts of Plastic,38033,15680292
94059900,"Parts, NES",170130,80496417
94062000,"Modular building units, of steel",1553,1577513
94069010,"Prefabricated Buildings,,,, SANDWICH PANEL WITH OR WITHOUT cold room fac.",465340,369995868
94069090,Prefabricated buildings. nes,64249,25411867
95030010,Puzzles,1671,938136
95030090,"Tricycl, scotr, pedal car and simlr whel toy; dolls? carg..Excl puzzles",413399,236950714
95042000,Articles and accessories for Billiard of all kinds,10005,3752981
95043000,"Other games, operated by coins, banknotes, bank cards,...of payment, other than..equip.",137,34057
95044000,Playing Cards,594,176155
95045000,"Video game consoles and machines, other than those of subheading 950430",1135,435440
95049000,"Articles for funfair, table or parlour games, nes",2804,1098983
95051000,Articles For Christmas Festivities,4745,1692149
95059000,"Festive, Carnival Or Other Entertainment Articles, Nes",88253,23044037
95061200,Ski-Fastenings (Ski-Bindings),3,11060
95061900,"Snow-Ski Equipment, Nes",201,33966
95062900,"Water-Skis, Surf-Boards And Other Water-Sport Equipment",41,21720
95063100,"Golf Clubs, Complete",46,16902
95063200,Golf Balls,257,165989
95063900,"Golf Equipment, Nes",367,169648
95064000,Articles and equipment for table-tennis:,780,231724
95065100,"Lawn-Tennis Rackets, Wheather Or Not Strung",47,10892
95065900,"Other Tennis Or Similar Rackets, Nes",11482,5807353
95066100,Lawn-Tennis Balls,93670,17246006
95066200,Inflatable Balls,100843,35963400
95066900,"Balls (Excl. Golf, Table-Tennis, Tennis And Inflatable)",23921,13666523
95067000,Ice Skates And Roller Skates,3622,1107520
95069100,"Articles And Equipment For General Physical Exercise, Gymnastics/Athletics",248641,80257647
95069900,"Other articles and equipment for sport and open-air games, nes",64733,17842904
95071000,Fishing Rods,6970,3026893
95072000,"Fish-Hooks, Wheather Or Not Snelled",4731,2436858
95073000,Fishing Reels,9300,1201537
95079000,"Line fishing tackle, fish landing nets, butterfly and similar nets...",4433,1150821
95081000,TRAVELLING CIRCUSES AND TRAVELLING MANAGERIES,36426,13626043
95082200,"Carousels, swings and roundabouts",16275,6093949
95082300,Dodge’em cars,2445,918817
95082500,Water rides,17645,6600200
95082600,Water park amusements,2260,1001630
95082900,Other,94689,38216123
96019000,"Worked Bone, Tortoise-Shell, Horn... And Articles Thereof, Nes",19998,6559350
96020010,Gelatin Capsules (Empty),39739,135823191
96020020,"Worked Vegetable Or Mineral......Wax,Sterlin,Nes (Excl.Gelatin Capsules)",31673,119226695
96031000,"Brooms And Brushes, Of Twigs Or Other Vegetable Material Bound Together",4936,1073317
96032100,Tooth Brushes Including Dental-Plate Brushes,26810,17425531
96032900,"Oth. Brushes For Shaving, Hair, Nail, Eyelash, Toilet Brushes",27921,6910171
96033000,"Artists', Writing Brushes And Brushes For The Application Of Cosmetics",7576,2785518
96034000,"Paint, Distemper, Varnish Or Similar Brushes; Paint Pads And Rollers",164217,25448333
96035000,"Brushes Constituting Parts Of Machines, Appliances Or Vehicles, Nes",25379,19010573
96039000,"Hand-Operated Floor Sweepers, Mops, Feather Dusters, Etc, Nes",504280,38457324
96040010,Hand Sieves For Use In Laboratories,215,422642
96040090,Other Hand Sieves And Hand Riddles Nes.,88,3410721
96050000,"Travel Sets For Personal Toilet, Sewing Or Shoe Or Clothes Cleaning",2089,477387
96061000,"Press-Fasteners, Snap-Fasteners And Press-Studs And Parts Therefor",1343,488414
96062100,"Buttons Of Plastics, Not Covered With Textile Material",26238,8308345
96062200,"Buttons Of Base Metal, Not Covered With Textile Material",73368,20216864
96062900,"Oth. Buttons, Nes",132404,36137842
96063000,Button moulds and other parts of buttons; button blanks:,23566,7277943
96071100,Slide Fasteners Fitted With Chain Scoops Of Base Metal,35015,9877965
96071900,Slide Fasteners Not Fitted With Chain Scoops Of Base Metal,248870,64213192
96072000,Slide Fastener Parts,29266,7971906
96081000,Ball-Point Pens,16678,10181008
96082000,Felt-Tipped And Other Porous-Tipped Pens And Markers,96819,35600750
96083000,"Fountain pens, stylograph pens and other pens",48322,20949347
96084000,Propelling Or Sliding Pencils,495,320384
96085000,Sets Of Articles From Two Or More Of The Subheadings,2718,2069340
96086000,"Refils For Ball-Point Pens, Comprising The Ball-Point And Ink-Reservoir",652,868314
96089100,Pen nibs and nib points,39,216603
96089910,Ball Points For Ball Point Pen,10462,56845117
96089990,"Duplicating Stylos; Pen/Pencil Holders; Parts Of Pens, Nes",8555,4333916
96091000,"Pencils And Crayons, With Leads Encased In A Rigid Sheath",149037,42163196
96092000,"Pencil Leads, Black Or Coloured",6175,1559905
96099010,Slate Pencil,3438,773959
96099090,"Crayons, Nes; Drawing Charcoals And Chalks (Incl. Tailors'Chalks) Nes.",38360,8273967
96100010,"Unframed Slates With Writing Surface Only, Thickness not exceeding 5 mm",110,41317
96100090,"Other Slates And Boards, With Writing Or Drawing Surfaces Nes",19648,4103696
96110000,"Date, Sealing Or Numbering Stamps, Etc, For Use In The Hand....Sticks",11739,9950061
96121010,Ribbons (Computer Printers Ribbons),35646,24484859
96121090,Other Ribbons(excl.computer printer ribbons),6788,16210400
96122000,Ink-Pads,13263,2996221
96131000,"Pocket Lighters, Gas Fuelled, Non-Refillable",15960,5495191
96132000,"Pocket Lighters, Gas Fuelled, Refillable",7789,13700676
96138000,"Other Lighters, Nes",4304,1104512
96139000,Parts Of Lighters (Excl. Flint And Wicks),174167,72755509
96140000,"Smoking pipes (including pipe bowls) and cigar or cigarette holders, and parts",921,288388
96151100,"Combs, Hair-Slides And The Like Of Hard Rubber Or Plastics",24879,6157265
96151900,"Combs, Hair-Slides And The Like Of Other Materials, Nes",311512,71040481
96159000,"Hairpins; Curling Pins, Curling Grips, Etc, And Parts Thereof",112879,26094476
96161000,"Scent Sprays And Similar Toilet Sprays, And Mounts And Heads Therefor",44444,16570317
96162000,"Powder-Puffs And Pads For The Application Of Cosmetics, Etc",11085,4202911
96170000,"Vacuum Flasks, Etc, Complete With Cases; Parts Thereof(Excl. Inners)",138356,57423931
96180000,"Tailors' Dummies, Etc; Automata And Other Animated Displays",5806,7161155
96190000,"Sanitary towels (pads) and tampons, napkins and napkin liners for babies and similar",191570,54706458
96200000,"Monopods, bipods, tripods & similar articles",40150,7379638
97012100,"Of an age exceeding 100 years : Painting, drawings and pastels",242,151680
97019100,"Painting, drawings and pastels",314,315246
97019900,"Other,nes",23,10641
97039000,"Original sculptures and statuary, in an material, NES",4037,874236
98010034,"Goods treated as ""Baggage"" Regregerator or Freezers",90,70135
98010039,Air cond.machine; refrigerators or freezers; dish washer/washing machine/clothd Dryer,167,6086
98010054,"Plasma, LCD, TFT, LED and similar technologis TV 43 inch to 46 inch",20,37698
98010056,"Plasma, LCD, TFT, LED and similar technologis TV 53 inch to 65 inch",56,107897
98010090,"Goods treated as ""Baggage"" - Chandeliers (Jharbatti)",10,1227
