hscode,description,net_wt_kg,assess_value_bdt,invoice_value_bdt
01051110,Fowls Of The Species Gallus Domestic(Parent Stock One Day Chick),39400,2696510198,1717316501
01051310,Parent stock of one day chick of ducks,307,6149758,5109403
01061900,"MAMMALS, NES",7,88714,8624
01063200,"PSITTACIFORMES (INCLUDING PARROTS, PARAKEETS, MACAWS AND COCKATOOS)",40,1577095,245400
01063900,OTHER BIRDS,302,7053288,1058901
01069000,"OTHER LIVE ANIMALS, NES",60,150225,61350
03011100,"Ornamental fish, Freshwater",70,219049,207363
03019110,"Live Trout(Salmo Trutta,Onc'Ync'Mykiss,Clarki,Ag'Ab'Ta,Gilae,Apach.) fry",32,15348787,14806086
03021490,Atlantic salmon (Salmo salar) and Danube salmon (Hucho hucho) EXCL. Wrapped/canned up,700,1314228,932765
03021990,"Fish...ruhi,katla,......,pangash, karp & alike, excl. wrapped/canned upto 2.5kg Other",701053,92939816,43385687
03024210,"Anchovies (Engraulis spp), Wrapped/canned upto 2.5 Kg",4,2651,1825
03024310,"Sardines ( Sardina pilachardus), sardinella (Sardinella spp), brisling . sprattus)Wr",58,43072,11779
03024390,"Sardines ( Sardina pilachardus), sardinella (Sardinella spp), brisling . sprattus) E",12,8929,8834
03028490,"Seabass (Dicentrarchus spp), EXCL. Wrapped/canned upto 2.5 Kg",109,108934,6135
03028919,Hilsha fish (EXCL.wrapped/canned upto 2.5 kg),11876,2955959,1926711
03032490,"Other Catfish (Pangasius spp, Silurus spp, Clarias spp, Ictalurus spp)",50900,5699279,5620887
03032610,"Eels (Anguilla spp), Wrapped/canned upto 2.5 Kg",65,48810,6135
03032990,"Fish frozen.. Excl. wrapped/canned upto 2.5kg ruhi, katla,..,karp and alike Other",32000,3583047,3533760
03034390,"Frozen Skipjack Or Stripe-Bellied Bonito(Excl.Livers & Roes),nes",56798,6359702,5989993
03035190,"Herrings (Clupea harengus,Clupea pallasii), NES",220750,24722582,23080484
03035490,"Mackerel (Scomber scombrus, Scomber australasicus, Scomber japonicus), EXCL. Wrapped/can",88300,9887026,8057709
03035590,Other Jack and horse mackerel (Trachurus spp),172630,19338343,18480092
03035990,Wrapped/canned upto 2.5 kg,170930,42547349,40295171
03038390,"Toothfish (Dissostichus spp), EXCL. Wrapped/canned upto 2.5 Kg",106,79673,6135
03038990,"Other fish, excluding livers and roes :",1737067,234039892,156488581
03048690,"Herrings (Clupea harengus, Clupea pallasii), EXCL. Wrapped/canned upto 2.5 Kg",35,35043,4295
03048790,"Tunas (of the genus Thunnus), skipjack or stripe-bellied bonito...pelamis), EXCL. Wrappe",74,74498,7755
03049490,Other Alaska Pollack (Theraga chalcogramma),3,2816,2788
03055290,"Tilapias (Oreochromis spp.), catfish (Pangasius spp., Silurus spp., Clarias spp., Ict",840,261479,175216
03055410,"Herrings (Clupea harengus, Clupea pallasii), anchovies (Engraulis spp.), sardines (Sa",16,3470,3436
03055990,"OTHER DRIED FISH(EXCL.COD),NES",605620,156745886,76677788
03056390,"Anchovies Salted Or In Brine But Not Dried Or Smoked, Nes",10,1240,1190
03057210,"Fish heads, tails and maws Wrapped/canned upto 2.5 Kg",8,4005,982
03063510,"Cold-water shrimps and prawns (Pandalus spp., Crangon crangon)",22,4325747,4240512
03063610,Other shrimps and prawns,8,2781474,2630824
03063690,Other shrimps and prawns,263,57670646,8529037
03072110,"Scallops, Live, Fresh Or Chilled Wrapped/Canned Upto 2.5kg",32,32443,31804
03075110,"Octopus Live, Fres Or Chilled, Wrapped/Canned Upto 2.5kg",8,6007,5890
03078210,"Live, fresh or chilled stromboid conchs (Strombus spp.)",8,3173,3141
04011010,"Milk And Cream Of <=1% Fat,Not Concentrated Or Sweetened, Wrapped/Canned upto 2.5 kg",2260,282902,180246
04011090,"Milk And Cream Of <=1% Fat,Not Concentrated Or Sweetened, Nes",3531,2137992,1461489
04012010,"Milk & Cream Of>1%But<=6%Fat,Not Concentrated Or Sweetened,Wrap./Cann. upto 2.5 kg",28704,3593025,2756627
04021010,"Milk&Cream In Powder Forms<=1.5%Fat,Con... Or Sweet.,In Reta.Pk.Upto 2.5kg",1440,758442,223805
04021090,Other,3180800,991464976,975363282
04022110,"Milk&Cream In Powder Forms >1.5%Fat,Notsweetened R.Pkt.=<2.5kg",49017,25908166,24338680
04022190,Other,7097270,3058112232,3019259697
04022910,Milk&Cream In Powder Forms >1.5% Fat Sweet Or Conc. In Ret.Pk.=<2.5kg,10104,5374829,4456366
04029900,Sweetened Milk And Cream (Excl. In Solid Form),17558,1127491,890158
04032000,yogurt,2768,520554,483612
04039000,"BUTTERMILK, CURDED MILK AND CREAM.., EXCL. YOGURT",480,292044,277057
04049000,"Products Consisting Of Natural Milk Constituents, Nes",200000,27536579,26994000
04059000,Fats And Oils Derived From Milk (Excl. Butter And Dairy Spreads),33874,28557503,27992972
04062000,Grated Or Powdered Cheese,300,534334,523806
04063000,"Processed Cheese, Not Grated Or Powdered",4308,2836124,1852969
04069000,"Cheese, Nes",8946,5823874,5226230
04090010,"Naturel honey, wrapped/canned upto 2.5 kg",16061,10013832,5755600
04090090,"Naturel honey, Exclu. wrapped/canned upto 2.5 kg",22095,8246453,7690713
05010000,"Human Hair And Waste, Unworked",48742,74941400,13672292
05029000,Badger And Other Brush Making Hair & Waste There Of,8,31216,30913
05080000,"Coral; Shells Of Molluscs, Crustaceans, Unworked",10,31292,30675
05111000,Bovine Semen,0,19776271,19386600
05119100,"Products Of Fish, Crus.,Mollus.,Other Aquatic, Invet Dead Anim.Of Chapt. 3",475262,35692725,24032029
06023000,"Rhododendrons And Azaleas, Grafted Or Not",12114,486646,397548
06024000,"Roses, Grafted Or Not",9523,831084,564420
06029010,"Other Live Plants,Cutting And Slips, Mushroom Spawn",27500,2075084,1894487
06029090,"Other Live Plants,Cutting And Slips, Mushroom Spawn",10495,1213049,886661
06031100,Roses,1489,931897,423421
06031200,Carnations,516,322686,144596
06031300,Orchids,287,179485,77276
06031400,Chrysanthemums,531,332488,132674
06031500,Lilies (Lilium spp),1624,1016306,499610
06031900,Cut flowers & flower buds of a kind suitable for bouquets or for ornamental pur,1425,891543,392347
06042000,"Foliage, branches and other parts of plants, without flowers .or otherwise prepared, Fr",330,206514,121473
07020019,"Tomatoes, Fresh, Nes",443,114706,71896
07031019,"Onions, Fresh Or Chilled, Nes",159424,10167197,6909918
07032090,"Garlic, Fresh Or Chilled, Nes",7479228,899115999,884807087
07039090,"Leeks And Other Alliaceous Vegetables, Nes, (excl. Wrapped/Canned upto 2.5 kg)",1640,410238,283387
07041010,"Cauliflowers And Headed Broccoli, Fresh Or Chilled, Wrapped/Canned upto 2.5 kg",150,46908,18387
07041090,"Cauliflowers And Headed Broccoli, Fresh Or Chilled, Nes",1574,495515,306622
07042090,"Brussels Sprouts, Fresh Or Chilled, Nes",532,166721,96815
07051110,"Cabbage Lettuce, Fresh Or Chilled, Wrapped/Canned upto 2.5 kg",613,153525,65402
07051190,"Cabbage Lettuce, Fresh Or Chilled, Nes",11976,2998687,1986762
07061090,"Carrots And Turnips, Fresh Or Chilled, Nes",129,32279,22025
07069090,"Salad Betroot..Radishes & Similar Edible Roots,Fresh Or Chilled, Nes",1636,439857,329167
07070090,"Cucumbers And Gherkins, Fresh Or Chilled, Nes",1306,326850,210381
07082010,"Beans,Shelled Or Unshelled, Fresh Or Chilled, Wrapped/Canned upto 2.5 kg",8,3618,3221
07082090,"Beans, Shelled Or Unshelled Fresh Or Chilled, Nes",441,137981,78946
07092090,"Asparagus, Fresh Or Chilled, Nes",251,78438,51902
07094090,"Celery Other Than Celeric, Fresh Or Chilled, Nes",403,126073,97731
07095190,"Mushrooms, Fresh Or Chilled, Nes",263,164692,109103
07096019,"Sweet Peppers, Fresh Or Chilled, Nes",480,120630,93657
07096099,"Other Fruits Of Genus Capiscum Or Pimenta,Fresh Or Chilled,Nes,(excl. Wrd/Ca upto 2.5kg)",82571,6244747,2078831
07099390,"Pumpkins, squash and gourds (Cucurbita spp), EXCL. Wrapped/canned upto 2.5 Kg",157,49762,45104
07099990,"Other Vegetables NES, EXCL. Wrapped/canned upto 2.5 Kg",1146594,72046888,39277037
07102190,"Shelled Or Unshelled Peas Uncooked/Cooked By Steaming/Boiling Frzn, Nes",3000,541573,366260
07104090,"Sweet Corn Uncooked Or Cooked By Steaming Or Boiling Frozen, Nes",45000,6162877,4803705
07122090,"Dried Onions Cut, Whole, Broken, Powder, Nes",19640,6253562,4775582
07123110,"MUSHROOMS OF THE GENUS AGARICUS, WRAPPED/CANNED upto 2.5 kg",8,3928,3890
07123210,"WOOD EARS (AURICULARIA SPP), WRAPPED/CANNED upto 2.5 kg",1125,211218,138038
07123990,"MUSHROOMS,WOOD EARS(AURICULARIA SPP),JELLY FUNGI..& TRUF,NES,(Excl.WRAP/CANN upto 2.5kg)",5,6055,5995
07129010,"Dried vegetable, whole ............., Sweet corn",224,112144,53865
07129092,Dihydrated chives,94,23531,23068
07129092,Dihydrated chives imported by biscuits and bakery products manufacturing industry,4500,2799253,1766880
07129099,"Other Dried Vegetable, Whole, Cut Sliced... Not Further Nes,(Excl.Wrap/Can upto 2.5 kg)",151452,33580165,17289748
07131090,"Dried Peas Shelled, Nes",30311110,1450502719,1154274244
07132090,"Dried Chickpeas (Garbanzos) Shelled, Nes",908840,91559874,63329315
07133190,"Dried Beans Of The Species, Vigna Mungo(L) Hepper/V.Radiata, Shelled, Nes",364530,59938481,43271398
07133210,"Dried Small Red(Adzuki)Beans, Shelled, Wrapped/Canned upto 2.5 kg",9,1465,1304
07134090,"Dried Lentils, Shelled, Nes",31866337,2747870053,2229517279
07139090,"Dried Leguminous Vegetables, Shelled, Nes, (Excl. Wrapped/Canned upto 2.5 kg)",13270000,619225588,513278640
07142090,"Sweet Potatoes, Fresh Or Dried, Chilled Or Frozen, Nes",510,159586,123191
08011110,"Desiccated, Coconuts Fresh Or Dried Wrap./Canned upto 2.5Kg",0,627,614
08011190,"Desiccated Coconuts Fresh Or Dried,Nes",25100,4958680,4836834
08011290,Other coconuts in the inner shell (endocarp) EXCL. Wrapped/canned upto 2.5 Kg,1244444,46761140,40818701
08011990,"Coconuts, Not Desiccated,Fresh Or Dried,Nes",20840,2608464,2045654
08013290,"Casweh Nuts, Shelled, Fresh Or Dried, Nes",201750,103347409,100006635
08021190,"Almonds In Shell, Fresh Or Dried, Nes",226,113339,61413
08021210,"Almonds Shelled Fresh Or Dried,Wrapped/Canned Upto 2.5kg",10,5006,4908
08021290,"Almonds Shelled, Resh Or Dried,Nes",178695,88906051,86742007
08023290,"Walnuts Shelled Fresh Or Dried, Nes",33000,16430078,10128885
08025210,"Pistachios, Shelled, Wrapped/canned upto 2.5 Kg",10,10014,9816
08025290,"Pistachios, Shelled, EXCL. Wrapped/canned upto 2.5 Kg",22000,21897441,18220950
08029919,Betelnuts,341270,84899261,66344577
08041011,"Dates, Fresh,Wrapped/Canned Upto 2.5kg",20796,5951002,3062003
08041019,"Dates, Fresh, Nes",10451884,1782867977,1159916329
08041021,"Dates, Dried, Wrapped/Canned Upto 2.5kg",10039,2984884,2970746
08041029,"Dates, Dried, Nes",451585,113824944,41103207
08042029,"Figs, Dried, Nes",22000,5474011,4858920
08044090,"Avocados Fresh Or Dried, Nes",2401,1096744,700375
08045019,"Guavas Fresh Or Dried, Nes",15,5632,1841
08045021,"Mangosteens, Fresh Or Dried,Wrapped/Canned Upto 2.5kg",95,35742,12681
08045029,"Mangosteens, Fresh Or Dried, Nes",345,129541,109326
08045039,"Mangoes Fresh Or Dried, Nes",5195,1950647,1270826
08051090,"Oranges, Fresh Or Dried, Nes",20483971,1784470395,1685547025
08052190,Mandarins (including tangerines and satsumas),10054868,875922701,826035043
08054090,"GRAPEFRUIT, NES",27,10824,8893
08055090,"CITRUS FRUIT,FRESH OR DRIED, LEMONS ,NES",608,155425,120179
08059019,"Citrus Fruit, Fresh Nes, Nes",82324,7095712,3260914
08061090,"Fresh Grapes, Nes",14714356,1465779693,810318780
08062010,"Dried Grapes,Wrapped/Canned Upto 2.5kg",340,141436,121473
08062090,"Dried Grapes, Nes",1257450,313001136,294322312
08071190,"Watermelons, Fresh, Nes",40,12503,9816
08071990,"Melons, Fresh, (Excl. Watermelons),Nes",631,197442,161351
08072090,"Papaws (Papayas), Fresh, Nes",752,282346,222449
08081090,"Apples, Fresh, Nes",23371239,2036280455,1985190724
08083090,"Pears, EXCL. Wrapped/canned upto 2.5 Kg",2101834,183106583,180411184
08092190,"Sour cherries (Prunus cerasus), EXCL. Wrapped/canned upto 2.5 Kg",50,38439,15729
08093090,"Peaches, Including Nectarines, Fresh,Nes",60,22804,16956
08094019,Plums EXCL.Wrapped/canned upto 2.5 kg,2183,414928,191592
08101010,"Strawberries, Fresh, Wrapped/Canne Upto 2.5kg",3,1825,1790
08102010,"Raspberries,Blackberries,Mulberries & Loganberries,Fresh,Wrapped/Cann Upto 2.5kg",96,61008,48039
08102090,"Raspberries,Blackberries,Mulberries & Loganberries,Fresh, Nes",18,12007,10667
08105090,"Kiwifruit, Fresh, NES",1891,620739,359836
08106090,"DURIANS , NES",321,120383,85897
08107090,"Other persimmons, EXCL. Wrapped/canned upto 2.5 Kg",887,333189,238725
08109090,"Other Fruit, Fresh, Nes,(Excl. Wrapped/Canned Upto 2.5kg)",3124882,312990093,138215746
08112000,"Raspberries, blackberries, mulberries, loganberries, b/w or red...gooseberries",3000,578269,460125
08132090,"Dried Prunes,NES",280425,80698064,69589612
08133090,"Dried Apples, NES",640,1319043,1274646
08134010,"Other Dried Fruit, Nes, Wrapped/Canned Upto 2.5KG",14220,3480904,1395835
08134090,"Other Dried Fruit, Nes, (Excl. Wrapped/Canned Upto 2.5KG)",1536236,154687967,87868567
08135099,"Mixtures Of Dried Fruit And Nuts, Nes, (Excl. Wrapped/Canned Upto 2.5KG)",500,500355,46013
09011110,"Coffee, Not Roasted Or Decaffeinated",2,2506,1227
09011190,"Coffee, Not Roasted Or Decaffeinated",3060,3055148,2610320
09012110,"Roasted coffee, not decaffeinated,wrapp/cann upto 2.5kg",360,267205,261940
09012190,"Roasted coffee, not decaffeinated,Excl wrapped canned",7000,3942738,3865050
09019010,"Coffee husks and skins,coffee substitutes containing coffee Wrapped/canned upto 2.5 k",601,349476,342607
09021000,"Green Tea,Whether Or Not Flavoured, In Immediate Packings <=3 Kg",720,901936,573627
09022000,"Green Tea,Whether Or Not Flavoured, Nes",1,867,340
09023000,"Black Tea Fermented/Partly Fermented,Flavoured Or Not,In Packings Of <=3kg",472,181520,126519
09024000,"Black Tea Fermented/Partly Fermented,Flavoured Or Not,In Packings Of >3kg",1,369,369
09041190,"Pepper, Neither Crushed Nor Ground, Nes",49030,22664768,22346587
09041200,"Pepper, Crushed Or Ground",41,23835,23583
09042190,"Fruits of the genus Capsicum...,: Dried or neither crushed or ground, EXCL.Wrapped/canne",5863725,1616142136,1515262142
09042210,"Fruits of the genus Capsicum ...,: crushed or ground, Wrapped/canned upto 2.5 Kg",1023,510665,454864
09061190,"Neither crushed nor ground:Cinnamon (Cinnamo. Zeylan. Blume), Excl. Wr./Can.up",811000,174830703,168883789
09062000,"Cinnamon And Cinnamon-Tree Flowers, Crushed Or Ground",74875,21344275,20625180
09071090,"Cloves (whole fruit, cloves and stems), Neither Crushed or ground, EXCL. Wrapped/canned",158200,78757064,77644560
09081190,"Nutmeg :Neither Crushed or ground, EXCL. Wrapped/canned upto 2.5 Kg",44025,16488160,16188854
09082190,"Mace : Neither Crushed or ground, EXCL. Wrapped/canned upto 2.5 Kg",21200,21101346,20809920
09083190,Cardamoms :Neither Crushed or ground. EXCL. Wrapped/canned upto 2.5 Kg,586415,1276625326,1111563227
09092190,Seeds of coriander : Neither crushed or ground EXCL. Wrapped/canned upto 2.5 Kg,100000,24147110,21173516
09093110,Seeds of Cumin : Neither crushed or ground Wrapped/canned upto 2.5 Kg,14,10332,10332
09093190,Seeds of Cumin : Neither crushed or ground EXCL. Wrapped/canned upto 2.5 Kg,2590695,1103335451,779343983
09096190,"Seeds of anise, badian, caraway...; juniper berries : Neither crushed or ground EXCL. Wr",1060525,244872584,142272711
09101190,Ginger : Neither Crushed or ground EXCL. Wrapped/canned upto 2.5 Kg,17486052,2076457047,1182637563
09101290,Ginger : Crushed or ground EXCL. Wrapped/canned upto 2.5 Kg,90000,34696372,24846750
09103090,"Turmeric(Curcuma), Nes",2040000,346687291,335774685
09109110,MIXTURES REFFERED TO IN NOTE 1(B) TO THIS CHAP WRAP/CAN UPTO 2.5 KG,11619,2908037,1792302
09109910,"Other Spices, Nes, Wrapped/Canned upto 2.5 kg",2008,382762,325744
09109990,"Other Spices, Nes, (Excl. Wrapped/Canned upto 2.5 kg)",563230,50939187,48501651
10011990,"Durum wheat, Other than Seed, EXCL. Wrapped/canned upto 2.5 Kg",1192102284,40649603715,38429202871
10019990,"Other Seed, NES, EXCL, Wrapped/canned upto 2.5 Kg",17000000,628739217,621598200
10039090,Barley other than Seed EXCL. Wrapped/canned upto 2.5 Kg,112550,6079258,4265573
10049090,"Oats other than Seed, EXCL. Wrapped/canned upto 2.5 Kg",3000,322962,236198
10051010,"Maize Seed, wrapped/canned upto 2.5 kg",46537,23920085,13349607
10051090,"Maize Seed, Excl. wrapped/canned upto 2.5 kg",20163,11166838,7111447
10059090,"Other Maize, Excluding wrapped/canned upto 2.5 kg",104625340,4997854066,2952037306
10061090,Rice in the husk (paddy or rough) Excl. wrapped/canned upto 2.5 kg,40,25055,24540
10063019,Semi-Milled Or Wholly Milled Rice,1,181,168
10063091,Semi-Milled Or Wholly Milled Rice,38201,7411363,4687386
10063099,Semi-Milled Or Wholly Milled Rice,215578116,11886722955,10251536796
10071090,"Grain sorghum Seed, EXCL. Wrapped/canned upto 2.5 Kg",834040,43876174,27719456
10081090,"Buckwheat, Nes",2000,215283,156443
10082910,"Millet other than Seed, Wrapped/canned upto 2.5 Kg",12,1517,1043
10082990,"Millet other than Seed, EXCL. Wrapped/canned upto 2.5 Kg",2990,235776,183437
11010090,"Wheat Or Meslin Flour, Excl. wrapped/canned upto 2.5 kg",900,78852,66574
11022000,Maize (Corn) Flour,46560,5845342,5730581
11029000,"Other Flour Than Of Rye,Maize & Rice Flour",105,10368,7411
11041210,Rolled or flaked grains of oats (Wrapped/canned upto 2.5 kg.),10,6259,6135
11041290,Rolled or flaked grains of oats in bulk,1500,225299,147240
11063000,"Flour, Meal And Powder Of Products Of Chapter 8",309,193024,132639
11081100,Wheat Starch,225,53518,19325
11081200,Maize (Corn) Starch,1220100,91721669,77504191
11081300,Potato Starch,450,62349,51350
11081400,Manioc (Cassava) Starch,416000,34701740,23540977
11090000,"Wheat Gluten, Wheather Or Not Dried",30,7510,7362
12019090,"Soya beans, whether or not broken other than Seed, EXCL. Wrapped/canned upto 2.5 Kg",175295469,10532582176,9726247878
12024190,"Ground-nuts, not roasted or otherwise cooked, whether in Shell, EXCL. Wrapped/canned up",1257435,125868650,122324293
12024290,"Other Ground-nuts, Shelled whether or not broken EXCL. Wrapped/canned upto 2.5 Kg",2451700,260155368,237042026
12030000,Copra,2206498,413619351,399701212
12051090,"LOW ERUCIC ACID RAPE OR COLZA SEEDS, Nes",82837565,5266939748,5227968259
12060090,"Sunflower Seeds, Whether Or Not Broken, Nes",35650,6167376,3370876
12073090,"Other Castor oil seeds, EXCL. Wrapped/canned upto 2.5 Kg",1,872,859
12074090,"Sesamum Seeds, Nes",120375,37678429,25449514
12075090,"Mustared Seeds, Nes",4511710,349396822,344108420
12077010,Melon seeds Wrapped/canned upto 2.5 Kg,622,3015756,2956334
12077090,"Other Melon seeds, EXCL. Wrapped/canned upto 2.5 Kg",1660,13386222,13055280
12079910,"Other Oil Seeds And Oleaginous Fruits, Nes, Wrapped/Canned upto 2.5 kg",5,2503,614
12079990,"Other Oil Seeds And Oleaginous Fruits, Nes, (Excl. Wrapped/Canned upto 2.5 kg)",399159,75557200,73090059
12093000,Seeds Of Herbaceous Plants Cultivated Principally For Their Flowers,220,110136,103068
12099100,Vegetable Seeds Of A Kind Used For Sowing,51944,190733490,184386215
12099990,Other than Tobacco Seeds,2539736,668254508,251109831
12119029,"Plants Or Parts, Used In Pharmacy, Nes, (Excl. Wrapped/Canned upto 2.5 kg)",896701,144608027,129783535
12119091,"Plants Or Parts, Used In Insecticide..., Similar Purpose,Nes, Wrap./Cann upto 2.5 kg",13741,2232226,943178
12119099,"Plants Or Parts, Used In Insecticide..., Similar Purpose,Nes, Wrap./Cann upto 2.5 kg",1952684,95621485,91629953
12122111,Seaweeds and other algae: Fit for human consumption Wrapped/canned upto 2.5 Kg,3001,2986539,2871879
12122119,Seaweeds and other algae: Fit for human consumption EXCL. Wrapped/canned upto 2.5 Kg,1,781,773
12122911,Seaweeds and other algae: Other than Fit for human consumption Wrapped/canned upto 2.5,2259,1974242,999728
12122919,Seaweeds and other algae: Other than Fit for human consumption EXCL. Wrapped/canned upto,6600,1050263,1014116
12130010,"Cereal Straw And Husks, Wrapped/Canned upto 2.5 kg",118,217790,213498
13012000,Gum Arabic,50,115537,108590
13019000,"Natural gums, resins, gum-resins,natural oleoresesins and balsams (excl. gum arabic)",323278,86935418,77350350
13021900,"Other Vegetable Saps And Extracts,Nes(Exl.Opium,Liquorice,Hops,Pyrethrum).",10958,60907938,59406690
13022000,"Pectic Substances, Pectinates And Pectates",37500,34512482,29873156
13023100,Agar-Agar,1,62583,61350
13023200,"Mucilages And Thickeners Of Locust Beans, Bean Seeds And Guar Seeds",9725,3948160,3870418
13023900,"Mucilages&Thickeners,Derived From Veg.Prod.(Ex.Locastbeans/Seeds,Guarseeds",3202,2967773,2861098
14011000,Bamboos,110000,6856119,6073650
14049091,"Vegetable Products, Nes Wraped/Canned upto 2.5 kg",4200,906471,853284
14049099,"Vegetable Products, Nes (Excl. Wrapped/Canned upto 2.5 kg)",58430,16986696,15171354
15041000,Fish-Liver Oils And Their Fractions,4320,9428390,9242533
15042000,"Fish Fats, Oils And Fractions (Excl. Fish Liver Oils)",303390,71893407,45812315
15050000,Wool grease and fatty substances derived therefrom(including lanolin).,4050,2821515,2355840
15071000,"CRUDE OIL, WHETHER OR NOT DEGUMMED",31750000,4545100464,4492507125
15079010,Refined Soya-Bean Oil,9641,8530126,8362073
15089000,"Ground-Nut Oil (Excl. Crude) And Fractions,Not Che.Modified",920,691134,677516
15092010,Extra virgin olive oil,24206,10482023,6858930
15092090,Extra virgin olive oil,22228,8748415,5449655
15093010,Virgin olive oil,20,12515,2454
15093090,Virgin olive oil,2400,4708581,4615803
15099010,Olive oil and fractions (excl. virgin) wrapped/canned upto 2.5kg,772,372756,282321
15099090,Olive oil and fractions (excl. virgin) Excl. wrapped/canned upto 2.5kg,2133,1013402,944596
15109000,"Crude olive pomace oil, OTHERS",69,35684,22454
15119090,Palm Oil(Excl.Cude)&Its Fractns....Nes.Incld.Refiend Palm Oil,51594346,7067341301,6939972121
15121900,Sunflower-Seed And Safflower Oil (Excl. Crude) And Fractions Thereof,174096,40452015,39865418
15131100,Crude Coconut (Copra) Oil,651,500989,336137
15131900,"Coconut (copra) oil (excl. crude) & its fractions, refined or not but not chem. modified",20453,5486528,5313213
15132100,Crude Palm Kernel Or Babassu Oil,1209535,302875404,296902255
15132900,"Refined Palm Kernel/Babassu Oil & Fractions,Not Chem.Modifd",654931,139358555,134766441
15141100,"LOW ERUIC ACID RAPE OR COLZA OIL AND ITS FRACTIONS, CRUDE OIL",1,375,368
15149900,"RAPE,COLZA OR MUSTARD OIL&FRAC.THEREOF,WHET.OR NOT REF.BUT NOT CHE.MOD.NES",53163,12620595,10203327
15151100,Crude Linseed Oil,75,455293,446322
15152900,"Refined Maize (Corn) Oil & Fractions,Not Chemically Modifd",18810,6565220,4454415
15153000,Castor Oil And Its Fractions,25275,13115745,12857917
15155000,Sesame Oil And Fractions,5043,1008536,907246
15159000,"Oth.Fixed Veg.Oil,Fats & Frac.,Nes(Ex.Maize/Castor/Tung/Sesamre/Jojobaoil)",3114,6574233,6394157
15161000,"Animal Fats And Oils And Fractions, Hydrogenated, Etc",45150,4187564,3952903
15162000,"Vegetable fats and oils and their fractions, hydrogenated, etc",1738479,335083631,325202614
15163000,Microbial fats and oils and their fractions,1191,1040029,787633
15171010,"Margarine, excluding liquid margarine in 10kg or above packing",540120,86373094,78391582
15179000,"Edible Preparations Of Animal/Veg.Fats And Oils,Nes Incld.Liquid Margarine",165924,35728271,32996145
15180000,"Animal Or Vegetable Fats And Oils... Chemically Modified, Nes",69620,14513298,13834670
15211000,Vegetable waxes (excl. triglycerides),800,3889681,3812995
15219000,"Beeswax, other insect waxes and spermaceti",120,510925,496488
16010000,"Sausages &Similar Prod.;Of Meat,Meat Offal,Blood,Prep.Based On These Prod.",20160,3706994,3649098
16023200,"Prepared/Preserved Meat,Offal/Blood Of Fowls Of Species Gallus Domesticus",35648,9425915,9263835
16025000,Preparations Of Meat Of Bovine Animals,14206,17702966,17324111
16041400,"Prep./Preserved Tuna,Skipjack & Bonito Ex.Minced Whole/Inpieces",3262,2324719,1067093
16041600,Prepared Or Preserved Anchovies (Excl. Minced) Whole/Inpieces,28,5840,5783
16043200,Caviar substitutes,28,28037,27485
16051000,"Crab, Prepared Or Preserved",10,10014,9816
17011400,Other cane sugar,63134860,3072186118,3038993385
17019900,"Cane Or Beet Sugar, In Solid Form, Nes Including Chemically Kue Sucoose",23356302,1871168978,1343808719
17021100,Lactose And Lactose Syrup Cont.By Weight>=99% Lactose Calc. On Dry Matter,53460,28230879,27689980
17022000,Maple Sugar And Maple Syrup,3744,712353,689083
17023010,"Dextrose, Anhydrous/Monohydrate Bp/Vsp Pyrogen Free",261500,17763661,17413645
17023020,"Glucose & Glucose Syrup,Containing <20% Fructose,Liquid Glucose",24000,1411875,1384056
17023090,"GLUCOSE AND GLUCOSE SYRUP, NOT CONTAINING FRUCTOSE OR CONTAINING.. EXCL. LIQUID GLUCO",150570,12469193,8877468
17024000,"Glucose And Glucose Syrup, Containing >=20% But <50% Fructose",0,8499,8331
17026000,"Other Fructose And Fructose Syrup, Containing >50% Fructose",238,185176,170644
17029000,"Artificial honey, caramel and other sugars (incl. invert sugar), nes",2601874,147259812,94646072
17031000,Cane Molasses Resulting From The Extraction Or Refining Of Sugar,10551362,352345578,205536461
17039000,Oth.Molasses Resulting From The Extraction/Refining Of Sugar (Ex.Cane),4,2504,2454
17041010,"Chewing Gum Not Containing Cocoa, TV",14900,5567921,5070872
17041090,Chewing gum excl. Put up for retail sale,2870,1072033,654536
17049010,"Sugar confe (incl. white chocolate), not cont cocoa,nes Put up for retail sale",53864,20604701,16837060
17049090,"Sugar confei (incl. whit chocole), not cont cocoa, nes excl. Put up for retail sale",40944,15467495,12778650
18031000,"Cocoa Paste, Not Defatted",10975,3766218,3504312
18032000,"Cocoa Paste, Wholly Or Partly Defatted",4000,1490101,1472400
18040000,"Cocoa Butter, Fat And Oil",28,14017,6871
18050000,"Cocoa Powder, Not Containing Added Sugar Or Other Sweetening Matter",203401,39221423,38460638
18061000,"Cocoa Powder, Containing Added Sugar Or Other Sweetening Matter",588,147196,72148
18062000,"OTHER PREPARATIONS IN BLOCKS, SLABS OR BARS WEIGHING MORE THAN 2 KG, OR IN LIQUID..",109137,29892956,28396825
18063100,"Chocolate, Etc, Containing Cocoa, In Blocks, Slabs Or Bars, Filled, TV",48307,60539611,42309480
18069000,"OTHER CHOCOLATE & OTHER FOOD PREPARA. CONTAININGS COCOA, EXCL. FILLED/NOT FILLE, TV",4628,5652922,2730771
19011000,"Preparations suitable for infants or young children, put up for retail sale",84591,42326514,35101687
19012000,Mixes And Doughs For Preparation Of Bakers' Wares Of 19.05,197902,27067904,25826161
19019011,Filled milk powder,2182875,759632898,696616980
19019020,Dry Mixed Ingredient of food preparation in bulk imported by food processing industries,54460,19195412,17806273
19019030,Malt extract; food preparations for infant & children in bulk imported by food industry,990460,555222300,542269516
19019040,"Nutritional supplement for pregnant women and breast feeding mothers, put up for",45,22528,5522
19019090,Other,71163,12605550,9580191
19019090,"Other malt extract, food preparation imported in bulk by food processing industries",25960,5571216,5384591
19021900,"Uncooked Pasta, Not Containing Eggs, Not Stuffed",59059,7114382,5009377
19022000,"Stuffed Pasta, Whether Or Not Cooked/Prepared",300,74356,73620
19023000,"Other Pasta, Nes",195512,21809447,18518097
19024000,Couscous,506,98021,75123
19030000,"Tapioca & Substitutes Prpd.From Starch In Flakes,Grains,Pearls,Sifting Etc",737338,56429186,52655408
19041000,Prepared food obtained by the swelling or roasting of cereals or cereal products,35791,12062039,7883636
19042000,Prepared Foods Obtned From Unroasted Cereal Flakes/Mixtures Unroasted/Rstd,1496,467006,240688
19049000,"Cereals In Grain,Flakes,Worked Grains,Precooked,Otherwise Prepared, Nes",14282,9380956,8607599
19051000,Crispbread,1167,645459,238602
19052000,Gingerbread And The Like,5,3107,3068
19053100,"SWEET BISCUITS, TV",12570,6190095,4693659
19053200,"WAFFLES AND WAFERS, TV",19530,10979950,9994126
19054000,"Rusks, Toasted Bread And Similar Toasted Products",646,624330,132516
19059000,"Pastry,Cakes,Other Bread, Etc, Nes; Communion Wafers, Rice Paper, Etc, TV",9791,5821033,3952009
20011000,"Cucumbers And Gherkins,Prepared On Preserved By Vinegar Or Acetic Acid",14479,1808136,1421232
20019000,"Oth.Veg.Fruits,Nuts&Edible Parts Of Plants Preserved By Vinegar/Acetic Aci",24744,2784304,2157358
20021000,"Tomatoes, Whole Or In Pieces, Preserved Other Than By Vinegar, Etc",5106,639251,563856
20029000,"Tomatoes,Oth.Than Whole Or Pieces Preserved Otherwise Than By Vinegar,Nes",197922,20917803,12273390
20031000,"Mushrooms, Preserved Otherwise Than By Vinegar Or Acetic Acid",158914,15899073,15042106
20039000,"OTHER MUSHROOMS&TRUFFLES,PREPARED OR PRESE.OTHERW.THAN BY VINE.ACETIC ACID",19423,1933750,1271786
20041000,"Potatoes,Preserved Not By Vinegar/Acetic Acid,Frozen (Excl.Prods. Of 2006)",43215,7684799,7289238
20049000,"Vegetables Nes Preserved Not By Vinegar Etc, Frozen (Excl.Prods Of 2006)",6500,813573,717795
20052000,"Potatoes, Preserved Other Than By Vinegar Or Acetic Acid, Not Frozen",8260,4154719,3181286
20054000,"Peas, Preserved Other Than By Vinegar Or Acetic Acid, Not Frozen",15885,1842439,1236281
20055100,"Shelled Beans, Preserved Other Than By Vinegar, Etc, Not Frozen",956,83792,70393
20055900,"Beans, Unshelled, Preserved Other Than By Vinegar, Etc, Not Frozen",9365,2515795,1874306
20057000,"Olives, Preserved Other Than By Vinegar Or Acetic Acid, Not Frozen",1087,122405,99994
20058000,"Sweetcorn, Preserved Other Than By Vinegar Or Acetic Acid, Not Frozen",20542,2109501,2018857
20059900,"Other vegetables and mixtures of vegetables:, Excl. Bamboo shoots",5011,600499,297449
20060000,"Vegetables,Fruit,Nuts,Fruitpeel & Other Parts Of Plants,Preserved By Sugar",14163,7660895,7090474
20079100,"Jams,Fruit Jellies,Marmalades,Etc,Of Citrus Fruit Oth.Than Homogenised Pre",1218,606422,261535
20079900,"Oth.Jams,Fruit Jellies,Marmalades,Nut Purce/Pastes Oth Than Citrus Fruit..",3384,1694200,698491
20081100,"Ground-Nuts, Prepared On Preserved",18875,9287787,4086420
20081900,"Nuts And Seeds Including Mixtures, Other Than Ground Nuts, Preserved",18555,16739284,15405911
20082000,"Pineapples,Otherwise Prepared Or Preserved (Excl.Those Of 20.06 And 20.07)",136,59404,58233
20085000,"Apricots, Otherwise Prepared Or Preserved (Excl. Those Of 20.06and 20.07)",350,155546,143865
20086000,"Cherries, Otherwise Prepared Or Preserved (Excl. Those Of 20.06 And 20.07)",3088,1347208,568346
20089100,"Palm Hearts,Prepared Or Preserved(Excl.Those Of 20.06 And 20.07 & 2008.19)",5650,2475135,2357067
20089700,Mixture,9430,4127591,3130997
20089900,"Other fruit, etc, prepared or preserved, nes",51440,19517235,6369347
20091900,"Unfrzn.Orange Juice,Unfermented,Not Containing Added Spirit,Sweetened/Not",70954,13322046,8236981
20093900,OTHER JUICE OF ANY OTHER SINGLE CITRUS FRUIT EXCL. BRIX VAL.NOT EXCEED.20,500,817036,800937
20096100,GRAPE JUICE (INCLUDING GRAPE MUST) OF A BRIX VALUE NOT EXCEEDING 30,3024,564457,556567
20097100,APPLE JUICE OF A BRIX VALUE NOT EXCEEDING 20,4452,831005,819391
20097900,"OTHER, APPLE JUICE EXCL. BRIX VALUE NOT EXCEEDING 20",97200,23765311,20186604
20098100,Juice of any other single fruit or vegetable Cranberry Juice,46173,8664881,6157061
20098900,Juice of any other single fruit or vegetable other than Cranberry Juice,85614,16073096,9874078
20099000,"Mixtures Of Juices,Unfermented,Not Cont. Added Spirit,Sweetened Or Not",24278,4555953,3688703
21011100,"Extracts, Essences And Concentrates Of Coffee",133076,214627325,206492129
21011200,Preparations With A Basis Of Extract/Essence Etc.Or With A Basis Of Coffee,15902,21088823,17262069
21012000,"Extracts, Essences, Concentrates And Preparations Of Tea Or Mate",21006,18243373,11769215
21013000,"Roasted Coffee Substitutes (Incl.Chicory),Extracts,Essences & Conc.Thereof",149,185561,25203
21021000,Active Yeasts,616850,132472657,129489177
21022000,"Inactive yeasts; other single-cell micro-organisms, dead",34054,7209374,5368137
21023000,Prepared Baking Powders,109753,22634364,16691366
21031000,Soya Sauce,31180,4013954,3660581
21032000,Tomato Ketchup And Other Tomato Sauces,2686,420182,296924
21033000,"Mustard Flour And Meal, And Prepared Mustard",2315,367357,360120
21039010,Mixed seasonings,17537,8690927,7502045
21039010,Mixed seasonings imported by foodstuffs manufacturing industries,441477,207876539,197761334
21039090,sauce preparations; mixed condiments and seasonings;NES,246646,55297588,44434039
21041000,Soups And Broths And Preparations Therefor,46220,18041503,15305194
21042000,Homogenized Composite Food Preparations,436,215364,211470
21061000,Protein Concentrates And Textured Protein Substances,154378,37291244,20950813
21069020,Beverage concentrate imported by beverage manufacturing industry,196569,685588716,662149891
21069040,Stabilizer for milk,15000,9762854,8110470
21069050,Creamer in bulk,5352,3189794,1495828
21069050,Creamer in bulk imported by milk foodstuffs manufacturing industry,305390,63214421,55363719
21069060,Food supplement,3771,14352222,12007904
21069090,Other food preparations not elsewhere specified or incl.(excl. beverage concentrate),745316,216271449,191864006
22011000,"Mineral Waters And Aerated Waters, Unsweetened",5081,595393,470783
22019000,"OTHER WATER, EXCL.MINERAL WATERS AND AERATED WATERS",35678,4716407,3613632
22021000,"Waters (Incl. Mineral And Aerated), With Added Sugar, Sweetener, Etc",36407,4521718,3816118
22029900,"Waters, including mineral waters and aerated waters...Excl. Non-alcoholic beer",600,150200,73620
22030000,Beer Made From Malt,31549,9679100,3746826
22041000,Sparkling Wine,1329,1614741,1582925
22071000,"Undenatured Ethyl Alcohol, Of Alcoholic Strength >=80% By Vol.",16758,5829226,5691294
22082000,Spirits From Distilled Grape Wine Or Grape Marc,255,588303,452606
22083000,Whiskeys,9384,6714604,3313539
22084000,Rum And Tafia,420,305940,265612
22086000,Vodka,2280,2248483,1159234
22087000,Liqueurs And Cordials,540,1087061,530881
22090000,Vinegar And Substitutes For Vinegar Obtained From Acetic Acid,32164,5080576,4695361
23021000,"Brans, Sharps And Other Residues Of Maize(Corn)",30000,1201596,920250
23023000,"Brans, Sharps And Other Residues Of Wheat",67267769,2999192644,2004938092
23025000,"Brans, Sharps And Other Residues Of Leguminous Plants",4502645,219756687,193311352
23031000,Residues Of Starch Manufacture And Similar Residues,2873530,243694870,72802190
23033000,Brewing Or Distilling Dregs And Waste,34745455,2004079536,1224487399
23040000,"Oil-Cake And Other Solid Residues, Of Soya-Bean Oil",97340912,6370491445,4958456144
23050000,"Oil-Cake And Other Solid Residues, Of Ground-Nut Oil",2,5600,5588
23062000,Oil-Cake And Other Solid Residues Of Linseed,372000,27937730,21900723
23064900,"OIL-CAKE AND OTHER SOLID RESIDUES OF RAPE OR COLZA SEEDS, OTHER",21070800,1275183360,635091384
23069000,"Oil-Cake And Other Solid Residues, Of Other Vegetable Fats And Oils",43750,2659753,2147250
23091000,"Dog Or Cat Food, Put Up For Retail Sale",148702,19052417,12754504
23099011,Vitamin or mineral or amino acid or their combination (feed grade),158865,68694791,64284248
23099012,Vitamin premix or mineral premix or amino acid premix or their combination(feed grade,1363464,539761941,500398498
23099013,Probiotics or Prebiotics or their combinatioin (feed grade),605564,276222290,248707232
23099014,Essential oil or combination of essential oils (feed grade),188100,76894254,66000599
23099019,"Oth, Preparations for use in making complete feed or supplementary feed",2992734,918018308,851405982
23099021,Vitamin or mineral or amino acid or their combination (feed grade),20155,3017070,763808
23099022,Vitamin premix or mineral premix or amino acid premix or their combination (feed grad,112200,12823198,11988600
23099023,Probiotics or Prebiotics or their combination (feed grade),31841,12703110,11830071
23099024,Essential oil or combination of essential oils (feed grade),18,9011,8834
23099029,"Preparations for use in making complete feed or supplementary feed for fish,NES",29038,4047712,3480754
23099090,"OTH..Preparations of a kind used in animal feeding. ,OTHER",13237333,2059747944,1783204182
24029000,"Cigars, cigarillos, cigarettes, etc, not containing tobacco",1,9791,9599
25010010,Pure Sodium Chloride Bp/Usp Pyrogen Free,176000,5195119,5105784
25010030,"Rock salt, bhit lobon",233000,3791241,2840505
25010099,Other Salt,202,466015,456783
25041000,Natural Graphite In Powder Or In Flakes,5280,985336,777427
25051000,Silica Sands And Quartz Sands,2462717,74086966,25457143
25059000,Natural Sands(Ex.Silica & Quartz Sands & Metal-Bearing Sands Of Ch.26)Nes,105950,3925706,2800578
25061000,Quartz,4063971,112305109,44559099
25062000,Quartzite,4297410,109759841,69164729
25070010,China clays,2775000,75726496,46160722
25070010,Imported by Tiles or Sanitary or Ceramic or Tableware products manufacturing industry,6263210,188970362,151837701
25070090,"Kaolin And Other Kaolinic Clays, Whether Or Not Calcined",1722136,48094738,34894625
25081000,Bentonite,2879428,62465725,43712609
25083000,Fire-Clay,139600,10109073,9498716
25084010,Ball clays,6046205,46833667,37611538
25084010,Imported by Tiles or Sanitary or Ceramic or Tableware products manufacturing industry,121100660,864050132,738309104
25084090,"Other Clays, Nes",5255500,33324003,26219246
25090000,CHALK,3792,273857,201199
25102000,"NATURAL CALCIUM PHOSPHATES, NATURAL ALUMINIUM CALCIUM PHOSPHATES AND..,GROUD",24000,3759572,3680188
25111000,Natural Barium Sulphate (Barytes),150001,7743088,6276841
25112000,Natural Barium Carbonate (Whitherife),25,17965,17699
25120000,"Siliceous Fossil Meals (Kieselguhr, Tripolite, Etc); Siliceous Earths",5000,666760,653623
25131000,Pumice stone,701040,12243346,6992407
25132000,"Emery, Natural Corundum, Natural Garnet And Other Natural Abrasives",114027,2922256,2504648
25151100,Marble and travertine imported by Marble & Granite tiles industries,202540,4437165,3479232
25151200,Marble and travertine blocks or slabs imported by Marble & Granite tiles industries,5163659,109603063,87660856
25151200,"Merely cut, by sawing or otherwise, into blocks ....a rectan.. (including square) shape",748990,14991475,12153337
25161200,Granite blocks or slabs imported by marble & granite tiles industries,1532190,34878429,23211217
25161200,"Granite, Merely Cut Into Blocks On Slabs Of A Square Or Rectangular Shape",733310,16653300,10771235
25169010,Boulder stone,431808790,842735388,589997182
25171010,Flint/grinding pebbles,2750,137682,60737
25171090,Broken or crushed stone,1424871266,3525940163,3206882477
25174100,"Marble Granules, Chippings And Powder",87684,2285033,1253549
25174900,"GRANULES, CHIPPINGS AND POWDER, OF STONES OF HEADING 2515 OR 2516..,EXCL. MARBLE",26548163,398419666,170782096
25181000,Dolomite Not Calcined,852954,9862080,8153754
25191000,NATURAL MAGNESIUM CARBONATE (MAGNESITE),56000,975029,961968
25199000,Magnesia And Other Magnesium Oxide,299910,25987152,25085025
25201010,Gypsum; Anhydrite,3930594,68243697,32881427
25201090,Gypsum; Anhydrite,152489500,663458948,422345670
25202000,Plasters,2298004,49290881,39507425
25210010,Boulder limestone,481745380,836847638,587462093
25210090,Limestone and other calcareous stones imported as raw material by manufecturers,220109000,412166713,243066369
25210090,Other than Boulder Limestone,0,627,614
25221000,Quicklime,4723350,103176565,80242912
25223000,Hydraulic Lime,2000,117653,115338
25231000,Cement clinkers,1,626,614
25231000,Cement clinkers imported by cement manufacturing industry,2125856480,13913395632,12056445382
25232100,White Portland Cement,3690,227210,215319
25232900,"PORTLAND CEMENT, EXCL WHITE CEMENT, WHETHER OR NOT ARTIFICIALLY COLOURED",350615,64306400,18927911
25233000,Aluminous cement,9000,1279604,809820
25239000,Other Hydraulic Cements,951000,19443551,19251041
25249010,Chrysolite fibre imported by cement sheet manufacturing industry,2818000,263195476,225737754
25251000,Crude Mica And Mica Rifted Into Sheets Or Splittings,1,372866,367731
25252000,Mica Powder,19301,1194436,887612
25261000,"Natural Steatite, Talc, Not Crushed Or Powdered",364000,5007556,3885296
25262010,"Natural Steatite, Talc, Crushed Or Powdered",2008869,54643248,46490478
25262090,"Natural Steatite, Talc, Crushed Or Powdered",20025,954393,935588
25291000,Felspar,137117002,1072318899,709253679
25292100,Fluorspar Containing By Weight <=97% Of Calcium Fluoride,20868,2046952,1433882
25293000,Leucite Nepheline And Nepheline Syenite,139000,10209174,9811326
25301000,"Vermiculite, perlite and chlorites, unexpanded",14000,1138996,944790
25309000,"Other Mineral Substances, Nes",9176658,118681060,65333279
26020000,"Manganese Ores/Concentrates(Inc.Ferruginous), With Manganese Cont.Of=>20%",133639,5859365,4355313
26140000,Titanium Ores And Concentrates,155000,29963209,20030775
26180000,Granulated Slag (Slag Sand) From The Manufacture Of Iron Or Steel,898480000,3351987167,1990851862
26203000,Ash And Residues Containing Mainly Copper,26000,646953,638040
26209910,FLY ASH,418450200,1555905005,578293223
27011100,"Anthracite Coal, Not Agglomerated",10800,1448334,1061927
27011900,"Other Coal, Not Agglomerated, Nes",1799891063,25209339174,20855805933
27040000,"Coke And Semi-Coke Of Coal, Of Lignite Or Of Peat; Retort Carbon",3034100,102540738,80854763
27060010,Crude tar imported by tar manufacturering industres,212880,13322697,13060188
27060010,"Crude, Tar",126340,7906653,7730100
27073000,Xylole,28720,5196750,3664902
27074000,Naphthalene,109,13698,10742
27075090,Other Aromatic Hydrocarbon Mixtures Of Which >=65% Distils At 250oc,203645,44167819,28716399
27079100,Creosote Oils,87066,5448862,5341499
27079910,Rubber process oil,41160,4755135,2929193
27079910,Rubber process oil imported by tyre & tube manufacturing industry,308440,38198839,24207389
27079990,"Other Oils And Other Products, Of The Distil Of Coal Tar.",3312,985338,599566
27081000,Pitch Obtained From Coal Tar Or From Other Mineral Tars,35941,2969076,2910574
27090000,"Petroleum Oils And Oils Obtained From Bituminous Minerals, Crude TV",65534483,5982352808,5915889078
27101231,"White spirit, TV",527090,66340811,56961021
27101262,"High speed diesel oils, TV",5011937,432286510,432286510
27101911,"OTHER FUEL OILS FURNACE OILS, TV",85300,5124808,5023829
27101921,Base oil in bulk imported by petroleum products processing or lube blending industry,4965097,747912125,600401922
27101929,"LUBRICATING OILS, NES",651,239569,116320
27101931,LUBRICATING OIL WHICH HAS ITS FLASHING POINT .. below 220 F b..Jy Abel close test,2682897,893226827,786945294
27101939,"OTHER HEAVY OILS AND PREPARATIONS, NES",4330,2520695,2376652
27101951,LIQUID PARAFFIN IN DRUM,854865,138495316,104916052
27101959,LIQUID PARAFIN OTHER THAN DRUM,789046,129067313,90141998
27101971,Transforme Oil in Drum,213164,33861919,28251737
27101979,Transformer Oil Other than in drum,472195,65811778,56522372
27101981,Greases (mineral) wrapped/canned up to 2.5kg,16765,6055192,4729197
27101989,Greases (mineral) other than wrapped/canned,102677,57871716,53255940
27101991,MINERAL OIL WHICH HAS ITS FLASIHING POINT =>200D F USED AT JUT OF OTHER FIBER,1053,262498,136197
27101992,MINERAL OIL FOR THE MANUFACTURE OF INSECTICIDES,14696,4598943,2929044
27101999,"OTHER HEAVY OILS AND PREPARATION, NES",506,236634,231972
27102000,"Petroleum oils and oils obtained from bituminous minerals , containing biodiesel, othe",0,1253,1227
27111100,"Natural Gas, Liquefied",373751205,26588484482,26588484482
27111200,"Propane, Liquefied",32122018,2598243146,2579928835
27111300,"Butanes, Liquefied",154573372,12229027537,12072201700
27121000,Petroleum Jelly,5805,2877072,2757080
27122000,Paraffin wax containing by weight less than 0.75% of oil,144092,19476128,18527006
27129010,Tube lessening jel imported by optical fibre cable manufacturing industry,31790,10082727,5935058
27129090,"MICROCRYSTALLINE PETROLEUM WAX, SLACK WAX,OZOKERITE..,EXCL.PETROLEUM JELLY, PARAFFIN WAX",4000,1141534,1010435
27131200,Calcined Petroleum Coke,75080,11940516,5941124
27132010,Petroleum bitumen in Drum,13434537,852750322,753603661
27150000,"Bituminous Mixtures Based On Natural Asphalt, Bitumen...(Eg. Cut-Backs)",23978,3652311,3450793
28012000,Iodine,11,215286,211044
28013000,Fluorine; Bromine,50,312916,306750
28030000,"Carbon (Carbon Blacks And Other Forms Of Carbon, Nesoi)",1265343,223858410,160727962
28042100,0Argon,476950,29833989,25419029
28042900,Rare Gases (Excl. Argon),381,4351729,4216867
28043000,Nitrogen,37051,16453207,15898730
28044000,Oxygen,1465560,24001331,15613133
28045000,Boron; Tellurium,500,1262401,1206755
28046900,Silicon Containing By Weight <99.99% Silicon,9000,3278071,2011053
28048000,Arsenic,500,112657,105389
28049000,Selenium,8750,23816237,23346963
28051100,Sodium,8590,14402906,14081187
28051200,CALCIUM,0,627,614
28053000,"Rare-Earth Metals, Scandium And Yttrium",15000,5655637,5544200
28061000,Hydrogen Chloride (Hydrochloric Acid),553,536895,526314
28070000,Sulphuric Acid; Oleum,248210,9021453,6990342
28092000,Phosphoric Acid And Polyphosphoric Acids,53200,12852903,7833168
28100010,Boric Acid,463400,61304243,56404208
28111900,"Other Inorganic Acids, Nes",3,40583,39782
28112100,Carbon Dioxide,689980,39025698,32475009
28112200,Silicon Dioxide,241339,57864443,51595233
28112910,Silica gel,137701,12765850,12521780
28112990,Silica gel imported by other than VAT registered motorcycle assembling and manufa,59981,17117502,14598666
28142000,Ammonia In Aqueous Solution,9984,512372,431213
28151100,"Sodium Hydroxide (Caustic Soda), Solid",6798,7369579,7203879
28152000,Potassium Hydroxide (Caustic Potash),81,36140,29344
28161000,Hydroxide and peroxide of magnesium,25500,5129281,5030421
28170000,Zinc Oxide; Zinc Peroxide,184123,69308583,60318645
28181000,"Artificial corundum, whether or not chemically defined",21851,4076193,3830326
28182000,Aluminium oxide Imported by abrasive paper sand paper manufacturing industry,50000,13374206,9110475
28182000,"Aluminium oxide, other than artificial corundum",364809,44107374,38605559
28183000,Aluminium Hydroxide,688492,144998732,129888822
28199000,Chromium Oxides And Hydroxides (Excl. Chromium Trioxide),1,9924,9728
28201000,Manganese Dioxide,114010,18077540,13902143
28211000,Iron Oxides And Hydroxides,345097,49360586,30785620
28230000,Titanium Oxides,216076,60672845,58289054
28249010,Red Lead,211,79170,17031
28249020,Red lead oxide,25000,8605568,6779175
28251000,Hydrazine And Hydroxylamine And Their Inorganic Salts,16001,2156217,2113728
28252000,Lithium Oxide And Hydroxide,100,348588,341720
28255000,Copper Oxides And Hydroxides,7000,10743121,10561525
28259000,"Other Inorganic Bases; Other Metal Oxides, Hydroxides And Peroxides, Nes",200,1649629,1276080
28261910,Sodium silicon fluoride,40000,5006611,2404920
28269000,"Fluorosilicates Nes;Fluoroaluminates And Other Complex Fluorine Salts,Nes",6003,1935578,1897433
28271000,Ammonium Chloride,35000,2196667,2153385
28272000,Calcium Chloride,48275,3459718,1949511
28273100,Magnesium Chloride,204225,5476147,4403433
28273200,Aluminium Chloride,609000,15819013,15566704
28273500,Nickel Chloride,1992,1108463,993732
28273900,"Chlorides, nes",14133,2442739,2394607
28274900,Chloride Oxides And Chloride Hydroxides (Excl. Of Copper),1,2086,2044
28275100,Bromides Of Sodium Or Of Potassium,385,9193892,9012732
28275900,Bromides And Bromide Oxides (Excl. Of Sodium And Potassium),315001,244951501,242513483
28276000,Iodides And Iodide Oxides,500,5040494,4941177
28281000,Commercial Calcium Hypochlorite And Other Calcium Hypochlorites,1895375,74562168,48440610
28289000,Hypochlorites (Excl. Of Calcium) And Chlorites; Hypobromites,171,107621,22086
28299010,POTASSIUM IODATES,2000,12782604,12530738
28299090,"CHLORATED AND PERCHLORATE; BROMATES AND PERBROMATES: IODATES AND PERIODATES, NES",103,72255,70833
28309000,"Other Sulphides And Polysulphides (Excl. Of Sodium,Zinc & Cadmium)",348,8980667,8803978
28311000,Dithionites And Sulphoxylates Of Sodium,57304,5902831,5533482
28319000,Dithionites And Sulphoxylates (Excl. Of Sodium),8000,1201596,1177920
28321000,Sodium Sulphites,786300,41323356,40447902
28322000,Other Sulphites (Excl. Sodium),400,1977627,1938660
28323000,Thiosulphates,976,100019,81301
28331100,Disodium Sulphate,15530024,272113476,193253531
28331900,Sodium Sulphates (Excl. Disodium Sulphate),14993,8682390,8505604
28332100,Sulphates Of Magnesium,2923414,64604621,63350931
28332200,Sulphates Of Aluminium,78050,1617245,1576940
28332400,Sulphates Of Nickel,13603,4163967,2822056
28332500,Sulphates Of Copper,264,340766,334051
28332700,Sulphates Of Barium,140300,15494045,10932325
28332910,Zinc sulphate,714510,119841647,97361471
28332990,"Sulphates; alums; peroxosulphates (persulphates), nes",199061,13619854,12583395
28333000,Alums,60000,1196209,1104300
28334000,Peroxosulphates (Persulphates),1701,535149,469502
28341000,Nitrites,52000,3558016,2934984
28342100,Nitrates Of Potassium,1,13507,13241
28342910,Sodium nitrate,330000,53849917,22562321
28351000,Phosphinates (hypophosphites) and phosphonates (phosphites),2076,3020498,2878796
28352200,Phosphates Of Mono Or Disodium,11691,5650761,5483093
28352400,Phosphates Of Potassium,1632,1113522,960966
28352500,Calcium Hydrogenorthophosphate (Dicalcium Phosphate),1671456,139493481,136827126
28352600,"Other Phosphates Of Calcium, Nes",3929876,431205265,422277920
28352900,"Phosphates, nes",35141,20039377,19617890
28353100,Sodium Triphosphate (Sodium Tripolyphosphates),58650,12489763,10582854
28353900,"Polyphosphates, Nes",198152,31498812,29556099
28362000,Disodium Carbonate,16664102,653430517,440225714
28363000,Sodium Hydrogencarbonate (Sodium Bicarbonate),2833466,189808067,86325830
28364000,Potassium Carbonates,75051,20474656,10753952
28365000,Calcium Carbonate,8514707,317029037,248046225
28366000,Barium Carbonate,616500,58628666,40311599
28369200,Strontium Carbonate,1,1519,1488
28369990,"Other Carnonates; Peroxocarbonates, Excl. Ferrous Carbonate",838901,61336165,50042382
28371100,Cyanides And Cyanide Oxides Of Sodium,1020,299998,252544
28371900,"Other Cyanides, Cyanide Oxides (Excl. Sodium)",246,94124,33374
28372000,Complex Cyanides,6401,1047176,1026543
28391100,Sodium Metasilicates,258000,10588767,10404715
28391900,"Other Silicates And Com. Alkali Metal Silicates,Of Sodium (Ex.Metasilicate",23600,1095525,1075112
28399010,Silicates; commercial alkali metal silicates Of potassium,83700,7316028,5024467
28399090,"Silicates; commercial alkali metal silicates, nes",406360,130033314,91432607
28401900,"Disodium Tetraborate, Not Anhydrous",814194,74985746,72805887
28402010,Solubo boron,171000,37061012,31883350
28403000,Peroxoborates (Perborates),2950,937849,919369
28413000,Sodium Dichromate,820,653813,555831
28415000,"Other Chromates And Dichromates, Peroxochromates",6350,1489741,1472400
28416100,Potassium Permanganate,50000,11640275,10429500
28417000,Molybdates,30,74035,72577
28419000,"Other Salts Of Oxometallic And Peroxometallic Acids, Nes",1025,458627,445307
28421010,Aluminium sodium silicate; Zeolite,384300,28350493,24760227
28429090,"Other Salts Of Inorganic Acids Or Peroxoacids,Excl. Azides",1,12597,12348
28432100,Silver Nitrate,0,116809,114507
28432900,Other Silver Compounds (Excl. Silver Nitrate),1,642571,629909
28439010,"CISPLATIN BP, OXALIPLATIN BP, CARBOPLATIN BP",4,26410083,25889700
28439090,OTHER COMPOUNDS; AMALGAMS,0,421277,411659
28444110,"Tritium its compounds;alloys, dispersions (incl. cermets),ceramic products mixtures",459,12798488,12541147
28444310,"Other radioactive elements and isotopes and compounds; other alloys,dispersions etc.",131,10201586,9445183
28459000,"Other Isotopes And Their Inorganic Or Organic Compounds, Nes",388,881112,855955
28470000,"Hydrogen Peroxide, Whether Or Not Sokidified With Urea",18110,2205893,1887385
28491000,Carbides Of Calcium,317000,51538846,29989045
28492000,Carbides Of Silicon,186,45652,11411
28499000,Other Carbides (Excl. Of Calcium And Silicon),1,2022579,1969335
28500000,"Hydrides,Nitrides,Azides,Silicides&Borides,Chem.Defnd/Not;Ex.Carbds Hd2849",0,21126,20709
28539000,Other,108,87237,84993
29011000,"Acyclic Hydrocarbons, Saturated",523937,58571772,55549365
29012100,Ethylene,504,793430,777795
29012310,Refrigerant (isobutane/R600a),26673,11628752,9336017
29012390,Butene excl. Refrigerant isobutane/R600a imp by VAT registered refrigerator manu ind,450,395400,387609
29012900,"Other Unsaturated Acyclic Hydrocarbons, Nes",31174,8339696,6619236
29021910,Cyclopentane,133970,49930694,24116243
29022000,Benzene,194,118353,116021
29023000,Toluene,423258,52733426,49560445
29024400,Mixed Xylene Isomers,45373,7647299,6177871
29025000,Styrene,40370,7155696,6642309
29025000,Styrene imported by paint manufacturing industries,347370,74685105,46597399
29029010,"Other Cyclic Hydrocarbons, Nes",52000,7763161,7369362
29029090,"Other Cyclic Hydrocarbons, Nes",0,27773,27226
29031200,Dichloromethane (Methylene Chloride),1078131,98590908,62998177
29031300,Chloroform (Trichloromethane),503,423011,414675
29031900,"Other Saturated Chlorinated Derivatives Of Acyclic Hydrocarbons, Nes",8140,6951440,6821654
29032300,Tetrachloroethylene (Perchloroethylene),19800,2340136,2307987
29034200,Trifluoromethane(HFC-23),71536,76706094,75303082
29034500,"1,1,1,2-Tetrafluoroethane(HFC-134a)and 1,1,2,2.. (HFC-134)",15675,24717125,24286502
29034600,"1,1,1,2,3,3,3-Heptafluoropropane (HFC-227ea)..(HFC-236cb),(HFC-236ea)..",206,307351,303683
29039100,"Chlorobenzene, o-dichlorobenzene and p-dichlorobenzene",123000,31309688,10780422
29041090,Hydrocarbon Derivatives Cont.Only Sulpho Grp.Treir Slats(Ex.Methane Sulp..,16002,1990586,1951364
29043500,Other salts of perfluorooctane sulphonic acid,0,492892,483180
29049900,Other,15000,2612205,1101233
29051110,Methanol (Methyl Alcohol),1019728,82808471,68973145
29051190,Other methanol (methyl alcohol),3477951,287114696,200148524
29051210,Isopropyl alcohol,113319,29438788,17642932
29051290,Propan101 (propy1 alcohol) and propan201 (isopropy1 alcohol):,140034,26286045,22840407
29051300,Butan-1-Ol (N-Butyl Alcohol),25765,4650846,4535041
29051400,"Other Butanols, Nes",13200,4032125,1717555
29051600,Octanol (octyl alcohol) and isomers thereof,42,44947,44063
29051600,Octanol and isomers imported by dioctyl orthophthalates manufacturing industry,597630,111676869,73928646
29051700,"Dodecan-1-Ol, Hexadecan-1-Ol And Octadecan-1-Ol",46000,9444845,8927897
29051990,"Other than Pinacolyl alcohol: 3, 3-Dimethylbutan-2-ol",20710,17762103,17314933
29052200,Acyclic Terpene Alcohols,25473,10316009,10112741
29053100,Ethylene glycol (ethanediol),154540,31852806,20097352
29053100,Imported by PET chips/PVC or PET resin/ PSF/POY/FDY/ DTY manufacturers,5019585,373865707,292553963
29053200,"Propylene Glycol (Propane-1,2-Diol)",128590,32251803,30589220
29053900,"Other Diols, Nes",7081,4789986,4695604
29054200,Pentaerythritol,194000,53248931,32371941
29054300,Mannitol,32550,22284626,21864250
29054400,D-Glucitol (Sorbitol),2272,1094437,1072873
29054500,Glycerol,1213561,167727115,163248546
29054900,"Other Polyhydric Alcohols, Nes",30000,7029338,6890832
29061100,Menthol,14680,24922102,22673782
29061320,Inositols,2275,35870163,35163379
29061990,"Oth.Cyclanic,Cyclenic/Cycloterpenic Alcohols & Derivatives,Nes(Ex.Terpinh.",23000,3310665,2858910
29062100,Benzyl Alcohol,73293,23063404,17591149
29062900,"Other Aromatic Alcohols And Their Derivatives, Nes",319,361302,297805
29071100,Phenol (Hydroxybenzene) And Its Salts,95465,13720860,12739898
29071200,Cresols And Their Salts,1,519033,508807
29071900,"Other Monophenols, Nes",45,233565,228963
29072100,Resorcinol And Its Salts,131,219021,214705
29072200,Hydroquinone (Quinol) And Its Salts,3000,2716020,2662590
29072300,"4,4-Isopropylidenediphenol (Bisphenol A, Diphenylolpropane) And Salts",2100,1158672,600371
29072900,"Other polyphenols, nes",3,3130,3068
29081100,Pentachlorophenol (ISO),16048,5322916,1177920
29081990,"Chloroxylenol, Dichlorophene Hexachlorophene, parachlorometaxylenol",11180,9186978,7959206
29089900,"Haloge. sulpho, nitrated or nitro. Derivat. of phenols or phenol-alco. Excl. Do",12,37599,36859
29091100,Diethyl Ether,2,1518,1488
29091900,"Other acyclic ethers and their halogenated... derivatives, nes",3892306,358929881,354976117
29093000,"Aromatic Ethers And Their Halogenated... Derivatives, Nes",22600,5544866,4584072
29094100,"2,2-Oxydiethanol (Diethylene Glycol, Digol)",1032070,103703063,78992321
29094300,Monobutyl Ethers Of Ethylene Glycol Or Of Diethylene Glycol,134575,18325958,14429336
29094900,"Other Ether-Alcohols And Their Halogenated... Derivatives, Nes",116583,35973363,30520420
29095000,"Ether-Phenols, Ether-Alcohol-Phenols And Halogenated... Derivatives, Nes",9000,5926049,5558310
29096000,"Alcohol, Ether And Ketone Peroxides And Their... Derivatives, Nes",19104,8825430,6879544
29101000,Oxirane (Ethylene Oxide),306,139584,50282
29109000,"Other Epoxides... With A Three-Membered Ring And Derivatives, Nes",1600,901168,883440
29121900,"Other Acyclic Aldehydes, Without Other Oxygen Function, Nes",7600,2966812,2937438
29122100,Benzaldehyde,0,13507,13241
29124100,"Aldehyde-alcohols,...Vanillin (4-Hydroxy-3-Allthobenzaldehyde)",11000,2737135,2576700
29126000,Paraformaldehyde,1253000,180958022,106995627
29141100,Acetone,155460,15487937,15103487
29141200,Butanone (Methyl Ethyl Ketone),47685,7737587,6933274
29141300,4-Methylpentan-2-One (Methyl Isobutyl Ketone),63738,18634818,10236149
29142200,Cyclohexanone And Methylcyclohexanones,129200,16453966,15647686
29142900,"Oth.Cyclanic,Cyclenic/Cycloterpenic Ketones Without Oth.Oxy. Function,Nes",15420,2108522,2079029
29143900,Other Aromatic Ketones Without Other Oxygen Function (Excl. Phenylacetone),603,312806,228296
29144000,Ketone-alcohols and ketone-aldehydes,975,299965,281136
29145000,Ketone-Phenols And Ketones With Other Oxygen Function,1521,9983029,9786321
29146200,Coenzyme Q10 (ubidecarenone (INN)),2570,119788127,117418992
29146900,Other Quinones (Excl. Anthraquinone),0,18211,17853
29147900,Other,153,38301,13374
29151100,Formic Acid,598640,48381203,35825701
29152100,Acetic Acid,23036,4136394,3119186
29152400,Acetic Anhydride,107520,11546858,11319340
29152910,Sodium acetate,233,188577,184861
29152990,"Formic acid, its salts and esters:Excl. Sodium Acetate",5814,11785764,10636241
29153100,Ethyl Acetate,3104647,366693502,345208637
29153200,Vinyl Acetate,315615,49830295,35876744
29153300,N-Butyl Acetate,43560,9819962,5521500
29153900,"Other Esters Of Acetic Acids, Nes",160720,32662466,21644329
29154000,"Mono-, Di- Or Trichloroacetic Acids, Their Salts And Esters",1,11628,11399
29155010,Deoxycortone Phenyel Propionate,1183,92224,90975
29155090,"Other Propionic Acid,Its Salts&Esters(Excl.Deoxycortone Phenyel Propionate",80000,14435642,13166233
29156000,"Butyric Acids, Valeric Acids, Their Salts And Esters",135000,54890905,30536349
29157010,"Stearic Acid,Their Salts And Esters",875910,129313307,120531021
29157031,Sodium salt of palmitic acid (soap noodle),1,1879,1841
29157031,Sodium salt of palmitic acid (soap noodle) imported by soap manufacturing industry,2120000,306201122,277302000
29157039,Other Palmatic Acid/Salt,21260,3771112,3179303
29159000,"Other Saturated Acyclic Monocarboxylic Acids And Their... Derivatives, Nes",81567,33716992,32644152
29161100,Acrylic Acid And Its Salts,7000,2206283,1017183
29161200,ESTERS OF ACRYLIC ACID,570820,179363935,84626607
29161300,METHACRYLIC ACID AND ITS SALTS,2000,718439,417180
29161400,ESTERS OF METHACRYLIC ACID,261387,95254625,43696030
29161500,"Oleic, Linoleic Or Linolenic Acids, Their Salts And Esters",1030,1190230,1166777
29161900,"Other Unsaturated Acyclic Monocarboxylic Acids And Their...Derivatives,Nes",31021,10399020,6108929
29162000,"Cyclanic...Cycloterpenic Monocarboxylic Acids, Etc, Their... Derivatives",700,19906103,12306687
29163100,"Benzoic Acid, Its Salts And Esters",62987,17831906,16301572
29163900,"Aromatic monocarboxylic acids, etc, their... derivatives, nes",2792,18476274,18055595
29171100,"Oxalic Acid, Its Salts And Esters",50000,3298808,3141120
29171200,"Adipic Acid, Its Salts And Esters",69410,8330917,7458252
29171300,"Azelaic Acid, Sebacic Acid, Their Salts And Esters",1,876,859
29171400,Maleic Anhydride,50200,8533834,8311698
29171900,"Acyclic polycarboxylic acids, etc, their... derivatives, nes",17647,12888342,11801088
29172000,"Cyclanic... Cycloterpenic Polycarboxylic Acids, Etc, Their...Derivatives",64200,16824696,13037857
29173400,"Other Esters Of Orthophthalic Acid,",400,513934,501229
29173500,Phthalic Anhydride,964002,148436219,102909717
29173600,Imported by PET chips/PVC or PET resin/ PSF/POY/FDY/ DTY manufacturers,18780000,1630684656,1577885475
29173910,Purified Isophtalic Acid (IPA) imported by petro chemical industry,600000,63075564,62208900
29173990,"Other Aromatic Polycarboxylic Acids, Etc, Their... Derivatives, Nes",18355,2426759,2368845
29181100,"Lactic Acid, Its Salts And Esters",119351,31405188,25925774
29181200,Tartaric Acid,534,404833,389125
29181300,Salts And Esters Of Tartaric Acid,501,1579755,1548627
29181400,Citric Acid,575500,47516469,46398760
29181500,Salts And Esters Of Citric Acid,253477,58681970,51431996
29181600,"Gluconic Acid, Its Salts And Esters",121800,18124620,15255414
29181910,"Calcium,Lactate,Calcium Livulinate,Calc.Sodium Lactate,Cantharides,Canthr.",38000,7750237,6714144
29181990,"Carboxylic Acids With Alcohol Function,Without Oxygen Function..Nes",11952,42988354,42141315
29182100,Salicylic Acid And Its Salts,20,10014,9816
29182300,Other Esters Of Salicylic Acid And Their Salts,20761,6774960,6655006
29182900,"Oth.Carboxylic Acids With Phenol Function,But Without Derivatives Nes",10850,12828819,11818019
29183000,"Carboxylic Acids With Aldehyde,Or Ketone Function...& Their Derivatives",1475,17652272,17303461
29189900,"Car. acids with add.Oxy.func.&their.. Excl.2, 4, 5-T (ISO) (2,4,5-trichlo.acid)",42724,222190151,210312073
29199000,Phosphoric esters..derivatives.Exclu. Tris phosphate & Tetrasodium fosfertrol a,387,2874483,2723081
29209090,"Oth.Ester Of Oth.Inorganic Acids(Exl.Of Hdrgn.Halides),Deriv.(Ex.Erythrit.",1400,8235226,8072956
29211100,"Methylamine, Di- Or Trimethylamine And Their Salts",1020,153203,150185
29211200,"2-(N,N-Dimethylamino)ethylchloride hydrochloride",1020,300024,250308
29211990,Other,4231,16221525,15924629
29212110,Ethylenediamine And Its Salts,56500,30487235,18191993
29212190,Ethylenediamine And Its Salts,500,746814,709991
29212900,"Other Acyclic Polyamines And Their Derivatives, Salts Thereof, Nes",4810,4805180,2286637
29213000,"Cyclanic...Or Cycloterpenic Mono- Or Polyamines, Etc; Salts Thereof",20538,12493585,6060030
29214200,Aniline Derivatives And Their Salts,364000,112439916,111210372
29214900,"Other Aromatic Monoamines And Their Derivatives, Nes; Salts Thereof",11386,46773296,45749198
29215100,"O-, M-, P-Phenylenediamine, Diaminotoluenes, Etc; Salts Thereof",7535,6111260,5814186
29215900,"Other Aromatic Polyamines And Their Derivatives, Nes; Salts Thereof",1300,4166896,4077076
29221100,Monoethanolamine And Its Salts,4625,1753221,1338520
29221500,Triethanolamine,2530,499635,435278
29221700,Methyldiethanolamine and ethyldiethanolamine,6210,1312927,1295344
29221991,"N,N-Dialkyl (Me, Et, n-Pr or i-Pr) aminoethane-2-ols and corresponding protonated salts",5000,1024988,1012275
29221999,"Other than N,N-Dialkyl (Me, Et, n-Pr or i-Pr) aminoethane-2-ols and corresponding protonated salts",41828,36018154,33989306
29222100,Aminohydroxynaphthalenesulphonic Acids And Their Salts,100,327935,321474
29222910,"Acetaminophen,Methoxyphenamine,P-Acetaminopaenol",156,1199884,1161527
29222990,"Other Amino-Naphthols &-Phenols,Etc.. Oxygen Function;Salts, Nes",170350,47916723,47035450
29223900,"AMINO-ALDEHYDES,AMINO-KETONES & AMINO-QUINONES,OTH. THAN THOSE CONT.MORE..",148,4395164,4308562
29224100,Lysine And Its Esters; Salts Thereof,1150800,299190548,139850883
29224210,Tasting salts ((monosodium glutamate) in retail pack upto 2.5 kg,79776,12954560,12725070
29224220,Tasting salts (monosodium glutamate) in other packing,973250,164730743,115332110
29224900,"Oth.Amino-Acids&Their Esters,>1 Kind Of Oxygen Function; Salts Thereof,Nes",169224,168398001,119250738
29225000,"Amino-alcohol/acid-phenols; amino-compounds with oxygen function, nes",637155,236752331,171546772
29231000,Choline And Its Salts,434140,66353279,44197319
29232000,Lecithins And Other Phosphoaminolipids,20864,22380241,20175463
29239000,"Quaternary Ammonium Salts And Hydroxides, Nes",108559,48636666,36501200
29241900,"Acyclic amides (incl. acyclic carbamates) and derivatives; salts thereof,nes",88749,37965295,25416532
29242900,"Cyclic amides (incl. carbamates) and derivatives; salts thereof, nes",395733,174868925,171648415
29251100,Saccharin And Its Salts,33725,14592412,14346698
29251990,Imides And Their Derivatives; Salts Thereof (Excl. Saccharin),0,82612,9816
29252910,Paludrine and chloroguayide (projuanil),25410,8714798,8542541
29252990,Paludrine and chloroguayide (projuanil),64941,57293875,28205607
29269010,"Nitroxinil And Its Solution,Lsaminile",250,1680359,1647248
29269020,Acetonitrile HPLC,3934,5109740,4902293
29269090,"Other Nitrile-Function Compounds, Nes",18886,25965310,21644176
29270000,"Diazo-, Azo- Or Azoxy-Compounds",327701,80362644,69987718
29280000,Organic Derivatives Of Hydrazine Or Of Hydroxylamine,148,5818957,5704299
29291000,Isocyanates,462034,150258937,102326524
29304000,Methionine,3521815,1824990764,969671540
29309099,Other,1770,6030068,5626924
29314990,Other,28000,5148043,3698178
29315400,Halogenated organo-phosphorous derivatives : Trichlorfon (ISO),2500,1170305,1147245
29319090,"Other organo-inorganic compounds, (EXCL.Tetramethyl lead and tetraethyl lead & Tributylt",109390,46781709,42372644
29321100,Tetrahydrofuran,22662,9348186,6216131
29321400,Sucralose,6500,16957087,10349745
29322000,Lactones,2701,21714001,21175799
29329300,Piperonal,14400,2883628,2120256
29329900,"Other Heterocyclic Compounds With Oxygen Hetero-Atom(S) Only, Nes",19713,78400936,76347904
29331900,"Compounds containing an unfused pyrazole ring in the structure, nes",20,3897677,3818424
29332100,Hydantoin And Its Derivatives,2010,1158341,916569
29332900,"Other Compounds Containing An Unfused Imidazole Ring In The Structure, Nes",24088,40360733,39597223
29333990,Other,176491,749363324,717281434
29334900,"Compounds with quinoline or isoquinoline ring-system, not further fused,nes",5145,120618614,117874482
29335910,"5-fluorouracil BP, methotrexate BP, capecitabine USP, cytarabin",1,9952,9939
29335990,"OTHER EXCL. 5-FLUOROURACIL BP, METHOTREXATE BP, CAPECITABINE USP",31762,136152785,127165906
29336100,Melamine,460000,82979256,43441874
29336900,Other Compounds Containing An Unfused Triazine Ring In The Structure,147751,39472358,22970368
29337990,Other Lactams (Excl. Epsilon-Caprolactam),4764,15941844,15625460
29339100,ALPRAZOLAM(INN)CAMAZEPAM(INN)CHLO..TETRAZEPAM(INN)&TRIAZOLAM(INN)S.THEREOF,2798,85149038,78952438
29339900,"Heterocyclic compounds with nitrogen hetero-atom(s) only,nes",65190,276605450,261444555
29341000,Compounds Containing An Unfused Thiazole Ring In The Structure,425,2094408,2053139
29342000,"Compounds Containing A Benzothiazole Ring-System, Not Further Fused",3,1370580,1343565
29343000,"Compounds Containing A Phenothiazine Ring-System, Not Further Fused",1000,10889465,10674900
29349910,NUCLEIC ACIDS AND THEIR SALTS,7921,11588269,9943663
29349920,"GEMCITABINE HCI USP, CYCLOPHOSPHAMIDE BP, IPHOSPHAMIDE BP",16,1577722,1546756
29349990,"OTH. HETEROCYCLIC COMPOUNDS, NES",45176,535239292,522807570
29359000,Other,31640,82561485,80828012
29362100,"Vitamins A And Their Derivatives, Unmixed",17210,147814072,137029881
29362200,"Vitamin B1 And Its Derivatives, Unmixed",13250,51206585,50173257
29362300,"Vitamin B2 And Its Derivatives, Unmixed",1665,15436131,15131978
29362400,D- Or Dl- Pantothenic Acid (Vitamin B3 Or B5) And Its Derivatives,1455,2919329,2813511
29362500,"Vitamin B6 And Its Derivatives, Unmixed",21700,60974628,59344824
29362600,"Vitamin B12 And Its Derivatives, Unmixed",10204,52776396,51736516
29362700,"Vitamin C And Its Derivatives, Unmixed",26328,9727919,8608173
29362800,"Vitamin E And Its Derivatives, Unmixed",30945,75227867,73811044
29362900,"Other Vitamins And Their Derivatives, Unmixed",28433,94391720,91479273
29369000,"Other Vitamins (Incl. Natural Concentrates), Nes",29540,23617724,20628128
29371200,INSULIN AND ITS SALTS,38,161124048,156705235
29371910,"HCG,LEUTINISING HORMONE & RELEASING HORMONE",368,4978640,4539900
29371990,"POLY.HORMONES,PROTEIN HORMONES..NES EX.HCG,LEUTINISING HORMONE&RLSNG.HORMO",26,297416234,289087335
29372100,"Cortisone, Hydrocortisone... And Predisolone (Dehydrohydrocortisone)",669,31933698,31258727
29372200,Halogenated Derivatives Of Adrenal Cortical Hormones,158,24749264,24161398
29372310,DESOGESTREL ETHINYLOESTRADIOL AND LYNESTRENAL,308,103440038,93713966
29372399,Other than Medroxy progesterone acetate,62,3122900,3061365
29372900,"Other Adrenal Cortical Hormones And Their Derivatives, Nes",463,121496854,117899606
29375000,"PROSTAGLANDINS,THROMBOXANES&TEUKOTRIENES,THEIR DERIVATIVES&STA.ANALOGUES",71,11253207,10974349
29379000,"OTHER HORMONES,PROSTAGLANDINS,..USED PRIMARILY AS HORMONES",97,83433489,81348571
29389010,ETOPOSIDE BP,1,750998,736200
29389090,"GLYCOSIDES, NATURAL OR REPRO. BY SYNTHESIS AND... EXCL. RUTOSIDE AND ITS DERIVATIVES RO",4431,24832677,24289876
29393000,Caffeine And Its Salts,2803,7970587,7813536
29394100,Ephedrine And Its Salts Excl.Pseudoephedrine (Inn) And Its Salts,25,234688,230063
29395100,FENETYLLINE (INN) AND ITS SALTS,250,907370,889575
29395900,OTHER THEOPHYLLINE AND AMINOPHYLLINE..DERIVATIVES;SALTS THEREOF,22000,54476735,53596587
29396900,Other Alkaloids Of Rye Ergot And Their Derivatives; Salts Thereof;Nes,0,750998,736200
29397990,Other,21,14624191,14336036
29398000,Other,7,1010848,846630
29400000,"SUGARS, PURE (EXCL. GLUCOSE, ETC); SUGAR ETHERS AND SALTS, ETC",36192,42504584,41430240
29411000,Penicillins And Derivatives With A Penicillanic Acid Structure; Salts,66580,331000946,323713984
29413000,Tetracyclines And Their Derivatives; Salts Thereof,7101,14194727,13915039
29414000,Chloramphenicol And Its Derivatives; Salts Thereof,1062,3254323,3190200
29415090,ANTIBIOTICS EXCL.ERYTHROMYCIN ETHYL SUCCINATE; ERYTHROMYCIN STEARATE,9400,72919533,71394222
29419011,AZITHROMYCIN,6350,100741399,98607242
29419019,AZITHROMYCIN,9500,71595263,70061700
29419090,"ANTIBIOTICS, NES",60958,844411406,827250551
29420090,"Other Organic Compounds,Nes",36335,312311180,234975837
30012000,Extracts Of Glands Or Other Organs Or Of Their Secretions,30,201645,197670
30019000,"OTHER GLANDS AND OTHER ORGANS, EXCL.GLANDS AND OTHER ORGANS..,EXCL. EXTRACTS OF GLANDS..",6,7278524,7135005
30021200,Antisera and other blood fractions,1820,102622172,99541188
30021300,"Immunological products, unmixed, not put up in measured doses or in forms or packings",4,25161,24664
30021400,"Immunological products, mixed, not put up in measured doses or in forms or packings",1,31166,30552
30021500,"Immunological products, put up in measured doses or in forms or packings for retail",338,124256412,117548053
30024100,Vaccines for human medicine,6514,728785539,711110675
30024200,Vaccines for veterinary medicine,46367,611497031,575992655
30024900,"Vaccines, NES",2055,37079525,36340034
30029090,Other,108,78623667,77074785
30032000,"Medicaments Containing Other Antibiotics, ....Not For Retail Sale",200,43250527,38547432
30033100,"Insulin, Not For Retail Sale",0,3129095,3067500
30034910,"Anti-malaria, anti-TB, anti-cancer, anti-leprosy, cardiovascular and anti-hepatic en",0,1241,1227
30039099,"Other medicaments with >=2 constituents, not for retail sale, nes",0,2238440,2194341
30041000,"Medicaments Of Penicillins... Or Streptomycins..., For Retail Sale",8618,36248339,33906668
30042010,"Mycophenolate mofetil, mycophenolate sodium, ciclosporin",75,1642807,1610438
30042090,"Other than Mycophenolate mofetil, mycophenolate sodium, ciclosporin",22629,68743600,67410808
30043100,"Medicaments Containing Insulin, For Retail Sale",591,23518742,23055330
30043200,"Medicaments Containing Adrenal Cortical Hormones, For Retail Sale",185,3559166,3341796
30043910,"Anti-malaria-TB-cancer-leprosy,crdvsclr/anti-hepatic encephal opathy drugs/Kidney dls",18,4204407,4089399
30043990,"Excl.Anti-malaria-TB-cancer-leprosy,crdvsclr/anti-hepatic..opathy drugs/Kidney dialys",1576,16878169,15513206
30044910,Other,0,37549,36810
30044990,Other,51,104254,94439
30045000,Other Medicaments Containing Vitamins Or Otr Prod.Of 29.36 For Retail Sale,127927,191239206,184066370
30046000,"Other, containing antimalarial active principles described in Subheading Note 2...",1,39891,39878
30049020,"Homeopathic, Biochemic, Ayurvedic, ......mide, bupivacaine, procaine, kaetamine hydrochl",2978,31802290,31173589
30049091,"Antimalaria, antiTB, anticancer, ... Kidney dialysis solution; Drugs for thalassaemia",36953,320783348,308616844
30049099,"Other(excl.anti-malaria, anti-TB, anti-leprosy....and kidney dialysis solution",92428,257235472,241969484
30051000,ADHESIVE DRESSINGS AND OTHER ARTICLES HAVING AND ADHESIVE LAYER,20055,28106069,26600084
30059000,"Wadding, Gauze, Etc With Pharmaceutical Substances For Retail Sale, Nes",124008,23258838,21653046
30061000,"Sterile Surgical Catgut,Materrials For Surgi.Sutures;Laminaria;Absor.Haem.",1250,13124087,12615361
30063000,Opacifying Preparations For X-Ray Examinations; Diagnostic Reagents...,138,5210924,5108246
30064000,Dental cements and other dental fillings; bone reconstruction cements,1257,2585290,2249435
30065000,First-Aid Boxes And Kits,648,3706144,3368119
30066000,CHEMICAL CONTRACEPTIVE PREPARATIONS BASED ON HORMONES ON OTH. PROD. OF HEADING 29.37..,2,7260,7117
30067000,GEL PREPARATIONS DESIGNED TO BE USED IN HUMAN OR VETE..MEDICAL INSTRUMENTS,34,48505,47534
30069100,Appliances identifiable for ostomy use,3,1877,1227
31010000,Animal Or Vegetable Fertilizers,3,2236,2209
31021000,"Urea, Whether Or Not In Aqueous Solution",37090500,2084176916,1904947493
31022100,Ammonium Sulphate,2110500,99399806,55529480
31023000,"Ammonium Nitrate, Whether Or Not In Aqueous Solution",20000,2381293,2355840
31025000,Sodium Nitrate,1,627,614
31031110,Superphosphates : Containing by weight 35 % or more ... Triple superphosphates,33003274,2673156731,2364587511
31042000,Potassium Chloride,42087159,2772420916,2717251211
31043000,Potassium Sulphate,326,156762,153673
31049000,"Other Mineral Or Chemical Fertilizers, Potassic, Nes",1,627,614
31053000,Diammonium Hydrogenorthophosphate (Diammonium Phosphate),123458934,13037492847,12047693576
31054000,Ammonium Dihydrogenorthophosphate (Monoammonium Phosphate) And Mixtures...,500,133500,130869
31059000,"Other Fertilizers, Nes",1,627,614
32019000,"Tanning extracts of vegetable origin; tannins and other derivatives, nes",152500,9568961,9325200
32021000,Synthetic Organic Tanning Substances,205588,25745441,22139571
32029000,"Inorganic Tanning Substances; Tanning Preparations..., Nes",25000,4363592,4277250
32030000,"Colouring Matter Of Vege./Animal Origin,& Prepa..As Spec.In Not 3 Chp.32",304,139150,100332
32041100,Disperse Dyes And Preparations Based Thereon,258209,59897777,56422276
32041200,Acid Dyes And Preparations; Mordant Dyes And Preparations,60697,18310235,16632215
32041310,AZO DYES,1589,1345064,1298553
32041390,Other basic dyes and preparation,51865,14098356,10483378
32041400,Direct Dyes And Preparations Based Thereon,178575,47308173,44271283
32041500,Vat Dyes And Preparations Based Thereon,95411,23638815,23254104
32041600,Reactive Dyes And Preparations Based Thereon,1613170,411366596,394864867
32041700,Pigments And Preparations Based Thereon,449293,213161995,204152299
32041900,Other Synthetic Organic Coloring Matter(Inc.Mixtrs) Of Prods 320411-320419,191131,57033514,50400780
32042000,Synthetic Organic Products Used As Fluorescent Brightening Agents,315912,86996381,76712948
32049000,Synthetic Organic Products Used As Luminophores,4008,2657800,2372811
32050000,Colour Lakes; Preparations Based On Colour Lakes As Specified In Note 3,36382,211127732,206162959
32061100,"Pigments & Preparatns Based On Titanium Dioxide,Cont.=>80%Titanium Dioxide",1409373,468699504,365668239
32061910,"Pigments/Preparatns Based On Titanium Dioxide, Cont.< 80% Titanium Dioxide",80629,7998856,6346657
32061920,Color master batch,194710,80021033,73110475
32061990,"Pigments/Preparatns Based On Titanium Dioxide, Cont.< 80% Titanium Dioxide",9805,9168111,9002593
32062000,Pigments And Preparations Based On Chromium Compounds,77914,34314955,33604266
32064100,Ultramarine And Preparations Based On Other Colouring Matter,15575,2247354,1819334
32064200,Lithopone And Other Pigments And Preparations Based On Zinc Sulphide,25000,2176969,2085900
32064900,"Other Colouring Matter; Preparations As Specified In Note 3, Nes",40257,14052910,12853279
32065000,Inorganic Products Of A Kind Used As Luminophores,500,105685,101228
32071000,"Prepared Pigments, Opacifiers & Colours... For Ceramics And Glass Ind.Etc",118109,78451867,74299745
32072000,"Vitrifiable Enamels And Glazes, Englobes And Similar Preparations",6626733,504016551,427630057
32073000,LIQUID LUSTRES AND SIMILAR PREPARATIONS,35,38703266,38081313
32074000,"GLASS FRIT AND OTHER GLASS,IN THE FORM OF GRANULES OR FLAKES",5105467,396221723,376808983
32081020,Insulating varnish for copper wire,90799,19367274,17346436
32081090,"Other Paints Based On Polyesters, In A Non-Aqueous Medium",9356,5151471,4908661
32082091,Cover coat/medium,4260,2682950,1721972
32082091,Cover coat/medium imported by ceramic ware manufacturing industry,512,480493,470923
32082099,"Other Paints Based On Acrylic Or Vinyl Polymers, In A Non-Aqueous Medium",23968,18743922,17962988
32089020,Heat Sealable Lacquers,7021,6974818,6891871
32089030,Coating materials,52542,15040365,12914055
32089030,Coating materials imported by cookingware or sand paper manufacturing industry,378,461633,403975
32089090,"Other Paints And Varnishes, In A Non-Aqueous Medium, Nes",221553,137897025,121902763
32091000,Based on acrylic or vinyl polymers,10978,2473723,2294515
32099030,Coating materials,22575,7399024,6522250
32099030,Coating materials imported by cookingware manufacturing industry,6894,7095752,6517852
32099090,"Other Paints And Varnishes, In An Aqueous Medium, Nes",18241,8973991,8435710
32100020,Prepared Water Pigments Of A Kind Used For Finishing Leather For Cleaning.,1060,379198,371726
32100090,Other Paints & Varnishes,8629,2502116,1577970
32110000,Prepared Driers,287462,58822697,52671110
32121000,Stamping Foils,55374,28742483,24490487
32129000,"PIGMENTS(INCL.METALIC..) DISPERSED IN NON AQUEOUS MEDIA..,EXCL. STAMPING FOILS",253202,95092299,89016104
32131000,Colours in sets,42729,5567486,4497983
32139000,"Artists', Students' Or Signboard Painters' Colours In Packings, Nes",2454,810098,650840
32141000,"GLAZIERS PUTTY,GRAFTING PUTTY, RESIN CEMENTS, CAULKING COMPOUNDS AND OTHER MASTICS...",401574,92308214,80943806
32149000,Non-Refractory Surfacing Preparations,74663,15164734,13551682
32151100,"Black printing ink, whether or not concentrated or solid",35068,21721000,19349508
32151190,"Black printing ink, whether or not concentrated or solid",23,22897,1830
32151900,"Other printing ink, whether or not concentrated or solid (excl. black)",319224,187285069,166014819
32159010,Inkjet Refill In Injectable Form,21386,11057592,9347382
32159020,For ball point pen imported by ball point pen manufacturing industries,30445,27089167,26673575
32159020,Writing Ink,298,134521,29939
32159090,"Other Ink,Wheterh Or Not Concentrated Or Solid(Ex.Ink For Ball Points Pens",32026,38085366,35922782
33011900,"Essential Oils Of Citrus Fruit (Incl. Concretes And Absolutes), Nes",1486,1391408,340494
33012500,"Essential Oils Of Mints (Incl. Concretes And Absolutes), Nes",550,959974,941059
33012900,"Essential Oils (Incl. Concretes And Absolutes), Nes",4145,4942599,2842899
33019000,"Concentrates of essential oils in fats... aqueous distillates, extracted oleoresins etc",5107,6244142,5515938
33021010,Imported by beverage and food industries,287014,363121217,354396390
33021010,"Of a kind used in beve. and food indus., cont. alcohol <0.5 absolute per volume or free from alcohol",6704,11825958,11500646
33021090,Mix. Of Odoriferous Subs. Excl. Those Used In Bev. Industries,72255,93953833,89363304
33029000,Mixtures/With Basis Of Odorifer'S Subst'S Inc.Alc.Sol'S For Use In Ind Nes,238021,449349406,432395585
33030000,Perfumes And Toilet Waters,9668,17541253,11402668
33041000,Lip Make-Up Preparations,10808,35566375,18701101
33042000,Eye Make-Up Preparations,20114,25630417,15686513
33043000,Manicure Or Pedicure Preparations,34097,46792862,18812585
33049100,"Powders,Whether Or Not Compressed,For Beauty/Makeup/Skin Care/Preparation",3216,4276249,2659704
33049910,"Powders, wheth er or not compressed, for cosmetic --face and/or skin cream",49492,123283630,44351439
33049920,"Beauty, make-up, skin-care (incl. suntan), nes...Moisture Lotion",24502,34823417,11799447
33049930,"Beauty, make-up, skin-care (incl. suntan), nes-- Petroleum jelly",3,40743,39450
33049990,"Beauty, make-up, skin-care (incl. suntan), nes-- Petroleum jelly... than other",83213,81127128,52934419
33051000,Shampoos,47954,24166749,19246146
33052000,Preparations For Permanent Waving Or Straightening,12542,7362227,3739453
33053000,Hair Lacquers,4170,2861226,1548114
33059000,"Preparations For Use On The Hair, Nes",106851,47668492,42290793
33061000,Dentifrices,269348,124825646,71357855
33062000,"Yarn Used To Clean Between Teeth (Dental Floss),Individual Retail Packages",796,404969,268446
33069000,"Preparations For Oral Or Dental Hygiene (Incl. Denture Fixative), Nes",12131,5959045,3925238
33071000,"Pre-Shave, Shaving Or After-Shave Preparations",908,681530,395339
33072000,Personal Deodorants And Antiperspirants,101505,64341135,49796381
33073000,Perfumed Bath Salts And Other Bath Preparations,126,78852,48160
33074100,Agarbatti And Other Odiferous Preparations Which Operate By Burning,97048,16933800,13894303
33074900,"Preparations For Deodorizing Rooms, Nes",10834,4496107,3029936
33079000,"OTH.PREPARATIONS FOR PERFUMING, EXCL.(PRE-SHAVE..,PERSONAL..,PERFUMED BATH..)",22603,14655707,8187780
34011100,"Soap And Organic Surface-Active Products In Bars, Etc, For Toilet Use",17250,9136382,7709367
34011900,"Soap And Organic Surface-Active Products In Bars, Etc, Nes",12755,12456959,5602218
34012000,SOAP IN OTHER FORMS,1481,1130483,650825
34013000,"ORGNC.SRFC.ACTIVE PROD.&PREPARATION FOR WASHING THE SKIN,IN THE FORM OF ..",59424,31110500,19522319
34023100,Anionic organic surface-active ageLinear alkylbenzene sulphonic acids and their salts,1512656,276495158,266245319
34023910,Chips of Sodium Isethionate,22000,5149340,5047878
34023990,Other than Chips of Sodium Isethionate,1087943,220883078,212025613
34024100,"Other organic surface-active agents, whether or not put up for retail sale :, Cationi",22865,7115084,6201565
34024210,"Other organic surface-active agents, whether or not put up for retail sale :, Non-ion",114915,33458967,32334157
34024290,"Other organic surface-active agents, whether or not put up for retail sale :, Non-ion",928844,186285997,179005555
34024910,"Other organic surface-active agents, NES",84504,19409229,17419196
34024990,"Other organic surface-active agents, NES",237076,44879534,31351185
34025000,Preparations put up for retail sale,57339,10442628,5519515
34029010,Detergents,66996,18762050,17170291
34029020,Cleaning preparation,14802,6866089,3999038
34029020,Cleaning preparation imported by steel manufacturing industries,24000,3605084,2768112
34029090,Washing & Cleaning Preparations (Excl. Detergents),417884,145097207,119709422
34031100,Lub.Preparations For Treatement Of Tex.Leather Etc With=<70% Petroleum Oil,300568,48310590,42992276
34031900,"Other Lubricating Preparations, With =<70% Petroleum Oil, Nes",69252,18363035,15504776
34039100,"Lub.Preparations For Treatement Of Tex. Leather Etc, Nes",187175,39119481,37769186
34039910,Compressor oil,12608,5535113,5013069
34039920,Semi-synthetic lubricating oil,111583,45205040,36738551
34039930,Synthetic lubricating Oil,178320,130084406,86476404
34039990,"Other Lubricating Preparations, Nes",187290,76961359,69827337
34042000,Artificial Waxes Of Polyethylene Glycol,330,321550,309818
34049010,Other Waxes,33835,5761214,5256744
34049090,"Artificial Waxes And Prepared Waxes, Nes",342583,71892052,68618253
34051000,"Polishes, Creams And Similar Preparations For Footwear Or Leather",6528,1685718,796041
34052000,"Polishes,Cream.&Similar Prepa.For Mainten. Of Woodwork Woden Fur.Flo.&Othr",497,93352,46817
34053000,Polishes And Similar Preparations For Coachwork (Excl. Metal Polishes),15242,4619196,2726194
34059010,Polishes and other preparations used in the finishing (including electroplating) of met,172794,36012059,32288399
34059090,"Other polishes, creams and similar preparations, nes",167474,35878240,20018672
34060000,"Candles, Tapers And The Like",10876,2733383,1682493
34070000,"Modelling Pastes; Dental Wax And Impression Compounds, For Retail Sale",225090,19445360,16813633
35030010,Ultrasound And Ecg Gel,9,5780,5767
35030090,"Gelatin and derivatives; isinglass; glues of animal origin, nes",52253,32346208,29541527
35040000,"Peptones/protein substances and derivatives, nes; hide powder",115,5336397,5231246
35051000,Dextrin and other modified starches,462479,78209662,72462980
35052000,"Glues Based On Starches, Dextrins Or Other Modified Starches",1094,849689,391267
35061000,"Products Put Up As Glues Or Adhesives For Retail Sale, =<1kg",113232,38384529,31940250
35069110,Elastic/construction glue,21085,5825790,4635140
35069110,Elastic/construction glue imported by hygiene products manufacturing industry,351292,111730881,103285550
35069190,Adhesives Based On Rubber Or Plastic (Incl. Artificial Resins),367751,124676974,115975318
35069900,Stripping chemical,99512,32173170,28601068
35079010,Streptokinase,2,20900,20859
35079090,Other than Streptokinase,793070,534720872,482970747
36036000,Electric detonators,1990,10639196,10429500
36041000,Fireworks,234,58577,28712
36049000,Signalling Flares... And Other Pyrotechnic Articles (Excl. Fireworks),1447,12678939,12429115
36069000,"Ferro-Cerium, Pyrophoric Alloys; Articles Of Combustible Materials, Nes",14495,1113559,983458
37011000,"Photographic Plates... For X-Ray, In The Flat, Unexposed",224538,569302426,554276651
37012000,"Instant Print Flat Film, Unexposed",9878,3958947,2161168
37013000,"Other plates and film, with any side exceeding 255 mm",277008,102786382,96468941
37019100,"PHOTOGRAPHIC PLATES..., IN THE FLAT FOR COLOUR PHOTOGRAPHY, UNEXPOSED",95,47564,30675
37021000,"Photographic Film In Rolls, For X-Ray, Unexposed",2630,916518,435526
37023900,"Photo Film, In Rolls, Non-Perforated, Of Width =<105mm",702,175737,34454
37039000,"OTHER PHOTOGRAPHIC PAPER..,(EXCL.IN ROLLS..,FOR COLOUR PHOTOGRAPHY(POLYCHROME))",44,35447,34749
37040000,"PHOTOGRAPHIC PLATES, FILM, PAPER, PAPERBOARD AND TEXTILES, EXPOSED BUT NOT DEVELOPED",3134,651238,594923
37071000,Sensitising emulsions,25834,9786171,9315436
37079000,"OTH.CHEMICAL PREPARATIONS FOR PHOTOGRAPHIC USES..,EXCL.SENSITISING EMULSIONS",88239,13582154,12981720
38011000,Artificial Graphite,10,238366,233575
38012000,Colloidal Graphite Or Semi-Colloidal Graphite,1,627,614
38013010,Graphite or carbon electrode paste,230400,20187116,19472490
38019000,"Preparations Based On Graphite Or Carbon In The Form Of Pastes..., Nes",2592545,88096038,86636574
38021000,Activated Carbon,122111,7645011,7140281
38029000,Activated Natural Mineral Products; Animal Black,3487485,189154177,139323315
38040000,Residual Lyes From The Manufacture Of Wood Pulp (Excl. Tall Oil),133087,16895518,8933454
38051000,"Gum, Wood Or Sulphate Turpentine Oils",14400,2254916,2223815
38061010,Gum rosin,30500,4851959,4779779
38061090,Rosin And Rasin Asids,60200,9694808,9235874
38069090,"Derivatives of rosin and resin acids,... NES",18000,4506234,3754620
38086900,Other,70261,33387896,23420485
38089110,"Insecticides For Dairy, Poultry and Agricultural purposes",1826885,1807205419,1509143090
38089121,Mosquito coil; aerosol; mosquito repellent,14238,6485803,5587305
38089129,"Insecticides, rodenticides... and similar products, for retail sale, nes",6723,3479324,3069095
38089210,"Fungicides For Dairy, Poultry and Agricultural purposes",2359947,1012833703,864102819
38089291,"Fungicides, NES In bulk",113400,26224433,23856316
38089299,"Fungicides, NES Cxcl.in bulk",6500,6842936,6744914
38089310,"Herbi., anti-sprouting prod.&plant-growth regu.:For Dairy, Poultry and Agricul",2408482,747708351,521784030
38089410,"For Dairy, Poultry, Fishery and Agricultural purposes",73654,43703650,42661645
38089491,"Disinfectants Cetrimide In bulk, Excl. For Dairy, Poultry and Agricultural, In bulk",49996,17299122,12824224
38089499,"Disinfectants, NES in retail packings upto 2.5 kg",32,40395,21733
38089910,"For Dairy, Poultry, Fishery and Agricultural purposes",5000,1126496,981600
38089991,"Insecticides, rodenticides, fungicides, herbicides,..NES in bulk",34260,13247544,10532519
38089999,"Insecticides, rodenticides, fungicides, herbicides,..NES in bulK in retail pac",43,26411,12638
38091000,"Finishing Agents, Etc, With A Basis Of Amylaceous Substances Nes",78,50969,34562
38099100,Finishing Agents Etc. Of A Kind Used In The Textile Or Like Industries Nes,896125,115268176,105477570
38099200,"Finishing Agents, Etc, Of A Kind Used In The Paper Or Like Industries Nes",142211,23697976,23030904
38099300,Finishing Agents Etc. Of A Kind Used In The Leather Or Like Industries Nes,45409,7025840,6587490
38101000,Pickling Preparations For Metal Surfaces;Soldering..Powders&Pastes..Mater.,170121,31886355,28185883
38109010,Pickling preparations for metal surface....Submerge welding flux for LPG,32000,3599325,3239280
38109090,Pickling preparations for metal surface.... Excl. Submerge welding flux for LPG,137377,20002300,15625115
38111100,Anti-Knock Preparations Based On Lead Compounds,1,627,614
38112100,Additives for Lubricating oils imported by lub-blending industry,115070,59928955,58211528
38112100,Containing petroleum oils or oils obtained from bituminous minerals,32496,21752548,18958524
38112900,Additives for Lubricating oils imported by lube blending industry,18721,3347166,3281213
38112900,Other additives for lubricating oils (excl. with petroleum oils),6721,1800819,1692892
38119000,"OTHER PREPARATIONS, EXCL.ANTI-KNOCK PREPARATIONS, ADDITIVES FOR LUBRICATING OILS",180833,47146657,41500903
38121000,Prepared Rubber Accelerators,64000,25977647,20335807
38122000,"Compound Plasticisers For Rubber Or Plastics, Nes",750077,99011777,89084013
38123100,"Mixtures of oligomers of 2,2,4-trimethyl-1,2-dihydroquinoline (TMQ)",30001,13644395,8290532
38123910,Other,63180,40280559,39271853
38123990,Anti-oxidising preparation & stabilisers imported by tyre-tube/plastic goods industry,154200,35516852,21975570
38123990,Other,1283947,308968252,210717245
38130000,Preprton.&Charge For Fire-Extinguishers;Charged Fire-Extinguishing Grenade,109461,8477030,8310000
38140010,Organic composite solvent,31200,5346867,5270615
38140010,Organic composite solvent imported by ink manufacturing industry,13200,1975816,1781604
38140090,"Organic Composite Solvents And Thinners, Nes; Paint Or Varnish Removers",794213,135580019,121131952
38151900,"Supported Catalysts, Nes",300,69467,61657
38159000,"Reaction Initiators, Accelerators And Catalytic Preparations, Nes",5576,1187985,1129177
38160010,"Refractory Cmnts.Mrtrs,Concretes&Similar Compositions,Ex.Prdcts.Of Hd38.01",401634,36090279,33355038
38160090,"Refractory Cmnts.Mrtrs,Concretes&Similar Compositions,Ex.Prdcts.Of Hd38.01",2918574,112199343,77525028
38170010,Linear Alkyl Benzene (LAB),1486580,306937247,299841915
38170090,"MIXED ALKYLBENZENES AND MIXED ALKYLNAPHTHALENES,OTHER THAN THOSE OF HEADING 2707 OR 2902",1139920,214993804,210757576
38180000,"Chemcl.Elements In Disk Wafers/Similar From&Compounds,Doped For Electronic",10,5325,3068
38190000,Hydraulic Brake Fluids And Similar Liquids With <70% Petroleum Oil,96613,27244149,23339448
38200000,Anti-Freezing Preparations And Prepared De-Icing Fluids,109221,21468092,17489242
38210000,Prepared Culture Media For Development or maintenance of Micro-Organisms(incl.viruses..,2550,20657510,19092252
38221100,DIAGNOSTIC OR LABORATORY REAGENTS FOR MALARIA,5480,29776183,29187917
38221200,DIAGNOSTIC...For Zika and other diseases transmitted by mosquitoes of the genus Aedes,583,2434171,2277318
38221300,Diagnostic or laboratory reagents .. for For blood-grouping,8,15019,982
38221900,"Dignostic or lab. reagent (Exlud For alariam, Zika, blood-grouping)",101323,686781881,664483359
38229000,"Dianostic or Lab. Reagent, NES",246128,369475474,322908988
38231100,Stearic Acid,36525,7673081,7498995
38231200,Oleic Acid,540,140537,119198
38231900,"OTH.INDUST. MONOCARBOXYLIC FATTY ACIDS.., EXCL.ST.ACID,OLEIC ACID,TALL OIL FATTY ACIDS",569692,64437613,63127040
38237000,INDUSTRIAL FATTY ALCHOLS,6000,1296716,934974
38241000,Prepared Binders For Foundry Moulds Or Cores,175565,16304177,12131819
38244000,"Prepared Additives For Cements, Mortars Or Concretes",2226495,263239461,217320005
38245000,Non-Refractory Mortars And Concretes,323374,9835915,8647503
38246000,Sorbitol (Excl. That Of 2905.44),1751200,124835961,112761398
38249100,Mixtures and preparations consisting mainly of (5-ethyl-2-methyl-2-.......,26,914,906
38249920,Chlorinated paraffin wax,830,165220,152762
38249930,Barium/strontium ferrite powder,11000,2092924,1871175
38249930,Barium/strontium ferrite powder imported by manufacturing industry,100000,19025353,10454040
38249950,Coated CaCO3 imported by plastic goods or calcium carbonate filler or Cable industry1,6528000,178672663,79457391
38249950,Coated calcium carbonate,174002,4888987,3681373
38249960,Desiccant,132109,88606653,87397198
38249991,Thermal coating slurry,1100,316470,311351
38249992,Master batch not containing pigments,75640,7560863,7382368
38249993,Mould Powder,4,2416,2367
38249999,Other,2827133,607803443,527531188
38255000,"WASTE OF METAL PCKNG LIQUORS,HYDRAULIC FLUIDS,BRADE FLUIDS&ANTI-FREZE FLUI",150,129569,124234
39011000,Polyethylene having a specific gravity of less than 0.94,3257226,491733492,432117989
39012000,Polyethylene having a specific gravity of 0.94 or more,17103725,2143596239,1891518179
39013000,"Ethylene-Vinyl Acetate Copolymers, In Primary Forms",3692450,713646004,573016229
39014000,"Ethylene-alpha-olefin copolymers, having a specific gravity of less than 0.94",8064100,1074092029,974333338
39019000,"Other Polymers Of Ethylene, In Primary Forms, Nes",525361,96636539,76675677
39021000,"Polypropylene, In Primary Forms",29925188,3592504307,3163461507
39022000,"Polyisobutylene, In Primary Forms",1008,130169,78528
39023000,"Propylene Copolymers, In Primary Forms",9272995,1162186691,1049960415
39029000,"Other Polymers Of Propylene Or Of Other Olefins, In Primary Forms, Nes",57923,20471374,19822269
39031100,"Expansible Polystyrene, In Primary Forms",2362403,407951230,318091959
39031900,"Polystyrene (Excl. Expansible), In Primary Forms",2034600,343996037,255430686
39032000,"Styrene-Acrylonitrile (San) Copolymers, In Primary Forms",408000,86843317,63430992
39033000,Acrylonitrile-butadiena-styrene(ABS) copolymers,1720926,347236888,248392810
39039000,"Polymers Of Styrene, In Primary Forms, Nes",2757854,603662426,363150138
39041000,"Polyvinyl Chloride, Not Mixed With Other Substances, In Primary Forms",24927767,2484605576,1963977505
39042100,"Non-Plasticised Polyvinyl Chloride, In Primary Forms",2124801,312567507,273945112
39042200,"Plasticised Polyvinyl Chloride, In Primary Forms",834317,151275368,127409793
39043000,"Vinyl Chloride-Vinyl Acetate Copolymers, In Primary Forms",52202,28643339,25166995
39044000,"Vinyl Chloride Copolymers, Excl. Vinyl Acetate, In Primary Forms",58910,27747920,25804432
39046100,"Polytetrafluoroethylene, In Primary Forms",33650,47076950,21745876
39046900,"Fluoro-Polymers (Excl. Polytetrafluoroethylene), In Primary Forms",20,10012,2454
39049000,"Polymers Of Halogenated Olefins, In Primary Forms, Nes",50029,15800153,10596413
39051200,Polyvinyl Acetate In Aqueous Dispersion,393900,39469394,38123391
39051900,"Polyvinyl Acetate, Excl. That In Aqueous Dispersions, In Primary Forms",2000,212783,208590
39052100,Vinyl Acetate Copolymers In Aqueous Dispersion,169720,36239610,19045347
39052900,"Vinyl Acetate Copolymers, Excl.That In Aqueous Dispersion, In Primary Form",9200,1690235,1176435
39053000,"Polyvinyl Alcohol, Whether Or Not Containing Unhydrolysed Acetate Groups",332953,62016998,56373170
39059100,Copolymers In Primary Forms,2025,2875039,2834370
39059900,Polymers Of Other Vinyl Esters & Other Vinyl Polymers In Primary Forms Nes,108165,166971323,163575640
39061000,"Polymethyl Methacrylate, In Primary Forms",5948,1198887,1105992
39069000,"Acrylic Polymers, In Primary Forms, Nes",3244716,669767991,595369660
39071000,"Polyacetals, In Primary Forms",78397,21688567,14004145
39072900,Other polyethers :EXLCUDING Bis (polyoxyethylene) methylphosphonate,2077705,484074922,383840404
39073000,"Epoxide Resins, In Primary Forms",374976,151540094,140228323
39074000,Polycarbonate,255015,76994796,59475717
39075000,"Alkyd Resins, In Primary Forms",401516,65451482,62673423
39076100,Having a viscosity number of 78 ml/g or higher,9158200,1084899378,949042537
39076900,Other,725020,109946214,90562907
39076900,Other Poly (ethylene terephthalate) imported by textile yarn manufacturing industry,4492000,644118600,440414104
39079100,"Unsaturated Polyesters, In Primary Forms, Nes",562927,133437090,106820743
39079900,"Polysters, In Primary Forms,NES",579105,158825452,118235999
39081000,"Polyamide 6,11,12,6,6,6,9,6,10 or 6,12:",348954,81764782,70031726
39089000,"Other polymides, in primary forms, nes",79528,35677031,31173146
39091000,UREA RESINS; THIOUREA RESINS,1555800,112968798,84278890
39092000,Melamine resins,40565,7246043,7008256
39092000,Melamine resins imported by melamine products manufacturing industries,671500,80906007,79559600
39093100,"Poly(methylene phenyl isocyanate) (crude MDI, polymeric MDI)",1058170,318140520,229091710
39093900,Other,253960,8270833,8100505
39094000,Phenolic resins,137380,24168059,21567347
39094000,Phenolic resins imported by ink or tyre tube or sand paper manufacturing industries,44660,9420067,7699670
39095000,"Polyurethanes, In Primary Forms",1521149,390794146,348725275
39100000,Silicones Inprimary Forms,361695,116028031,97305042
39111000,"Petroleum Resins... Other Resins And Polyterpenes, In Primary Forms",393381,36858711,34354627
39119000,"Polysulphides, Polysulphones And Other Products..., In Primary Forms",20726,13089527,12793733
39121100,"Non-Plasticised Cellulose Acetates, In Primary Forms",0,627,614
39122000,"Cellulose Nitrates (Incl. Collodions), In Primary Forms",23350,13044140,12777855
39123100,"Carboxymethylcellulose And Its Salts, In Primary Forms",384309,128043464,112787957
39123900,"Other Cellulose Ethers, In Primary Forms, Nes",313096,210725270,196976911
39129000,"Cellulose And Its Chemical Derivatives, In Primary Forms, Nes",87998,120231508,117136636
39131000,"Alginic Acid, Its Salts And Esters, In Primary Forms",348905,169864698,166531876
39139000,"Natural and modified natural polymers, in primary forms",211908,219508931,209419953
39140000,"Ion-Exchangers Based On Polymers Of 39.01 To 39.13, In Primary Forms",1187147,134169588,126871979
39159000,"Waste, Parings And Scrap, Of Other Plastics, Nes",188500,8245779,6843224
39162000,"Monofil..>1mm,..Of Vinyl Chloride For door, window and photo frame",22504,4225516,3235043
39169010,FRP rod,25760,12575561,6449699
39169010,FRP rod imported by optical fibre cable manufacturing industry,128211,62388786,35234926
39169020,Fibre reinforced polymer (FRP) sticks and profile shapes,8577,3294521,2003193
39169090,"Monofil.Dimension>1mm,Rods..&Profile Shapes,Of Other Plastics",33603,9017235,4189425
39171000,Artificial Guts Of Hardened Proteins Or Of Cellulosic Materials,200,604353,577721
39172100,"Tubes, Pipes And Hoses, Rigid, Of Polymers Of Ethylene",56158,16063945,15704290
39172200,"Tubes, Pipes And Hoses, Rigid, Of Polymers Of Propylene",6706,2296146,2263202
39172310,Pvc Shrinkable Tube(Plain),19584,6417958,5409949
39172390,"Tubes,Pipes And Hoses, Rigid, Of Polymers Of Vinyl Chloride, Nes",55070,19324704,14649519
39172910,SILICON TUBING FOR LABORATORY USE;HOSES PIPE FOR GAS CYLINDER,43,19277,19019
39172999,"Tubes, Pipes And Hoses, Rigid, Of Other Plastics, Nes",415622,108934292,106778146
39173110,"Fiexible Silicone Tubing For Laboratory Use,With A Burst Pressure>=27.6mpa",25,45249,44357
39173190,"Other Flexible Tubes,Pipes And Hoses,With A Burst Pressure >=27.6 Mpa",1043,791713,681753
39173210,"Silicone Tubing With Fitting For Lab.Use,Not Reinforced Or Otherwise Comb.",601,2001584,1968805
39173290,"Tubes, Pipes And Hoses, Not Reinforced, Without Fittings, Nes",2913,988907,674114
39173310,"Silicone Tubing For Lab. Use, Nes",1,15493,15188
39173390,"Other Tubes,Pipes&Hoses With Fittings",1770,1139776,929693
39173910,Other Silicone Tubing For Laboratory Use,174,109881,60818
39173990,"Other Tubes, Pipes And Hoses, Nes",85409,22158428,18749921
39174000,"Fittings, For Tubes, Pipes And Hoses, Of Plastic",145379,64130267,58719159
39181000,"Floor... Coverings Of Polymers Of Vinyl Chloride, In Rolls Or Tiles",37687,9662781,3590322
39189000,"Floor, Wall Or Ceiling Coverings Of Plastics, Nes, In Rolls Or Tiles",34097,9818861,6427668
39191000,In rolls of a width not exceeding 20 cm,38578,38624166,35942878
39199010,Self adhesive tape in rolls exceeding 20cm,106268,21633372,18361828
39199010,Self adhesive tape in rolls exceeding 20cm imported by manufacturing industry,416560,84003625,71362444
39199020,Performance Tape/Closure/Side Tape,3125,1648047,1305115
39199030,Scratch off label,9895,3088306,2987966
39199091,"Imported by hygiene products or electrical, electronics and home appliances industry",15352,3915952,2687205
39199091,Re-seal/Self adhesive tape,8462,5234667,4921517
39199099,"OTHER SELF-ADHESIVE PLATES, TAPE, STRIP, FOIL... OF PLASTICS, NES",316845,101021421,82799550
39201010,Stretch Wrapping Film,86594,22653085,17499848
39201030,Mulch film,43837,11977783,8083648
39201040,Tarpaulin,3009,941563,738409
39201090,Other polymers of ethylene imported by personal hygiene products industries,242439,65025685,54118203
39201090,"Plates..,Of Polymers Of Ethylene, Laminated.. Not Reinforced,Etc.,Nes",119757,33170848,26285583
39202010,Polymers of propylene in printed form,21614,13139541,12194147
39202020,Non-printed cast polypropylene film,41634,13025667,9019266
39202090,Other polymers of propylene(excl printed form),416018,107469103,75537155
39203000,"Plates..., Of Polymers Of Styrene, Laminated..Not Reinforced, Etc",31691,8313077,5592725
39204910,PVC FILM & PVDC FILM FOR BLISTER PACK FOR MEDICINE,682671,217029203,212646895
39204920,Other printed PVC sheet imported by SIM card or Smart card manufacturing industry,5186,2167824,2055839
39204920,Printed PVC sheet,52572,14752602,9735160
39204929,Printed PVC sheet,1590,395793,135786
39204930,PVC film,8712,2703962,1597861
39204940,Unprinted PVC sheet,61799,15393220,7500369
39204940,Unprinted PVC sheet imported by SIM card or Smart card manufacturing industry,13000,3236741,2017188
39204950,PVC film,41,21598,8589
39204990,"Other plates...,of polymers of vinyl chloride other than not<6% of plasticisers",210625,54902867,41366185
39205100,"Plates..., Of Polymethyl Methacrylate, Laminated Not Reinforced, Etc",58442,14639289,13502789
39205900,"Plates..., Of Other Acrylic Polymers, Laminated Not Reinforced, Etc, Nes",30625,7627095,5600997
39206100,"Plates..., Of Polycarbonates,Laminated Not Reinforced, Etc",427,333399,252902
39206210,poly(ethylene terephthalate in printed form,13976,3774987,3699037
39206290,Other poly(ethylene terepthalate) excl printed form,1397357,353297105,202698417
39206310,Unprinted polyester film in roll form,1002,250824,145080
39206390,"Plates..., Of Unsaturated Polyesters, Laminated Not Reinforced, Etc",2557,640085,564695
39206920,Unprinted polyester film in roll form,100,39811,39264
39206999,"Other polyesters, Nes (excl. printed form)",10580,2833915,1819273
39207300,"Plates..., Of Cellulose Acetate, Not Reinforced, Etc",5542,1411961,1090543
39209100,"Plates..., Of Polyvinyl Butyral, Not Reinforced, Etc",30,101577,100117
39209220,Unprinted nylon film in roll form imported by plastic products manufacturing industry,24582,7324606,7014570
39209290,"Other plastics polymides, Nes (excl. printed form)",324,86209,81473
39209910,Film For Blister Packing Of Other Plastics,27,12484,8557
39209990,"Plates..., Of Other Plastics, Not Reinforced, Etc, Nes",15573,4540724,3688130
39211100,"Cellular Plates, Strips... Of Polymers Of Styrene",4636,1337188,1065760
39211200,"Cellular Plates, Strips... Of Polymers Of Vinyl Chloride",180,44806,22093
39211300,"Cellular Plates, Strips... Of Polymers Of Polyurethanes",996,930131,608635
39211400,"Cellular Plates, Strips... Of Polymers Of Regenerated Cellulose",46,101401,100246
39211910,Microcellular PET imported by television manufacturing Industry,2058,910005,832581
39211910,Microcellular PET light sheet having a power saving capacity of 20% or more,242,117775,113498
39211990,"Microcellular PET light sheet having a power saving capa.of 20% or more, NES",15137,5533959,4798257
39219010,"Vulcanised fibre sheet imp in pre punched, cut to size sha for the manuf of sliver cans plastic--yar",1,1239,1227
39219020,Imported by plastic tube manufacturing industries,102636,43114773,35308739
39219091,"Other cellular plates, strips in printed form..., of plastics",91769,30566430,27731724
39219093,Tarpaulin,192067,45599379,32902925
39219099,"Other cellular plates, strips ..., of plastics, nes",469871,155797892,95877017
39221000,"Baths, Shower-Baths And Wash-Basins, Of Plastics",4321,2702446,1521897
39222000,Lavatory Seats And Covers Of Plastics,21450,14099965,6528622
39229000,"Bidets, Lavatory Pans... And Other Sanitary Ware Of Plastics, Nes",71734,47971236,37960483
39231000,"Boxes, Cases, Crates And Similar Articles Of Plastics",51101,14054860,10606531
39232100,Sacks and bags (incl. cones) of polymers of ethylene,1685,1293820,1106464
39232910,AIRTIGHT STORAGE BAGS WITH ZIPPER,7778,2255131,1678348
39232990,Article for the conve..of polymers of ther plastic excl.airtght storage bag with zipp,8203,2366937,1563383
39233010,"Sachet For Medicin,Inhaler Container,Actuators and Dust Caps for Inhaler",2607,1999459,1865180
39233090,"Other Carboys, Bottles, Flasks And Similar Articles Of Plastics",101457,157212006,151411915
39234010,Bobbins; Sliver/spinning can,66438,44406879,33660469
39234020,Autoconer Spare Parts,0,10801,10589
39234090,"Spools, Cops And Similar Supports Of Plastics",974,481967,238148
39235000,"Stoppers, Lids, Caps And Other Closures Of Plastics",94585,70720100,67515435
39239010,"Trays For Transportation And Keeping For Chicks And Eggs, Of Plastics",35063,13180888,9431873
39239020,"Nursery Trays For Seedlings, Of Plastics",120,22604,17728
39239030,Aseptic pack,30843,17585773,16754375
39239090,"Articles for the packing of goods, of plastics, nes",30327,11660149,10903872
39241000,Tableware And Kitchenware Of Plastics,17889,9525168,5999453
39249010,Feeding Bottles,19854,5607515,4126179
39249090,"Other Household Articles And Toilet Articles, Of Plastics, NES",134843,31291815,23406897
39251000,"Reservoirs... And Similar Containers, Capacity >300 L, Of Plastics",22837,10116984,9869332
39252000,"Doors, Windows And Their Frames And Thresholds For Doors, Of Plastics",10005,3543679,3472944
39253000,"Shutters, Blinds And Similar Articles And Parts, Of Plastics",158,101633,89581
39259000,"Builders' Ware Of Plastics, Nes",53899,16842590,11983202
39261000,Office Or School Supplies Of Plastics,45419,7770292,5948362
39262010,Gloves (Surgical) Of Plastics & Materials Of Heading 39.01-39.04,85,53194,29448
39262090,Art.Of App.&Clothing Accessories(Exl.Gloves)Of Plastics Hd.No.39.01-39.04,64458,15970640,10925825
39263000,"Fittings For Furniture, Coachwork Or The Like Of Plastics",4261,1112451,670416
39264000,Statuettes And Other Ornamental Articles Of Plastics,90995,26409205,17814518
39269030,"Parts And Fittings For Infusino Set, Of Plastics",2563,3525425,3444970
39269050,Taflon tape/PTFE tape,268,786454,679660
39269060,Cot and Apron,869,3904681,3589161
39269091,Conveyor or transmission belts of belting,38364,16999333,15621500
39269092,LP Gas cylinder capacity below 5000 litres,96744,52885055,52189218
39269093,Plastic frame works,283,1703786,1684280
39269099,"PVC scrn.having intrnl.dia.from 4-8 Mulch and strct.thereof used in agri.& hoti.,nes",628858,541213663,475367866
40012100,"Smoked sheets imported by tyre and tube industry of a rim size exceeding 16""",280000,68437162,67088679
40012200,"Technically Specified Natural Rubber, In Primary Forms Or In Plates, Etc",262080,66921694,60732613
40021100,Latex Of Styrene-Butadiene Or Carboxylated Styrene-Butadiene Rubber,23404,4244319,3217420
40021900,"Styrene-Butadiene Rubber; Carboxylated Styrene-Butadiene Rubber, Nes",245545,67611641,42611299
40022000,"Butadiene Rubber, In Primary Forms Or In Plates, Sheets Or Strip",136517,33257504,23613119
40023100,Isobutene-Isoprene (Butyl) Rubber,25200,7822625,5503831
40024900,Chloroprene (Chlorobutadiene) Rubber (Excl. Latex),68803,35713933,34914089
40025900,Acrylonitrile-Butadiene Rubber (Excl. Latex),72440,22565182,19613325
40027000,Ethylene-Propylene-Non-Conjugated Diene Rubber,374,119919,114396
40029100,"Latex Of Synthetic Rubber, Nes",17768,5007548,2823344
40029900,"Other Synthetic Rubber (Excl. Latex), Nes",221170,72977007,66519169
40030000,"Reclaimed Rubber In Primary Forms Or In Plates, Sheets Or Strip",122493,11833081,10640915
40040000,"Waste,Parings & Scrap Of Rubber(Ex.Hard Rubber)&Powders Gran.Obt.Therefrom",30000,3191840,2067495
40051000,"Rubber Compounded With Carbon Black Or Silica, Unvulcanized",490,122060,120246
40059900,"Compounded Rubber, Unvulcanized, In Primary Forms",151,40841,19632
40069000,"Other Forms And Articles Of Unvulcanized Rubber, Nes",16,160482,158699
40070000,Vulcanized Rubber Thread And Cord,189,55403,28547
40081100,"Plates, Sheets And Strip Of Cellular Vulcanized Rubber",15248,4120474,3045602
40081900,"Rods And Profile Shapes Of Cellular Vulcanized Rubber, Nes",2747,1431824,1236806
40082100,"Plates, Sheets And Strip Of Non-Cellular, Vulcanized Rubber(Excl. Hard)",108123,9768870,7600372
40082900,"Rods And Profile Shapes Of Non-Cellular, Vulcanized Rubber (Excl. Hard)",7660,4679931,4517624
40091100,NOT REINFORCED OR OTHERWISE COBINED WITH OTH.MATERIAL WITHOUT FITTINGS,39173,16086436,13973108
40091200,"TUBES,PIPES & HOSES ..NOT REINFORCED OR OTHERWISE COMB.WITH MAT.WITH FITT.",2294,6700836,6519912
40092100,REINFORCED OR OTH.WISE COMBINED ONLY WITH METAL-WITHOUT FITTINGS,8764,2257354,1775700
40092200,REINFORCED OR OTHERWISE COMBINED ONLY WITH METAL WITH FITTING,10851,2749967,1442621
40093100,REINFORCED OR OTH.WISE COMBINED ONLY WITH TEXTILE MTRLS.WITHOUT FITTINGS,36888,8184480,5971269
40093200,REINFORCED OR OTHERWISE COMBINED ONLY WITH TEXTILE MATERIALS-WITH FILLINGS,10162,2730595,2079809
40094100,REINFORCED OR OTHERWISE COMBINED WITH OTHER MATERIALS-WITHOUT FITTINGS,10656,3137490,1281556
40094200,REINFORCED OR OTHERWISE COMBINED WITH OTHER MATERIALS-WITH FILLINGS,17593,4103661,2731790
40101100,"Conveyor Belts Or Belting,Of Vulcanized Rubber Reinforced Only With Metal",1493,321673,223345
40101200,Conveyor Belts/Belting Of Vulcanised Rubber Reinf'D Only With Textile Mats,33263,15614350,14546277
40101900,"Conveyor Belts Or Belting, Of Vulcanised Rubber, Nes",52107,15480917,15154400
40103100,"ENDLESS TRNSMSN.BELTS OF TRPZDL.CROSS-SEC.(V-BLT),V-RIBBED OF..>60CM,<180",6121,11565424,11082076
40103200,"ENDLESS TRNSMSN.BELTS OF TRPZODL.CROS-SECTION(V-BELTS),OTHER..>60CM<180CM",85578,17902993,16539770
40103300,"ENDLESS TRNSMSN.BELTS OF TRZDL.CROSS-SECTION(V-BELTS)V-RIBED..>180CM,<240",3160,1439328,1100053
40103400,"ENDLES TRNSMSN.BETLS OF TRPZDL.CROSS-SECTION(V BELTS)OTH.THAN..>180CM,<240",58495,17178137,16623010
40103500,"ENDLESS SYNCHRONOUS BELTS,OF AN OUTSIDE CIRCUMFERENCE EXCEEDING >60CM,<150",6274,1469620,1019649
40103600,"ENDLESS SYNCHRONOUS BELTS,OF AN OUTSIDE CIRCUMFERENCE >150CM,<198CM",627,1219350,1195107
40103910,RUBBER BELT ROUND NOT EXCEEDING 10 in DIA/FLAT,5071,12376866,11418830
40103990,"TRANSMISSION BELTS OR BELTING,NES OTHER THAN RUBBER BELT ROUND<10"" dia/Flat",159973,39702153,37864509
40111000,"New Pneumatic Tyres, Of Rubber Of A Kind Used On Motor Cars, TV",463254,264924222,199969740
40112010,"New pneumatic tyres, of rubber of a kind used on buses or lorries",685956,261599961,245516407
40112090,"New pneumatic tyres, of rubber of a kind used on buses or lorries",3414563,1278208908,1133048598
40113000,"New Pneumatic Tyres, Of Rubber For Aircraft",1945,3953424,3820315
40114000,"New Pneumatic Tyres, Of Rubber Of A Kind Used On Motorcycles, TV",295878,167201577,138200802
40115000,"New Pneumatic Tyres, Of Rubber Of A Kind Used On Bicycles",10931,4154173,3124898
40117010,Of a kind used on agricultural tractors,153516,57870891,54638709
40117090,Of a kind used on agricultural tractors,2536,952220,335462
40118000,"Of a kind used on construction, mining or industrial handling vehicles and machines",67709,30936344,26414179
40119000,"Other Tyre, excl. construction, mining or industrial handling vehicles and machines",72689,36617540,26832821
40121900,"RETREADED OR USED PNMATIC.TYRES OF RUBBER;SOLID OR CUSHION TYRES,TYRE..NES",64,32043,12270
40129090,"Solid... tyres, interchangeable tyre treads and flaps, of rubber, nes",6180,2531630,2032609
40132000,"Inner Tubes, Of Rubber Of A Kind Used On Bicycles",41748,12683010,11208738
40139010,"Inner Tubes, of rubber Of a kind used on tractors and aircraft",5056,1584469,500088
40139020,"Inner tube of rubber, of a kind used on motorcycles",851,518497,509684
40139090,"Inner tubes, of rubber, nes",566,212103,201478
40141000,Sheath Contraceptives Of Rubber,13513,12583349,9522278
40149000,"Hygienic Or Pharmaceutical Articles Of Vulcanized Rubber, Nes",34250,5083323,4146208
40151200,"Gloves, mitteens..Of a kind used for medical, surgical, dental or veterinary purposes",29475,25593375,23925972
40151900,Gloves Of Vulcanized Rubber (Excl. Surgical Gloves),111188,46517065,35609011
40159000,"Articles Of Apparel And Clothing Accessories Of Vulcanized Rubber, Nes",1042,544845,276570
40161000,Articles Of Vulcanized Cellular Rubber,14599,4004836,2543032
40169100,"Floor Coverings And Mats Of Vulcanized Rubber, Non-Cellular",52938,14325815,7049340
40169200,"Erasers, Of Vulcanized Rubber",11450,2797585,2198839
40169300,"Gaskets, Washers And Other Seals, Of Vulcanized Rubber",390287,358181403,314302880
40169400,"Boat Or Dock Fenders, Of Vulcanized Rubber",21,152035,141571
40169500,"Inflatable Articles, Of Vulcanized Rubber, Nes",18494,12827883,7710379
40169910,"ARTICLES OF VULCANIZED RUBBER, RUBBER CO /APRON",18421,63133981,60086757
40169920,Rubber bearing,87612,33380317,13436633
40169990,"ARTICLES OF VULCANIZED RUBBER,NES EX.RUBBER COT/APRON",352958,153520938,125852034
40170000,"HARD RUBBER(FOR EX.,EBONITE) IN ALL FORMS,INCL.WASTE AND SCRAP; ARTICLES OF HARD RUBBER",3241,4497450,4339621
41021000,"Raw Skins Of Sheep Or Lambs, With Wool On",3600,2470721,990012
41033000,OF SWINE,223,105419,62365
41039000,"Other Raw Hides And Skins, Fresh Or Preserved, Not Tanned, Nes",3465,2047805,1108618
41041110,"Tanned or...,in the wet state (including wet-blue) full grains,.......Split leather",34,18720,13763
41041990,"Tanned..wet-blue other than full grains unsplit, grain splits , excl split leather",2,3620,3566
41044110,Tanned or crust hieds. in the dry state full grains..Split leather,9,14482,14459
41044190,Tanned or crust hieds. in the dry state full grains..Excl Split leather,1,1877,1841
41044910,"Tanned or crust. in the dry state other than full grains...,Split leather",4,2960,2959
41044990,"Tanned or crust. in the dry state other than full grains..., Excl Split leather",575,1026502,1006266
41062210,Split leather In the dry state (crust) of goats or kids,507,234055,66927
41071100,"WHOLE HIDES AND SKINS,FULL GRAIN,UNSPLIT",3,4383,4295
41071200,"WHO;E HIDES AND SKINS, GRAIN SPLITS",1,1253,1227
41071900,"WHOLE HIDES AND SKINS, NES",7,6014,5890
41079900,"OTHER,INCLUDING SIDES,NES",14729,32421255,28626831
41120000,"LEATHER FURTHER PREPARED AFTER TANNING OR CRUSTING,INC.PARCHMENT DRESSED..",212,111106,68093
41131000,OF GOATS OR KIDS,2,1253,1227
41139000,"LEATHR FUTHER PREPARED AFTER TUNNING OF CRUSTING,INCL PARCHMETN-DRSED..NES",9,5384,5276
41151000,"COMPOSITION LEATHER WITH A BASIS OF LEAHTER OR LEATHER FIBR,IN SLABS...",31978,2981153,1907553
42010000,"Saddlery And Harness For Any Animal, Of Any Material",1861,517807,299991
42021100,"Trunks, Suit-Cases..., Etc, With Outer Surface Of Leather,Or Of composition leather",7,3004,245
42021200,"Trunks, Suit-Cases..., Etc, With Outer Surface Of Plastic Or Textiles",25590,17624145,16211328
42021900,"Trunks, Suit-Cases..., Etc, Nes",353052,102235645,71444522
42022100,"Handbags With Outer Surface Of Leather, Or Composition Leather",960,346690,187880
42022200,Handbags with outer.. with outer surface of sheeting of plastics or of tex.. material,659,192796,152007
42022900,"Handbags, Nes",34704,13860999,6323396
42023100,With outer surface of leather or of composition leather,363,76885,71004
42023200,Articles.... in pocket or handbag.. With outer surface of sheeting of plastics or....,0,5758,5644
42023900,"Articles Normally Carried In Pocket Or Handbag, Nes",9654,2657945,1527118
42029200,With outer surface of sheeting of plastics or of textile materials,34411,8406316,5063664
42029900,"Cases And Containers, Nes, With Outer Surface Of Other Materials, Nes",15221,4296766,3085488
42031000,Articles Of Apparel Of Leather Or Of Composite Leather,1037,616669,486162
42032100,"Gloves,Mittens & Mitts For Use In Sports,Of Leather Or Of Composite Leathr",2190,627645,356968
42032900,"Gloves, Mittens And Mitts Nes, Of Leather Excl. For Sports",2113,596033,221574
42033000,Belts And Bandoliers Of Leather Or Of Composition Leather,24652,6467698,4162194
42034000,OTHER CLOTHING ACCESSORIES,161,76269,48568
42050010,Of a kind used in machinery or mechanical appliances or for other technical uses.,145,583356,555218
42050090,"Other articles of leather or of composition leather, NES",166,501255,453990
42060090,"Articles of gut (excl. silk-worm), goldbeater's skin, bladders, nes",1,335446,328836
43021900,"Tanned Or Dressed Whole Furskins, Nes, Not Assembled",16,26026,25514
43040000,Artificial Fur And Articles Thereof,3,1866,1227
44013100,Wood pellets,6,312729,312707
44029010,Charcoal and Wood Powder based Coil Compound,5,3130,3068
44029090,"Wood charcoal (including shell or nut charcoal), whether or not agglomerated E",477,71599,70184
44034900,"Other Tropical Wood Spec'D In Subhd Note 1 To Ch40,In The Rough,Exc.440341",4514244,220893028,206605676
44039900,"Wood, Nes In The Rough..., (Excl. Treated)",607759,32329407,29108731
44042000,"Non-Coniferous Hoopwood; Split Poles, Etc; Wooden Sticks, Etc; Chipwood",1,7049,6910
44050000,Wood Wool; Wood Flour,135,84478,7853
44072300,Wood sawn or chipped lengthwise of tropical wood Teak,54365,5917036,5833035
44079100,Oak Wood (Quercus Spp.) Sawn/Chipped Lengthwise Sliced Or Peeled >6m Thick,52342,5603494,5330999
44079900,English/ Kashmeri/ Coconut Willow Wood imported by cricket bat manufacturing industry,6000,1278304,447978
44083900,"Other Trpcl.Wood Specf'd Subhd Note2 to this Chap,execl.Dark Red Meranti..Bakau",506387,69108545,62916371
44089000,"Veneer Sheets And Sheets For Plywood Of Other Wood, =<6mm Thick, Nes",414193,69136395,56474465
44092900,Non-coniferous Excl. Of bamboo,122,30273,14933
44101100,Particle board,46899,2713696,2190762
44101900,"Particle board, ori. strand board (OSB) and si. board, Exclu.Particle&Oriented",1783,594039,508346
44109000,"Particle board,ori.strn board (OSB)&simi.board of wood?other organic bin. subst",32,4806,614
44111200,Medium density fiberboard (MDF) of a thickness not exceeding 5 mm,58430,2316222,2124078
44111400,Medium density fiberboard (MDF) of a thickness exceeding 9 mm,640,85202,83522
44119200,Fibreboard of wood or other lign.mat.Excl. Med.den. f.board (MDF)of a den.exce,72107,3010795,2277398
44119300,F.board of wood or other .mat. Excl.Med.den. F.board (MDF)of a den.>0.5 g/cm3,44620,2532905,1862224
44123900,"Other, with both outer plies of coniferous wood",199562,8268458,6464847
44124900,"Laminated veneered lumber (LVL) : Other, with both outer plies of coniferous wood",3106,169786,78594
44129900,"Plywood, veneered panels and similar laminated wood, nes",292947,17084236,8203601
44141000,"Wooden frames for paintings, photographs, mirrors or similar .... Of tropical wood",424,132675,36810
44149000,"Wooden frames for paintings, photographs, mirrors or.... Excluding Of tropical wood",4589,1025053,865370
44151000,"CASES,BOXES,CRATES,DRUMS AND SIMILAR PACKING;CABLE-DRUMS",1297,254216,165439
44152090,"Pallets,Box Pallets&Other Load Boards Of Wood,Excl.Pallet Collars, Nes",60,26284,14724
44170000,"Tools, tool bodies, tool handles, broom or brush bodies.lasts and trees, of wood.",26652,1368204,951923
44181900,"Windows, French-windows and their frames : excluding Of tropical wood",20,10012,2454
44182900,Doors and their frames and thresholds : excluding Of tropical wood,8874,2384379,2240109
44187500,"Other, multilayer",8769,938860,920363
44187900,"Other Assembled flooring panels, excl. bamboo, mosaic, multilayers",122366,8753865,7620369
44188900,Engineered structural timber products : NES,8301,9219122,9037469
44189900,"Other panels, not of bamboo, not Assembled flooring panels",306,58328,37546
44191100,"Bread boards, chopping boards and similar boards",8621,2156041,1520220
44191200,Chopsticks,203,39127,37000
44191900,"Other, excl. Bread boards, chopping boards and similar boards & Chopsticks",10185,861253,567127
44199000,"Other, excl. Bamboo",3715,518782,448211
44201900,Statuettes and other ornaments : Excluding Of tropical wood,4973,926571,703228
44209000,"Wood Marquetry, Inlaid Wood; Caskets & Cases For Jewellery/Cutlery Of Wood",105,45447,18630
44211000,Clothes Hangers Of Wood,15464,2505927,1984560
44219100,Of bamboo,6168,788923,428435
44219990,Other,117675,29899090,27132390
45019000,"Waste Cork; Crushed, Granulated Or Ground Cork",914,862096,786271
45020000,"Natural Cork, Debacked Or Roughly Squared..., Etc",927,348192,326602
45049000,"OTH, AGGLOMERATED CORK(WITH OR WITHOUT A BINDING SUB-STANCE) AND ARTICLES OF AGG. CORK",1339,650443,548530
46012100,"Mats, matting and screens of vegetable materials Of bamboo",3916,784352,624561
46012200,"Mats, matting and screens of vegetable materials Of rattan",1150,287882,112884
46019900,"OTH, PLAITS AND SIMILAR PRODUCTS OF PLAITING MATERIALS...(EXCL. OF VEGETABLES MATERIALS)",116640,20583342,20177770
46021100,"Basketwork, wickerwork and other articles?Of vegetable materials Of bamboo",50,18773,5399
46021200,"Basketwork, wickerwork and other articles?Of vegetable materials Of rattan",173,43047,28623
46021900,"Basketwork, wickerwork and other articles?Of vegetable materials Excl. bamboo",22,11263,3681
47032100,"Semi-Bleached Or Bleached Coniferous Chemical Wood Pulp, Soda..., Nes",2453851,364031061,254798192
47032900,"Semi- Or Bleached Non-Coniferous Chemical Wood Pulp, Soda..., Nes",22523989,2467517067,1626975595
47069300,Obtained by a combination of mechanical & chemical processes,68900,2759665,2705290
47071000,"Recovered (Waste/Scrap) Unbleached Kraft Paper,Paperboard, Of...Paperboard",1320710,54344726,33967153
47072000,Recovered (Waste/Scrap) Other Paper/Paperboard Of Bleached Chemical Pulp,533960,38249739,20992695
48010000,"Newsprint, In Rolls Or Sheets",761789,57681973,56530591
48025400,Other paper & paper board weighing less than 40g/m2 imported by manufacturing industries,22953,5955994,5874599
48025510,ECG and ultrasonogram recording paper,4393,1099648,320492
48025600,"OTHER PAPER OR PAPERBOARD, NOT CONTAINING...,WEIGHING 40 G/M2 OR MORE...",71697,10479915,10172639
48025700,"OTHER,WEIGHING 40 G/M2 OR MORE BUT NOT MORE THAN 150G/M2",160704,43139020,40796820
48025800,WEIGHING MORE THAN 150G/M2,7253,2033916,1865001
48026100,"OTH.PAPER& PAPERBOARD,WEIGHT >10% BY WEIGHT OF TOTAL FIBRE CONTENT,IN ROLL",55069,11434597,8239337
48026200,IN SHEETS WITH ONE SIDE <435MM AND OTH SIDE <297MM IN THE UNFOLDED STATE,1,125,123
48026900,"OTH. PAPER & PAPER BOARD, IN ROLL, NES",1624291,122917746,119770827
48030000,"Toilet,Facial Tissue,Towel,Napkin Stock & Similar Paper, In Rolls Or Sheet",21465,3827544,3534059
48041100,"Unbleached Kraftliner, Uncoated Paper & Paperboard In Rolls Or Sheets",794512,70947101,52315949
48042110,"Clue Pack Extensible Sack Craft Paper(Weig.70,80&110gsm)For Cement Bag Ind",432,44747,38577
48044100,"Unbleached Kraft Paper..., Weighing >150g/M2 But <225g/M2",5602,489117,185589
48045100,"Unbleached Kraft Paper..., Weighing >=225g/M2",195411,17108479,14894623
48051100,"FLUTING PAPER, SEMI-CHEMICAL FLUTING PAPER",11479,1953045,1291246
48051900,"FLUTING PAPER,NES",19,8439,8348
48052500,TESTLINER(RECYCLED LINER BOARD)WEIGHING MORE THAN 150G/M2,50231,3332783,3204939
48054000,"Filter Paper And Paperboard, Uncoated In Rolls Or Sheets",17561,5080782,4844380
48059390,"Fluting paper, NES weighing 225 g/m2 or more",145,109312,20870
48062000,"Greaseproof Papers, In Rolls Or Sheets",17,111510,109312
48063000,"Tracing Papers, In Rolls Or Sheets",5595,696604,652147
48064000,"Glassine And Other Glazed Transparent Or Translucent Papers, Nes",90077,16099134,15834588
48081000,"Corrugated Paper And Paperboard, In Rolls Or Sheets",1052,199392,133130
48084000,"Kraft paper, creped or crinkled, whether or not embossed or perforated",710,292943,287172
48089000,"Paper And Paperboard, Corrugated, Creped, Etc, In Rolls Or Sheets, Nes",1234,768182,742658
48092000,"Self-Copy Paper, In Rolls Or Sheets",122062,7917671,7590180
48099090,"Carbon or similar copying papers, nes",301476,37685987,29015605
48101300,"MECHANICL OR CHEMICAL-MECHANICAL, IN ROOLS",513113,78466511,76593269
48102200,LIGHT-WEIGHT COATED PAPER,650,128560,112123
48102900,"Paper... For Writing, Etc, >10% Mechanical Fibres, Coated...",2337,261842,129037
48109200,"OTHER PAPER & P.BOARD,MULTIPLY PAPER & PAPERBOARD",7744542,785696323,641891276
48109910,Single/double side coated relse. paper Imp. by VAT reg. Refrigtr. or freez manf. Ind,2253,563999,552886
48109990,"Single/double side coated relse. paper Imp. by VAT reg. Refrigtr./freez manf. Ind,Nes",487905,41202324,38942982
48111000,"Tarred, Bituminized Or Asphalted Paper And Paperboard",11,6883,6749
48114100,Self-adhesive,37756,19054261,18407157
48114100,Self-adhesive paper imported by label printing industries,670649,112766346,106346215
48114900,"SELF ADHESIVE,PAPER & PAPER BOARD, NES",39188,10517463,7901418
48115100,"Bleached, weighing more than 150 g/m2",37549,5681670,5048673
48115910,"PAPER & P.BOARD,PACK/ASCEPTIC PACK",520564,231019361,190456503
48115920,Melamine impregnated decorative paper,251625,47872367,43445589
48115990,"PAPER,PAPERBOARD,CELLULOSE WADDING AND ...EXCL.TETRAPACK/ASCEPTIC PACK",263210,34894915,26180969
48116010,Ultrasonogram recording paper,2100,394274,386505
48116020,Covered/ coated/waterproof paper and paperboard imported by abrasive paper industry,37270,15293551,13307528
48116090,"Paper and paperboard, coated...parafin wx, stearing oil,(excl. ultrasonograme rec.paper)",315473,46060706,39689686
48119010,Melamine/Decalcomania Paper,11890,3541878,3463085
48119010,Melamine/Decalcomania Paper imported by Ceramic/Melamine/Transfers/Opal glassware industry,38255,14031800,9237254
48119021,Insulated paper,7375,2306691,1128916
48119029,"Paper board, Leather waith paper",34068,7213047,5624263
48119030,Base paper for melamine,656323,180959549,137833890
48119090,"Other Paper,Paperboard,Cellulose Wadding And Webs Of Cellulose Fibres,Nes",14921,12380917,11936540
48120000,"Filter Blocks, Slabs And Plates, Of Paper Pulp",44,771699,756494
48131090,Other cigarette paper in the form of booklets or tubes,8,3604,442
48132000,Cigarette paper imported by tobacco products manufacturing industries,175677,50004696,47125757
48132000,In rolls of a width not exceeding 5 cm,15,9388,9203
48139000,Cigarette paper Imported by tobacco products manufacturing industries industries,118900,36265879,29767535
48139000,"Other than Cigarette paper, nes",283,84826,35706
48142000,"Wallpaper,Etc Of Paper Coated On The Face Side With A.. Layer Of Plastics",47679,6624896,5929723
48149000,"Wallpaper And Other Wall Coverings; Window Transparencies Of Paper, Nes",423,157310,111976
48169000,"Copying Or Transfer Paper, Nes; Offset Plates, Of Paper (Excl.Heading 4809",401385,49523711,43220763
48171000,Envelopes Of Paper Or Paperboard,25,12642,4049
48172000,"Letter Cards, Plain Postcards And Correspondance Cards Of Paper...",38,21904,14356
48173000,"Boxes, Etc, Of Paper Or Paperboard Containing Paper Stationery",3142,1474244,566557
48181000,Toilet Paper,23,6932,6575
48182000,Handkerchiefs And Cleansing Or Facial Tissues & Towels,13496,5707962,5212498
48189000,"Household, Sanitary Or Hospital Articles Of Paper..., Etc, Nes",2815,1645920,1196091
48191000,"Cartons, Boxes And Cases, Of Corrugated Paper Or Paperboard",352934,120593938,102850464
48192010,"Folding Cartons, Boxes And Cases, Of Non-Corrugated Paper Or Paperboard",86034,44059623,37376144
48192090,"Folding Cartons, Boxes And Cases, Of Non-Corrugated Paper Or Paperboard",56501,20693511,13196404
48193000,"Sacks And Bags, Having A Base Of A Width Of >=40cm Of Paper, Paperboard",3703,1074393,778443
48194010,Fruit Bag,265087,43846573,33269737
48194090,Other than Fruit Bag,102517,44355424,41394874
48195000,"Packing Containers, Including Record Sleeves, Of Paper..., Nes",1949,923541,388051
48196000,"Box Files,Letter Trays,Storage Boxes,Etc,Of Paper Used In Office,Shops Etc",8400,2283528,953532
48201000,"Registers,Acc.Books,Diaries,Similar Articles,Order & Receipt Books,Of ....",26776,6918464,4839104
48202000,Exercise-Books,1,1100,866
48203000,Binders (Other Than Book Covers) Folders & File Covers Of Paper/Paperboard,226,66249,64943
48205000,Albums For Samples Or For Collections Of Paper Or Paperboard,7948,1194594,1131414
48209000,"Blotting Pads, Book Covers And Other Articles Of Stationery Of Paper...Nes",2633,983378,550383
48211000,Printed Paper Or Paperboard Labels Of All Kinds,57778,30045803,24618140
48219010,Sticker,652,306762,128498
48219090,Excl. Sticker imp. by VAT reg. electric fan or water pump motor manf. Ind.,38877,6406781,5163167
48229000,"Bobbins, Spools,Cops And Similar Supports Of Paper Or Paperboard, Nes",147893,27204975,16132203
48232000,"Filter Paper And Paperboard, Cut To Shape",69348,61871165,60517390
48234000,"Rolls, sheets and dials, printed for self recording apparatus",518,256590,122185
48236900,"Other paper and paperboard Imported by paper cup, bowl, plate manufacturng industry",20506,3154424,3092269
48236900,"Other trays, dishes, plates, cups and the like, of paper and paperboard Excl. Of bam",21057,14992196,14473452
48237010,Moulded or pressed articles of paper pulp : Gasket,9,591126,579491
48237010,Paper gasket imported by compressor manufacturing industry,108,719403,689738
48237090,"Moduled or pressed articles of paper pulp, Excl Gasket imp by VAT reg. comp. manu.",1380,1479063,1352537
48239010,"Paper And Paperboard, Cut To Size And Articls Of Paper",5,3502,3436
48239091,Paper Separator,2448,998174,917083
48239092,Wrappers for confectionery,30,15019,3681
48239093,Surface coloured or printed paper or paper board,20435,6569074,5840684
48239094,Air laid paper,54780,17262798,12187084
48239094,Air laid paper imported by hygiene products manufacturing industry,494,321908,315064
48239095,Honeycomb,1830,306108,300076
48239099,"Paper And Paperboard, Cut To Size And Articles Of Paper, Etc, Nes",78605,12275414,9129930
49011000,"Printed Books, Brochures, Leaflets, Etc, In Single Sheets",6083,7097000,6826994
49019100,"Dictionaries And Encyclopaedias, And Serial Instalments Thereof",783,537730,372272
49019910,"Religious,Reference,Scientific,Medical,Engg,Agril. & Oth.Books for higher education",85337,26916858,21645791
49019920,Text books for primary and secondary education.,358,120900,31018
49019930,Other books,37944,18802518,11787025
49019990,"Printed Books,Brichures,Leaflets&Similar Printed Metter, Nes",14413,1116172890,1103733826
49021000,"Newspapers, Journals And Periodicals, Appearing At Least 4 Times A Week",74,3070091,3005273
49029000,"Newspapers, Journals And Periodicals, Appearing < Four Times A Week",553,1587314,1544853
49030000,"Children'S Picture, Drawing Or Colouring Books",9124,2438790,1354590
49040000,"Music, Printed Or In Manuscript",307,46111,41622
49059000,"Maps and hydrographic or similar charts of all kinds, including atlases,...NES",2704,834727,563497
49070010,Stock Share And Bond Certificates&Similar Documents Of Title Cheque Forms,44617,11710404,11142434
49070090,"New Stamps,Stamp-Impressed Paper,Cheque Forms,Banknotes,Nes",15783,24428834,23947700
49081010,Transfers (decalcomanias),0,1504,1472
49081090,"Transfers(Decalcomanias), Vitrifiable, Nes",45089,25435845,24626847
49089000,Transfers (Decalcomanias) (Excl. Vitrifiable),3412,1902626,1856709
49090000,"Printed Or Illustrated Postcards; Printed Cards Bearing Greetings, Etc",116,38418,10560
49100000,"CALENDER OF ANY KIND, PRINTED, INCLUDING CALENDER BLOCKS",39,22811,20500
49111000,"Trade Advertising Material, Commercial Catalogues And The Like",8932,4154970,3271935
49119100,"Pictures, Designs And Photographs",11302,2667264,1554435
49119990,"Other printed matter, including printed pictures and photographs., NES",29146,48662567,47691202
50030000,"Silk waste (including cocoons unsuitable for reeling, yarn waste and garnetted",6000,976267,662580
51011100,"Greasy Shorn Wool, Not Carded Or Combed",5369,3432575,1458316
51011900,"Greasy Wool (Excl. Shorn), Not Carded Or Combed",5,6203,6150
51012900,"Degreased Wool (Excl. Shorn), Not Carbonised, Not Carded Or Combed",6,14118,13908
51021100,"FINE ANIMAL HAIR,OF KASHMIR (CASHMERE) GOATS NES",1,31541,30920
51021900,"FINE ANIMAL HAIR, OF KASHMIR (CASHMERE) GOATS NES",1,34124,34111
51040000,Garnetted stock of wool or of fine or coarse animal hair,2044,1292695,378813
51052100,Combed Wool In Fragments,490,153334,18712
51061000,"Yarn Of Carded Wool, Not Put Up For Retail Sale, With >=85% Wool",624,390528,382824
51071000,"Yarn Of Combed Wool, Not Put Up For Retail Sale, With >=85% Wool",5150,2101918,2060501
51072000,"Yarn Of Combed Wool, Not Put Up For Retail Sale, With <85% Wool",41,25071,25031
51081000,"Carded Yarn Of Fine Animal Hair, Not Put Up For Retail Sale",0,1253,1227
51091000,"Yarn, with >=85% wool or of fine animal hair, put up for retail sale",4,2590,2577
51111100,"Woven Fbrcs.With>=85% Carded Wool Or Of Fine Animal Hair, =<300g/M2 Weight",4,2193,2147
51112000,"Woven Fabrics Of Carded Wool, Mixed With Man-Made Filaments",47,30923,30798
51113000,"Woven Fabrics Of Carded Wool, Mixed With Man-Made Staple Fibres",29,18777,18405
51119000,"Other Woven Fabrics Of Carded Wool Or Carded Fine Animal Hair, Nes",342,145559,102323
51123000,"Woven Fabrics Of Combed Wool, Mixed With Man-Made Staple Fibres",5,3130,3068
52010000,"Cotton, Not Carded Or Combed",132290849,33152603686,28368080875
52021000,Yarn Waste Of Cotton Including Thread Waste,5,3130,3068
52029100,Garnetted Stock Of Cotton,258001,44838869,23742542
52029910,Cotton waste,9,57755,57669
52029990,"Cotton waste, nes",3,2004,1963
52030000,"Cotton, Carded Or Combed",499,2108549,1955347
52041100,"Cotton Sewing Thread, With >=85% Cotton, Not Put Up For Retail Sale",263,158833,142383
52041900,"Cotton Sewing Thread, With <85% Cotton, Not Put Up For Retail Sale",441,193642,46258
52042000,"Cotton Sewing Thread, Put Up For Retail Sale",10,6261,2454
52051100,"Uncombed Sin.Cot.Yarn,With>=85%Cot.,Nprs,=>714.29 Decitex (<=14mn).",399,241058,210329
52051200,"Uncom.Sin.Cot.Yarn,With>=85%Cot.Nprs,<714.29de(>14mn)But(>=232.56de)<=43mn",21747,6815742,5269545
52052100,"Combed Single Cotton Yarn, With >=85% Cotton, Nprs,>=714.29 Decitex(<=14mn",176,112567,110315
52052200,"Combed Sin.Cot.Yarn,With>=85%Cot.,Nprs,<714.29(>14mn)But>=232.56de.(<=43mn",2,1048,1035
52052300,"Com.Sin.Cot.Yarn,With>=85%Cot.,Nprs,<232.56deci(>43mm)But>=192.31de(<=52mn",1,1520,1488
52053300,"Uncombed Cabled Cotton Yarn,>=85%Cotton,Nprs,>43mn But<=52mn P.Single Yarn",4,1247,1222
52054200,"Combed Cabled Cotton Yarn,With>=85%Cotton,Nprs,>14mn But<=43mn P.Sing.Yarn",234,319673,313534
52054400,"Combed Cabled Cotton Yarn,>=85% Cotton,Nprs,>52mn But<=80mn Pr.Single Yarn",6,4004,3926
52054800,"Combed Cabled Cotton Yarn, With >=85% Cotton, Nprs, >120mn Per Single Yarn",118,47192,38528
52061200,"Uncombed Single Cotton Yarn, With <85% Cotton, Nprs, >14mn But <=43mn",39000,12204649,8804952
52071000,"Cotton Yarn (Excl. Sewing), Put Up For Retail Sale, With >=85% Cotton",20,12026,9939
52079000,"Cotton Yarn (Excl. Sewing), Put Up For Retail Sale, With <85% Cotton",411,209598,78896
52081100,"Unbleached Plain Woven Fabrics Of Cotton With>=85%Cotton, =<100g/M2",2431,1681028,1553577
52081200,"Unbleached Plain Woven Fabrics Of Cotton>=85%Cotton,>100g/M2 But<200g/M2",89,121703,119266
52081900,"Unbleached Woven Cotton Fabrics, Nes, With >=85% Cotton",3885,633902,617501
52082100,"Bleached Plain Woven Fabrics Of Cotton With >=85% Cotton, =<100g/M2",79,58631,57560
52082900,"Bleached Woven Cotton Fabrics, Nes, With >=85% Cotton",102,71724,63105
52083100,"Dyed Plain Cotton Woven Fabrics With >=85% Cotton, =<100g/M2",1008,466906,294603
52083200,"Dyed Plain Cotton Woven Fabrics With >=85% Cotton, >100g/M2",2453,1003788,895667
52083900,"Dyed Woven Cotton Fabrics, With >=85% Cotton, Nes",3689,1717967,1619108
52084100,"Coloured Plain Cotton Woven Fabrics With >=85% Cotton, =<100g/M2",3447,1510322,912735
52084200,"Coloured Plain Cotton Woven Fabrics With >=85% Cotton, >100g/M2",5353,2739379,2071985
52084900,"Coloured Woven Cotton Fabrics, With >=85% Cotton, Nes",15752,6798259,6050112
52085200,"Printed Plain Cotton Woven Fabrics With >=85% Cotton, >100g/M2",8409,4209960,2970177
52085900,"Printed Woven Cotton Fabrics, With >=85% Cotton, Nes",11387,6383657,3950963
52091100,"Unbleached Plain Cotton Woven Fabrics With >=85% Cotton, >=200g/M2",5,3256,3190
52093100,"Dyed Plain Cotton Woven Fabrics With >=85% Cotton, >=200g/M2",6,4006,3926
52093200,"Dyed 3 Or 4-Thread Twill (Incl. Cross Twill), With >=85% Cotton",30,22389,21941
52093900,"Dyed Woven Cotton Fabrics, With >=85% Cotton, >=200g/M2, Nes",7,4382,4295
52094200,"Denim, With >=85% Cotton, >=200g/M2",862,528386,488280
52094900,"Coloured Woven Cotton Fabrics, With >=85% Cotton, >200g/M2",13,8014,7853
52101100,"Unbleached Plain Cotton Woven Fabrics With <85% Cotton, =<200g/M2",190,99754,74847
52103100,"Dyed Plain Cotton Woven Fabrics With <85% Cotton, =<200g/M2",14,6167,6045
52113200,"Dyed 3 Or 4-Thread Twill (Incl. Cross Twill) With <85% Cotton, >200g/M2",2,1253,1227
52113900,"Dyed Woven Cotton Fabrics, Nes, With <85% Cotton, >200g/M2",21,17311,10368
52114200,"Coloured Denim, With <85% Cotton, >200g/M2",36,23694,23221
53012100,"Flax, Broken Or Scutched, But Not Spun",51340,44039361,43929422
53012910,"Flax, Hackled Or Otherwise Processed, But Not Spun",69968,51885114,47868830
53012990,"Flax, Hackled Or Otherwise Processed, But Not Spun",44523,34776404,31741619
53029000,"True Hemp(Ex.Raw),Not Spun;Tow&Waste Of True Hemp(Incl.Yrn Wast &Garn Stk)",9074,6701602,6569554
53031000,"Jute and other textile bast fibres, raw or retted",860,396651,204875
53050090,"Coconut, avaca.... Excl. Coco substrate; coco pellet; growing media",10,16578,16250
53081000,Coir Yarn,8,6259,6135
53091900,"Woven Fabrics Of Flax, With >=85% Flax, Printed, Dyed Or Coloured",29,12153,11910
53092900,"Woven Fabrics Of Flax, With <85% Flax, Printed, Dyed Or Coloured",16,7763,7607
53109000,Woven fabrics of jute or other textile bast fibres (excl. unbleached),6430,2581481,217561
54011000,Sewing Thread Of Synthetic Filaments,5040,1635383,1572081
54012000,Sewing Thread Of Artificial Filaments,192,83913,80188
54021900,"Synthetic filament yarn?High tenacity of nylon or other polyamides, Excl.Of ar",4277,1075342,1052427
54022000,"High tenacity yarn of polyesters, whether or not textured",424678,85054729,74490458
54023100,"Textured Yarn, Of Nylon Or Other Polyamides, =<5tex, Nprs",8046,2522648,1830101
54023200,"Textured Yarn, Of Nylon Or Other Polyamides, >50tex, Nprs",15574,5086541,4988599
54023300,TEXTURED YARN OF POLYESTER,30094,9935588,6616207
54023900,"Synthetic Textured Yarn, Nes, Nprs",71,22218,20193
54024400,"Other yarn, single, untwisted or with a twist not exceeding 50 turns per metre",45798,23160777,18670390
54024700,"Other yarn,single,untwisted or with a twist <=50 turns per metre Other, of pol",918,303100,248037
54024900,"Single Synthetic Yarn, Nes,Untwisted With =<50turns/M, Nprs",24,34606,33924
54025100,"Single Yarn Of Nylon Or Other Polyamides, With >50turns/M, Nprs",5,3130,3068
54025200,"Single Yarn Of Polyesters, With >50turns/M, Nprs",9643,3064223,2183802
54025300,"Other yarn, single, with a twist exceeding 50 turns per metre of polyster",94584,21539012,20657713
54026100,"Multiple Or Cabled Yarn Of Nylon Or Other Polyamides, Nprs",26546,5463511,4103260
54026200,"Synthetic Multiple Or Cabled Yarn Of Polyesters, Nprs",6,4074,1841
54026900,"Synthetic Multiple Or Cabled Yarn, Nes, Nprs",6341,2134002,1800708
54031000,"High Tenacity Yarn Of Viscose Rayon, Nprs Excl. Sewing Thread",10,4544,2260
54033100,"Single Yarn Of Viscose Rayon,Untwisted Or With =<120turns/M, Nprs",53037,18663357,17504777
54033200,"Single Yarn Of Viscose Rayon, With >120turns/M, Nprs",347,61526,60835
54033900,"Single Artificial Yarn, Nes, Nprs",8,5007,4908
54034100,"Multiple Or Cabled Yarn Of Viscose Rayon, Nprs",0,627,614
54034900,"Multiple Or Cabled Artificial Yarn, Nes, Nprs",1996,999343,734728
54041100,Monofilament Elastomeric,16512,11153744,9170343
54041200,"Monofilament Other, of polypropylene",24588,4616292,4525371
54041900,Monofilament Excl. Elastomeric & other of polypropylene,15154,4686980,3942153
54049000,OTH. SYNTHETIC MONOFILAMENT OF 67 DECITEX OR MORE... (EXCL. MONOFILAMENT),544,131676,129080
54071010,Rejected fabrics generated during manu.of garments or processing of fabrics,19,12142,11902
54072000,Woven Fabrics Obtained From Synthetic Strip Or The Like,11476,3231770,1492216
54074100,"Unbleached Or Bleached Woven Fabrics, >=85% Nylon...",5,4382,4295
54074200,"Dyed Woven Fabrics Of Synthetic Filament Yarn, >=85% Nylon...",28,19440,19055
54075100,"Unbleached Or Bleached Woven Fabrics, >=85% Textured Polyester",0,1257,1227
54075200,"Dyed Woven Fabrics Of Synthetic Filament Yarn, >=85% Textured Polyester",34783,20018557,13000999
54075300,"Coloured Woven Fabrics Of Synthetic Yarn, >=85% Textured Polyester",1,796,780
54075400,"Printed Woven Fabrics Of Synthetic Yarn, >=85% Textured Polyester",57437,32000710,21541769
54076100,Other Woven Fabrics Of Synthetic Yarn>=85% Nontextured Polyester Filaments,592,277978,254483
54076900,Other Woven Fabrics Of Synth'C Yarn >=85% Textrd/Non-Textrd Polystr Filmnt,212556,110515165,88136857
54077200,"Dyed Woven Fabrics, >=85% Synthetic Filaments, Nes",408408,214409899,160748281
54077400,"Printed Woven Fabrics, >=85% Synthetic Filaments, Nes",53004,30305324,13258545
54078200,"Dyed Woven Fabrics, <85% Synthetic Filaments, Mixed With Cotton",28456,14237503,9396960
54078300,"Coloured Woven Fabrics, <85% Synthetic Filaments, Mixed With Cotton",43216,21894837,14778897
54079200,"Dyed Woven Fabrics <85% Synthetic Filament Yarn, Nes",18972,10074490,6377423
54082400,"Printed Woven Fabrics, >=85% Artificial Filaments Or Strip",9,5633,5522
54083200,"Dyed Woven Fabrics Of Artificial Filament Yarn, Nes",1,627,614
55021000,Artificial filament tow of cellulose acetate,623994,493316355,476088404
55031100,"Syn.Sta.fibres, not carded,combed or otherwise proce.for spin.Of nylon or othe",9,5319,1227
55031900,"Syn.Sta.fibres,not carded, combed or othrwise pro.for spin.Of nylon or othr po",25,15830,15561
55032000,"Synthetic Staple Fibres, Of Polyesters, Not Carded, Combed Or Processed",10111735,1623625167,1104106244
55033000,"Acrylic Or Modacrylic Synth. Staple Fibres,Not Carded,Combed Or Processed",2295,3654080,3317449
55034000,"Synthetic Staple Fibres,Of Polypropylene,Not Carded,Combed Or Processed",1237619,239435700,170695706
55041000,"Artificial Staple Fibres,Of Viscose Rayon,Not Carded,Combed Or Processed",2810368,911125480,648796632
55049000,"Artificial Staple Fibres, (Excl. Viscose), Not Carded,Combed Or Processed",8078199,3106639746,1623739201
55061000,"Synt.Staple Fibres,Of Nylon Or Other Polyamides,Carded,Combed Or Processed",12,46605,45924
55062000,"Synthetic Staple Fibres, Of Polyesters, Carded, Combed Or Processed",88815,27057474,26525443
55063000,"Acrylic Or Modacrylic Synthetic Staple Fibres,Carded,Combed Or Processed",86419,30958594,30337861
55069000,"Syn.Staple Fibres,Nes,Carded,Combed Or Processed(Exl.Nyl./Polester/Acry.)",31,29829,24049
55081000,Sewing Thread Of Synthetic Staple Fibres,125,72270,18707
55091100,"Single Yarn, With >=85% Staple Fibres Of Nylon Or Other Polyamides, Nprs",571,257869,244198
55092100,"Single Yarn, With >=85% Polyester Staple Fibres, Nprs",4,2254,2209
55092200,"Multiple Or Cabled Yarn, With >=85% Polyester Staple Fibres, Nprs",9804,6685053,6618195
55093100,"Single Yarn, With >=85% Acrylic Or Modacrylic Staple Fibres, Nprs",2,1503,1472
55095100,"Yarn,<85% Polyester Staple Fibres,Mixed With Artificial Staple Fibres,Nprs",4,3112,3068
55095900,"Yarn,<85%Polyester Staple Fibres,Nes,Nprs(Exl.Arti/Wool/Cotton Staplefibre",18,11639,11411
55096100,"Yarn, <85% Acrylic Or Modacrylic Staple Fibres, Mixed With Wool..., Nprs",3,1629,1595
55096200,"Yarn, <85% Acrylic Or Modacrylic Staple Fibres, Mixed With Cotton, Nprs",4,3133,3068
55096900,"Yarn, <85%Acrylic Or Modacrylic Staple Fibres, Nes, Nprs(Exl. Wool/Cotton)",1388,528914,504279
55099900,"Yarn, Synthetic Staple Fibres,Nes, Nprs (Exl. Wool/Cotton)",2,1252,1227
55101100,"Single Yarn, With >=85% Artificial Staple Fibres, Nprs",279,121252,27098
55101290,"YARN OF ARTIFICIAL STAPLE FIBRES, .. EXCL. WATER BLOCKING YARN IMP BY VAT REG. OPTICAL F",6,4847,4793
55102000,"Yarn, Artificial Staple Fibres, Mixed With Wool..., Nprs",36433,5928759,5159290
55109000,"Yarn, Artificial Staple Fibres, Nes, Nprs (Exl. Wool/Cotton)",5407,5814328,5666989
55121100,"Unbleached or bleached woven fabrics, >=85% polyester staple fibres",0,627,614
55131100,"Plain weave fabrics, <85% polyester fibres + cotton, =<170g/m2 fibres, plain weave",8,5193,5153
55132100,"Dyed Plain Weave Fabrics, <85% Polyester Fibres + Cotton, =<170g/M2",1,627,614
55151100,Mixed mainly or solely with viscose rayon staple fibres,34,21590,21166
55151900,"Woven fabrics of polyester staple fibres, nes",40,25037,24540
55161100,"Unbleached or bleached woven fabrics, >=85% artificial staple fibres",0,1253,1227
55161400,"Printed Woven Fabrics, >=85% Artificial Staple Fibres",27767,10452300,9657845
55162400,"Printed Woven Fabrics, <85% Artificial Fibres, With Man-Made Filaments",3147,1477355,1142251
55169100,"Woven fabrics, <85% artificial staple fibres, nes Unbleached or bleached",535,267855,85277
55169200,"Dyed Woven Fabrics, <85% Artificial Staple Fibres, Nes",37,23160,22700
56012100,Cotton Wadding And Articles Thereof,43666,18858100,17349059
56012200,Wadding Of Man-Made Fibres And Articles Thereof,21526,18307575,12237431
56012900,"Wadding and articles of wadding, nes",715,461352,187854
56013000,Textile Flock And Dust And Mill Neps,9566,5608566,5272831
56021000,Imported by personal hygiene products manufacturing industries,5000,1564578,1533750
56021000,Needleloom felt and stitch-bonded fibre fabrics,486,330499,170939
56022900,"Felt of textile materials (excl. impregnated, coated, etc) Of other textile materials",15553,4518824,3532059
56029000,"Felt, Nes (Exl. Needleloom, Wool, Text Material, Jute, Other Than Jute)",4790,16985124,14816235
56031110,Hydrophilic/hydrophobic white/light/green,17,11266,11043
56031110,Imported by hygiene products manufacturing industry,688630,203895552,137857398
56031190,"Nonwovens, Of Man-Made Filaments, Weighing <=25g/M2",7002,4032819,3146812
56031210,Imported by hygiene products manufacturing industry,18282,5417242,5210056
56031210,Textile back sheet/Non woven air through bonded (ADL),18094,5334295,3815530
56031290,"Nonwovens, Of Man-Made Filaments, Weighing >25g/M2 But <=70g/M2",6326,1901008,1571124
56031310,Elastic back ear,259,183228,169157
56031310,Elastic back ear imported by hygiene products manufacturing industry,30937,9022243,5676922
56031390,"Nonwovens, Of Man-Made Filaments, Weighing >70g/M2 But <=150g/M2",4192,2229852,2022755
56031400,"Nonwovens, Of Man-Made Filaments, Weighing >150g/M2",82040,25158802,24663068
56039100,"Nonwovens, Not Of Man-Made Filaments, Weighing <=25g/M2",5,2503,1227
56039210,Dry web imported by hygiene products manufacturing industry,9882,2863546,2437168
56039210,"Dry web, Weighing more than 25 g/m2 but not more than 70 g/m2",230,60086,22086
56039290,"Nonwovens, Not Of Man-Made Filaments, Weighing >25g/M2 But <=70g/M2",19049,5816809,2421817
56039300,"Nonwovens, Not Of Man-Made Filaments, Weighing >70g/M2 But <=150g/M2",1534,482105,472607
56039400,"Nonwovens, Not Of Man-Made Filaments, Weighing >150g/M2",369,3064732,2865091
56041000,"Rubber Thread And Cord, Textile Covered",304,111973,92653
56049000,"Textile Yarn And Strip, Etc, Impregnated Or Coated",13505,4412346,4325451
56050090,Other metalized yarn,8490,2125384,1229822
56060000,"Gimped yarn, & strip & the like .... (including flock chenille yarn); loop wale-yarn.",47,23529,5767
56072900,"Twine,Cordage,Rope & Cables,Of Sisal,Etc. Of The Genus Agave,Nes,Ex.Binder",1,1253,1227
56074100,Binder Or Baler Twine Of Polyethylene Or Polypropylene,24,594,594
56074910,"Twine,Cordage,Rope&Cables,Of Polyethylene/Polypropy. For Fishing Trawlers",873,766217,322578
56074990,"Twine, Cordage,Rope & Cables, Of Polyethylene Or Polypropylene, Other",7335,1596929,1039659
56075000,"Twine, Cordage, Rope And Cables, Of Synthetic Fibres, Nes",2526,725154,463970
56079000,"Twine, cordage, ropes and cables, whether or not plaited .. with rubber or pla",810,314558,225769
56081990,Knotted netting of man-made textile materials (excl. fishing nets),118,47745,24675
56089000,"Knotted netting of twine, cordage or rope of textile materials, nes",37903,9504694,5681842
56090010,"Twine,Cordage,Rope Or Cables For Fishing Trawler And Factory Ships, Nes",532,204539,179656
56090090,"Articles Of Yarn,Strip,Etc,Twine,Cordage, Rope Or Cables, Nes",528,123893,61539
57011000,"Carpets And Other Textile Floor Coverings, Of Wool..., Knotted",45,32165,31902
57019000,"Carpets & other textile floor coverings, ...textiles, knotted Of other textile material",48,10461,10255
57023900,"Pile floor coverin....textiles, woven, not made up Of other textile materials, nes",3600,1144020,1134954
57029900,"Non-pile floor coverings of textile materials, ....... up Of other textile materials, ne",172,53857,51644
57032100,Carpet and other textile floor coverings ... Of nylon or other polyamides : Turf,1437,240095,142946
57032900,Carpet and other textile floor Covering Of nylon or other polyamides : Excluding Turf,670,340858,322338
57033100,Carpet and other textile floor covering ...Of other man-made textile materials :Turf,3,3130,3068
57033900,Carpet other textile floor covering ...Of other man-made textile materials : Exl.Turf,4557,995513,592289
57039000,Carpet and other textile floor covering..of other textile materials of jute,229796,31786910,25748322
57041000,"Carpet Tiles =<0.3m2, Of Felt, Not Tufted Or Flocked",6645,1210408,538909
57050000,"Other carpets and other textile floor coverings, whether or not made up.",537876,76155450,62114704
58012200,Cut Corduroy Of Cotton,6,3886,3804
58012600,"Chenille Fabrics, Of Cotton",82878,44163610,25527180
58013600,"Chenille Fabrics Of Man-Made Fibres, Nes",566399,304389283,212812950
58019000,"Floor coverings of felt, not tufted or flocked Of other textile materials nes,",7841,4341184,2156698
58023000,Tufted textile fabrics,18,6734,6554
58041000,Tulles And Other Net Fabrics,22354,12338364,7271512
58042100,"Mechanically Made Of Lace Of Man-Made Fibres In Piece,In Strips/In Motifs",14227,5477210,3864422
58042900,"Mechanically Made Of Lace Of Oth.Textiles In Piece,In Strips Or In Motifs",36015,13565856,6657018
58043000,"Hand-Made Lace In Pieces, In Strips Or In Motifs",44659,16798570,11491477
58061000,Narrow Woven Pile Fabrics And Chenille Fabrics,2411,753771,578531
58062000,"Narrow Woven Fabrics, Width >=5% Elastomeric Yarn Or Rubber Thread",25138,8668843,5134538
58063100,OTHER WOVEN FABRICS OF COTTON,376,242568,237038
58063200,Of man-made fibres,17577,7003014,4961229
58063900,"Narrow Woven Fabrics Of Other Textiles, Nes",5995,2881148,1585353
58064000,Fabrics With Warp Without Weft Assembled By An Adhesive (Bolducs),311,156485,38037
58071000,"Labels, Badges... Of Textiles, Woven, In Piece..., Not Embroidered",1389,1398398,1128670
58079000,"Labels, Badges... Of Textiles, Unwoven, In Piece..., Not Embroidered",5984,1665760,1229528
58089000,"Ornamental Trimmings In The Piece; Tassels, Pompons, Etc, Nes(Excl.Braids)",72,29446,17468
58090000,"Woven Fabrics Of Metal Thread And Woven Fabrics Of Metallized Yarn, Nes",138,49421,46556
58101000,Embroidery Without Visible Ground,57,199474,183279
58109100,"Cotton Embroidery, In The Piece, In Strips Or In Motifs",1,1647,1620
58109200,"Embroidery Of Man-Made Fibres, In The Piece, In Strips Or In Motifs",2,10776,10555
58109900,"Embroidery Of Other Textiles, In The Piece, In Strips Or In Motifs",2043,2026259,535708
58110000,Quilted Tex.Produ.In The Piece(Excl.Embroi.Of 58.10)One Or More Layers Tax,5681,2476196,1482952
59011000,"Textile fab. Coat. with gum/amylaceous sub.,of a kind used for the outer covers of books or the like",24,25033,24540
59019000,"Tracing Cloth; Prepared Painting Canvas; Buckram, Etc",135,33911,23269
59021000,Tyre Cord Fabric Of High Tenacity Yarn Of Nylon Or Other Polyamides,278484,105284905,81084406
59022000,Tyre Cord Fabric Of High Tenacity Yarn Of Polyesters,341608,42608016,41891847
59029000,Tyre Cord Fabric Of High Tenacity Yarn Of Viscose Rayon,0,1253,1227
59031010,Fusing Interlining Mate.(Tex.Mat.For Stiffening Cuffs&Col.With Poly V.Chlo,327,114862,81479
59031090,Other Fabrics Impregnated...With Polyvinyl Chloride,23285,7674673,5044325
59031090,Textile Fabrics Laminated with Polyvinyl Chloride imported by Footwear Industry,45161,13151797,11095287
59032010,Fusing Interlining Mat.(Tex.Mat.For Stiffening Cuffs&Col. With Poly Ureth.,114,71539,70184
59032090,Textile Fabrics Laminated with Polyurethane imported by Footwear Manufacturing Industry,15367,5869702,5395642
59032090,Other Textile Fabrics Impregnated....With Polyurethane,44775,17656405,15522139
59039010,Side tape (lock loop),1362,383536,133763
59039090,"Textile fabrics impregnated... with plastics, nes",27444,113377455,110361031
59050000,Textile Wall Coverings,131,15242,14941
59061000,Adhesive Tape Of A Width =<20cm,20,23350,22887
59069100,Knitted Or Crocheted Rubberized Textile Fabrics (Excl. Adhesive Tape),4,1346,1341
59069910,REFLECTIVE TAPE,4259,1124140,462533
59069990,"RUBBERIZED TEXTILE FABRICS EXCLUDING REFLECTIVE TAPE, KNITTED OR CROCHETED & ADHESIVE TA",5808,5528979,4095966
59090000,"Textile... Tubing, With Or Without Lining, Etc, Of Other Materials",191642,48271344,34736069
59100000,"Transmission Or Conveyor Belts Or Belting, Of Textile Material",46740,18453036,15251015
59111010,Narrow Fab. Made Of Velvet Impregna. With Rubber For Cover Weaving Spindle,15,39944,39154
59111090,Other,26661,7955463,7535680
59112000,Bolting Cloth Whether Or Not Made Up,15592,13321410,11681040
59113100,"Textile Fabrics And Felts, For Paper-Making Machines, <650g/M2",646,6133745,6020383
59113200,"Textile Fabrics And Felts, For Paper-Making Machines, >=650g/M2",23436,90161609,85950778
59114000,"Straining Cloth Of A Kind Used In Oil Presses, Etc",2282,2616156,2135019
59119000,"Textile Articles For Technical Uses, Nes, As Specified In Chapter Note 7",21387,22039298,18918356
60011000,"Long Pile Fabrics, Knitted Or Crocheted",12649,7521832,7326772
60012100,"Looped Pile Fabrics Of Cotton, Knitted Or Crocheted",1,1043,1021
60012200,"Looped Pile Fabrics Of Man-Made Fibres, Knitted Or Crocheted",6,3756,3681
60012900,"Looped Pile Fabrics Of Textile Materials, Knitted Or Crocheted",35526,19367958,11702083
60019100,"Pile Fabrics Of Cotton, Nes, Knitted Or Crocheted",188,121271,118835
60019200,"Pile Fabrics Of Man-Made Fibres, Nes, Knitted Or Crocheted",52,34062,33374
60019900,"Pile Fabrics Of Textile Materials, Nes, Knitted Or Crocheted",34959,21613618,16449643
60029000,"KNITTED OR CROCHETED FABRICS OF A WIDTH <30CM,CONTAINING BY WEIGHT 5%..NES",3,3131,3068
60032000,KNITTED OR CROCHETED FABRICS OF A WIDTH <30CM.. OF COTTON,17,8940,7422
60033000,"KNITTED OR CROCHETED FABRICS OF A WIDTH <30CM,OF SYNTHETIC FIBRES",0,133,119
60039000,"KNITTED/CROCTD.FBRCS.OF A WIDTH <30CM,OTH THAN THOSE OF HD60.01/60.02,NES",1530,574512,375462
60041000,CONTING. BY WEIGHT 5%OR MORE OF ELASTOMERIC YARN BUT NOT CONT.RUBER THRED,3161,1203231,936413
60049000,"CONTNG.BY WEIGHT 5%OR MORE ELSTMRC.YARN BUT NOT CONTAINING RUBR.THREAD,NES",2,1252,1227
60053700,Of synthetic fibres other dyed,6203,2804697,2393877
60053800,Synthetic fibres Other of yarns of different colours,3,2002,1963
60059090,"WARP KNIT FABRICS OF ARTIFICIAL FIBRES, NES",71594,27366314,21521008
60061000,OTHER KNITTED OR CROCHETED FABRICS OF WOOL OR FINE ANIMAL HAIR,566,4080606,4022020
60062200,OTH.KNITTED OR CROCHETED FABRICS OF COTTON DYED,110,92523,90704
60062300,"OTH.KNITTED OR CROCHETED FABRICS OF COTTON, OF YARNS OF DIFFERENT COLOURS",10,6260,6135
60062400,OTH.KNITTED OR CROCHETED FABRICS OF COTTON PRINTED,1,1254,1227
60063100,"OTH.KNITTED OR CROCHETED FABRICS. OF SYNTHETIC FIBRES,UNBLEACHED OR BLEACH",310,154236,77220
60063200,"OTH.KNITTED OR CROCHETED FABRICS OF SYNTHETIC FIBRES,DYED",61774,24474074,21986232
60063300,OTH.KNITTED OR CROCHETED FABRICS OF SYNTH. FIBRES OF YARNS OF DIFF.COLOUR,2,1510,1472
60064100,"OTH.KNITTED OR CROCHETED FIBRICS OF ARTIFICIAL FIBRES,UNBLEACHED/BLEACHED",4,2504,2454
60069000,"OTH.KNITTED OR CROCHETED FABRICS OF ARTIFICIAL FIBRES,NES",1763,1048911,618445
61012000,"Men'S Or Boys' Over/Car Coats, Etc, Of Cotton, Knitted Or Crocheted",5,7893,7730
61013000,"Men'S Or Boys'Over/Car Coats, Etc, Of Man-Made Fibres,Knitted Or Crocheted",2,1880,1841
61019000,"Men'S Or Boys' Over/Car Coats, Etc, Of Other Textiles,Knitted Or Crocheted",114,43804,12270
61021000,"Woman'S Or Girls' Over/Car Coats,Etc, Of Wool..., Knitted Or Crocheted",3,1879,1841
61022000,"Woman'S Or Girls' Over/Car Coats, Etc, Of Cotton, Knitted Or Crocheted",1,1254,1227
61023000,"Woman'S Or Girls' Over/Car Coats,Etc,Of Man-Made Fibres,Knitted/Crocheted",1,1629,1595
61029000,"Woman'S Or Girls' Over/Car Coats,Etc,Of Other Textiles,Knitted/Crocheted",5,4007,3926
61031000,"Men's or boys' Suits, Excl. Sports out fit for sports shooting",18,78628,77073
61032200,"Men'S Or Boys' Ensembles Of Cotton, Knitted Or Crocheted",6,9128,8957
61033100,"Men'S Or Boys' Jackets And Blazers Of Wool..., Knitted Or Crocheted",1,1253,1227
61033200,"Men'S Or Boys'Jackets And Blazers Of Cotton, Knitted Or Crocheted",24,17650,8103
61033300,"Men'S Or Boys' Jackets... Of Synthetic Fibres, Knitted Or Crocheted",4,5009,4908
61033900,"Men'S Or Boys' Jackets... Of Other Textiles, Nes, Knitted Or Crocheted",67,66810,51624
61034100,"Men'S Or Boys' Trousers, Etc, Of Wool..., Knitted Or Crocheted",53,65479,64172
61034200,"Men'S Or Boys' Trousers, Etc, Of Cotton, Knitted Or Crocheted",138,117259,48006
61034300,"Men'S Or Boys' Trousers, Etc, Of Synthetic Fibres, Knitted Or Crocheted",730,486420,174762
61034900,"Men'S Or Boys' Trousers, Etc, Of Other Textiles, Knitted Or Crocheted",781,338340,204799
61042300,"Women'S Or Girls' Ensembles, Of Synthetic Fibres, Knitted Or Crocheted",90,60079,14724
61042900,"Women'S Or Girls' Ensembles, Of Other Textiles, Knitted Or Crocheted",2960,1269181,318407
61043200,"Women'S Or Girls' Jackets, Of Cotton, Knitted Or Crocheted",1,1253,1227
61043300,"Women'S Or Girls' Jackets, Of Synthetic Fibres, Knitted Or Crocheted",1,814,798
61044200,"Dresses Of Cotton, Knitted Or Crocheted",12933,2828672,1403197
61044300,"Dresses Of Synthetic Fibres, Knitted Or Crocheted",233,171019,48221
61044900,"Dresses Of Other Textile Material, Nes, Knitted Or Crocheted",59,116796,114539
61045200,"Skirts And Divided Skirts Of Cotton, Knitted Or Crocheted",1,627,614
61045900,"Skirts And Divided Skirts Of Other Textiles, Nes, Knitted Or Crocheted",22,34419,6749
61046100,"Women'S Or Girls' Trousers, Etc, Of Wool..., Knitted Or Crocheted",3,7285,7141
61046200,"Women'S Or Girls' Trousers, Etc, Of Cotton, Knitted Or Crocheted",28,31137,30515
61046300,"Women'S Or Girls' Trousers, Etc, Of Synthetic, Knitted Or Crocheted",4,8136,7976
61046900,"Women'S Or Girls' Trousers, Etc, Of Other Textile, Knitted Or Crocheted",249,138291,59510
61051000,"Men'S Or Boys' Shirts Of Cotton, Knitted Or Crocheted",344,292735,144821
61052000,"Men'S Or Boys' Shirts Of Man-Made Fibres, Knitted Or Crocheted",384,430027,86999
61059000,"Men'S Or Boys' Shirts Of Other Textiles, Nes, Knitted Or Crocheted",3862,4207394,3329710
61061000,"Women'S Or Girls' Blouses, Etc, Of Cotton, Knitted Or Crocheted",97,219491,215165
61062000,"Women'S Or Girls' Blouses, Etc, Of Man-Made Fibres, Knitted Or Crocheted",1,5135,4295
61069000,"Women'S Or Girls' Blouses Etc. Of Other Textiles Nes, Knitted Or Crocheted",13,26035,25522
61071100,"Men'S Or Boys' Underpants And Briefs Of Cotton, Knitted Or Crocheted",4450,1665738,760721
61071200,"Men'S Or Boys' Underpants, Etc, Of Man-Made Fibres, Knitted Or Crocheted",5062,3415871,1787248
61071900,"Men'S Or Boys' Underpants Etc. Of Other Textiles Nes, Knitted Or Crocheted",12675,8043813,3853181
61072100,"Men'S Or Boys' Night Shirt Pyjamas Of Cotton, Knitted Or Crocheted",20,62428,58506
61072200,"Men'S Or Boys' Night Shirt Pyjamas Of Man-Madefibres, Knitted Or Crocheted",6,5632,5522
61072900,"Men'S Or Boys'Night Shirt Pyjamas Of Other Textiles,Nes,Knitted Or Croched",307,241342,26994
61079100,"Men'S Or Boys' Dressing Gowns, Etc, Of Cotton, Knitted Or Crocheted",4320,2925248,1421848
61079900,"Men'S Or Boys' Dressing Gowns, Of Other Textiles,Nes, Knitted Or Crocheted",1,3255,3190
61081900,"Women'S Or Girls' Slips, Etc, Of Other Textiles,Nes, Knitted Or Crocheted",511,413430,19019
61082100,"Women'S Or Girls' Briefs And Panties Of Cotton, Knitted Or Crocheted",121,112147,45996
61082200,"Women'S Or Girls' Briefs, Etc, Of Man-Made Fibres, Knitted Or Crocheted",0,1253,1227
61082900,"Women'S Or Girls' Briefs, Etc, Of Other Textiles,Nes, Knitted Or Crocheted",782,532709,382456
61083100,"Women'S Or Girls' Night Dresses, Pyjama Etc, Of Cotton, Knitted Or Croched",12,11816,8515
61083200,"Women'S Or Girls' Pyjamas,Night Dresses Of Man-Made Fibres,Knitted/Croched",3,5637,5522
61083900,"Women'S Or Girls' Night Dresses & Pyjamas Of Other Tex.,Knitted Or Croched",111,61330,14724
61089100,"Women'S Or Girls'Negliges Dressing Gowns..,Of Cotton, Knitted Or Crocheted",0,627,614
61089200,"Women'S Or Girls'Negliges Dressing Gowns Of Man-Made Fibre,Knitted/Croch.",2,3131,3068
61089900,"Women'S/Girls' Negliges Dressing Gowns.. Of Other Tex.,Nes,Knitted/Croche.",532,398510,231044
61091000,"T-Shirts, Singlets And Other Vests, Of Cotton, Knitted Or Crocheted",3633,4956305,3775565
61099000,"T-Shirts, Singlets, Etc, Of Other Textiles, Nes, Knitted Or Crocheted",178284,133985315,102170250
61101100,OF WOOL OR FINE ANIMAL HAIR. OF WOOL,11,20605,20189
61101900,"OF WOOL OR FINE ANIMAL HAIR,NES",13,107645,105522
61102000,"JERSEYS, PULLOVERS, CARDIGANS, WAISTCOATS & SIMILAR ART., KNITTED OR CROCHETED OF COT",822,908412,642470
61103000,"JERSEYS,PULLOVERS,CARDIGANS,WAISTCOATS.., KNITTED OR CROCHETED OF MAN-MADE FIBRE",124,165626,140483
61109000,"JERSEYS, PULLOVERS, CARDIGANS, WAISTCOATS.. ,KNITTED OR CROCHETED OF OTH. TEXT. MATER",2301,1598576,673786
61112000,"Babies' Garments, Etc, Of Cotton, Knitted Or Crocheted",125,98301,62807
61119000,"Babies' Garments, Etc,Of Other Textiles Materials,Nes Knitted Or Crocheted",4063,1294971,905111
61121100,"Track-Suits Of Cotton, Knitted Or Crocheted",592,145871,67779
61121200,"Track-Suits Of Synthetic Fibres, Knitted Or Crocheted",18,12844,12649
61121900,"Track-Suits Of Other Textiles,Nes, Knitted Or Crocheted",12,11238,11071
61122000,SKI SUITS,32,5632,1841
61123100,"Men'S Or Boys' Swimwear Of Synthetic Fibres, Knitted Or Crocheted",2,2580,2526
61123900,"MEN'S OR BOY'S SWIMWEAR, OF OTHER TEXTILE MATERIALS",414,139501,75043
61124100,"Women'S Or Girls' Swimwear Of Synthetic Fibres, Knitted Or Crocheted",65,73575,72492
61124900,Women's or girls swimwear of other textile material,14,11681,11420
61143000,"Garments Of Man-Made Fibres, Knitted Or Crocheted, Nes",643,243193,121700
61149000,"Garments Of Other Textiles, Knitted Or Crocheted, Nes",83,34018,19804
61151000,"Graduated compression hosiery (for example, stockings for varicose veins)",9,7330,7183
61152900,Other panty hose and tights Of other textile materials,24,18022,1963
61159500,"Panty hose,tights,stockings,sock..., inclu.grad.Comp.hos.Of Cotton, NES",591,249463,75405
61159600,"Panty hose,tights,stockings,sock..., inclu.grad.Comp.hos.Of synthetic fibres",151,67407,49936
61159900,"Hosiery And Footwear Without Soles Of Other Tex., Knitted Or Crochete, Nes",12453,4128648,2327919
61161000,"IMPREGNATED, COATED OR COVERED WITH PLASTICS OR RUBBER",3389,1529334,912436
61169100,"Gloves, Mittens And Mitts, Of Wool..., Knitted Or Crocheted",5310,1981941,1303074
61169200,"Gloves, Mittens And Mitts, Of Cotton, Knitted Or Crocheted",220,90661,76386
61169300,"Gloves, Mittens And Mitts, Of Synthetic Fibres, Knitted Or Crocheted",86,32265,13620
61169900,"Gloves, Mittens And Mitts, Of Other Textiles, Knitted Or Crocheted",5899,1864199,669289
61171000,"SHAWLS, SCARVES, MUFFLERS, MANTILLAS, VEILS AND THE LIKE",795,332925,154607
61178090,"Other clothing accessories, knitted or crocheted, nes",571,214109,116412
61179000,"Parts Of Garments Or Clothing Accessories, Knitted Or Crocheted",349,392010,383820
62012000,"Overcoat, raing coat, car-coat capes, cloaks and similar..Of wool or fine animal hair",4,7480,7329
62013000,"overcoat, rain-coat, of cotton",19,27643,27384
62014000,Other Of man-made fibres,5,2756,2699
62019000,"Mens or boys overcoat, car-coats, cloaks excludin Of other textile materials",67092,14048704,6184146
62023000,"Womens or girls overcoat , car-coad capes, cloaks, anoraks ...Of cotton",1,3260,3196
62024000,"Womens or girls overcoat , car-coad capes, cloaks, anoraks ...Of man-made fibres",7,10723,10552
62029000,"Woent or gilrs overcoat, raincot car-coat capes, ......Of other textile materials",5,5193,4009
62031100,Men'S Or Boys' Suits Of Wool Or Fine Animal Hair,5,4631,2086
62031900,"Men's or boys' suits of other textiles, nes",14602,16935374,16932600
62032200,Men'S Or Boys' Ensembles Of Cotton,329,379455,159952
62032900,"Men'S Or Boys' Ensembles Of Other Textiles, Nes",61,20265,14724
62033100,Men'S Or Boys' Jackets And Blazers Of Wool Or Fine Animal Hair,38,43345,42577
62033200,Men'S Or Boys' Jackets And Blazers Of Cotton,441,642630,530287
62033300,Men'S Or Boys' Jackets And Blazers Of Synthetic Fibres,62,98819,94748
62033900,"Men'S Or Boy'S Jackets And Blazers Of Other Textiles,(Exl.Wool,Syn.Fab,Cot",320,124701,57892
62034100,"Men'S/Boy'S Bib&Brace Trousers,Breeches,Shorts Of Wool Or Fine Animalhar",15,16902,16565
62034200,"Men'S Or Boys' Bib & Brace Trousers, Breeches, Shorts, Of Cotton",3010,3731771,3280369
62034300,"Men'S Or Boys' Bib & Brace Trousers, Breeches & Shorts Of Synthetic Fibres",16961,7618056,3494426
62034900,"Men'S Or Boys' Bib&Brace Trousers,Breeches & Shorts Of Other Textiles,Nes",72185,35154156,20051255
62041100,Women'S Or Girls' Suits Of Wool Or Fine Animal Hair,103,79866,75531
62041200,Women'S Or Girls' Suits Of Cotton,8125,8791450,4734870
62042200,Women'S Or Girls' Ensembles Of Cotton,6206,5757373,4539900
62042300,Women's or girls' ensembles of synthetic fibres,171959,143793398,66577572
62042900,"Women'S Or Girls' Ensembles Of Other Textiles, (Exl.Wool,Cotton,Syn.Fibre)",4222,3628551,1192031
62043200,Women'S Or Girls' Jackets And Blazers Of Cotton,153,170074,166744
62043300,Women'S Or Girls' Jackets And Blazers Of Synthetic Fibres,1537,675271,334503
62043900,"Women'S Or Girls' Jackets&Blazers Of Oth.Tex.,(Exl.Wool,Cotton,Syn.Fibre)",1,2278,2232
62044200,Dresses Of Cotton,43,80737,79438
62044300,Dresses Of Synthetic Fibres,27030,22607910,13287915
62044400,Dresses Of Artificial Fibres,3,4382,4295
62044900,"Dresses Of Other Textiles, (Exl.Wool,Cotton,Syn./Arti.Fibre)",36312,26043109,10385743
62045100,Skirts And Divided Skirts Of Wool Or Fine Animal Hair,0,626,614
62045200,Skirts And Divided Skirts Of Cotton,8,14912,14607
62045300,Skirts And Divided Skirts Of Synthetic Fibres,1,1503,1472
62045900,"Skirts And Divided Skirts Of Other Textiles, (Exl.Wool,Cotton,Syn.Fibre)",2,4075,4049
62046100,"Women'S Or Girls' Trousers, Breeches, Etc, Of Wool Or Fine Animal Hair",37,39930,39141
62046200,"Women'S Or Girls' Trousers, Breeches, Etc, Of Cotton",1290,1167283,1038475
62046300,"Women'S Or Girls' Trousers, Breeches, Etc, Of Synthetic Fibres",9,11001,10798
62046900,"Women'S/Girl'S Trousers,Breeches,Etc,Of Oth.Tex.,(Exl.Wool,Cotton,Syn.Fib.",1532,474015,263069
62052000,Men'S Or Boys' Shirts Of Cotton,1365,1150196,636144
62053000,Men'S Or Boys' Shirts Of Man-Made Fibres,1,6591,6503
62059000,"Men'S Or Boy'S Shirts Of Other Textiles,(Exl.Wool,Cotton,Man Made Fibre)",394,314066,199219
62061000,"Women'S Or Girl'S Blouses, Shirts/Blouses Of Silk Or Silk Waste",78,37798,14724
62062000,"Women'S Or Girl'S Blouses, Shirts/Blouses Of Wool Or Fine Animal Hair",21,29055,28724
62063000,"Women'S Or Girls' Blouses, Shirts/Blouses Of Cotton",1531,2747836,1072450
62064000,"Women'S Or Girl'S Blouses, Shirts/Blouses Of Man-Made Fibres",5,16881,14724
62069000,"Women/Girl'S Blouses,Shirts/Blouses Of Oth.Tex.(Exl.Silk,Wool,Of Man M.Fib",720,350441,158493
62071100,Men'S Or Boys' Underpants And Briefs Of Cotton,862,1086635,149694
62071900,"Men'S Or Boys' Underpants And Briefs Of Textile Materials, (Exl. Cotton)",2122,1020790,556620
62072100,Men'S Or Boys' Nightshirts And Pyjamas Of Cotton,306,89503,48835
62072900,"Men'S Or Boy'S Nightshirts & Pyjamas Of Tex.Mate.(Exl.Cotton,Man Made Fib.",303,90174,67608
62079100,"Men'S Or Boys' Singlets,Vests Dressing Gowns, Etc, Of Cotton",3440,4983312,2832198
62079900,"Mens/Boy'S Singlets,Vests Dressing Gowns,Etc,Of Oth.Tex.(Exl.Cot.Man M.Fib",116,119744,96413
62081900,"Slips And Petticoats Of Other Textiles, (Exl. Man Made Fibre)",66,11264,5522
62082100,Women'S Or Girls' Nightdresses And Pyjamas Of Cotton,231,100133,49080
62082200,Women'S Or Girls' Nightdresses And Pyjamas Of Man-Made Fibres,158,63396,9325
62082900,"Womens/Girl'S Nightdresses & Pyjamas Of Tex.Mat.(Exl.Cotton, Man Made Fib.",0,627,614
62089100,"Women'S Or Girls' Dressing Gowns, Panties, Etc, Of Cotton",1807,581245,283928
62089200,"Women'S Or Girls' Dressing Gowns, Panties, Etc, Of Man-Made Fibres",2,1252,1227
62089900,"Womens/Girl'S Dressing Gowns,Panties,Etc,Of Oth.Tex.(Exl.Cotton Man M.Fib.",5689,3011822,1495222
62092000,Babies' Garments And Clothing Accessories Of Cotton,2798,1670071,1251922
62093000,Babies' Garments And Clothing Accessories Of Synthetic Fibres,7414,3488236,897919
62099000,"Babies Garments&Clothing Accessories Of Oth.Tex.(Exl.Wool,Cotton,Syn.Fib)",54527,22471066,11961373
62101000,"GARMENTS, MADE UP..OF HEAD.5602,5603,5903, 5906 OR 5907 OF FABRICS OF HEAD.5602 OR 5603",7341,70073282,68688247
62102000,"Garments Of 6201.11 To 19, Made Up Of Fabrics Of 59.03, 59.06 Or59.07",6,7376,7362
62104000,"Men'S Or Boys' Garments Made Up Of Fabrics Of 59.03, 59.06 Or 59.07",9894,19627779,19225421
62105000,"Women'S Or Girls' Garments Made Up Of Fabrics Of 59.03, 59.06 Or 59.07",3,4009,3926
62111100,Men'S Or Boys' Swimwear,378,276031,265758
62111200,Women'S Or Girls' Swimwear,18,12357,12214
62112000,Ski Suits,120,60165,53439
62113200,"Men's or boys' garments of cotton, nes",476,300488,278579
62113300,"Men's or boys' garments of man-made fibres, nes",4,10650,10436
62113900,"Men's or boys' garments of other textiles, nes",454,179691,147314
62114200,"Women's or girls' garments of cotton, nes",435,139003,136360
62114300,"Women's or girls' garments of man-made fibres, nes",4,13003,9499
62114900,"Women's or girls' garments of other textiles, nes",996,626415,546593
62121000,Brassisres,5050,2753614,1677294
62122000,Girdles And Panty-Girdles,1055,862713,315675
62129000,"Corsets, Braces, Garters, Suspenders And Similar Articles",2658,1928445,620064
62141000,"Shawls,Scarves,Mufflers,Mantillas,Veils,& The Like Of Silk Or Silk Waste",1247,513239,389573
62142000,"Shawls,Scarves,Mufflers,Mantillas,Veils & The Like Of Wool/Finearri Hair",177,83483,52761
62144000,"Shawls,Scarves,Mufflers,Mantillas,Veils & The Like Of Artificial Fibre",38,20026,16565
62149000,"Shawls,Scrvs.,Mflrs.,Mntls.,Veils,Etc,Of Oth.Textls.(Exl.Silk/Wool,Syn/Art",63970,23422756,10786494
62151000,"Ties, Bow Ties And Cravats Of Silk Or Silk Waste",8,6074,6012
62152000,"Ties, Bow Ties And Cravats Of Man-Made Fibres",2,1254,1227
62159000,"Ties, Bow Ties And Cravats Of Other Textiles,Nes(Excl.Silk Man Made Fibre)",1111,198799,160173
62160000,"Gloves, Mittens And Mitts",610,235384,150290
62171000,"Clothing Accessories, Nes",10525,9555669,8798441
62179000,"Parts Of Garments Or Clothing Accessories, Nes",2274,2666755,2514354
63011000,Electric Blankets,234,39327,27334
63012000,"Blankets (Excl. Electric Blankets) And Travelling Rugs, Of Wool...",3461,2530762,1648475
63013000,"Blankets (Excl. Electric Blankets) And Travelling Rugs, Of Cotton",1511,1183367,1159883
63014000,"Blankets (Excl. Electric Blankets), Etc, Of Synthetic Fibres",163,204427,197532
63019000,"Blankets And Travelling Rugs, Nes",2738,2203555,1544841
63021000,"Bed Linen, Knitted Or Crocheted",2141,1412468,1136995
63022100,Printed Bed-Linen Of Cotton (Excl. Knitted Or Crocheted),1070,486077,430346
63022900,Printed Bed-Linen Of Other Textiles (Excl. Knitted Or Crocheted),11668,5754894,3549851
63023100,"Bed Linen Of Cotton (Excl. Printed, Knitted Or Crocheted)",144,90107,83521
63023200,"Bed Linen Of Man-Made Fibres (Excl. Printed, Knitted Or Crocheted)",22,13518,13252
63023900,"Bad Linen Of Other Textiles (Excl. Printed, Knitted Or Crocheted)",1152,576776,489524
63024000,"Table Linen, Knitted Or Crocheted",3698,1645583,887885
63025300,Table Linen Of Man-Made Fibres (Excl. Knitted Or Crocheted),7223,2718978,2137381
63025900,"Table Linen Of Other Textiles, Nes (Excl. Knitted Or Crocheted)",1689,422812,100675
63026000,"Toilet Linen And Kitchen Linen, Of Terry Fabrics, Of Cotton",52069,13418072,11442420
63029100,"Linen Of Cotton, Nes",9094,2296697,1936479
63029300,"Linen Of Man-Made Fibres, Nes",620,310608,104153
63029900,"Linen Of Other Textiles, Nes",3427,1374379,763064
63031200,"Curtains, Etc; Bed Valances Of Synthetic Fibres, Knitted Or Crocheted",364,285707,280689
63031900,"Curtains, Etc; Bed Valances Of Textile Materials, Knitted Or Crocheted",87,87117,10675
63039100,Curtains&Interior Blinds;Curtain/Bed Vlncs.Of Cotton(Exl.Knitted/Crocheted,125,50502,44172
63039200,Curtains&Intror.Blinds;Curtain/Bed Vlncs.Of Synthtc.Fbrs.(Exl.Knitted/Cro.,368,320964,298285
63039900,Curtains&Intror.Blinds;Curtain/Bed Valances Of Oth.Txtls.(Exl.Knitted/Croc,697,377391,184531
63041100,Knitted Or Crocheted Bedspreads,558,293015,124909
63041900,Bedspreads (Excl. Knitted Or Crocheted),4936,1876209,1031934
63042000,Bed nets specified in Subheading Note 1 to this Chapter,240,109945,55706
63049100,"Knitted Or Crocheted Furnishing Articles, Nes",58,25407,5337
63049200,"Furnishing Articles, Nes, Of Cotton (Excl. Knitted Or Crocheted)",76,36434,23758
63049300,Furnishing Articles Of Synthetic Fibres (Excl. Knitted Or Crocheted),947,385195,88789
63049900,Furnishing Articles Of Other Textiles (Excl. Knitted Or Crocheted),3693,1623050,843863
63051000,"Sacks And Bags, Used For Packing Goods, Of Jute, Etc",454,228150,152762
63052000,"Sacks And Bags, Used For Packing Goods, Of Cotton",4,6346,6258
63053200,"Flexible Intermediate Bulk Containers, Of Man-Made Textile Materials",11,6886,6749
63053900,"Sacks And Bags, Used For Packing Goods, Of Man-Made Textile Fibres, Nes",1736,653295,400738
63059000,"Sacks And Bags, Used For Packing Goods, Of Other Textiles, Nes",2464,1076780,407672
63061200,"Tarpaulins, Awnings And Sunblinds, Of Synthetic Fibres",317551,139108208,63730994
63062200,Tents Of Synthetic Fibres,5047,1594916,974974
63062900,"Tents Of Textiles, (Excl. Cotton Or Synthetic Fibres)",201,69985,39166
63063000,Tents: Sails,15,6765,828
63069000,Other camping goods,5189,2137991,1934795
63071000,"Floor-Cloths, Dish-Cloths, Dusters And Similar Cleaning Cloths",8244,3654463,1728946
63072000,Life-Jackets And Life-Belts,4321,1292669,775533
63079000,"Made Up Articles (Incl. Dress Patterns), Nes",299928,92624113,78162505
63090000,Worn clothing and other worn articles,1258800,56994660,9942185
63109000,"USED OR NEW RAGS, SCRAP TWINE, CORDAGE, ROPE AND CABLES AND WORN OUT ART..,EXCL. SORTED",2867,266873,266873
64011000,Waterproof Footwear Incorporating A Protective Metal Toe-Cap...,1519,372464,269223
64019200,Waterproof Footwear Covering The Ankle But Not The Knee,2844,471812,453646
64019900,Waterproof Footwear Nes.,49816,6811078,5151421
64021900,"Sport Footwear, Nes, Of Rubber Or Plastics",75,23162,15700
64022000,"Footwear With Upper Straps/Thongs Plugged Into Soles,Of Rubber Or Plastics",939,706370,692459
64029900,"Footwear, Nes, Exl. Covering The Ankle, Of Rubber Or Plastics",186083,58446393,43095692
64031200,"Ski-Boots,Snowbrd Boots,With Rubber,Plastics,Leather Soles,& Leather Upper",232,82602,5399
64031900,"Sports Footwear, With Rubber, Plastics, Leather...Soles, Leather Uppers",1260,909322,599334
64032000,"Footwear With Leather Soles And Straps (Over Instep, Around Big Toe)",15,4167,4086
64034000,"Footwear, With A Metal Toe-Cap, Leather Uppers",16689,5107494,2972009
64035900,"Footwear With Leather Soles And Uppers, Not Covering The Ankle",1286,3272315,3031490
64039900,"Footwear With Rubber... Soles, Leather Uppers, Not Covering The Ankle",20070,6971261,3858002
64041100,"Sports Shoes, Etc, With Rubber Or Plastic Soles And Textile Uppers",2230,1407831,271777
64041900,"Sports Footwear, With Rubber Or Plastic Soles And Textile Uppers",1134,1194254,1089555
64042000,Footwear With Leather Or Composition Leather Soles And Textile Uppers,22,23035,11779
64051000,"Footwear, Nes, With Leather Or Composition Leather Uppers",69740,24228026,11268574
64052000,"Footwear, Nes, With Textile Uppers",3321,1638024,593125
64059000,"Footwear, Nes",90602,35490297,23282843
64061000,"Parts of footwear, uppers and parts thereof, imported by footwear manufacturing industry",126851,47396587,41746432
64061000,"Uppers and parts thereof, other than stiffeners",63207,16179458,10976974
64062000,"Outer soles and heels, of rubber or plastics",36484,9415459,6496226
64062000,Parts of footwear imported by footwear manufacturing industry,296819,79384079,64348193
64069000,Other Parts of footwear,93304,25288127,19830587
65020000,"Hat-Shapes, Plaited Or Made By Assembling Strips Of Any Material",5,2344,920
65040000,"Hats And Other Headgear, Plaited Or Assembled By Strips Of Any Material",40,15020,9816
65050000,"Hats and other headgear, knitted or crocheted, . trimmed; hair-nets of any material, wh",16213,3825169,2540422
65061000,Safety Headgear,83442,56436755,52323493
65069100,"Hats And Other Headgear, Of Rubber Or Plastics",670,281673,243492
65069900,"Hats And Other Headgear, Nes",1527,437472,204662
65070000,"Head-Bands, Linings, Covers, Hat Foundations, Etc, For Headgear",671,371497,198108
66011000,Garden Or Similar Umbrellas,1423,165260,157485
66019100,"Umbrellas And Sun Umbrellas, Having A Telescopic Shaft",7851,2375515,537132
66019900,"Umbrellas And Sun Umbrellas, Nes",14649,4930509,3238503
66020000,"Walking-Sticks, Seat-Sticks, Whips, Riding-Crops And The Like",5785,3462999,2159941
66032000,"Umbrella Frames, Including Frames Mounted On Shafts (Sticks)",1112185,118423464,108606818
66039000,"Parts, Trimmings And Accessories Of Articles Of 66.01 Or 66.02",27580,3969726,3662707
67010000,"Skins Of Birds With Feathers Or Down, Feathers, Etc",272,51049,31266
67021000,"Artificial Flowers, Foliage And Fruit And Articles Thereof Of Plastics",52152,19652561,14242018
67029000,"Artificial Flowers, Foliage, Etc And Articles Thereof Of Other Materials",54617,20272299,10681911
67030000,"Human Hair, Dressed, Etc; Animal Hair And Synthetic Materials For Wigs",1644,2469273,307150
67041100,Complete Wigs Of Synthetic Textile Materials,6,12019,9325
67041900,"False Beards, Eyebrows And Eyelashes, Etc, Of Synthetic Fibres",240,120356,73077
67042000,"Wigs, False Beards, Eyebrows, Etc And Articles, Nes, Of Human Hair",9,10641,10430
67049000,"Wigs,False Beards,Eyebrows,Etc Of Animal Hair Or Text,Material",2895,897824,344272
68010000,"Setts, Curbstones And Flagstones, Of Natural Stone (Except Slate)",15,7509,1841
68021010,"Tiles, Cubes...; artificially coloured granules, chippings and powder",30,11264,3681
68021090,"Tiles, Cubes...; Artificially Coloured Granules..., For Mosaics",6,2253,736
68022100,"Marble, Travertine, Alabaster, Cut/Sawn, With Flat/Even Surface",32272,2307416,2049388
68022910,Silex/lining/abrasive/polishing disc imported by ceramic products industries,87,722834,708593
68022990,Silex/lining/abrasive/polishing disc imported by other than VAT regi.ceramic prod,607,655270,632862
68029100,"Marble, Travertine And Alabaster, Worked",38507,2650637,1658214
68029300,Worked Granite,129402,8909005,5431367
68029900,"Monumental/Building Stone, Nes, Worked",882954,5016198,4643357
68030000,Worked Slate And Articles Of Slate Or Of Agglomerated Slate,7910,542627,413833
68041000,"Millstones And Grindstones For Milling, Grinding Or Pulping",51425,29243207,22436287
68042100,"Millstones, etc, of agglomerated synthetic or natural diamond",15909,9266637,8294921
68042200,"Millstones, etc, of other agglomerated abrasives or of ceramics",672763,228769719,178994439
68042300,"Millstones, etc, of natural stone",13091,4227348,2807695
68043000,Hand Sharpening Or Polishing Stones,71869,12770259,8166595
68051000,"NATURAL OR ARTIFICIAL ABRASIVE POWDER OR GRAIN..,ON A BASE OF WOVEN TEXTILE FABRIC ON",79824,53061713,29272106
68052000,"Natural Or Artificial Abrasive Powder/Grain, On Paper/Paperboard",143317,88777324,51845477
68053000,"Natural Or Artificial Abrasive Powder/Grain, On A Base Of Materials, Nes",50229,38994732,31945482
68061000,"Slag Wool, Rock Wool, Etc (Incl. Intermixtures) In Bulk, Sheets Or Rolls",255480,27016671,24603186
68069000,"OTH. WOOL,EXCL.SLAG WOOL,ROCK WOOLAND SIMILAR, EXFOLIATED VERMICULITE, EXPANDED CLAYS..",84144,15956985,11915547
68071000,"Articles Of Asphalt Or Of Similar Material, In Rolls",131253,15166992,13170155
68080000,"Panels, Boards..., Of Wood Waste, Etc, Agglomerated With Cement, Etc",213948,18731518,10691396
68091100,"Boards..., Of Plaster..., Reinforced With Paper Or Paperboard Only",12100,1599255,967367
68099000,"Articles Of Plaster Or Compositions Based On Plaster, Nes",37,6946,4540
68101910,Railway Sleepers,1893418,47498024,38013308
68101990,"Other Tiles,Flagstones,Bricks And Similar Articles (Excl.Railway Sleepers)",11220,2275042,2082563
68109900,"Articles Of Cement, Concrete Or Artificial Stone, Nes",57980,4594035,2795792
68114000,"Articles of asbestos-cement, of cellulose fibre-cement or the like. Containing",547,330548,316807
68118200,"Arti.of asbestos-cement, of cellu...Not cont.asbestos.Ottr sheets, panels, tile",166486,8538593,4928319
68118900,"Arti of asb..Not containing asbestos, NES Other articles",0,9112,8828
68129100,"Clothing, clothing accessories, footwear and headgear, Excl. Of crocodile",41,189504,186897
68129900,Fabricated asbestos fibres;mixtures with a basis of asbestos or with a basis of,49263,3217022,2942180
68132090,Friction material ans articles Exlcuding unfinished,41515,13182752,9617338
68138100,Friction material and articles thereof ..not Containing asbestos Brake linings,133925,29585344,21425099
68138900,Friction material and articles thereof ..not Containing asbestos Excl. Brake l,11,5675,1515
68141000,"Plates, Sheets And Strips Of Agglomerated Or Reconstituted Mica",4991,2000798,1705814
68149000,"Worked Mica And Articles Of Mica, Nes",1338,1959334,1887812
68151100,Articles of stone or of other mineral substance ...Carbon fibres,1001,1198406,856740
68151900,Articles of stone or of other mineral substance .. NES,0,125016,122552
68159900,"Articles Of Stone Or Other Mineral Substances, Nes",5160,3810791,3362305
69010090,"Bricks, Blocks, Tiles... Of Siliceous Fossil Meals Or Earths",1785,326292,122700
69021000,"Refractory Bricks, Blocks, Tiles..., >50% Mgo, Cao, Cr2o3",960471,174417910,106249788
69022000,"Refractory Bricks, Blocks..., >50% Silica (Sio3) Or Alumina (Al2o3)",416737,79900210,53193775
69029000,"Refractory Bricks, Blocks, Tiles, Etc, Nes",48824,7875321,5613437
69031090,"Other Refactory Ceramic Goods,Nes,>50% Of Graphite (Excl.Lab.Articles)....",14062,1356285,1241939
69032020,Ceramic roller and alumina ball,945291,143142156,92829772
69032030,Alumina liner...Containing by weight more than 50% of alumina (Al2O3) or of a mixture of compound,27715,4133901,2638050
69032090,"Refactory Ceramic Goods,Nes,>50% Of Alumina(Al203) Or Silica(Ex.Lab.Articl",175860,64392777,57150300
69039020,Kiln furniture,5640,3388235,3230691
69039090,"Refactory Ceramic Goods, Nes",6741,3438657,3258658
69049000,"Ceramic Flooring Blocks, Support Or Filler Tiles And The Like",89,292384,288345
69051000,Ceramic Roofing Tiles,160835,3007764,2819004
69059000,"Ceramic Chimney-Pots... And Ceramic Constructional Goods,Nes",198,74349,35338
69072100,Of a water absorption coefficient by weight not exceeding 0.5 %,27342,1434359,1298299
69072200,Of a water absorption coefficient by weight not exceeding 0.5 %,3732,110696,103435
69072300,Of a water absorption coefficient by weight exceeding 10 %,9850,360554,310725
69073000,"Mosaic cubes and the like, other than those of subheading 6907.40",12834,611257,577577
69074000,Finishing ceramics,5349320,220558511,182785150
69091200,"Ceramic Wares For Laboratory...Use, Having A Hardness >=9 On The Mohsscale",3,1881164,1844181
69091910,Ceramic Wares For Lab.Use(Excl.Porcelain Or China)Having A Hardness <9mohs,30355,7610121,5287668
69099000,"Ceramic (Agricultural) Troughs, Tubs...; Ceramic Pot, Jars..., Nes",1552,520195,501712
69101000,"Ceramic Sinks... And Other Sanitary Fixtures, Of Porcelain Or China",448036,40749367,31815338
69109000,"Ceramic Sinks, Wash Basins, Baths... And Other Sanitary Fixtures, Nes",450630,42660464,34758706
69111000,"Tableware And Kitchenware, Of Porcelain Or China",10240,10390092,10041832
69119000,"Household And Toilet Articles, Nes, Of Porcelain Or China",902,314759,105321
69120000,Ceramic Tableware... Other Household Articles (Excl. Porcelain Or China),10919,4093675,3152587
69131000,Statuettes And Other Ornamental Articles Of Porcelain Or China,12441,2514709,1874461
69139000,Statuettes And Other Ornamental Articles (Excl. Porcelain Or China),3472,1228608,968085
69141000,"Ceramic Articles, Nes, Of Porcelain Or China",210,52569,29448
69149000,"Ceramic Articles, Nes (Excl. Porcelain Or China)",1383,1083865,982970
70010000,Cullet And Other Waste And Scrap Of Glass; Glass In The Mass,1371146,33023946,26691034
70021000,"Balls Of Glass, Unworked",98,12266,12025
70022000,"Rods Of Glass, Unworked",5,187662,184050
70023110,Neutral Glass Tubes For The Manufacture Of Ampoules And Vials,21798,2751323,1696002
70023910,Neutral Glass Tubes For The Manufacture Of Ampoules And Vials,160209,39326621,32547195
70023990,"Tubes Of Glass, Unworked, Nes",33,86635,84916
70031200,"Nonwired Unworked Sheets Cast/Rolled Glass,Coloured,Opacified,Flashed Or..",67819,2092073,2033516
70031900,"Non-Wired Unworked Sheets Of Cast/Rolled Glass, Nes",739637,20576658,19474622
70049000,"Unworked Drawn/Blown Glass (Excl. Coloured, Opacified, Etc)",78000,3057200,2537863
70051000,"Nonwired Unworked Sheets Of Float/Ground/Polished Glass,Wth Absorbnt Layer",202610,9782455,8648478
70052910,Ultra clear glass imported by VAT registered refrigerator or freezer manf. ind.,419437,16800190,11511334
70052990,Excl. Ultra clear glass imported by VAT registered refrigerator or freezer manf. ind.,125098,4924523,4210421
70060000,"Glass Of 70.03, 70.04 Or 70.05, Bent, Edge-Worked, Engraved, Etc",147714,18371307,13536875
70071100,"Toughened (tempered) safety glass for use in v..., aircraft, spacecraft or vessels:",116262,26820501,18990727
70071910,UL Marked Glass,14400,2162835,1182828
70071910,UL marked glass Imported by fire door manufacturing industry,270,314167,307977
70071990,"Toughened (Tempered) Safety Glass, Nes",1695894,348156058,237262900
70072100,"Laminated safety glass for vehicles, aircraft, etc ...., aircraft, spacecraft or vessels",263165,64709415,52969865
70072900,"Laminated Safety Glass, Nes",36987,6659675,5353234
70080000,Multiple-Walled Insulating Units Of Glass,186949,33277048,24434592
70091000,"Rear-View Mirrors For Vehicles, Of Glass",81656,38276040,32619680
70099190,Unframed Glass Mirrors (Excl.Spherical & Cylinderical Only For Lab Use),161119,12287225,8782266
70099210,"Framed Glass Mirrors,Spherical & Cylindrical Only For Laboratory Use",1,815,798
70099290,Framed Glass Mirrors (Excl. Spherical & Cylindrical Only For Lab.Use),37476,5893174,4157968
70101000,Glass Ampoules,15995,14093500,13791153
70102000,"Stoppers, Lids And Other Closures Of Glass",158485,30200023,26262693
70109000,"Carboys, bottles, flasks, jars, pots...nes, excl.jar of glass, glass bottles, jar",1018590,170705044,148405939
70112000,"Open Glass Envelopes (Incl. Bulbs And Tubes), For Cathode-Ray Tubes",1,1239,1227
70132200,Glassware...Stemware drinking glasses other than of glass-ceramics of lead crys,374,117687,54777
70132800,Glassware...Stemware drinking glasses other than of glass-ceramics Excl. of lea,5086,1535010,1344853
70133300,"Glassware..Other drinking glasses, other than of glass ceramics Of lead crysta",5,1877,614
70133700,"Glassware..Other drinking glasses, other than of glass ceramics Excl. Of lead",78309,24793675,18008320
70134100,Glassware of a kind used for table (other than drinking glasses) Of lead crysta,236,73844,21534
70134900,Glassware ...(othr than dri.glasses) or kit.purposes other than of glass-cerami,96666,30449880,13919709
70139100,"Glassware For Toilet, Office, Indoor Decorations, Etc, Of Lead Crystal",5,3000,3000
70139990,"Glassware For Toilet, Office, Indoor Decorations, Etc, Nes",63830,19750432,16556827
70151000,"Glasses For Corrective Spectacles, Not Optically Worked",722,182963,149850
70159000,"Clock Or Watch Glasses, Glass For Non-Corrective Spectacles, Etc, Now",5,3081,3068
70161010,Glass cube Imported by industrail IRC holder VAT compliant glass mozaic manufactuing industry,6289,782459,771709
70161090,"Glass Cubes And Other Glass Smallwares, For Decorative Purposes",12560,1144352,795783
70169000,"Paving Blocks... Of Glass, For Building Or Construction Purposes, Nes",228311,17061635,15718432
70171000,"Laboratory, Hygienic Or Pharmaceutical Glassware, Of Fused Quartz...",83,737072,722547
70179000,"Laboratory, Hygienic Or Pharmaceutical Glassware, Nes",52309,12497349,10060951
70181000,"Glass Smallware (Incl. Beads, Imitation Pearls/Stones, Etc)",337690,78649754,54298785
70189000,"Glass Statuettes And Other Ornaments Of Lamp-Worked Glass, Nes",469,145121,94937
70191200,Rovings Of Glass Fibres,29464,4423220,2761187
70191300,"Other yarn, slivers",3,1731,1718
70191500,Chemically bonded mats,124680,15752467,15036149
70191900,"OTH. YARN AND STRANDS, EXCL.(CHOPPED STRANDS, OF A LENGTH OF NOT >50MM, ROVINGS)",173,389197,350240
70196110,Closed woven fabrics of roving,12,21731,21304
70196290,"Other closed fabrics of roving, ExcludingImp. by Ind. IRC holder VAT compliant bio-g",823,121561,30295
70196300,"Closed woven fabrics, plain weave, of yarns, not coated or laminated",50,13643,13374
70196990,Other,4598,628506,469766
70197110,Glass fiber in sheet form imported by accumulator manufacturing industry,4000,1447742,1222583
70197190,Chemically bonded fabrics : Veils (thin sheets)(Excl Glass Fib..),40405,9565883,8046288
70197200,Other closed fabrics,413,104839,92786
70198000,Glass wool and articles of glass wool,210724,27569977,21894859
70199090,"Other Article of Glass Fibre,nes",26315,8166108,7523707
70200010,"Other articles of glass, Glass inners for vacuum flasks or for other vacuum ves",28,12338,2454
70200090,"Other articles of glass, Excl. Glass inners for vacuum flasks or for other vac",3834,2168102,1070521
71131900,Articles Of Jewellery And Parts Thereof Of Precious Metal (Excl. Silver),763,370998,138528
71132000,Articles Of Jewellery... Of Base Metal Clad With Precious Metal,977,486889,172626
71141100,Articles Of Goldsmiths' Or Silversmiths' Wares Of Silver,0,976,962
71159000,"OTH. ARTICLES OF PRECIOUS METAL OR OF.., EXCL. CATALYSTS IN THE FORM OF WIRE CLOTH..",310,58202,38037
71171100,Cuff-Links And Studs Of Base Metal (Incl. Plated),3,2276,2232
71171900,"Imitation Jewellery Of Base Metal (Incl. Plated), Nes",138391,85095470,39381864
71179000,Imitation Jewellery (Excl. Of Base Metal),26266,15569005,9215287
72011000,"Non-Alloy Pig Iron Containing, =<0.5% Phosphorus, In Pigs, Blocks",300000,23276601,20245500
72021900,"Ferro-Manganese, Containing By Weight =<2% Carbon",11500,11441554,1631653
72022100,"Ferro-Silicon, Containing By Weight >55% Silicon",569850,97285617,80412968
72022900,"Ferro-Silicon, Containing By Weight =<55% Silicon",3000,919979,562809
72023000,Ferro-Silico-Manganese,1625800,230702623,160337366
72029900,"Ferro-Alloys, Nes",22260,9066775,5203968
72031000,"Ferrous Products Obtained By Direct Reduction Of Iron Ore, In Lumps...",17098690,849695449,695442487
72041000,Waste and scrap of cast iron,410915,21620320,21194315
72043000,Waste and scrap of tinned iron or steel,1608410,79792751,72307998
72044900,"Ferrous waste and scrap, nes",406581449,20236784648,17893624305
72051000,"Granules, Of Pig Iron, Spiegelelsen, Iron Or Steel",40008,4658040,3482426
72052100,Powders Of Alloy Steel,10024,1170268,693010
72052900,"Powders Of Pig Iron, Spiegeleisen, Iron Or Steel (Excl. Alloy Steel)",12200,1974158,1270190
72069000,"Iron And Non-Alloy Steel, In Primary Forms (Excl. Ingots), Nes",30,18773,4908
72081000,Flat-Rolled Imported by transformer and products of Chapter 72 & 73 industry,63937,4962844,4740384
72081000,"In coils, not further worked than hot rolled, with patterns in relief",1266025,97996769,81793045
72082500,Flat-Rolled Imported by transformer and products of Chapter 72 & 73 industry,15564,1161746,897560
72082500,Of a thickness of 4.75 mm or more,366184,25482325,21375625
72082600,Flat-Rolled Imported by transformer and products of Chapter 72 & 73 industry,39356,2938808,2269621
72082600,Of a thickness of 3 mm or more but less than 4.75 mm,939133,68218123,56021824
72082700,"Flat-Rolled Imported by transformer, bicycle parts, and products of Chapter 72 & 73 industry",721435,60506254,52956839
72082700,Flat/hot-rolled iron/steel of a thickness of less than 3 mm,1594149,111052725,91727480
72083600,Of a thickness exceeding 10 mm,343700,22976892,22734158
72083700,Flat-Rolled Imported by transformer and products of Chapter 72 & 73 industry,2050392,126393226,117834547
72083700,Of a thickness of 4.75 mm or more but not exceeding 10 mm,1486907,91471911,88691755
72083800,Flat-Rolled Imported by transformer and products of Chapter 72 & 73 industry,4270440,265820551,253741677
72083800,Of a thickness of 3 mm or more but less than 4.75 mm,3102725,188330309,180393845
72083900,Flat-Rolled Imported by transformer and products of Chapter 72 & 73 industry,24000211,1472221491,1411281426
72083900,Of a thickness of less than 3 mm,12188298,784367994,739055236
72084000,Flat-Rolled Imported by transformer and products of Chapter 72 & 73 industry,90701,7040289,6724708
72084000,"Not in coils, not further worked than hot rolled, with patterns in relief",200600,12995791,12853452
72085100,Flat-Rolled Imported by transformer and products of Chapter 72 & 73 industry,60120,5384394,4035094
72085100,Of a thickness exceeding 10 mm,4965262,411545080,403812691
72085200,Flat-Rolled Imported by transformer and products of Chapter 72 & 73 industry,32430,2904312,2136809
72085200,Of a thickness of 4.75 mm or more but not exceeding 10 mm,5283499,385607724,361959827
72085300,Of a thickness of 3 mm or more but less than 4.75 mm,584255,54392884,42590341
72085400,Of a thickness of less than 3 mm,4217098,298751965,268291919
72089000,Other,2105,601970,578764
72091500,"Flat/Cold-Rolled Iron/Steel, In Coils, Width >=600mm, >=3mm Thick",14808,1391235,1271901
72091610,COLD ROLLED STEEL SHEET..Of a thickness exceeding 1 mm but less than 3 mm,81665,6536991,5741636
72091690,"Flat/Cold-Rolled Iron/Steel, In Coils, Width >=600mm, >1mm But <3mm Thick",458694,56623037,47878998
72091790,"Flat/Coldrolled Iron/Steel,In Coils,Width >=600mm, >=0.5mm But <=1mm Thick",1282280,104092392,96114646
72092500,"Flat/Cold-Rolled Iron/Steel, Not In Coils, Width >=600mm, >=3mm Thick",4208,468366,421401
72092600,"Flat/Cold-Rolled Iron/Steel,Not In Coils,Width>=600mm, >1mm But<3mm Thick",145058,12404992,10771860
72092700,"Flat/Coldrolled Iron/Steel,Not In Coils,Wid>=600mm,>=0.5mm But <=1mm Thick",271443,22054402,17766046
72099000,"Flat/Coldrolled Iron/Non-Alloy Steel,Wid>=600mm,Not Clad,Plated/Coated Nes",124584,10151145,6848372
72101200,"Flat-Rolled Iron/Steel, Width >=600mm, <0.5mm Thick, Plated... With Tin",2599577,376563577,308322582
72103000,Electrolytically plated or coated with zinc,27282,2964088,2448229
72104910,Flat rolled prod. of a thickness => 0.4 mm Imp.VAT reg. Refri. & Pre. Fab.bu.Industry,11728836,902888472,782533253
72104990,"Flat rolled products, NES",3798620,332954427,315384665
72106110,Of a thickness of 0.25mm or more Imp by Ind.IRC VAT Compliant cont. color coating lin,1111949,151011239,106627539
72107010,Of a thickness of 0.3 mm or more,2218199,306567174,268973438
72107020,"Painted, varnished or coated with plastics a Of a thickness of 1.0 mm or more",132769,11885477,10462440
72107091,Printed sheet imported by metal can manufacturing industry,51185,7551502,7402707
72107099,"Other painted, varnished or coated with plastics",875885,113941369,105705170
72109000,"Rolled Iron/Steel, Width >=600mm, Otherwise Clad,Plated Or Coated Nes",54133,7492422,5291799
72111900,Other,429786,42083225,34463246
72112300,"Flat/Cold-Rolled Iron/Steel,Width <600mm, Contng.By Weight < 0.25% Carbon",328235,27410927,26908127
72112990,Width Upto 6mm (Excl. Reed Frame Steel Strips),284723,37336514,34622914
72119000,"Flatrolled Iron/Nonalloy Steel,Wid<600mm,Nes(Inc.Furthr Worked Than Rolled",521405,58968186,43227978
72122000,Electrolytically plated or coated with zinc,1002830,142545137,131430081
72123000,"Flatrolled Iron/Steel,Width<600mm,Zinc Plated/Coated (Excl.Electro-Plated)",14383590,1096078428,1009285007
72124099,"Other flat-rolled products ..width < 600 mm Painted, varnished or coated with pla",637766,89915779,81679730
72125010,Steel plate of a thickness of 0.25 mm to 0.50 mm,1,18820,18450
72139190,Imported by electrode or wire drawing or electric cable clip manufacturing industry,3750723,253658226,250625310
72139190,Other of circular cross section measuring less than 14 mm in diameter,1871029,124060723,120053232
72142000,"Iron/steel bars & rods, hot-rolled...,twisted, or with deformations from rolling proc",71267,4245894,4167039
72149900,"Iron/steel bars and rods, hot-rolled, hot-drawn or hot extruded, nes",123179,9328673,8863036
72155000,"Bars and rods of iron/steel, not further worked than cold-formed or cold-finished",27000,2016760,1987740
72159000,"Bars and rods of iron/steel, nes (incl. further worked than cold-formed/cold finished",132688,7052578,4941447
72161000,"U, I Or H Sections Of Iron/Steel, Hot-Rolled..., <80mm High",10508,1078524,735736
72162100,"L Sections Of Iron/Steel, Hot-Rolled..., <80mm High",5960,611725,393435
72162200,"T Sections Of Iron/Steel, Hot-Rolled..., <80mm High",195456,20122967,16521751
72163100,"U Sections Of Iron/Steel, Hot-Rolled..., >=80mm High",1409,414081,398000
72163200,"I Sections Of Iron/Steel, Hot-Rolled..., >=80mm High",208749,23941350,23182575
72163300,"H Sections Of Iron/Steel, Hot-Rolled..., >=80mm High",3287,335444,244422
72164000,"L Or T Sections Of Iron/Steel, Hot-Rolled..., >=80mm High",198570,18033821,14492404
72166900,"Angles,Shapes..Of Iron/Steel,Not Further Worked Thn Coldformd/Finished Nes",4972,587122,561577
72169900,"Angles, Shapes And Sections Of Iron Or Non-Alloy Steel, Nes",777,223622,201042
72171000,"Wire Of Iron/Non-Alloy Steel,Not Plated/Coated,Whether Or Not Polished",684415,71164931,56494080
72172000,"Wire Of Iron Or Non-Alloy Steel,Plated Or Coated With Zinc",16581,2378146,1900806
72173000,"Wire Of Iron/Non-Alloy Steel,Plated Or Coated With Base Metals (Excl.Zinc)",80212,12197637,8423356
72179000,Imported by electric cable clip manufacturing industry,49000,7482270,4071186
72179000,Other,1170,410520,301290
72191400,Of a thickness of less than 3 mm,208425,30473016,28992985
72192100,"Hot-Rolled Stainless Steel, Uncoiled, >=600mm By >10mm",19432,4269843,3878742
72192200,"Hot-Rolled Stainless Steel, Uncoiled, >=600mm By 4.75-10mm",46712,15967782,14941070
72192300,"Hot-Rolled Stainless Steel, Uncoiled, >=600mm By 3-4.75mm",390,124771,123056
72192400,"Hot-Rolled Stainless Steel, Uncoiled, >=600mm By <3mm",2339,340471,323560
72193100,"Cold-Rolled Stainless Steel, Uncoiled, >=600mm By >4.75mm",28846,4620396,4241227
72193200,"Cold-Rolled Stainless Steel, Uncoiled, >=600mm By 3-4.75mm",23043,3608623,3502595
72193300,"Cold-Rolled Stainless Steel, Uncoiled, >=600mm By 1-3mm",2562674,374701304,365735835
72193400,"Cold-Rolled Stainless Steel, Uncoiled, >=600mm By 0.5-1mm",3847295,565192246,544786902
72193500,"Cold-Rolled Stainless Steel, Uncoiled, >=600mm By <0.5mm",310030,46247197,43423234
72199000,"Rolled Products Of Stainless Steel, >=600mm Wide, Nes",23014,4058812,1877279
72202010,"Cold-Rolled Stainless Steel,<600mm Wide, Thickness Less Than 0.125mm",14909,11310760,11087895
72202090,Not Further Worked Than Cold-Rolled(Cold-Reduced)Excl.Thickness <0.125 Mm,234011,43380447,39475136
72209000,"Rolled products stainless steel, <600mm wide, nes",1216,982882,916839
72221100,"Stainlss Steel Bars/Rods,Not Furthr Workd Than Hotrolld,Circular X-Section",1000,500655,312885
72221900,"Stainlss Steel Bars/Rods,Not Furthr Workd Than Hotrolld,Not Circ.X-Section",11054,1729486,1695407
72222000,"Stainless Steel Bars & Rods, Cold-Formed/Finished",145169,23469422,21784466
72223000,"Stainless Steel Bars And Rods, Nes",15367,3961921,3344696
72224000,"Angles, Shapes And Sections Of Stainless Steel",46365,9867482,3442719
72230000,Wire Of Stainless Steel,120854,28789552,21087833
72249000,"Semi-Finished Products, Of Alloy Steel (Excl. Stainless)",9,17476,8344
72251100,"Flat-Rolled Products Of Silicon-Electric.Steel,>=600mm Wide,Grain-Oriented",538155,164822223,117585744
72251900,"Flatrolled Prods Of Siliconelectric.Steel,>=600mm Wide,(Excl.Grainoriented",1773902,245969477,133459615
72253000,"Other, not further worked than hot-rolled, in coils",25500,1595871,1564425
72259200,"Flat-Rolled Alloy Steel,>=600mm Wide,Zinc Plated/Coated(Excl.Electroplated",701190,100223939,95953441
72259900,"Flat-Rolled Products Of Alloy Steel, >=600mm Wide, Nes",3,31819,31200
72261900,"Flatrolled Prods.Of Siliconelectric.Steel,<600mm Wide,Not Grain-Oriented",189230,31976998,15331586
72269100,"Flatrolled Prods Alloy Steel,Not Furthr Workd Than Hotrolld,<600mmwide Nes",89385,8950771,7732116
72269200,"Flatrolled Prods Alloy Steel,Not Furthr Workd Than Coldrolld,<600mm Wd Nes",15,396811,388994
72269910,Silicon crystal steel sheet (Amorphos) imported by transformer manufacturing industry,2972,948853,493868
72272000,"Bars And Rods, Hot-Rolled, In Coils, Of Silico-Manganese Steel",76646,9537699,6009163
72279010,"Bars and rods, hot-rolled, in irregularly wound coils, of other alloy steel...M.S. shaft",7888,1289368,1223112
72279090,Excl. M.S. rod/shaft imp.by VAT reg. electric fan or water pump motor manuf. Ind.,320972,22425262,21329158
72281000,"Bars And Rods, Of High-Speed Steel",1,313,307
72283000,"Bars And Rods Of Alloy Steel, Nes, Hot-Rolled, -Drawn Or Extruded",115360,11924587,11748378
72286000,"Bars And Rods Of Alloy Steel, Nes",818935,73659115,65818108
72287000,"Angles, Shapes And Sections Of Alloy Steel",1172603,116681271,79805068
72292000,Wire Of Silico-Manganese Alloy Steel,25920,3568797,2395889
72299000,"Wire Of Alloy Steel, Nes",10015,1776923,1729641
73011000,Sheet Piling Of Iron Or Steel,259240,42868884,42019995
73021000,Railway Rails Of Iron Or Steel,10720,1940652,1917077
73024000,Railway Fish Plates And Sole Plates Of Iron Or Steel,11700,1791185,1773450
73029000,"Railway Track Construction Material Of Iron Or Steel, Etc, Nes",153623,46391087,32773722
73030000,"Tubes, Pipes And Hollow Profiles, Of Cast Iron",2232327,446660491,353943009
73041110,"Line pipe of a kind used for oil or gas pipelines : Of stainless steel, Exceed",1650,277461,222701
73041120,"Line pipe of a kind used for oil or gas pipelines : Of stainless steel, 8 inch",321818,61291235,52448865
73041910,"Line pipe of a kind used for oil or gas pipelines:Excl.Of stainless steel, Exc",11933,2046573,1340095
73041920,"Line pipe of a kind used for oil or gas pipelines:Excl.Of stainless steel, 8 in",229791,40723471,26564927
73042210,"Casing, tubing and drill pipe..Drill pipe of stainless steel Exceeding 8 inch d",299653,51036207,50030594
73042410,"Casing, tubing and drill pipe..Other, of stainless steel , Exceeding 8 inch di",38760,10308524,10206460
73042920,"Seamless Iron/Steel Casing..(Ex.Drill Pipe),<=8"" Dia,Used In Oil/Gas Drill",300460,63581318,58913960
73043900,Other Circular cross section of iron or non alloy steel (Excl cold drawn or cold rol),295436,62559619,57300336
73044190,"Capillary Tube (Excl.16 Bwg To 29 Bwg), Of S.Steel, Circular Cross Section",2711,1786041,1737835
73044990,"Other Tubes,Pipes,Profiles,Circular,Nes(Excl.Capillary Tube Of 16 Bwg To..",8122,5134594,5033422
73045100,"Seamless Alloy Tubes/Pipes/Profiles, Cold-Drawn/Rolled",33,49343,23558
73045900,"Seamless Alloy Tubes/Pipes/Profiles, Nes",1506,565507,270619
73049000,Seamless Iron/Steel Tubes/Pipes/Profiles Of Non-Circular X-Section,253406,56181356,50766870
73053100,Longitudinally welded,124610,18715804,12058514
73059000,"Iron/steel tubes, riveted, >406.4mm external diameter",2,1001,859
73061110,"Line pipe of a kind used for oil/gas pipelines:Welded, of stainless steel Excee",7941,1292105,1071723
73061120,"Line pipe of a kind used for oil/gas pipelines:Welded, of stainless steel, 8 in",11591,1888147,1296349
73061920,"Line pipe of a kind used for oil/gas pipelines:Excl.Welded,of stainless steel,",15743,2357514,1685689
73063000,"Other, welded, of circular cross-section of iron or non-alloy steel",200074,50183688,48829919
73064000,"Other, welded, of circular cross-section, of stainless steel",1316,1184364,1071854
73065000,"Other, welded, of circular cross-section, of other alloy steel",2740,411547,403438
73066100,"Othr,weld, of non-circu.cr.section Of square or rec.cross-sec., NES",1448,1049068,1028398
73069000,"Tubes, pipes and hollow profiles, riveted, of iron or steel, nes",415203,174474343,162213551
73071900,"Cast Tube Or Pipe Fittings Of Iron,Oth.Than Non-Malleable Steel",431413,110296842,103549412
73072100,Flanges Of Stainless Steel,9692,4653921,4227358
73072200,"Threaded Elbows, Bends And Sleeves Of Stainless Steel",48192,12877703,7960690
73072300,Butt Welding Fittings (Excl. Elbows And Bends) Of Stainless Steel,115,330133,323274
73072900,"Tube Or Pipe Fittings Of Stainless Steel, Nes",31831,12941447,10763410
73079100,Flanges Of Iron Or Steel (Excl. Stainless),36753,12707345,10755216
73079210,Sleeves,4181,11166273,10746204
73079290,"Threaded Elbows, Bends And Sleeves Of Iron Or Steel (Excl. Stainless)",59277,26866691,23599987
73079300,Lock ring,4347,798011,711022
73079910,"Tube Or Pipe Fittings Of Iron Or Steel (Excl. Stainless), Nes",951,745218,731466
73079990,"Tube Or Pipe Fittings Of Iron Or Steel (Excl. Stainless), Nes",70256,50223137,47037024
73081000,Bridges And Bridge-Sections Of Iron Or Steel,56049,18736906,18367718
73082000,Towers And Lattice Masts Of Iron Or Steel,1772913,326314921,230822883
73083000,"Doors, Window-Frames And Thresholds For Doors Of Iron Or Steel",152806,139975146,93201053
73084000,"Equipment For Scaffolding,Shuttering,Propping Or Pitpropping Of Iron/Steel",419386,79803900,49777553
73089020,Industrial .. System Imp. by Ind. IRC Holder VAT ... 100% Exp. Oriented Garments ind.,5700,855811,838949
73089020,Industrial Racking System,8064,1439412,1411050
73089091,Metal frames for LCD/LED TV panel imported by TV manufacturing industry,4365,2446249,2337026
73089099,"Structures And Parts Of Structures, Nes, Of Iron Or Steel",1084494,253068031,168239317
73090010,Silo,262470,109559661,107485433
73090090,"Reservoirs, Tanks... (Excl. For Gas) Of Iron Or Steel, >=300 L",16351,10002727,9418155
73101000,"Tanks, Casks, Drums, Cans... (Excl. For Gas) Of Iron Or Steel, 50-300 L",2770,2152837,2054669
73102110,"Tin plated cans, bottom not closed by soldering or crimping (e.g. Beverage Can Type)",320,89369,58896
73102190,Cans Closed By Soldering And Crimping (Excl.Tin Plated Cans),73371,25474728,22030104
73102900,"Tanks, Casks, Drums... (Excl. For Gas) Of Iron Or Steel, <50 L",132419,89903865,82394840
73110010,"Containers For Compressed Or Liquefied Gas,Of Iron/Steel, >5000l,Ckd",21777,10422936,9704445
73110020,LPG GAS CYLINDER CAPACITY BELOW 5000 LITRES,99406,583546,572216
73110090,"Containers For Compressed Or Liquefied Gas (Ex.Capacity >5000l, Ckd)",11932,36337741,35622038
73121000,"Stranded Wire, Cables Of Iron Or Steel, Not Electically Insulated",175564,40480330,34270281
73129000,"Plaited Bands, Slings, Etc, Of Iron Or Steel, Not Electically Insulated",7516,1493875,1195406
73130000,"Barbed Wire And Other Fencing Material, Of Iron Or Steel",20,7449,7335
73141200,Stainless Steel Woven Cloth Endless Bands For Machinery,3192,3759313,3689344
73141400,Woven Cloth Of Stainless Steel (Excl. Endless Bands For Machinery),29145,9419377,4740263
73141900,Woven Cloth Of Iron Or Steel Wire (Excl.Endless Bands Or Stainless Steel),3984,1950119,1663209
73142000,"Wire Iron/Steel Grill,Fencing,Welded @ Intersect,Mesh>=100cm2,X-Sectn>=3mm",24942,14321736,8673025
73143100,"Iron/steel grill, netting & fencing, welded at intersection,plated or coated with zinc",144,145987,137387
73143900,"Iron/Steel Grill, Netting & Fencing, Welded At Intersection, Nes",576,237485,188767
73144200,"Iron/Steel Cloth, Grill, Netting & Fencing, Nes, Coated With Plastics",803,200126,187203
73144900,"Iron/Steel Cloth, Grill, Netting & Fencing, Nes,",11607,3355110,2327644
73145000,Expanded Metal Of Iron Or Steel,105,25946,25767
73151110,"Roller chain of iron or steel Of a kind used exclusively ..or automotive vehicles , nes",80566,25396245,19445896
73151120,Roller Chain Of Iron/Steel Of A Kind Used Exclusively In Motor Cycles,179726,92308364,80164201
73151190,"Roller Chain Of Iron Or Steel, Nes",106098,53859979,49429294
73151200,Articulated Link Chain (Excl. Roller Chain) Of Iron Or Steel,22776,9258436,8329184
73151900,Parts Of Articulated Link Chain Of Iron Or Steel,71557,33205381,31358117
73158100,Stud-Link Of Iron Or Steel,379,105729,58615
73158200,Welded Link Chain (Excl. Stud-Link) Of Iron Or Steel,2340,605450,170185
73158900,"Chain, Nes, Of Iron Or Steel",12493,13829126,12984851
73159000,"Parts Of Chains, Nes, Of Iron Or Steel",14562,8512369,7308282
73170000,"Nails, tacks, drawing pins, ...erial, but excluding such articles with heads of copper.",44071,8546106,5175287
73181100,Threaded Coach Screws Of Iron Or Steel,12934,3366701,2050273
73181200,Threaded Wood Screws (Excl. Coach Screws) Of Iron Or Steel,28560,7692412,6459978
73181300,Threaded Screw Hooks And Screw Rings Of Iron Or Steel,316,196360,188510
73181400,Threaded Self-Tapping Screws Of Iron Or Steel Imp by pre-fab. Buil. industry,154505,43119915,33203862
73181510,Flus type tower bolt,4,80380,78815
73181590,"Threaded Screws&Bolts Of Iron Or Steel,Nes Whether Or Not With Nuts/Washer",556605,245092135,226839874
73181600,Threaded Nuts Of Iron Or Steel,199161,63933340,58828575
73181900,"Threaded Articles, Nes, Of Iron Or Steel",188990,71813676,52538202
73182100,Non-Threaded Spring Washers And Other Lock Washers Of Iron/Steel,785,2042510,1885203
73182200,Other washers,11461,19565610,18626050
73182310,Stapple Pin For Tv Cabinet And Rivets For Tv/Radio,96,48063,11166
73182390,"Rivets, Nes",24426,12581714,11527251
73182400,Cotters And Cotter-Pins Of Iron/Steel,7832,2847816,1904248
73182910,M.S. Nipple,1541,766763,751921
73182990,"Screw,bolts,nuts,coach,screws,screw hooks,river,cotters,cotter-pins,washers..,NES",76770,34431462,24220731
73194000,Safety pins and other pins,56290,10863645,8560867
73199000,"Knitting needles, bodkins, crochet hooks, etc, of iron or steel",13064,11593770,9583548
73201000,LEAF SPRINGS AND LEAVES THERE FOR,615,364660,356885
73202000,Helical springs of iron or steel,20760,8399003,6171939
73209000,Other,68195,40343862,36822045
73209000,Spring imported by compressor manufacturing industry,5385,1310865,1243687
73211100,"Cooking Appliances, Plate Warmers, For Gas Fuel... Of Iron Or Steel",98674,12549943,10195536
73211200,"Cooking Appliances, Plate Warmers, For Liquid Fuel Of Iron Or Steel",50,15018,2454
73211900,"Cooking appliances & plate warmers: Other, including appliances for solid fuel",5103,846024,665391
73218190,"Appli.(Ex.Cookers)For Gas Fuel/Both Gas&Oth.Fuels,Of Iron/Stell(Ex.Lab Use",4455,715675,540248
73218290,"Appliances)Ex.Cooking Appliances/Plate Warmers) For Liquid Fuel,Of Iron...",94,19023,1472
73218910,"Stoves,ranges,grates,cookers appliances, Other,including appliances for solid fuel",1295,92409,73497
73218990,"Stoves,ranges,grates,cookers appliances, Other,including appliances for solid fuel",287,123986,57316
73219000,"Parts Of Appliances Of 7321.11 To 7321.83, Of Iron Or Steel",659182,168073456,137841702
73221900,"Radiators, Not Electrically Heated, And Parts Thereof Of Iron Or Steel",50,19499,19244
73229000,"Air Heaters/Hot Air Distributors..., Nes (Non-Electric) Of Iron/Steel",273,533701,514560
73231000,"Iron or steel wool; pot scourers and scouring or polishing pads, gloves and the like",30205,5689560,4556115
73239100,"Table, Kitchen Or Household Articles... Of Cast Iron, Not Enamelled",8212,2394776,1513864
73239200,"Table, Kitchen Or Household Articles... Of Cast Iron, Enamelled",1019,246885,71097
73239300,"Table, kitchen or household articles... of stainless steel",191009,48840905,34164967
73239400,"Table, kitchen or household articles... of iron or steel, enamelled",236563,47594068,35835401
73239910,"Parts imported by table, kitchen or other household articles manufacturing industry",48916,15316213,12717413
73239910,"Parts of table, kitchen or other household articles",492,187532,108565
73239990,"Table, kitchen or household articles... of iron or steel, nes",29745,7689782,5700692
73241000,"Sinks And Wash Basins, Of Stainless Steel",52133,17444254,13314328
73242900,Baths Of Iron (Excl. Cast) Or Steel,5455,1849648,1039949
73249000,Sanitary Ware And Parts Of Sanitary Ware Of Iron Or Steel,141098,49723696,34849366
73251000,"Other Cast Articles Of Non-Malleable Cast Iron, Nes",640,200266,196320
73259100,Grinding Balls And Similar Articles For Mills Of Cast Steel,87000,20990908,11517604
73259900,"Cast articles of iron or steel, nes",8969,5138141,4872345
73261900,"Forged Or Stamped Articles Of Iron Or Steel, Nes",901645,153655471,136349051
73262090,Other Articles Of Ironor Steel Wire( Excl.Bead Wire For Cycle Tyres),162,152112,131444
73269010,Steel bobbin,2198,808468,762113
73269090,"Other Articles Of Iron Or Steel, Nes(Excl.S.S.Screen, Burette Stand)",456281,278442156,243904716
74020000,Unrefined Copper; Copper Anodes For Electrolytic Refining,250,375499,122700
74031100,Cathodes And Sections Of Cathodes Of Refined Copper,1197829,1893609325,1856192190
74031900,"Refined Copper, Nes, Unwrought",10500,21575717,17972053
74062000,Copper Powders Of Lamellar Structure; Flakes,29,36800,30430
74071000,"Bars, rods and profiles of refined copper",34461,27864318,27370643
74072900,"Bars, rods and profiles of copper alloys, nes",1195,959148,805956
74081100,"Wire Of Refined Copper, Maximum Cross-Sectional Dimension >6mm",601093,1006930831,993405903
74081900,Other,654,347695,148970
74082100,Wire Of Brass,17208,25201978,21798053
74082900,"Wire Of Copper Alloy, Nes",60,34089,33129
74091100,"Plates, Sheets And Strip, Of Refined Copper, In Coils, >0.15mm Thick",5300,9740495,9548572
74091900,"Plates, Sheets And Strip, Of Refined Copper, Uncoiled, >0.15mm Thick",566,1125245,1103073
74092100,"Plates, sheets and strip, of brass, in coils, >0.15mm thick In coils",28003,49663152,39788417
74093100,"Plates, sheets and strip, of bronze, in coils, >0.15mm thick in coils",300,613625,605555
74101100,"Foil, Not Backed, Of Refined Copper, =<0.15mm Thick",1801,6084005,5994109
74102100,"Foil, backed with paper... of refined copper, =<0.15mm thick Of refined copper",16120,6050280,2603864
74111000,Of refined copper,419112,835971592,635885975
74112100,Tubes And Pipes Of Brass,23720,27642986,26867864
74112900,"Tubes And Pipes Of Copper Alloys, Nes",1132,1823455,1552784
74121000,Tube Or Pipe Fittings Of Refined Copper,7857,15892904,13391012
74122000,Tube Or Pipe Fittings Of Copper Alloys,28529,27285256,24539394
74130000,"Stranded Wire, Cables... Of Copper, Not Electrically Insulated",58819,120219930,100181114
74152100,Washers Of Copper (Including Spring Washers),1,37744,36971
74152900,"Non-Threaded Articles Such As Rivets, Cotters, Cotter-Pins... Of Copper",0,907,890
74153310,SCREWS FOR WOOD,20,6756,2208
74153390,"SCREWS;BOLTS AND NUTS, EXCLUDING SCREWS FOR WOOD",2580,4174290,3065268
74153900,"Threaded Articles Of Copper, Nes",27941,41070937,33049495
74181000,"Table, kitchen or other household articles and parts thereof; of copper... polishing pad",5166,3230300,595261
74182000,Sanitary Ware And Parts Thereof Of Copper,2412,1835466,1257006
74198010,Other,410,2335098,2269337
74198090,Other,10156,11217752,7397269
75021000,"Unwrought Nickel, Not Alloyed",500,1490730,1461357
75051200,"Bars, rods and profiles, of nickel alloys",10,66319,65013
75052200,Wire Of Nickel Alloys,712,217101,201765
75061000,"Plates, sheets, strip and foil of nickel, not alloyed",641,1589859,1545710
75062000,"Plates, sheets, strip and foil of nickel alloys",14,12180,11749
75072000,Tubes Or Pipe Fittings Of Nickel,587,288099,129559
75081000,"Cloth, Grill And Netting Of Nickel Wire",22,76913,75875
75089010,Parts for Machinery,2,2309533,2264025
75089090,Other parts(excl.machinery),33,1018677,998607
76011000,"Aluminium, not alloyed",3273935,1237121804,1219246062
76012000,"Unwrought Aluminium, Aluminium Alloy",943198,369443035,355918254
76020000,Aluminium Waste And Scrap,635088,79384078,77925298
76032000,Powders Of Lamellar Structure; Flakes Of Aluminium,125,112274,110062
76041000,"Bars, rods and profiles of aluminium, not alloyed",5567,2854597,2786485
76042100,Hollow Profiles Of Aluminium Alloys,81846,40700681,29265349
76042900,"Bars, rods and profiles of aluminium alloys",201091,99387890,61609460
76051900,"Wire of aluminium, not alloyed, maximum cross-sectional dimension =<7mm",19669,9990294,9766280
76052100,"Wire Of Aluminium Alloys, Maximum Cross-Sectional Dimension >7mm",650,441562,432861
76052900,"Wire of aluminium alloys, maximum cross-sectional dimension =<7mm",43986,18866155,12879470
76061100,"Non-alloyed aluminium plates, sheets and strips imported by electric fan industry",71148,35807973,32187371
76061100,"Of Aluminium, not alloyed",44633,21227490,20654579
76061200,"Alloyed aluminium plates, sheets and strips imported by electric fan industry",229473,112497255,99976468
76061200,"Of Aluminium, alloys",183861,94383257,83447466
76069110,"Plates... (Excl. Rectangular) Of Aluminium, Not Alloyed, >0.2mm Thick",38526,20703463,19726418
76069190,"Plates... (Excl. Rectangular) Of Aluminium, Not Alloyed, >0.2mm Thick",41848,24892296,24385721
76069200,"Plates...(Excl. Rec) of aluminium alloys,>0.2mm thick NES Of aluminium alloys",333686,158914994,134347592
76071100,Aluminium foil in rolled but not further worked imported by manufacturing industries,728313,371994205,362581918
76071100,Rolled but not further worked,150687,83334098,81351677
76071910,Aluminium foil lacquered,39879,21210274,20646262
76071910,Aluminium foil lacquered imported by manufacturing industry,224498,132918686,129730769
76071990,"Aluminium foil, =<0.2mm thick, not backed (excl. rolled),Nes",68912,89292873,86976291
76072010,"Aluminium Foil, Backed By Paper/Paperboard",19602,11807394,9112687
76072092,Co-polymer coated aluminium tape,1067,433015,253007
76072099,"Aluminium foil backed, NES",670135,453379186,435833215
76081000,"Tubes And Pipes Of Aluminium, Not Alloyed",72717,40863431,38246424
76082000,Tubes And Pipes Of Aluminium Alloys,18657,7059442,6800787
76090000,Aluminium Tube Or Pipe Fittings,400,175238,73620
76101000,"Doors, Windows And Their Frames And Thresholds For Doors, Of Aluminium",48631,22133942,19328289
76109010,"Aluminium Structure And Parts Of Structures..., Nes",2178,1066391,744850
76109090,"Aluminium Structure And Parts Of Structures..., Nes",126680,63520446,49006062
76110000,"Aluminium Reservoirs, Tanks, Etc, (Excl. For Gas) >=300 L",30,15018,3681
76121000,"Collapsible tubular containers of aluminium, (excl. for gas) <300 l",4675,2092117,521475
76129010,"Aluminium Can For Inhaler, 19mm",2726,6602841,6472739
76129090,"Aluminium casks, drums, etc, nes (excl. for gas), <300 l, nes",261856,279848865,273328555
76130000,Aluminium Containers For Compressed Or Liquefied Gas,9200,44233387,43361812
76141000,"Cables... of aluminium, with steel core, not electically insulated",30493,13512679,7782394
76149000,"Stranded wire, cables... of aluminium alloys, not electrically insulated",605985,256314638,226932430
76151010,"Table, kitchen or other household articles and parts thereof; of aluminium... polishing",25653,12504912,7172450
76151090,"Table, kitchen or other household articles and parts thereof; of aluminium... polishing",15034,6539066,5697559
76161000,"Nails, Tacks, Staples, Screws, Bolts, Nuts... Of Aluminium",4614,2421050,2283610
76169900,"Articles of aluminium, nes",29731,22211708,20051592
78011000,"Refined Lead, Unwrought",2383336,636669870,606276732
78019100,"Unwrought Lead, Containing Antimony As The Principale Other Element",1240737,393010873,382843917
78060010,Parts for Machinery,70,162540,159337
78060090,Other Articles Of Lead Nes,2,309818,306750
79011190,"Zinc, Not Alloyed, >=99.99% Pure, Nes",2095527,883036173,871906990
79011210,Zinc ingots,5568,836302,740715
79011290,Other,2648,391349,69166
79012000,Zinc alloys,10371,4336411,2475203
79040000,"Zinc Bars, Rods, Profiles And Wire",154359,76999496,69305193
79070090,"Other Articles Of Zinc, Nes",17445,8469913,4140436
80030000,"Tin bars, rods, profiles and wire",51,49571,49080
81019900,Other,40,20025,4908
81019990,Tungsten filament imported by exclu. VAT reg. incandescent light bulb manu.,40,10518,3265
81029500,"BARS & RODS,OTH THAN THOSE OBT.SIMPLY BY SINT.,PROF.,PLATES,SHEETS,STRIP..",27,418721,410432
81029600,WIRE,10,215814,181364
81041100,"Unwrought Magnesium, >=99.8% Pure",27200,9657344,9519066
81109000,"ANTIMONY AND ARTICLES THEREOF, EXCLUDING WASTE AND SCRAP",10668,47111258,46549936
81110000,Manganese And Articles Thereof (Incl. Waste And Scrap),100,28037,27485
81126900,Cadmium : Exclduding Waste and scrap,34500,7770205,7558320
82011000,Spades And Shovels,87481,10986577,7349344
82013000,"Mattocks, Picks, Hoes And Rakes",176922,22073841,20629361
82014000,"Axes, Bill Hooks And Similar Hewing Tools",411,76829,64393
82015000,Secateurs And Similar One-Handed Pruners And Shears (Incl. Poultry Shears),17,3486,3436
82016000,"Hedge Shears, Two-Handed Pruning Shears And Similar Two-Handed Shears",854,160331,112246
82019000,Scythes... Timber Wedges And Other Agricultural/Forestry Hand Tools,1095,272763,153479
82021000,Hand Saws,20829,4776322,4382314
82022000,Band Saw Blades,295,627645,609970
82023100,Circular Saw Blades With Working Part Of Stl(Inc.Slittng/Slottng Saw Blade,22715,5272617,4418277
82023900,Circular Saw Blades(Inc.Slitting Blades)Excl.With Steel Working Part;Parts,2842,5461554,5277927
82024000,Chain Saw Blades,10946,2136916,905649
82029100,"Straight Saw Blades, For Working Metal",29865,8704325,5125895
82029910,Hand saws; blades for saws of all kinds....Toothless saw blades,58009,9618891,7696289
82029990,Hand saws; blades for saws of all kinds....Excl. Toothless saw blades,11770,3806076,2739868
82031010,Files For Cutting Ampoules,2587,494934,251756
82031090,"Files, Raspsand Similar Tools Nes.",34205,5374794,4202668
82032000,"Tweezers, Pliers, Pincers And Similar Tools",80269,20217999,13404846
82033000,Metal Cutting Shears And Similar Hand Tools,4798,1154863,944778
82034000,"Pipe-Cutters, Bolt Croppers, Perforating Punches And Similar Tools",7872,2475021,2146709
82041100,"Non-Adjustable, Hand-Operated Spanners And Wrenches",48874,12589021,11068660
82041200,"Adjustable, Hand-Operated Spanners And Wrenches",92706,23287358,19534985
82042000,"Interchangeable Spanner Sockets, With Or Without Handles",62516,15561804,12378486
82051000,"Drilling, Threading Or Tapping Hand Tools",59,20343,16872
82052000,Hammers And Sledge Hammers,108891,18050353,13295581
82053000,"Planes, Chisels, Gouges And Similar Cutting Tools For Working Wood",1403,477962,364246
82054000,Screwdrivers,35287,8264478,5573416
82055100,Household Hand Tools,19868,3936965,3134515
82055910,FIBRE OPTIC CABLE FUSION SLICER,16,31712,31089
82055990,"HAND TOOLS, NES (INCL. GRAZIERS' DIAMONDS) EXCLUDING FIBRE OPTIC CABLE FUSION SLICER",50148,17488922,11911135
82057000,"Vices, Clamps And The Like",13026,3274349,2620238
82059000,"Other,incl.sets of articles of two or more of sub-headings of this heading",19954,17886289,15513272
82060000,"Tools Of Two Or More Of 82.02 To 82.05, Put Up In Sets For Retail Sale",9125,2864675,2024130
82072000,Dies For Drawing Or Extruding Metal,2979,12343558,10111661
82073000,"Interchangeable Tools For Pressing, Stamping Or Punching",1819,36516946,20216183
82074000,Interchangeable Tools For Tapping Or Threading,40645,13383080,9198550
82075000,"Interchangeable Tools For Drilling, Other Than For Rock Drilling",98338,41860202,38723705
82076000,Interchangeable Tools For Boring Or Broaching,10630,50520908,48510472
82077000,Interchangeable Tools For Milling,546,1657874,1455909
82078000,Interchangeable Tools For Turning,12,7957795,7862061
82079000,"Other Interchangeable Tools For Hand Or Machine-Tools, Nes",13247,28128066,26092080
82081000,"Knives And Cutting Blades, For Metal Working Machines",2280,2741540,2621835
82082000,"Knives And Cutting Blades, For Wood Working Machines",18517,11431424,10424501
82083000,"Knives And Cutting Blades, For Kitchen Appliances Used For Food",1,255861,250820
82084000,"Knives And Cutting Blades, For Agricultural, Horticultural... Machines",27146,6794568,5770836
82089000,"Knives And Cutting Blades, For Machines Or Mechanical Appliances Nes",50612,57839584,52262174
82090000,"Plates, Sticks... For Tools, Unmounted, Of Metal Carbides Or Cermet",44,2263169,2220126
82100000,"Hand-Operated Machanical Appliances, =<10kg, Used For Food Or Drink",21250,4404907,3624651
82111000,"Sets Of Assorted Knives, Nes",2607,695450,510207
82119100,Table Knives With Fixed Blades,5523,1137497,713349
82119200,Other Knives With Fixed Blades (Excl. Table Knives),6479,1627836,740469
82119300,Knives(Excl. With Fixed Blades),75,35500,34901
82119400,Blades For Knives (Excl. Those Of 82.08),6902,1591536,1341651
82119500,Knife Handles Of Base Metal,9781,2668077,1778046
82121000,Razors (Non-Electric),25067,20334093,16632274
82122011,Perforated blade blanks in strips or pieces width not exceeding half Inch.,3298,913244,549642
82122019,Stainless Steel Blade,1966,2828663,2500135
82122090,Safety Razor Blades (Incl. Razor Blades Blanks In Strips) Nes.,880,540718,441720
82129000,"Parts Of Razors, Nes",8708,2564570,1286510
82130000,"Scissors, Tailors' Shears And Similar Shears, And Blades Therefor",50119,13833447,8970485
82141000,"Paper Knives, Letter Openers, Erasing Knives, Pencil Sharpeners...",29456,7384912,6535741
82142000,Manicure Or Pedicure Sets And Instruments (Incl. Nail Files),58843,10329716,7819342
82149000,Other Articles Of Cutlery,9535,1811591,1183515
82151000,"Sets Of Spoons,Forks, Etc (One Or More Article Plated With Precious Metal)",4695,591658,464580
82152000,"Sets Of Assorted Spoons, Forks, Etc... (Excl. Plated)",41600,11090393,9343210
82159900,"Spoons, Forks, Ladles, Skimmers... Or Similar Tableware, Nes",91452,23273604,15435914
83011000,Padlocks Of Base Metal,189979,71372688,52864369
83012000,Locks of a kind used for motor vehicle,40017,22202804,18797553
83013000,Locks For Furniture Of Base Metal,91432,49303625,42916577
83014010,"Lever lock, Mortice lock",89,159243,148266
83014090,Other locks,42091,29398940,21522635
83015000,"Clasps And Frames With Clasps, Incorporating Locks Of Base Metal",1244,554443,346227
83016000,Parts Of Padlocks And Locks Of Base Metals,192091,72251740,52688232
83017000,Keys Presented Separately Of Base Metal,3770,2030795,1382346
83021000,Hinges Of Base Metal,397777,141036547,110370867
83022000,Castors Of Base Metal,30746,9284606,6667472
83023000,"Mountings, Fittings, Etc, For Motor Vehicles, Of Base Metal, Nes",14965,11809831,9478182
83024100,"Mountings, Fittings, Etc, Suitable For Buildings, Of Base Metal, Nes",276407,71156210,50959973
83024210,Magnatic door holder....Suitable for furniture,118,61041,11534
83024290,"Mountings, Fittings, Etc, Suitable For Furniture, Of Base Metal, Nes",415884,110636066,83150428
83024910,"OTHR MOUNTING, FIT.&SIMILAR ARTICLES, DEV. /FITTINGS FOR BARR.WIND. & OR PANIC EXIT DOOR",9858,2629811,1658189
83024991,OTR MOUNTING FITTINGS &SIMILAR ARTI.EXCL. DEVICE/FIT.FOR BARRED WINDOWS & OR PANIC EXIT,97101,24432859,14452799
83024999,OTR MOUNTING FITTINGS &SIMILAR ARTI.EXCL. DEVICE/FIT.FOR BARRED WINDOWS & OR PANIC EXIT,18576,6574490,5281035
83025000,"Hat-Racks, Hat-Pegs, Brackets And Similar Fixtures Of Base Metal",13601,4051922,3006993
83026000,Automatic door closers,31142,8275781,5955752
83030000,"Armoured Or Reinforced Safes, Strong-Boxes And Doors... Of Base Metal",8161,2202293,1049507
83040000,Filing Cbnts.Card-Index Cbnes../Desk Eqpmnt.Of Base Mtl.Oth.Than Hs 94.03,9295,1216053,1098781
83051000,Fittings For Loose-Leaf Binders Or Files Of Base Metal,3948,784969,306922
83052000,"Staples In Strips, Of Base Metal",55870,9834758,8252905
83059000,"Office Artcls.Such As Ltr.Clips,Ltr.Corners..Of Base Metal Incldng.Parts",21928,4630469,4142105
83061000,"Bells, Gongs, Etc, Non-Electric, Of Base Metal Containing more than 99.99 % of bismut",10241,2633584,1820090
83062100,"Statuettes And Other Ornaments Of Base Metal, Plated With Precious Metal",2308,583354,385789
83062900,Statuettes and other ornaments of base metal (excl. plated),55464,13762431,10527432
83063000,"Photograph, Picture Or Similar Frames; Mirrors Of Base Metal",6381,1404309,1100078
83071000,Flexible Tubing Of Iron Or Steel,61370,11843277,9332576
83079000,Flexible Tubing Of Other Base Metal (Excl. Iron Or Steel),650,1431976,1351664
83081000,"Hooks, Eyes And Eyelets Of Base Metal",31129,7451632,5007152
83082000,Tubular Or Bifurcated Rivets Of Base Metal,8785,2532212,1367405
83089000,"Clasps, Buckles... Beads Andspangles Of Base Metal (Incl. Parts)",88202,26687286,20015949
83091000,Crown Corks Of Base Metal,74,37500,19632
83099010,Lug Caps,5535,2747597,1441108
83099020,Container Seal,18580,11963698,5238523
83099030,Combination seal for vials,7793,12388399,12102944
83099091,"Stoppers, caps and lids.. excl.Crown corks nes,",74028,20116819,19503839
83099099,"Stoppers, caps and lids.. excl.Crown corks nes,",21749,5914141,4992718
83100000,"Sign-Plates, Name-Plates, Address-Plates, Etc, Of Base Metal(Ex.Hsno-94.05",798,5438371,5221826
83111010,"Coated electrodes of base metal, for electric arc-welding......Welding wire",22270,3730693,2949188
83111090,"Coat electrode of base metal, for elec arc-weld, ExWeld wire imp by VAT reg com. manu",120314,18653126,14663727
83112000,"Cored Wire Of Base Metal, For Electric Arc-Welding",138099,23311816,18948193
83113000,"Coated rods and cored wire of base metal, for soldering, brazing...",7440,3676607,3037097
83119000,"Wires, Rods... Of Base Metal, Coated/Cored (Incl. Powder For Sprays) Nes",4970,900097,366406
84014000,Parts Of Nuclear Reactors (Excl. Fuel Elements),72590,2205174636,2183341223
84021900,"Other Vapour Generating Boilers, Nes (Incl. Hybrid Boilers)",552816,444442740,410919076
84022000,Super-Heated Water Boilers,35,658751,650187
84029000,Parts Of Sheam On Oth.Vapour Genrtng.Boilers & Super-Heated Water Boiles,15118,6765469,4264115
84039000,Parts Of Central Heating Boilers,151,303928,297940
84041000,Auxiliary Plant For Use With Boilers Of 84.02 Or 84.03,1800,698116,684360
84049000,parts of 8401 to 8404,1430,613565,526383
84051000,"Producer Gas Or Water Gas Generators; Acetylene Gas Generators, Etc",2647,6182738,6072697
84059000,Parts Of Producer Gas Or Water Gas Generators Etc,2109,773681,758436
84069000,Parts Of Steam And Other Vapour Turbines,463,4385194,4226943
84072100,Outboard Motors For Marine Propulsion Engines,3579,13870388,13640501
84072900,Other Marine Propulsion Spark-Ignition Piston Engines (Excl. Outboard),6497,3199418,3130568
84073290,"Oth.Spark-Ignition..,For Vehicles,Of Cy..Capacity >50 Cc, Not >250c",751999,921840027,902078775
84073490,"Cylinder capacity >1,000 cc exlc. Bus or Truck engine with inbuilt CNG mechanism",494734,81577129,44230640
84081000,Marine propulsion engines,34751,23386396,21627060
84082039,Other diesel engine>=2600cc,327720,36411996,13620436
84082090,"Compression-Ignition ... , Other Engines For Vehicles Of Chapter No. 87",50,43804,1227
84089010,Diesel Engines of capacity 3 to 45 HP,975512,179976463,166912417
84089090,"Other Engine, Nes",2949,1163875,1019455
84091000,Parts For Aircraft Engines Of 8407.10,3,314984,308946
84099110,For Engines of Industrial use and fishing trawler,1682,26030880,25528994
84099190,"Parts For Spark-Ignition Internal Combustion Engines(Excl.Aircraft),Nes",394075,433786084,415851498
84099910,For Engines of Industrial use and fishing trawler,3737,60337728,59282087
84099990,"Parts For Compression-Ignition Internal Combustion Engines, Nes",699170,294307100,246166068
84119900,Oth. Parts Of Gas Turbines (Excl. Of Turbo-Jets And Turbo-Propellers),3013,1187469392,1163949675
84122100,"Hydraulic Power Engines And Motors, Linear Acting (Cylinders)",21681,19421711,17368615
84122900,Hydraulic Power Engines And Motors (Excl. Linear Acting),6179,7633621,6695732
84123100,"Pneumatic Power Engines And Motors, Linear-Acting (Cylinders)",12328,44537969,41882825
84123900,Pneumatic Power Engines And Motors (Excl. Linear Acting),193,1470066,1409177
84128000,"Engines and motors, nes",91,33587,11288
84129010,Parts Of Engines And Motors Of 8412.10 To 8412.80 For Aircraft Engines,10,112172,109963
84129090,"Parts Of Engines And Motors Of 8412.10 To 8412.80, Nes",1655,4599933,4241457
84131100,"Pumps For Dispensing Fuel Or Lubricants, For Filling-Stations Or Garages",18033,14462382,13928806
84131900,"Pumps For Liquids, With Or Designed To Be Fitted With A Measuring Device",4671,12739912,12482996
84132000,Hand Pumps For Liquids (Excl. Those Of 8413.11 Or .19),3254,1250917,419973
84133000,Fuel/Lubricating/Cooling-Medium Pumps For Internal Combustion Engines,67622,65319282,52796683
84134000,Concrete Pumps,41074,46079186,40082451
84135000,Reciprocating Positive Displacement Pumps,26576,16813908,13832690
84136000,Rotary Positive Displacement Pumps,72341,65733949,62837077
84137000,Other Centrifugal Pumps,3633824,1770654617,1582672113
84138100,Other Liquid Elevatos Pumps,579681,396457495,324743751
84138200,Liquid Elevators,4,46312,45399
84139100,Parts of Pumps for liq. whts or not fitted with fitted with meas. dev.liquied elev.,63163,49190270,41352242
84139200,Parts Of Liquid Elevators,550,1345351,1332007
84141000,Vacuum Pumps,5784,19235797,18578375
84142000,Hand Or Foot-Operated Air Pumps,10838,2280732,1882533
84143010,Compressors For Refrigerating Equipment For Industrial Use,12453,9255168,8049292
84143090,"Other Compressors For Refrigerating Equipment, Nes",2075298,1287996061,841067378
84144000,Air Compressors Mounted On A Wheeled Chassis For Towing,71408,27514307,18110040
84145100,"Table, floor, wall, window, ceiling or roof fans, with a....output not exceeding 125W",282006,46451564,32916358
84145910,Venlating exhaust fan with blade rotating diameter of 24 inch or mere,144256,70841362,46370870
84145920,"Laminar air flow equipment, industrial type",6209,16565501,16174838
84145990,"Otherv Fans, Nes",125437,36660872,31103215
84146000,Hoods Incorporating A Fan Having A Maximum Horizontal Side =<120cm,80656,16829069,13444639
84147000,Gas-tight biological safety cabinets,890,2194587,2111054
84148010,Air Compressors,193069,265015474,251023508
84148020,"Pumps & Compressors; Hodds With A Fan, Blowers For Use In Piciculture Only",23943,17544852,16901659
84148030,Pumps and compressors,6014,5814118,4639518
84148041,Industrial Type,11132,8960812,7739087
84148049,Compressor Excl Industial and VAT MFG AIRCON,750445,737257552,465591651
84148090,"Other Air Pumps; Air Or Gas Compressors; Hoods With A Fan, Nes",23995,20798887,18092687
84149010,Parts Of Fan,293096,64383010,47242806
84149020,Parts...Of compressor,7366,15724741,14625428
84149090,"Parts Of Air/Vacum Pumps, Of Air/Gas Compressors, Nes",10611,102188840,98809529
84151010,"A/C, Window/wall self contained Requiring more than 300,000 BTU or equivalent",125966,147601345,143485187
84151020,"A/C Machines, window/wall type >90,000 BTU, BUT <3,00,000 BTU",5694,3566416,3330694
84151090,"Window or wall air conditioning machines, self-contained, nes",4893,20818635,20355465
84152010,"Air conditioning machine requiring more than 2,00,000 BTU or equivalent of a kind used for persons,",8,25139,24644
84152020,"AIR CON.MCH >200,000BTU,OR EQV.USE FOR PRSN IN MOTOR VEHI.IMP.BY VAT REG.BUS BDY BLD.",22197,17173833,14546085
84152090,"MOTOR VEHICLE A/C, EXCLUDING VAT REG. BUS BUIDLING IND.",1337,10077352,9878788
84158110,"Requiring more than 3,00,000 BTU or equivalent",17569,12823451,12588577
84158120,"Air handling unit or HVAC system requiring more than 2,00,000 BTU or equivalent",35265,147453307,144541828
84158190,"Air conditioning machines, with refrigerating unit and valve, nes",720,405533,106136
84158210,"Requiring more than 3,00,000 BTU or equivalent",100270,116184284,113267446
84158220,"Air handling unit or HVAC system requiring more than 2,00,000 BTU or equivalent",206237,181150204,116977045
84158230,"A/C Machine with ref. unit requiring >90,000 BTU not exceeding 3,00,000 BTU",6150,22010721,21580871
84158290,"Air conditioning machines, with refrigerating unit, no valve, nes",1416,3403476,3336736
84158330,Stability/Humidity chamber for pharmaceutical industries,1895,2272845,2080207
84158390,"Air conditioning machines, without refrigerating unit, nes",920,534430,429450
84159010,Indoor or outdoor unit,3488,2867340,2748508
84159090,Parts of other Air Conditioning Machine,936718,389590849,364560347
84161000,Furnace Burners For Liquid Fuel,1930,1056400,1035588
84162000,Other Furnace Burners For Solid Fuel Or Gas (Incl. Combination Burners),3061,5101762,4490911
84169000,Parts Of Furnace Burners For Liquid/Solid/Gas Fuel; Mechanical Grates...,350,2698166,2654545
84171000,"Furnaces And Ovens For Roasting, Melting... Of Ores/Pyrites/Metals",8918,3376068,2789688
84172000,Bakery Ovens (Incl. Biscuit Ovens),55529,39361138,35204008
84178000,Industrial Or Laboratory Furnaces (Incl. Incinerators),5912,3714747,2578884
84179000,Parts Of Industrial Or Laboratory Furnaces And Ovens,8642,19245434,18141225
84181000,"Combined refrigerator-freezers, fitted with separate external doors",68830,46379277,43173423
84182100,Compression-type household refrigerators,560,650865,638040
84182900,"Household refrigerators, nes",423739,211659024,120409258
84183000,"Freezers of the chest type, not exceeding 800 L capacity",441836,181328681,166650229
84184000,"Freezers of the upright type, not exceeding 900 L capacity",52886,21603125,15430261
84185000,"Other furniture (chests, cabinets, display counters, show-cases and",11736,4863546,3802365
84186190,Oth.Re/Freg.Compres.Type Units Whose Cndnsrs.Are Heat Exchngrs.Ex.Indstrl.,5220,2675712,2555228
84186910,"Refrigerating Or Freezing Equipment,Heat Pumps, Industrial",320541,311758241,306888692
84186994,Of compressor imported by VAT registered compressor manufacturers,1310,491903,368100
84186995,Special type laboratory refrigerator imported by pharmaceutical industries,2291,1039756,788348
84186997,"Chiller, capacity 25 tons or above",48156,75120651,73510564
84186999,"Freezers of the upright type, (Excl.) exceeding 900 L or 800L capacity",20955,42940708,40517469
84189900,Parts for imported by VAT registered refrigerator and freezer manufacturers,450998,226378886,203800214
84191900,"Other Instantaneous Or Storage Water Heaters, Non-Electric, Nes",730,297360,36277
84192000,"Medical, Surgical Or Laboratory Sterilizers",12727,115779279,113183619
84193300,"Lyophilisation apparatus, freeze drying units and spray dryers",100,130673,128099
84193400,"Other, for agricultural products",30268,13591380,10506868
84193500,"Other, for wood, paper pulp, paper or paperboard",0,40898,40491
84193900,"Non-Domestic Dryers, Nes",56062,77326128,74475598
84194010,Water Distillation Equipment Up To 20 Litres,150,118946,94724
84195000,Heat Exchange Units,35298,54973250,53220112
84196000,Machinery For Liquefying Air Or Other Gases,1726,691200,354603
84198100,"Non-Domestic Equipment, For Cooking Or Heating Food",25845,38331479,36536735
84198919,Other,1620,4173252,4101638
84198990,Other,1606866,647668221,213703430
84199000,Parts Of Non-Domestic Heating/Cooling Equipment,16287,70189537,68763952
84201000,Calendering Or Other Rolling Machines (Excl. For Metal/Glass),37027,12899843,9550845
84209100,Cylinders For Calendering Or Other Rolling Machines,2462,5721611,5488734
84209900,"Parts Of Calendering Or Other Rolling Machines, Nes",15450,7545206,5619108
84211100,Centrifugal Cream Separators,2853,1069237,410922
84211200,Centrifugal Loundry -Dryers Of 1bhp Or More,660,2350748,2291784
84211910,"Other Centrifuges,Including Contrifugal Dryers Nes, For Laboratory Use",14440,15716357,15420785
84211990,"Oth. Centrifuges, incl. Centrifugal dryers; filtering.. Excl.laboratory, industrial type",705,738031,687734
84212110,Water Filtering Or Purifying Machines Of Sterilisers For Laboratory Use,102,15020,9816
84212120,Domestic type water purifying apparatur and machine.,101462,45368010,40855707
84212191,Filtering Or Purifying Machinery & Apparatus To Be Used With Swimm. Pools,1399,655009,329689
84212192,Water purifying machine (Industrial type),50239,136998178,134117315
84212193,Effluent (waste water) Treatment Plant,131543,228747382,214868970
84212194,"Carbon filter, filter housing, diffuser",4392,2518603,2346401
84212199,Other (excl. effluent waste water treatment plant),99755,72777768,67657851
84212200,Machinery And Apparatus For Filtering/Purifying Beverages (Excl. Water),20,4380,2454
84212300,Oil Or Petrol-Filters For Internal Combustion Engines,132571,116412598,99723929
84212910,Cartridge/Membrane filter,10661,17287956,16484076
84212910,Imported by pharmaceuticals or water purifying machine/apparatus manufacturing industry,12488,48982752,47567717
84212920,Haemodialyser (Artificial Kidney),13866,58029509,55823449
84212930,Dialysis filter,2000,752897,696445
84212990,"Filtering or purifying machinery and apparatus for liquids, NES",40487,215417737,212613132
84213100,Intake Air Filters For Internal Combustion Engines,133904,115794884,101180862
84213210,Filtering or purifying machinery and apparatus for gases,6,20403,20000
84213290,Filtering or purifying machinery and apparatus for gases,1324,582650,330965
84213920,Industrial filter for air or other gases; overhead travelling .. cyclone of industria,53175,75679719,72734715
84213930,Leucocyte filter,144,777877,762609
84213990,Other,18968,42610898,41071038
84219100,"Parts Of Centrifuges, Including Centrifugal Dryers",3624,1046645,465172
84219900,Parts Of Machinery... For Filtering/Purifying Liquids Or Gases,75,46309,45400
84219910,Parts Of Machinery... For Filtering/Purifying Liquids Or Gases,2787,3018309,2557398
84219990,Parts Of Machinery... For Filtering/Purifying Liquids Or Gases,13199,10077817,7726007
84221100,"Dish Washing Machines, Of The Household Type",10234,3967064,2374760
84221900,"Other Dish Washing Machines, Of The Industrial Type",2097,3140187,2805430
84222000,Machinery For Cleaning Or Drying Bottles Or Other Containers,10167,89601560,87827847
84223000,"Machinery For Filling,Closing...Etc.Bottles,Cans Etc,& Aerating Drinks",272496,696139357,677341214
84224000,"Oth.Packing/Wrapping Machinery, (Incl. Heat-Shrink Wrapping Machinery)Nes",233692,491181165,472627588
84229000,Parts Of Machinery Of 8422.11 To 8422.40,4756,25312931,24571999
84231010,"Personal wt. machines (incl. baby scales), h/hold scales... Neonatal scale with spring",146,76977,27485
84231090,"Personal wt. Machine .., h/hold scales... Excl. Neonatal scale with spring",26242,10059390,8228490
84232000,Scales For Continuous Weighing Of Goods On Conveyors,53029,23565126,19491405
84233000,Constant Weight Scales And Scales For Discharging A Predetermined Weight,2196,2924587,2517096
84238100,"Weighing Machinery, Nes, Of Weighing Capacity =<30kg",132438,39482467,31036566
84238210,Weighting Capacity Exceeding 200KG,17725,7319094,5323830
84238290,"Weighing Machinery,Nes,..Capacity 30-5000kg(Excl.Capacity Excd. 200kg)",79723,44741763,38944203
84238900,"Weighing Machinery, Nes, Of Weighing Capacity >5000kg",4952,3157821,3112408
84239000,Weighing Machine Weights Of All Kinds; Parts Of Weighing Machinery,16003,8686001,7694093
84241000,"Fire Extinguishers, Whether Or Not Charged",509378,61456448,46614883
84242010,Spray Guns And Similar Appliances Of Industrial Use,30527,95692727,92674728
84242020,Metered valves for inhaler,1985,20717043,20238562
84242030,SPRINKLER SYSTEM AND EQUIPMENTS,4184,15387169,15065345
84242090,Spray Guns And Similar Appliances (Excl. Of Industrial Use),90110,82281531,76736551
84243000,Steam Or Sand Blasting Machines And Similar Jet Projecting Machines,28795,31432140,25828083
84244110,Agricultural or horticultural sprayers Portable sprayers,171111,42059296,35329517
84244190,Agricultural or horticultural sprayers Portable sprayers,37328,13993015,9745030
84244900,Oth. Agricultural or horticultural sprayers,9462,3570632,2890199
84248200,Other appliances Agricultural or horticultural,90,117734,9816
84248900,Mechanical Appliances For Projecting/Dispersing/Spraying Liquids/Powders,15524,8372977,7778730
84249000,Parts Of Machinery And Apparatus Of 8424.10 To 8424.89,29872,12621123,8210834
84251100,"Pulley Tackle And Hoists..., Powered By Electric Motor",7966,4882402,4499253
84251900,"Pulley Tackle And Hoists..., Nes (Excl. Skip Or Vehicle Hoists)",29917,12729223,6568810
84253100,"Winches, Capstans, Powered By Electric Motor",26993,11733009,10367190
84253900,"Winches, Capstans, Nes",265,60456,49448
84254100,Built-In Jacking Systems Of A Type Used In Garages,22140,8285347,4941129
84254200,Hydraulic Jacks And Vehicle Hoists,78145,15325243,11379223
84254900,"Jacks And Vehicle Hoists, Nes",184,335624,327437
84261100,Overhead Travelling Cranes On Fixed Support,210457,78936952,22319391
84261900,"Transporter Cranes,Gantry Cranes/Bridge Cranes,Overhd Travellng Cranes Nes",877,1941328,1847985
84262000,Tower Cranes,129173,48314111,37586446
84264190,"Other machinery, self propelled",750,16549385,16220054
84264900,"Derricks, Cranes, Etc, Nes, Self-Propelled (Excl. On Tyres)",1530,570615,165645
84269900,"Ships Derricks, Cranes, Etc, Nes",50281,51568503,50552400
84271000,Self-Propelled Works Trucks Powered By An Electric Motor,389266,195588348,182894034
84272000,Self-Propelled Works Trucks (Excl. Electic),261009,134187809,125564867
84279000,"Other Works Trucks Fitted With Lifting Or Handling Equipment, Nes",31527,14034653,9985248
84281000,Lifts And Skip Hoists,1364175,669261755,595087812
84282000,Pneumatic Elevators And Conveyors,30857,75300058,73540604
84283200,"Continuous-Action Elevators And Conveyors, Bucket Type, Nes",695,339828,213866
84283300,"Continuous-Action Elevators And Conveyors, Belt Type, Nes",16074,9108670,7630201
84283900,"Continuous-Action Elevators And Conveyors, Nes",150797,257049950,240940825
84284000,Escalators And Moving Walkways,73514,28764249,24936763
84286000,"Teleferics, Chair-Lifts...; Traction Mechanisms For Funiculars",1610,604570,378284
84287000,Industrial robots,1130,1431114,1407737
84289000,"Lifting, Handling, Loading Or Unloading Machinery, Nes",276093,200052490,189225090
84293000,Self-Propelled Scrapers,3,15898,15584
84294000,Self-Propelled Tamping Machines And Road-Rollers,23601,7000997,5244934
84295100,Self-Propelled Front-End Shovel Loaders,240395,111346090,99239360
84295200,Self-Propelled Bulldozers... With A 360o Revolving Superstructure,12900,4984096,4908000
84295900,"Self-Propelled Bulldozers, Excavators..., Nes",774125,220582913,148798290
84301000,Pile-Drivers And Pile-Extractors,15260,5551858,2142342
84304900,Boring Or Sinking Machinery (Not Self-Propelled),6,1252,1227
84306110,"Tamping Or Compacting Machinery, Not Self-Propelled",2721,1016527,739145
84306120,Jet/Cement grouting,38,475632,466260
84306190,"Tamping Or Compacting Machinery, Not Self-Propelled",10390,8615104,5927969
84306900,"Other Earth Moving,Excavating, Extracting... Machinery, Not Self-Propelled",6715,2516167,1514732
84311000,Parts Of Machinery Of 84.25,269,970691,946262
84312000,Parts Of Machinery Of 84.27,3120,3303625,3091973
84313100,"Parts Of Lift, Skip Hoists Or Escalators",396917,112000394,89040870
84313900,"Parts Of Machinery Of 84.28 (Excl. Lift, Skip Hoists Or Escalators)",41715,12623130,10666545
84314100,"Buckets, Shovels, Grabs And Grips Of Machinery Of 84.26, 84.29 And 84.30",30472,8800891,6468731
84314300,Parts For Boring Or Sinking Machinery Of Subheading 8430.41 Or 8430.49,171010,265077714,259081186
84314900,"Parts of machinery of 84.26, 84.29 and 84.30, nes",60171,33233315,25750997
84321000,Ploughs,7586,2919130,1676994
84322900,"Harrows (Excl. Disc Harrows), Scarifiers, Cultivators, Weeders And Hoes",111754,42095914,33145687
84323100,"Seeders, planters and transplanters No-till direct seeders, planters and transplanter",450,216538,120246
84323900,"Seeders, planters and transpl Excl. No-till direct seeders, planters and transplanter",2816,1124606,446015
84324100,Manure spreaders and fertiliser distributors Manure spreaders,3730,1400663,563563
84328000,"Soil preparation/cultivation machinery; lawn/sports-ground rollers , nes",371016,121116309,114923519
84329000,Parts Of Soil Preparation/Cultivation Machinery...,575600,64991564,53648949
84331100,"Mowers..., Powered, The Cutting Device Rotating In A Horizontal Plane",2788,1066200,203705
84331900,"Mowers For Lawns, Parks Or Sports Grounds, Nes",1070,339198,122394
84332000,"Mowers (Incl. Cutter Bars For Tractor Mounting), Nes",1764,990315,970802
84333000,Haymaking Machinery,14749,5547454,3605940
84334000,Straw or fodder balers (incl. pick-up balers),1126,615943,603807
84335100,Combine Harvester-Threshers,295020,187416271,183435273
84335200,"Threshing Machinery For Agricultural Produce, Nes",3190,1207776,559021
84335910,Harvesting machinery,420,2756669,2696427
84335990,"Harvesting Machinery, Nes",5581,3849146,3499281
84336000,"Machines For Cleaning, Sorting Or Grading Eggs, Fruit Or Other Produce",1780,1461268,1218983
84339000,Parts Of Harvesting... Machinery,76032,32041053,29203977
84341000,Milking Machines,1745,729715,310971
84342000,Dairy Machinery,2865,11090709,10872180
84349000,Parts Of Milking Machines And Dairy Machinery,1,158795,155677
84351000,Crushing Machinery,8,3755,1227
84361000,Machinery For Preparing Animal Feeding Stuffs,79037,49436432,31305242
84362100,Poultry Incubators And Brooders,2803,1161714,716249
84362900,"Other Poultry-Keeping Machinery, Nes",203149,133918228,124969103
84368000,"Agricultural... Forestry Or Bee-Keeping Machinery, Nes",80,356723,349695
84369100,Parts Of Poultry-Keeping Machinery Or Poultry Incubators And Brooders,400,132274,46945
84369900,"Parts Of Agricultural... Machinery, Nes",120786,41694669,32570082
84371000,"Machines For Cleaning/Sorting/Grading Seed, Grain Or Dried Vegetables",403376,295889282,278090448
84378010,Rice Huller And Rice/Wheat Crusher,16473,6270839,4313987
84378090,Other Machinery For Milling Or Working Cereals Or Dried Vegetables,512118,864652881,846608320
84379010,Parts For Rice Huller And Wheat Crusher,162786,41898798,36188101
84379090,"Other Parts Of Milling Etc, Machinery",55705,37184982,33678366
84381000,"Bakery Machinery And Machinery For Making Macaroni, Spaghetti, Etc",3161,14291241,14032433
84382000,"Machinery For The Manufacture Of Confectionery, Cocoa Or Chocolate",1590,2415306,2211054
84385000,Machinery For The Preparation Of Meat Or Poultry,10538,12486883,12175496
84386000,"Machinery For The Preparation Of Fruits, Nuts Or Vegetables",10540,5522846,4744809
84388000,"Machinery for the preparation or manufacture of food or drink, nes",562852,1083261245,1063211816
84389000,"Parts Of Industrial Machinery For Food And Drink Manufacture, Nes",53109,20518360,18328993
84391000,Machinery For Making Pulp Of Fibrous Cellulosic Material,1665,1404592,1385352
84392000,Machinery For Making Paper Or Paperboard,794132,591339929,545054985
84399100,Parts Of Machinery For Making Pulp Of Fibrous Cellulosic Material,4935,5831137,5526040
84399900,Parts Of Machinery For Making/Finishing Paper Or Paperboard,52005,42716392,41230777
84401000,Book-Binding Machinery (Incl. Book-Sewing Machines),69467,24816282,21824779
84411000,Cutting Machines,198213,113968569,91235056
84412000,"Machines For Making Bags, Sacks Or Envelopes Of Paper Or Paperboard",12275,5953928,4294500
84413000,"Machines For Making Cartons, Boxes, Etc, Of Paper Or Paperboard",138623,73665831,63055665
84414000,"Machines For Moulding Articles In Paper Pulp, Paper Or Paperboard",514,195531,130062
84418000,"Machinery For Making Up Paper Pulp, Paper Or Paperboard, Nes",70303,72834258,70536773
84419000,"Parts Of Machinery For Making Up Paper Pulp, Paper Or Paperboard, Nes",7015,6435875,6117428
84423000,"Machinery, apparatus and equipment for pre. or making plates, ..comp. Machiner",92727,693125480,691797447
84425010,"Printing Type, Prepared For Printing Purpose",86,1420487,1392498
84425020,PRINTING PLATES,73,37552,12884
84425090,"Other Printing Type,Blocks,Plates,Cylinders...Other Printing Components",2231,7376916,6893214
84431100,"Offset Printing Machinery, Reel Fed",56147,15933842,14434919
84431300,Other offset printing machinery,225980,108806334,96943438
84431400,"Letterpress printing machinery, reel fed, excluding flexographic printing",5040,3637469,3288115
84431600,Flexographic printing machinery,26157,15909591,14830013
84431700,Gravure printing machinery,76138,61493971,60552250
84431900,"Other printing components(excl.Offset printing machinery, Letterpress printing",256540,204712060,161390892
84433100,"Machines which perform two or more of the functions of printing, copying or fa",90110,102026239,91767383
84433210,Computer printer,45715,43767215,38222457
84433290,Other printer (excl. computer printer),3173,4158583,3455484
84433910,Inkjet printer,25724,44767806,40164487
84433991,Copying machine & fax machine,5971,3320659,2369337
84433999,"Other printing machine,nes",9683,6673781,5302031
84439100,"Parts & acces.of printing m/c used for print. by means of plates, cylinders an",18432,28042810,25958736
84439910,Toner cartridge/Inkjet cartridge,129081,95798778,67258514
84439920,Other parts for Computer Printer,1679,3447521,3258975
84439990,Parts & accessories other than compuet printer,17657,36408262,32801763
84451100,"Carding Machines, For Preparing Textile Fibres",167478,157340695,153982348
84451200,"Combing Machines, For Preparing Textile Fibres",9430,14647395,14478600
84451300,"Drawing Or Roving Machines, For Preparing Textiles Fibres",60046,106209845,104459061
84451900,"Other Machines For Preparing Textile Fibres, Nes",751777,1375632674,1348991079
84452000,Textile Spinning Machines,251406,407507361,399778904
84453000,Textile Doubling Or Twisting Machines,16802,14131012,13865278
84454000,Textile Winding (Incl. Weft-Winding) Or Reeling Machines,108178,110190120,107430858
84459000,"Machinery For Producing Or Preparing Textile Yarns, Nes",96312,29050248,17551322
84461000,"Weaving Machines For Weaving Fabrics, =<30cm Wide",11540,4395421,3354495
84462100,"Power Looms For Weaving Fabrics, >30cm Wide, Shuttle Type",1152805,325153754,92390916
84462900,"Weaving Machines For Weaving Fabrics, >30cm Wide, Shuttle Type, Nes",90517,69199926,67320712
84463000,"Weaving Machines For Weaving Fabrics, >30cm Wide, Shuttleless Type",2754474,1049500833,568460984
84471100,"Circular Knitting Machines, With Cylinder Diameter =<165mm",2600,976385,938655
84471200,"Circular Knitting Machines, With Cylinder Diameter >165mm",278322,214009941,193510170
84472000,Flat Knitting Machines; Stitch-Bonding Machines,1839782,2156408294,2103246835
84479000,"Machines For Making Gimped Yarn, Tulle, Lace, Embroidery, Trimmings, Etc",842280,567975074,508736839
84481100,"Doobies And Jacquards; Card Reducing, Copying... Machines",26059,9978490,6493561
84481900,"Auxiliary Machinery For Machines Of 84.44, 84.45, 84.46, 84.47",63712,137689700,134443165
84482010,Parts And Accessories Of Machines Of 84.44 Or Their Auxiliary Machinery,0,44684,12930
84482090,Parts And Accessories Of Machines Of 84.44 Or Their Auxiliary Machinery,650,5414198,5310843
84483100,Card Clothing,41317,48711063,46893622
84483200,"Parts And Accessories Of Machines For Preparing Textile Fibres, Nes",12363,9306796,8825149
84483300,"Spindles, spindle flyers, spinning rings and ring travellers",9293,44302171,42687489
84483900,"Parts And Accessories Of Machines Of 84.45, Etc, Nes",44558,108943625,103721590
84484210,"Reeds And Wire Healds, For Loom",27581,6100285,4600748
84484290,Other Reeds For Looms Healds And Heald-Frames,2041,4648379,4603819
84484900,"Parts And Accessories Of Weaving Machines (Looms), Nes",110737,43545585,37538506
84485100,"Sinkers, needles and other articles used in forming stitches",7749,206911950,199108473
84485900,"Other Parts And Accessories Of Machines Of 84.47, Etc, Nes",43282,44585361,39447232
84490000,Machinery For The Manufacture Or Finishing Of Felt Or Nonwovens,25290,13530156,11937483
84501100,"Fully-Automatic Washing Machines, Capacity=<10kg",238741,151058901,99723891
84501900,"Washing Machines, Nes, Of A Dry Linen Capacity =<10kg",583,49709,44654
84502010,"Washing Machines, Household/Laundry Type, Capacity <18kg",113030,71197642,43122346
84502090,"Washing Machines, Household/Laundry Type, Capacity >10kg",5531,6460828,5324975
84509000,Parts Of Household/Laundry-Typewashing Machines,119570,47432696,35044249
84511000,Dry-Cleaning Machines,7445,25943719,25431544
84512100,"Drying Machines, Of A Dry Linen Capacity =<10kg",7659,4080804,3399857
84512900,"Drying Machines, Of A Dry Linen Capacity >10kg",92232,135097815,132411259
84513000,Ironing Machines And Presses (Incl. Fusing Presses),47780,59868174,57907350
84514000,"Washing, Bleaching Or Dyeing Machines, Nes",363379,1053656287,1034080295
84515000,"Machines For Reeling, Unreeling, Folding, Cutting... Textile Fabrics",103045,158161284,154104178
84518000,"Machines For Wringing, Dressing, Finishing... Textile Yarns, Fabrics...",465861,510884580,490671852
84519000,"Parts Of Machines For Cleaning, Drying, Ironing, Etc",31174,45688072,42248080
84521000,SEWING MACHINES OF THE HOUSEHOLD TYPE,236451,69946224,66654927
84522100,Automatic Sewing Machines,968223,1847363598,1807793920
84522910,Sewing Machines Of Industrial Type(Excl.Automatic Units) Non Electric,785,72938,45767
84522990,Sewing Machines Of Industrial Type (Excl. Automaic Units ) Nes.,17291,21300264,20295682
84523000,Sewing Machine Needles,10130,89910044,84542149
84529010,"Furniture, bases and covers for sewing machines and parts thereof",37922,9553293,8317181
84529090,Other parts of sewing machines,59321,53276163,39221413
84531000,"Machinery For Preparing, Tanning Or Working Hides, Skins Or Leather",1190,4089786,3889298
84532000,Machinery For Making Or Repairing Footwear,199273,127830250,109931566
84538000,"Machinery For Making/Repairing Articles Of Hides, Skins Or Leather, Nes",33577,24188482,20174809
84539000,"Parts Of Machinery For Preparing ... Leather, Making Footware, Etc",2407,1488125,1260350
84541000,Converters Of A Kind Used In Metallurgy Or In Metal Foundries,1,31793,31166
84542000,"Ingot Moulds, Ladles Used In Metallurgy Or In Metal Foundries",800,1192772,294480
84543000,Casting Machines Used In Metallurgy Or In Metal Foundries,31641,19775442,19446107
84549000,"Parts Of Converters, Ladles... Casting Machines",2568,3841656,3727477
84552100,Hot Or Combination Hot And Cold Metal-Rolling Mills,1553135,1225487986,969720493
84552200,Cold Metal-Rolling Mills,253150,95119506,65903089
84553000,Rolls For Rolling Mills,84671,41066498,32688814
84559000,Parts Of Metal-Rolling Mills (Excl. Rolls),7237,6982572,6887179
84561100,"Operated by laser or other light or photon beam processes,Operated by laser",37334,131368459,125732568
84562000,Machine-Tools Operated By Ultrasonic Processes,7881,11588902,10758530
84563000,Machine-Tools Operated By Electro-Discharge Processes,7635,29741273,29151925
84564000,Operated by plasma arc processes,1244,1401862,1374240
84569000,"Other m/c-tools(excl. laser or other light or photon beam, ultra-sonic, electr",5411,9699711,9256120
84571000,Machining Centres For Working Metal,14920,56260271,55151724
84572000,Unit Contruction Machines (Single Station) For Working Metal,424,1720443,1679928
84573000,Multi-Station Transfer Machines For Working Metal,1900,45491785,44593179
84581100,"Horizontal Lathes For Removing Metal, Numerically Controlled",18009,121814067,119413849
84581900,Horizontal Lathes For Removing Metal (Excl. Numerically Controlled),46610,18856941,10330015
84589900,"Other Lathes For Removing Metal, Nes (Excl. Numerically Controlled)",59704,26929772,21456304
84592900,"Drilling Machines For Removing Metal, Nes",22862,14805309,12849765
84593100,"Boring-Milling Machines For Metal, Numerically Controlled, Nes",4530,1247399,1154693
84593900,"Boring-Milling Machines For Metal, Nes",13020,3636996,2566394
84595900,"Milling Machines, Knee-Type, For Metal (Excl. Numerically Controlled)",15201,8630029,6430137
84596100,"Other Milling Machines For Metal, Numerically Controlled (Excl. Knee-Type)",6135,2104852,1588106
84596900,"Other Milling Machines For Metal, Nes",17734,5210342,1702463
84597000,"Threading Or Tapping Machines For Metal, Worked By Removing Metal, Nes",2741,1565500,1067183
84601200,Flat-surface grinding machines Numerically controlled,3800,1046376,257670
84601900,"Flat-Surface Grinding Machines, 0.01mm Accuracy, Nes",501,136986,135191
84602200,"Centreless grinding machines, numerically controlled",264,200266,196320
84602400,"Other, numerically controlled",11265,4229994,1658659
84602900,"Grinding Machines, Nes, Accurate To 0.01mm",5049,1401584,440186
84603900,"Sharpening (Tool Or Cutter Grinding) Machines, Nes",969,1320479,1249735
84604000,"Honing Or Lapping Machines, For Working Metal",750,823593,807366
84609000,"Other Machines For Deburring, Grinding, Polishing, Etc, Metal, Nes",26675,18345977,16381595
84612000,Shaping Or Slotting Machines For Working Metal Or Cermets,13537,3715278,1319453
84614000,Gear Cutting/Grinding/Finishing Machines For Working Metal Or Cermets,800,1669260,1641726
84615000,Sawing Or Cutting-Off Machines For Working Metal Or Cermets,92243,55116503,47317763
84619000,"Other Machine Tools Working By Removing Metal Or Cermets,Nes",4058,6675554,6341989
84621100,Closed die forging machines,350,9968,4908
84621900,Other Than Closed die forging machines,11047,5074091,3740594
84622200,Profile forming machines,4770,1839944,1803690
84622300,Numerically controlled press brakes,1680,630838,294480
84622600,"Other numerically controlled bending, folding, straightening or flattening machines",2030,1556531,1330068
84622900,"Bending, Folding, Straightening Or Flattening Machines (Incl. Presses)",84533,38741510,31682007
84623200,Slitting lines and cut-to-length lines,1700,2707221,2653878
84623300,Numerically controlled shearing machines,7900,2175486,648650
84623900,"Shearing Machines (Incl. Presses), Nes",69925,34872981,24252391
84624900,"Punching Or Notching Machines (Incl. Presses), Nes",22208,10023465,8153303
84625900,"Machines for working tube, pipe, hollow section Excluding Numerically controlled",1382,519021,411413
84626100,Cold metal working presses : Hydraulic presses,7062,13012278,11894978
84626200,Cold metal working presses :Mechanical presses,201,436073,427536
84626900,"Cold metal working presses :, NES",24505,51198528,46827437
84629000,Machine-tools (Including presses) for working metal by... not specified above NES,25536,10716024,7156909
84631000,"Draw-Benches For Bars, Tubes, Profiles Or The Like",5400,2307847,2026692
84632000,"Thread Rolling Machines For Working Metal, Without Removing Material",8658,3830805,3087719
84633000,"Machines For Working Wire, Without Removing Material",26820,22402623,20669744
84639000,"Other Machine-Tools For Working Metal, Without Removing Material, Nes",5250,10381066,9880757
84641000,"Sawing Machines, For Workingstone, Ceramics, Concrete, Etc",3311,1238484,283514
84642000,"Grinding Or Polishing Machines, For Working Stone, Ceramics, Etc",48185,21216548,14233071
84649000,"Machine-Tools For Working Stone, Ceramics, Concrete, Etc",34285,13951075,5653652
84659100,"Sawing Machines For Working Wood, Cork, Bone, Hard Rubber, Etc",26542,13370790,12849840
84659200,"Planing, Milling Or Moulding Machines For Working Wood, Cork, Bone, Etc",49418,18698497,16578217
84659300,"Grinding, Sanding Or Polishing Machines For Working Wood, Cork, Etc",29397,12362014,9638339
84659400,"Bending Or Assembling Machines For Working Wood, Cork, Bone, Etc",7600,4462302,3775553
84659500,"Drilling Or Morticing Machines For Working Wood, Cork, Bone, Etc",8455,3869655,3252483
84659600,"Splitting, Slicing Or Paring Machines For Working Wood, Cork, Bone, Etc",15411,6912635,6478560
84659900,"Other Machine-Tools, Nes, For Working Wood, Cork, Bone, Hard Rubber, Etc",211632,81369208,65515829
84661000,Tool Holders And Self-Opening Dieheads,1443,9273355,9037964
84662000,Work Holders For Machine-Tools,376,751374,736568
84663000,Dividing Heads And Other Special Attachments For Machine-Tools,90,2741545,2684919
84669100,Parts And Accessories For Machines Of 84.64,15232,4454859,3645995
84669200,Parts And Accessories For Machines Of 84.65,5135,11424058,10995822
84669300,Parts And Accessories For Machines Of 84.56 To 84.61,3875,6262080,5578756
84669400,Parts And Accessories For Machines Of 84.62 To 84.63,7318,12260217,11900513
84671100,"Pneumatic Tools, Rotary Type, For Working In The Hand",36,203781,191044
84671900,"Pneumatic Tools (Excl. Rotary Type), For Working In The Hand",1129,3513841,3393833
84672100,DRILLS OF ALL KINDS;WITH SELF CONTAINED ELECTRIC MOTOR,140581,55761151,47445762
84672200,SAWS; WITH SELF-CONTAINED ELECTRIC MOTOR,53032,20262492,16835545
84672900,TOOLS FOR WORKING IN THE HAND;EXCLUDING DRILLS AND SAWS,116570,53138803,44147875
84678100,Chain Saws With Non-Electric Motor,31723,12010064,9713559
84678900,"Tools for working in the hand, with non-electric motor, nes",40779,16230278,11019634
84679100,Parts Of Chain Saws,31681,8015923,2780722
84679200,Parts Of Pneumatic Tools,34,466085,423022
84679900,"Parts Of Hand-Tools, With Non-Electric Motor, Nes",80012,20317396,14684579
84681000,"Hand-Held Blow Pipes For Soldering, Brazing Or Welding",15,289213,268392
84688000,"Machinery And Apparatus For Soldering, Brazing Or Welding, Nes",14337,31437804,30485916
84689000,"Parts Of Soldering, Brazing Or Welding Machinery And Apparatus",623,625315,543038
84701000,Electronic calculators capable of operation ... machines with calculating functions,31475,27734569,19082342
84703000,Calculating Machines (Excl. Electronic),5601,2770467,1093748
84705000,Cash Registers,107,35046,16074
84709000,"Postage-Franking Machines, Ticket-Issuing Machines, Etc",149,144798,95734
84713000,"Portable Digital Adp Machines,Wt<=10 Kg,Comp.At Least Cpu,Keyboard&Display",42948,507443914,449787860
84714100,"Nonportable Adp Machines,Comprisng At Least Cpu & I/O Unit In Same Housing",1090,1656328,1624142
84714900,"Non-Portable Adp Machines, Nes, Presented In The Form Of Systems",46525,287614753,266000865
84715000,"Processing units other than those of subheading 8471.41 or 8471.49, whether or",11123,168561425,155601094
84716010,Adp Input/Output Units Whether/Not Containg. Storage Units In Same Housing,3255,28807569,28217010
84716090,Adp Input/Output Units Whether/Not Containg. Storage Units In Same Housing,86228,122772319,115495958
84717000,Automatic Data Processing Machine Storage Units,13999,161043562,131886679
84718000,Other Units Of Automatic Data Processing Machines Nes,328,2915012,2860207
84719000,Magnetic or optical readers; machines for transcribing data onto data media...nes,3407,28187792,25755181
84723000,Machines For Dealing With Mail,1,5007,4908
84729010,"Office machines (incl. coin-sorting/counting/wrapping machines...) , nes",63150,104670294,102607875
84729090,"Office machines (incl. coin-sorting/counting/wrapping machines...) , nes",73002,20566596,15936591
84732100,"Parts & Accessor. Of The Electronic Calculating Of 8470.10,8470.21,8470.29",25236,3253552,2494381
84732900,Parts And Accessories Of Machines Of 8470.30 To 8470.90,11858,2584932,2254956
84733000,Parts And Accessories Of The Machines Of 84.71,114606,398399012,350432369
84734000,Parts And Accessories Of The Machines Of 84.72,968,2053068,1982130
84735000,Parts/acss equally suitable for use with the mach of >2= of hdgs 84.70 to 84.72,79,1005360,949051
84741000,"Sorting, Screening, Separating Or Washing Machines For Earth, Stone...",21413,47684361,45642889
84742000,"Crushing Or Grinding Machines For Earth, Stone, Ores, Etc",7546,10913289,10137460
84743100,Concrete Or Mortar Mixers,81252,31393597,26060865
84743900,"Mixing Or Kneading Machines For Earth, Stone, Ores, Etc",15228,13817007,12475942
84748000,"Other Machinery For Earth, Stone, Ores, Etc, Nes",380038,458852468,437391135
84749000,Parts Of Machinery Of 84.74,33964,45999359,44731727
84752900,Machines For Manufacturing/Hot Working Glass/Glassware(Exc.Optical Fibres),1333207,1513962766,1374661933
84759000,Parts Of Machines Of 84.75,388,144076,42945
84762100,"Automatic Beverage-Vending Machines, With Heating Or Refrigerating Devices",574,441843,433131
84762900,"Automatic Beverage-Vending Machines,Without Heating/Refrigerating Devices",3515,1533036,1502830
84768100,Automatic Vending Machines Wth Heatng/Refrigertng Devices(Exc.Bev.Machines,520,332944,326382
84768900,"Automatic Vending Machines Without Heating/Refrigerating Devices,Nes",947,645856,112884
84769000,Parts For Automatic Goods-Vending Machines,39,24405,3068
84771000,"Injection-Moulding Machines For Working Rubber Or Plastics, Etc",1112798,491742399,432867747
84772000,Extruders For Working Rubber Or Plastics And Making Products Thereof,539438,555402423,538747357
84773000,"Blow Moulding Machines For Working Rubber Or Plastics, Etc",209591,186418925,174071886
84774000,Vacuum Moulding Machines And Other Thermoforming Machines For Rubber...,66407,32640808,28250571
84775100,Machinery For Moulding Or Retreading Pneumatic Tyres...,3800,1414449,1065036
84775900,"Machinery For Moulding Or Forming Rubber Or Plastics, Etc, Nes",9796,9629134,7971574
84778000,"Other Machinery For Working Rubber/Plastics Or Making Products Thereof,Nes",346607,838722244,806822274
84779000,"Parts Of Machinery For Working Rubber Or Plastics, Etc",48179,87354404,84625306
84781000,"Machinery For Preparing Or Making Up Tobacco, Nes",16100,42539274,41699080
84789000,Parts Of Machinery Preparing Or Making Up Tobacco,1682,19787380,19390665
84791000,"Machinery For Public Works, Building..., Having Individual Functions",3742,2113617,1722708
84792000,Machinery For The Extraction/Preparation Of Animal/Vegetable Fats Or Oil,31509,14323905,13935051
84793000,"Machinery For Treating Wood Or Cork, Having Individual Functions",19560,7345087,3024555
84794000,Rope Or Cable-Making Machines,142498,203291027,194721219
84795000,"Industrial Robots, Nes",566,941314,922765
84796000,Evaporative Air Coolers,12663,5552376,882423
84797900,Other Passenger boarding bridges:,1164,971820,917077
84798100,"Machines For Treatng Metal,Inc.Elec.Wire Coilwinders,Individual Functions",245810,148023508,145928263
84798200,"Machines For Mixing,Kneading,Crushing,Grinding,Having Individual Functions",130105,294171802,285305824
84798900,"Machines, having individual functions, nes",1886079,1811481523,1554819102
84799000,Parts Of Machines Having Individual Functions Of Hs Heading 8479,21210,18716224,17584019
84801000,Moulding Boxes For Metal Foundry,8797,13228965,6288625
84802000,Mould Bases,41299,65857659,33012030
84803000,Moulding Patterns,14336,27354644,13182306
84804100,Injection Or Compression Type Moulds For Metal Or Metal Carbides,23311,38543582,14904422
84804900,Moulds For Metal Or Metal Carbides (Excl. Injection Or Compression),143262,237258473,147187757
84805000,Moulds For Glass,2218,4360212,4247997
84806000,Moulds For Mineral Materials,146204,152922461,62957854
84807100,Injection Or Compression Type Moulds For Rubber Or Plastics,286880,485628702,333036269
84807900,Moulds For Rubber Or Plastics (Excl. Injection Of Compression),213392,377328210,235024613
84811011,"Pressure-reducing valves,... not exceeding 1 inch Pressure regulator/valve for LPG",96677,25685451,23737447
84811019,"Pressure-reducing valves,... not exceed 1 inch, Excl. Press. regulator/valve for LPG",13356,13415537,11374486
84811090,Exclu. Inner Diameter not exceeding 1 inch,6439,23081559,22038773
84812010,"Valves for oleohydraulic or pneumatic transmission, inner diameter not exceeding 1 inch",47385,21637549,17294117
84812090,"Valves for oleohydraulic or pneumatic transmissions,Excl.Inner diameter not excee. 1 inc",24331,12483175,11086442
84813019,"Check (nonreturn) valves, inner diameter <= 1 inch.",28858,16990713,15553521
84813090,"Check (nonreturn) valves, Excl. Inner Diameter <= 1 inch.",104914,51416686,34501369
84814011,"Safety or relief valves, Inner diameter <= 1 inch., Safety or relief valve for LPG",63909,61331994,60110956
84814019,"Safety or relief valves, Inner dia. <= 1 inch., Excl. Safety or relief valve for LPG",9517,8117968,7263599
84814090,"Safety or relief valves, Excl. diameter <= 1 Inch",5383,6023940,5183964
84818010,Inner-Tube Valves For motorized or non-motorized vehicles,18814,21411081,20868636
84818021,Hand diaphragm valve,890,2525805,2449085
84818029,Hand diaphragm valve,197837,234516791,213042723
84818090,"Inner Diameter <1 inch,nes",245928,985946945,959067782
84819010,Parts of taps and cocks,140959,56297015,40354350
84819090,"Parts of taps and cocks, NES",2461,17593886,17078314
84821000,Ball Bearings,772207,429943743,314352335
84822000,"Tapered Roller Bearings, Including Cone And Tapered Roller Assemblies",64552,44170045,33005487
84823000,Spherical Roller Bearings,10677,12834706,10767006
84824000,Needle Roller Bearings,4267,3774643,3589602
84825000,Other Cylindrical Roller Bearings (Excl. Needle),11913,22023913,21470523
84828000,"Ball Or Roller Bearings (Incl. Combined Ball/Roller Bearings), Nes",13419,21307615,18580510
84829100,"Balls, Needles And Rollers",52948,30297368,19298078
84829900,"Parts Of Ball Or Roller Bearings (Excl. Balls, Needles And Rollers)",70980,28910662,20655624
84831000,Transmission shafts (incl. cam and crank shafts) and cranks,203399,198643977,159557776
84832000,"Bearing housings, incorporating ball or roller bearings",142277,77201285,41211378
84833000,"Bearing Housings, Nes; Plain Shaft Bearings",37065,49219680,41327589
84834000,Gears and gearing; ball or roller screws; gear boxes and other speed changers...,387580,218751669,164964676
84835000,Flywheels And Pulleys (Incl. Pulley Blocks),100433,52793115,32345473
84836000,Clutches And Shaft Couplings (Incl. Universal Joints),32617,39895999,34256256
84839000,"Parts Of Transmission Shafts, Cranks, Bearing Housings, Gears, Etc",28916,28642259,25591511
84841000,Gaskets... Of Metal Combined With Other Materials Or >1 Metal Layer,34249,20716179,16344344
84842000,Mechanical Seals,8366,25479776,24357135
84849000,Sets Or Assortments Of Gaskets And Similar Joints,244,5425220,5289411
84858000,"Machines for additive manufacturing, NES",935,351081,215216
84863000,Machines and apparatus for the manufacture of flat panel displays,1000,372208,331290
84871000,Ships' or boats' propellers and blades therefore,158,59404,15153
84879000,Machinery Parts other than ships' or boats' propellers and blades therefore,84129,182150855,173223312
85011010,Fan motor fitted with revolving mechanism,66588,30007394,22162233
85011090,Motors Of An Output =<37.5 W,63126,44110924,34763907
85012010,Fan motor fitted with revolving mechanism,86555,38469039,25600116
85012091,Motors of an output not exceeding 37.5 W but not exceeding 750 W,295113,134570281,112887767
85012099,Excluding Motors of an output not exceeding 37.5 W but not exceeding 750 W,21100,17267869,16339206
85013100,"Oth DC motors; DC generators, other than photovoltaic genera <=1200 W",47106,31545834,27882622
85013100,"Oth DC motors; DC generators, other than photovoltaic genera <=750 W",57,8711,2440
85013200,"Oth DC motors; DC generators, other than photovoltaic generators : >1200 W But <=75 Kw",449338,203054105,155312927
85013300,"Oth DC motors; DC generators, other than photovoltaic generators >75 Kw But <=375 Kw",2550,1987717,1952402
85013400,"Oth DC motors; DC generators, other than photovoltaic generators >375 kW",8019,14937896,14641103
85014010,"Ac motors, single-phase.. Of an output not exceeding 750 W",127721,70216730,55591878
85014020,"Ac motors, single-phase...Of an output exceeding 750 W but not exceeding 75 KW",212247,97015633,76268064
85014090,"Ac motors, single-phase...Excl. Of an output not exceeding 750 W",39963,15536514,11977233
85015100,"Ac Motors, Multi-Phase, Of An Output =<750 W",19694,12026043,8074483
85015200,"Ac motors, multi-phase, of an output >750 W-<=75 kW",67727,51574841,45670204
85015300,"Ac Motors, Multi-Phase, Of An Output >75 Kw",15148,14483896,14019136
85016200,"AC generators (alternators), other than photovoltaic generators=>75 Kva But <=375 Kva",4700,1764844,490800
85016300,"AC generators (alternators), other than photovoltaic generato >=375 Kva But <=750 Kva",5468,2053234,1054975
85017210,Photovoltaic DC generators : Of an output exceeding 50 W :,46,11264,4295
85017220,Photovoltaic DC generators :Of an output exceeding 750 W not exceeding 75 kW,264,1100118,1084778
85017240,Photovoltaic DC generators : Of an output exceeding 50 W :,475047,226105350,221809437
85018010,Photovoltaic AC generators,7718,3661145,3608509
85018090,Photovoltaic AC generators,220,1092673,1071142
85021100,"Generating Sets With Compression-Ignition Engines, =<75 Kva",204686,142512882,134174478
85021200,"Generating Sets With Compression-Ignition Engines, >75 Kva But <=375 Kva",122501,123656826,121100006
85021300,"Generating Sets With Compression-Ignition Engines, >375 Kva",220303,440521155,431538165
85022000,Generating sets with spark-ignition internal combustion piston engines,262628,853793245,836910521
85023900,"Generating sets (excl. wind-powered), nes",1836,669476,36726
85024000,Electric Rotary Converters,77,814729,779022
85030020,PARTS OF OTHER GENERATOR,15988,15657355,14509314
85030030,Rotor/Motor bush/Casing for electric motors,442773,170615741,104969676
85030091,Stator with winding wire,189227,82879226,57485144
85030092,STATOR WITHOUT WINDING WIRE,87094,32773886,15304697
85030093,Others parts of motor,34331,13431837,8740265
85030099,Stator other than with/without winding wire,18280,8396383,3731487
85041000,Ballasts For Discharge Lamps Or Tubes,34,263153,257969
85042100,"Liquid Dielectric Transformers, Power Handling Capacity =<650 Kva",571044,837534155,829236719
85042290,Having a power handling capacity exceeding 1000kVA but not exceeding 10000kVA,2000,1033248,1012889
85042310,"Liquid Dielectric Transformers, Power Handling Capacity >10000 Kva",6,5208,5103
85042390,"Liquid Dielectric Transformers, Power Handling Capacity >10000 Kva",218,400532,12270
85043100,"Transformers, Nes, Power Handling Capacity =<1 Kva",64854,47395782,38278361
85043200,"Transformers, Nes, Power Handling Capacity =>1 Kva But <=16 Kva",1591,3050713,2684544
85043300,"Transformers, Nes, Power Handling Capacity 16-500 Kva",2569,6741564,6583719
85043400,"Transformers, Nes, Power Handling Capacity >500 Kva",67554,67385356,64990030
85044010,Mobile battery charger(less than 6V),49634,135338674,112035664
85044020,UPS/IPS (Capacity upto 2000 VA),314973,215247894,177286639
85044030,"Voltage stabilizer (capacity upto 2,000 VA)",6261,5142649,3286485
85044040,Solar Inverter,67647,73066053,62397778
85044090,Other Static converters,594608,529659209,459166294
85045000,"Inductors, Nes",10517,56761272,53981693
85049010,"Electrical transformers, static converters .. Tap Changer",20499,161432047,158202778
85049030,"Electrical transformers, static converters .. Parts, Parts of static converter",57881,21293640,13616365
85049090,"Parts Of Transformers, Inductors And Static Converters, Nes",96681,36384388,29154759
85051100,Permanent Magnets And Articles Becoming Permanent Magnets Of Metal,661,5567611,5443811
85051900,Permanent Magnets And Articles Becoming Permanent Magnets (Excl. Metal),27093,11822701,4840486
85052000,"Electro-Magnetic Couplings, Clutches And Brakes",7336,5762631,2994992
85059000,"Other Electro-Magnetic Or Permanent Magnet Chucks,Etc;Incl.Parts Of Magnet",5020,2933326,2399314
85061000,"Primary cells & primary Battery of Manganese dioxide, TV",3320,3359721,2073630
85065000,Primary Cells And Primary Batteries Of Lithium,4524,10124017,4434563
85069010,Separator (Parts Of Primary Cells And Primary Batteries),64,24033,7853
85069090,"Parts Of Primary Cells And Primary Batteries,Excl.Separator, Nes",5600,3923781,2661467
85071000,Lead-Acid Accumulators For Starting Piston Engines,76394,37824714,35692069
85072010,Sealed (capacity 85 amp or less),19420,8172815,7934246
85072090,Other Lead Acid Accumulators,80858,69331665,64176358
85073000,"Nickel-Cadmium Accumulators, Separators.",21161,22989267,21962939
85075000,Nickel-metal hydride,5326,2963197,2117662
85076000,Lithium-ion,1416231,3428810361,3264332446
85078010,"Electric Accumulators,Seperators(Excl.Lead-Acid,Nickel-Cadmium/Nickel-Iron",31638,26297441,16483950
85078090,"Electric Accumulators,Seperators(Excl.Lead-Acid,Nickel-Cadmium/Nickel-Iron",45381,126478636,124546640
85079010,Battery Separator imported by battery manufacturing industries,152278,73093368,64291193
85079010,Separators,8991,3846783,3450188
85079090,"Parts Of Electric Accumulators, Nes",319265,85419125,67086686
85081100,"Vacuum Cleaners of a power not >1,500 W and a dust bag or oth recept. Cap. Not",686,256279,169229
85081900,"Vacuum Cleaners of a power >1,500 W and a dust bag or oth recept. Cap. > 20 l",8108,2593705,1774874
85086010,"Other vacuum cleaners, Industrial type",1967,755690,497242
85086090,"Other vacuum cleaners, Excluding Industrial type",3129,1063159,588997
85087000,Parts,16,321357,315026
85094000,Electro-Mechanical Domestic Food Grinders/Mixers/Juice Extractors,192939,42856268,38258759
85098000,"Electro-Mechanical Domestic Appliances, Nes, With Electric Motor",37591,9795863,7037314
85099000,Parts Of Electro-Mechanical Domestic Appliances,118707,47296707,37093053
85101000,Shavers With Self-Contained Electric Motor,57,185196,64547
85102000,Hair Clippers With Self-Contained Electric Motor,1128,2163891,1422952
85103000,"Hairremoving Appliances Wth Selfcontained Elec.Motor,(Exc.Shavers/Clippers",624,646955,470923
85109000,Parts Of Shavers And Hair Clippers Etc With Self-Contained Electric Motor,20443,6603873,4308224
85111010,Sparking Plugs,2,86240,84540
85111090,Sparking Plugs,25106,75563797,69545392
85112000,Ignition magnetos; magneto-dynamos; magnetic flywheels,4649,8928446,8674478
85113000,Distributors; Ignition Coils,21783,65871255,61682895
85114000,Starter motors and dual purpose starter-generators,58571,35732870,27538433
85115000,"Generators, Nes, For Internal Combustion Engines",5142,4226919,4000993
85118000,"Ignition/Starting Equipment, Nes, For Internal Combustion Engines",1458,1829538,1481453
85119000,Parts Of Electrical Ignition/Starting Equipment Of 85.11,78721,38421020,22630400
85121000,Lighting Or Visual Signalling Equipment For Bicycles,4273,1804151,1001614
85122000,Lighting Or Visual Signalling Equipment For Motor Vehicles,263298,163857628,119259974
85123000,Sound Signalling Equipment For Cycles Or Motor Vehicles,58744,31922692,20296771
85124000,"Windscreen Wipers, Defrosters And Demisters For Motor Vehicles",12473,6184321,3500167
85129000,"Parts Of Vehicle Lighting/Signalling, Etc, Equipment Of 85.12",4008,2510657,1751552
85131090,"Lamps, NES",169594,31500598,26526477
85139010,Parts of solar powered lantern/lamps having no provision for electrical power,40,20025,13497
85139090,Parts of portable electric lamps of 85.13,43149,11374517,7985304
85141900,Resistance heated furnaces and ovens : Excluding Hot isostatic presses,13703,9813164,7681439
85142000,Induction Or Dielectric Industrial Or Laboratory Furnaces And Ovens,67837,37984477,36231355
85143900,"Other furnaces and ovens , NES",4269,3043203,2563015
85144000,Industrial Or Laboratory Inductionor Dielectric Heating Equipment,177,1287546,1266111
85149000,"Parts Of Industrial Or Laboratory Furnaces And Ovens, Etc, Of 85.14",11020,9180018,8610320
85151100,Soldering Irons And Guns,16768,21241610,19832905
85151900,"Brazing Or Soldering Machines And Apparatus, Nes",7471,4836656,3037988
85152100,"Machines For Resistance Welding Of Metal, Fully Or Partly Automatic",3635,7522167,7335865
85152900,"Machines And Apparatus For Resistance Welding Of Metal, Not Automatic",4174,2638938,2391276
85153100,"Machines For Arc (Incl. Plasma Arc) Welding Of Metals, Automatic",7059,2763462,2089901
85153900,"Machines For Arc (Incl. Plasma Arc) Welding Of Metals, Not Automatic",41902,26403848,24329790
85158000,"Machines And Apparatus For Welding/Spraying Of Metals, Nes",41484,27774932,24974538
85159000,"Parts Of Soldering, Brazing, Welding, Etc, Machines/Apparatus Of 85.15",74119,25893097,15289656
85161010,Solar water heater with insulated storage tank,18,3075,3075
85161090,Other than water heater with insulated storage tank,12854,5137094,4573073
85162100,Electric Storage Heating Radiators,1287,108543,84418
85162900,"Electric space heating and soil heating apparatus, nes",1156,817830,736558
85163100,Electro-Thermic Hair Dryers,9635,5515915,4443630
85163200,"Electro-Thermic Hair-Dressing Apparatus, Etc (Excl. Dryers)",5015,3469856,2572132
85163300,Electro-Thermic Hand-Drying Apparatus,800,323860,256779
85164010,Industrial Steam Iron,6965,5980172,4304045
85164090,"Other Electrical Smoothing Irons,Nes",8558,3011830,2155402
85165000,Microwave Ovens,43785,19656676,16139464
85166000,"Electric Ovens, Nes; Cookers, Cooking Plates, Boiling Rings, Grillers...",188242,59033381,48458095
85167100,Electro-Thermic Coffee Or Tea Makers,8909,2394211,1839274
85167200,Toasters,1630,399523,325929
85167910,"Electro-Thermic Domestic Appliances, Nes",719,282281,133030
85167920,Mosquito/Insect killing bat,34188,17517816,15246525
85167990,"Electro-Thermic Domestic Appliances, Nes",47878,16526482,11388963
85168000,Electric Heating Resistors (Excl. Those Of 85.45),35929,19931511,18370207
85169000,Parts Of Electro-Thermic Appliances Of 85.16,548250,181085479,142929740
85171100,"Telephone set,inclu.telephone for cellu. network line t.phon Sets With ordless Handsets",4020,1978865,1769089
85171300,Smartphones,2568,106977365,95766987
85171400,Other telephones for cellular networks or for other wireless networks,1,7513,4908
85176100,"Other apparatus for transmission or reception of voice, images or other data??b",122789,1205778239,559130355
85176210,Transmitting and receiving apparatus,2361,27992719,27597624
85176220,Telephonic or telegraphic switching apparatus,2,2454,2454
85176230,"Modem; Ethernet interface card; computer network switch, hub and router",154960,446190967,423375857
85176240,G.master clock; modulator; m.plexer; optical fiber platform; network mgmt. system,4458,66711964,65836681
85176250,"WI-FI WIMAX LAN Card Access point,Security Dev",178,17434065,17092808
85176260,ANTENA FOR BASE STATION,32827,39078190,38532733
85176290,"Other reception, transmission app.(excl. modem, telephonic/telegraphic switch.",113958,392918051,265565170
85177900,Parts : NES,90808,1935981760,1870382981
85181000,Microphones And Stands Therefor,15246,12238313,10704571
85182100,"Single Loudspeakers, Mounted In Their Enclosures",5971,4503995,3576036
85182200,"Multiple Loudspeakers, Mounted In The Same Enclosure",12408,5889833,3149129
85182900,"Loudspeakers, Not Mounted In Encloseurs",112106,142582538,112080667
85183000,"Headphones, Earphones And Combined Microphone/Speaker Sets",201820,71299197,47998588
85184000,Audio-Frequency Electric Amplifiers,16370,8109020,3276408
85185000,Electric Sound Amplifier Sets,63884,23687813,9529748
85189000,Parts Of Apparatus Of 85.18,97541,36180071,27106066
85193000,Turntables (record-decks) :,245,113072,71902
85198120,"Other apparatus, Using magnetic, optical or semiconductor media, In CBU condit",32589,10850072,6361726
85198910,"Other Sound recording or reproducing apparatus, In CKD condition, nes",67,637321,618629
85198920,"Other Sound recording or reproducing apparatus, In CBU condition, nes",102211,34985632,23527259
85211010,"Video Recording..Appa.,With/Without Video Tuner,Magnetic Tape-Type In Ckd",24,3600,3600
85211020,"Video Recording..Appa.,With/Without Video Tuner,Magnetic Tape-Type In Cbu",15,6758,6626
85219010,"Video Recording/Reprod,Appara.With/Without Vdo Tuner,Exc,Mag.Tape In Ckd",8,12518,6135
85219020,"Vdo Rcding./Reprod.Appa.,With/Without Vdo Tuner,Exc.Mag.Tape Type In Cbu",30896,15685478,9725804
85229010,OTHER APPARATUS OF THE HEADING 8519,9424,2999303,1932022
85229020,For apparatus of Heading 85.21,155,155214,17792
85229090,"Parts & acc. for use with apparatus of 85.19 to 85.21, (excl.pick-up cartridges),nes",12,6007,2945
85232100,Cards incorporating a magnetic stripe,15,161422,69326
85232911,Recitation from the Holy Quran; Reproductions of speech,240,93875,92025
85232913,Other software for automatic data processing machines,1,2733632,2679768
85232919,"Other recorded media excl. rec. from holy Quran, software, reproduction of spe",2,34099,33427
85234100,Optical media: Unrecorded,1380,898275,781574
85234921,Database; os; development tools; productivity; communication or collaboration soft.,1,125372531,122902162
85234929,Optical media: Incorporating computer software,36,273114536,236789606
85234990,Other Optical media (EXCL. Unrecorded),1168,1247364577,1247353242
85235110,Flash memory card or similar media,912,70173139,62769987
85235121,"Database,os, dev. tools, security software ms office internet ... presentation tools",3,31433,16042
85235129,Other software for automatic data processing machines,2,62593147,61359763
85235190,"Solid-state non-volatile storage devices, excl flash memory",81,11534901,11320189
85235200,Smart cards,10559,407320736,402994425
85235910,Proximity Cards and tags,1000,438082,122700
85235920,RFID TAG,481,8053272,7826168
85235990,Semiconductor media : Excl. Proximity Cards and tags,1,4360,3921
85238020,Other software for automatic data processing machines,17,173355,169940
85238090,Excl Database; os; dev. tools; productivity; commn or collaboration soft.,8,35760825,35056259
85241110,Panel of apparatus of Heading 85.28,4,173503,170084
85241190,Flat panel display module Without drivers or control circuits :Of liquid crystals :,5,77289,74730
85241210,OLED panel of apparatus of Heading 85.28,0,2732,2648
85241210,OLED panel of apparatus of Heading 85.28 Imported by TV manufacturing industry,5075,35636474,31770821
85241910,LED panel of apparatus of Heading 85.28,1015,3838546,3348896
85241910,LED panel of apparatus of Heading 85.28 Imported by TV manufacturing industry,6472,31359138,29220577
85241990,"Flat panel display modules, Without drivers or control circuits : NES",15,688112,669015
85249100,"Flat panel display modules, whether or not incorporating Of liquid crystals",6397,53997791,45977161
85249900,"Flat panel display modules, whether or not incorporating touch-sensitive screens,NES",67315,1380516764,1340417630
85255090,"Transmission apparatus, excl. aircraft",414,2393905,2307147
85256020,Walkietalkie,25,68854,45399
85256090,"Other Transmission apparatus incorporating reception apparatus(excl. aircraft,",12100,52531950,51491714
85258110,High-speed goods as specified in Subheading Note 1 to this Chapter,4821,1291374,644006
85258190,High-speed goods as specified in Subheading Note 1 to this Chapter,650,2845378,2473528
85258290,"Other, radiation-hardened or radiation-tolerant goods as specified in Subheading Not2",236,180356,75706
85258310,"Other, night vision goods as specified in Subheading Note 3 to this Chapter",430,768405,740004
85258390,"Other, night vision goods as specified in Subheading Note 3 to this Chapter",361,2856792,2592528
85258900,"Flat panel display modules, whether or not incorporating touch-sensitive screens. NES",13768,21433064,13525433
85269110,GPS Vehicle tracking system,748,5385102,4956467
85269190,Radio Navigational Aid Apparatus,10,203033,197298
85269200,Radio Remote Control Apparatus,17,1329678,1313303
85272900,"Radio receivers for motor vehicles, nes",4923,3166772,2069374
85279900,"Other sound record. or reproducing apparatus, nes, CBU",80,62577,12270
85284200,Capable of directly connecting to and designed for use with an automatic data process,38,349840,342947
85284900,"Other Cathode-ray tube monitors, excl. of a kind solely....used in an automati",124,361346,173604
85285210,Computer monitor size not exceeding 22 inch,13,9228,1800
85285210,Computer monitor size not exceeding 30 inch,92400,160431931,112309376
85285290,"Other Monitor, excluding Computer monitor size not exceeding 22 inch",15299,22203598,17636989
85285900,"Other Monitor, excl, of a kind solely or principally?.an automatic data proc..",11991,18685415,14440080
85286200,"Projector, Cpbl.of directly connecting…for use with auto data processing mchn, 8471",1375,4520015,4314930
85286900,"Other Projections, excl. of a kind solely or prin?.an automatic data proc..sys",9292,5965398,2511793
85287110,"Reception apparatus for television,?.,Not designed to incorporate a video disp",16679,11591462,7137459
85287190,"Reception apparatus for television,?.,Not designed to incorporate a video disp",2454,1877510,183096
85287200,"Other Reception apparatus for television,.,Colour, CKD",5003,4456745,1946654
85287300,"Other, black and white or other monochrome",4568,2713590,276900
85291000,Aerials And Aerial Reflectors Of All Kinds And Parts Thereof,228,364007,355485
85299010,Parts of apparatus of Heading 85.27,5685,3462795,1248977
85299021,LED bulb with bar,1131,828185,747626
85299021,LED bulb with bar imported by television manufacturing industry,4293,9085961,8672307
85299022,"Open Cell for use in manufacturing of LCD,LED panel imported by TV Industry",77972,533312927,493705682
85299022,Open Cell for use in manufacturing of LCD/LED panel,424,3064471,2169336
85299023,Other Parts,43191,18864517,17096116
85299023,"Parts of apparatus of Heading 85.28, imported by television manufacturing industry",186791,103050243,92815516
85299029,Parts of app. of 85.25-85.28 Excl. Imp. By VAT reg. TV Mfg. including TV card,977,424982,337035
85299030,Loaded printed circuit board of Heading 85.27 and 85.28,3029,3851562,2610046
85299030,"Loaded printed circuit board of Heading 85.27 and 85.28, imported by TV industry",15211,30439629,28135117
85299090,Parts Of Apparatus Of Heading No. 85.25 & 85.26,6734,3256571,1274415
85308000,"Electrical Signalling... Equipment For Roads, Inland Waterways...",6557,25380297,24901106
85309000,"Parts Of Electrical Signalling Equipment For Railways, Etc, Of 85.30",12,7509,1472
85311000,Electrical Burglar Or Fire Alarms And Similar Apparatus,6709,78545203,77046083
85312000,ndicator panels incorp. liquid crystal devices (LCD) or light-emitting diodes (LED),10858,52881063,49497811
85318000,"Electrical Apparatus For Sound Or Visual Signalling, Nes",8902,9554142,6635945
85319000,Parts Of Apparatus Of 85.31,12112,7296172,5324539
85321000,Fixed Capacitors For 50/60 Hz Circuits Having Power Capacity >=0.5kvar,22223,16065143,14423918
85322100,Fixed Electrical Capacitors Of Tantalum,1,81359,79755
85322200,Aluminium electrolytic,15324,16216789,15580518
85322300,"Fixed Electrical Capacitors Of Ceramic Dielectric, Single Layer",250,175985,161964
85322500,Fixed Electrical Capacitors Of Dielectric Of Paper Or Plastics,4202,3232967,3158646
85322910,Capacitor,23061,15467703,10590301
85322990,"Fixed electrical capacitors, nes, Excl capacitors imp by VAT reg comp. manu.",132643,139033570,112972764
85323000,Electrical Variable Or Adjustable (Pre-Set) Capacitors,783,385710,64565
85331000,"Fixed Carbon Resistors, Composition Or Film Types",10917,4277677,3642683
85332100,Fixed Resistors For A Power Handling Capacity =<20w,173,1499331,1464092
85332900,Other Fixed Resistors For A Power Handling Capacity >20w,8023,31655448,30039887
85333100,Wirewound Variable Resistors For A Power Handling Capacity =<20w,111,178043,169979
85333900,Wirewound Variable Resistors For A Power Handling Capacity >20 W,93,46442,22763
85334000,"Variable Resistors, Nes (Incl. Rheostats And Potentiometers)",27693,20783544,14346198
85339000,"Parts Of Electrical Resistors, Rheostats And Potentiometers",60,37546,6135
85340000,Printed Circuits,45747,144404425,139837212
85351000,"Fuses, >1000 V",571,366913,352877
85352110,Automatic Circuit Breakers For A Voltage 1.0-72.5 Kv,3457,8177839,7847663
85352190,Automatic Circuit Breakers For A Voltage 1.0-72.5 Kv,26929,16193936,14893595
85352900,Automatic Circuit Breakers For A Voltage >72.5 Kv,19921,6688702,3482701
85353000,"Isolating Switches And Make-And-Break Switches, >1000 V",54713,21550952,21235235
85354010,Lightning arresters,17780,17534900,17189395
85354090,Excl. Lightning arresters,180,3886077,3310317
85359010,"Other Apparatus For Switching... Electrical Circuits, >1000 V, Nes",58,140750,137853
85359090,"Other Apparatus For Switching... Electrical Circuits, >1000 V, Nes",903,4302152,4215864
85361000,"Fuses, =<1000 V",3344,3991644,3751192
85362000,"Automatic Circuit Breakers, =<1000 V",79373,93014072,84429960
85363010,Motor protector,10,334894,328408
85363090,"Apparatus For Protecting Electrical Circuits, Nes, =<1000 V",10076,5859896,4419645
85364100,Relays For A Voltage =<60 V,12057,8197418,6899091
85364910,PTC relay,0,41072,40261
85364990,Relays For A Voltage 60-1000 V,50600,55924894,48553136
85365000,Other switches,44434,67218773,63144294
85366100,"Lamp-Holders, =<1000 V",10730,25772025,21126831
85366900,Other,2839,3242229,2309881
85367000,"Connectors for optical fibres, optical fibre bundles or cables",16200,4819935,2128091
85369010,"Connector, Terminal and Electrical apparatus",8272,13125173,11763769
85369090,"Apparatus For Switching... Electrical Circuits, Nes, =<1000 V",23374,53847725,50141905
85371010,BUSBAR TRUNKING SYSTEM,129822,199353858,171465887
85371020,Electric panel,55716,134622639,131601161
85371090,Other,66921,287955412,278169780
85372000,"Boards...Equipped With Two/More Apparatus Of 85.35/85.36, Voltage > 1000v",210778,876022641,860308465
85381000,"Boards... Desks, Cabinets And Other Bases For Goods Of 85.37, Not Equipped",34846,15685969,13325929
85389000,"Other than Parts Of Apparatus Of 85.35 To 85.37, Nes",482471,573860212,499125348
85389090,"Parts Of Apparatus Of 85.35 To 85.37, Nes",59,69978,11663
85391000,Sealed Beam Lamp Units,33475,3053001,1786193
85392110,Tungsten Halogen Lomp For Use In Laboratories Or Operation Theatres,3,1328004,1301837
85392190,Other Tungsten Halogen Filament Lamps (Excl.Ultra-Violet Or Infra-Red)Nes.,3873,1633048,951721
85392200,"Filament lamps of a power =<200w and of a voltage >100v, nes",30,97492,93328
85392910,Indicator pilot lamp 6V-60V/5 Watt,7081,2655437,936173
85392990,"Elec.filmnt.or discharge lamps,incl. sealed beam..excl.Indicator pilot lamp 6V-60V/5 wa",1100,6344230,5992650
85393110,Energy Saving Lamp having an output of light 3 times or more compared to normal fla.,98,55198,12270
85393120,T5 tube light,1813,959826,622685
85393190,"Discharge Lamp other than Ultra-Violet Lamps, Fluorescent, Hot Cathode",14,24030,22270
85393210,Indicator Pilot Lamps (Sodium) Not Exceeding 18 Watts,1,5372,5267
85393290,"Other Mercury Or Sodium Vapour Lamps; Metal Halide Lamps, Nes",19935,27511120,26992422
85393990,"Discharge Lamps, Not Ulta-Viilet Lamps,Mercury Or Sodium Vapour Lamps Nes.",9,18450,15141
85394100,Arc-Lamps,69,1154811,1150001
85394910,For Use In Laboratories Or Operation Theaters,33,8263,8098
85394990,Other Ultra-Violet Or Infra-Red Lamps Nes.,4848,7434162,5637272
85395100,Light-emitting diode (LED) light sources :,25990,12758389,7483015
85395200,Light-emitting diode (LED) light sources :Light-emitting diode (LED) lamps,38671,28638648,22318774
85399010,Base Cap For Lamps,52568,23497187,18098116
85399020,Loaded printed circuit board of Heading 85.27 and 85.28,3655,1372384,1345343
85399030,Of Light-emitting diode (LED) lamps,350758,207947532,181883162
85399090,"Parts For Filament Or Discharge Lamps,Excl.Aluminum Base Cap For Lamps,Nes",118679,48853554,34217479
85407100,Magnetrons,4311,1601620,1549252
85407900,"Microwave Tubes (Excl. Magnetrons, Klystrons And Grid-Controlled Tubes)",36,1245407,1220865
85408100,Receiver Or Amplifier Valves And Tubes,53,31289,6135
85409900,Other Parts Of Tubes And Valves Of 85.40 (Excl.Parts Of Cathode-Ray Tubes),895,339642,83258
85411000,"Diodes, other than photosensitive or light-emitting diodes (LED)",6531,16544163,14854135
85412100,"Transistors (Excl. Phototransistors), With A Dissipation Rate <1w",305,62568,61350
85412900,"Transistors (Excl. Phototransistors), With A Dissipation Rate >=1w",2603,15062714,13878941
85413000,"Thyristors, Diacs And Triacs, Other Than Photosensitive Devices",2296,11149454,10913200
85414100,"Photosensitive semi-conductor devices, including....Light-emitting diodes (LED)",13712,36825118,34059427
85414300,Photovoltaic cells assembled in modules or made up into panels,2944146,1129988936,868864111
85414900,"Other --- Photosensitive semi-conductor devices,..light-emitting diodes (LED) NES",36,431089,421561
85415100,"Other semi-conductor devices , Semiconductor-based transducers",32,717549,704129
85415900,Other semi-conductor devices : NES,5,824213,807948
85416000,Mounted Piezo-Electric Crystals,22,11819229,11597546
85419000,Parts Of Devices Of 85.41,4508,2337710,888471
85423110,"Processors & controllers, whet. or not comb.logic ckt, a, SIM module",423,53605663,26843280
85423120,Other module,1119,14375518,13948347
85423120,Other module imported by SIM card or Smart card or Digital card manufacturing industry,70,16422829,14724000
85423200,Memories,1,76995,75483
85423300,Amplifiers,1,248415,243521
85423910,"SIM card, TV",0,2504,2454
85423990,"Electronic integrated circuits,nes",7835,3634761765,3566494238
85429000,Parts,1166,2616836,2244338
85432000,Signal Generators,138,313382,276688
85433000,"Machines/Apparatus For Electroplating, Electrolysis Or Electrophoresis",21111,14019348,10894910
85437010,Remote control for electronic and electrical apparatus,13337,18772186,16294838
85437020,Electronic talking dictionary,1,24432,23950
85437030,Electronic insects repelling devices,9681,9235547,6839475
85437040,Electric/Electronic access control,2197,2879087,2781944
85437090,"Other machines & appa., Excl. Remote control for electronic and electrical appa.",52126,108060018,94122070
85439090,Parts excluding Electronic Cigarattes and Similar personal electric vaporising device,62884,51902022,41136985
85441100,Of copper,194497,294519427,69364575
85441910,Cotton Braided Electric Cables,976,742688,436384
85441990,Other Winding Wire (Excl Wire Of Copper & Cotton Braided Electric Cables),83849,131123967,123314790
85442000,Co-Axial Cable And Other Co-Axial Electric Conductors,93262,123627395,95341435
85443000,"Ignition Wiring Sets And Other Wiring Sets For Vehicles, Aircraft...",45075,29653039,23980337
85444200,"Other electric conductors for a voltage not exceeding 1,000 V: Fitted with conn",329610,309196687,281864757
85444900,"Electric Conductors, Nes, For A Voltage <=80 V, Not Fitted With Connectors",1353719,1788336220,1620398691
85446000,"Other electric conductors, for a voltage exceeding 1000V",13510,22691016,21774941
85447000,Optical Fibre Cables Made Up Of Individually Sheathed Fibres,24623,12160585,8197023
85451100,Carbon electrodes for furnaces,44754,15646351,12581316
85451990,"Carbon electrodes (excl. for furnaces), nes",2,474721,465365
85452000,Carbon Brushes,4815,7457928,6840338
85459010,Crabon Block,48,18542,9606
85459020,Carbon rod,8411,2842711,1704601
85459090,"Articles Of Graphite Or Other Carbon, Nes, For Electrical Purposes, Nes",4191,4548581,4121493
85462000,Ceramic Electrical Insulators,177262,80489236,74642436
85469000,Electrical Insulators (Excl. Of Glass Or Ceramics),7667,18857999,18317061
85471000,Insulating Fittings Of Ceramics For Electrical Machines...,38830,9433110,7852010
85472000,Insulating Fittings Of Plastics For Electrical Machines...,2533,703638,682826
85479000,Other,49002,17281327,15879500
85480000,"Electrical parts of machinery or apparatus, not specified or included elsewhere in th",613,887988,638761
85492900,Of a kind used principally for the recovery of precious metal :NES,30,25031,2454
86071900,"Axles, Wheels And Parts Of Bogies, Etc, Of Railway.. Locos/Rolling Stock",142000,40103273,39313080
86072900,"Brakes And Parts Thereof, Of Railway... Locomotives/Rolling Stock",3169,21496447,21282486
86079100,"Parts Of Railway Or Tramway Locomotives, Nes",2555,37084006,36349746
86079900,"Parts Of Railway Or Tramway Rolling Stock, Nes",1006,1868375,1846652
86090090,"Containers Specially Designed For Transport By One Or More Method, Nes",248897,469421540,460429738
87012100,With only compression-ignition internal combustion piston engn(diesel or semi-diesel,93820,41175902,36441900
87019210,"Other Tracktor, of an engine power Exceeding 18 kW but not exceeding 37 kW",365606,190898214,179445388
87019310,"Other tracktor, of an engine power Exceeding 37 kW but not exceeding 75 kW",407320,203782080,189605304
87021020,"Built-up, having a seating capacity of 40 or more, excluding folding seats",10720,3847984,3631920
87021030,"Built-Up,Having A Seating Capacity >15 but not exceeding 40,incl.the driver",9080,7321736,7092060
87029030,"Built-Up,Having A Seating Capacity exceeding 15 but not exceeding 40,incl Driver",28280,27611732,15386351
87029040,"Built-Up,having a seating capacity not exceeding 15,including the driver",309442,243526573,219715929
87032211,"Recond.Motor Cars & oth. Vehicles,incl.stn. wagons,CBU, cap.>1000cc,but=<1500cc",105770,100546061,91353042
87032215,"Reconditioned Microbus, CBU, capacity >1000cc, but <=1500cc",1280,993482,895710
87032221,"Other Motor Cars & Vehicles,incl.stn. wagons,CBU, cap.>1000cc,but=<1500cc",55365,53268591,51892284
87032222,"Other Motor Cars, CKD, capacity >1000cc,but=<1500cc",14367,15530461,14298476
87032315,"Reconditioned Micorbus,CBU, Capacity >1500CC and <=1600CC",2980,4269673,4185542
87032331,"Recond. Motor Cars and oth. Vehicle, incl.stn. wagon,CBU, cap. >1600cc,but =<2000cc",78880,91428547,83039580
87032334,"Recond Ambulance fitted with essen. equp. passen cabin leng>9ft Cap >1600cc,<=2000cc",46860,35419946,31593975
87032336,"Recond. Microbus of a cylinder capacity exceeding 1800cc, , CBU",103670,92686902,84239685
87032341,"Other Motor Cars and oth. Vehicle, incl.stn. wagon,CBU, cap. >1600cc,but =<2000cc",1620,2757626,2576700
87032344,"Ambulance fitted withessen. equp. passen cabin leng>9ft Cap>1600cc, <=2000CC",5070,5837799,5153400
87032351,"Recond. Motor Cars and oth. Vehicle, incl.stn. wagon,CBU, cap. >2000cc,but =<3000cc",116540,123139182,112539690
87032361,"Other Motor Cars and oth. Vehicle, incl.stn. wagon,CBU, cap. >2000cc,but =<3000cc",8960,16195753,15030750
87032411,"Recond. Motor cars and oth.vehicles,incl. stn. wagon,CBU cap. >3000cc, <=4000cc",7640,16983436,16508844
87032421,"Other Motor cars and oth.vehicles,incl. stn. wagon,CBU cap. >3000cc, <=4000cc",11366,40618157,40016151
87032441,"Other Motor car & Oth.Vehicle incl. stn.wagon,CBU,Capacity >4000CC",2847,2446829,2356505
87033241,"Oth. Motor cars & oth vehi.incl. stn..,CBU,cap.>1600cc, but<=2000cc",22805,208557296,204447893
87033341,"Oth.Motor cars & vehi.incl. stn. wagons, CBU,>3000cc but <=4000cc",86080,201424206,197455354
87034011,Of a cylinder capacity not exceeding 1800 cc,67600,99099987,92442180
87034012,Of a cylinder capacity not exceeding 1800 cc,749233,817976901,746357981
87034013,"Microbus, brand new , cyliner capacity not >1600CC",6810,10130971,9190230
87034014,"Microbus, Reconditioned, cyliner capacity not >1600CC",353870,383372817,349660614
87034022,"Motor cars & oth. vehicles, incl. stn wagons, CBU, recondition, cap. >1600CC, <2000CC",24770,30686967,28564560
87034032,"Motor cars & oth vehicles, incl. station wagons, CBU, Recond. , >2000CC, =<2500CC",97770,133960642,124962008
87034034,"Microbus, reconditioned, cylinder capacity >=2001CC, but not <=2500CC",42870,71627349,67068664
87036011,"Motor cars and oth vehicles, Inc. station wagons, CBU, Brand new,Capacity <1800cc",99179,98119999,90418631
87036032,"Motor cars and other vehicles, including station wagons, CBU, recondition,2001-2500cc",1920,2440366,2208600
87036041,"Motor cars and oth vehicles, incl. station wagons, CBU,brand new,cap >2500 but<3000cc",4000,42223436,30675000
87037043,"Microbus, brand new, capacity >2500cc but <3000cc",35800,53745196,52686203
87038000,"Other vehicles, with only electric motor for propulsion",50701,59595844,58115873
87039011,"CNG operated 3 wheeled vehicle, 4 stroke engine,CBU",92808,43057404,39754800
87039013,Electric Battery operated 3 wheeled Vehicles,1035477,137796171,127950005
87042111,"Refer Van & Insulated Road Milk Tanker In Cbu, G.V.W Not >5 Tonnes",11550,8188735,7153410
87042114,"Double cabin pickup,CBU,min.4 doors of a cylinder capacity 2001cc-3000cc",24890,71032859,69633232
87042116,"Double cabin pickup,CBU,min.4 doors of a cylinder capacity >4000cc",2530,3726181,3478488
87042117,Dumper/tipper in CBU,97940,43182363,42331500
87042119,"Goods vehicles, with diesel or semi-diesel engines, gvw =<5tonnes, CBU, NES",865040,483615618,458091582
87042121,Truck and pickup in CKD condition,375703,267985956,249379688
87042211,Refrigeration Van in CBU,4290,2921546,1595100
87042213,INSULATED ROAD MILK TANKER IN CBU,31150,17672852,17324627
87042214,Dumper/tipper in CBU,312598,112754870,106493784
87042219,"Goods vehicles, with diesel or semi-diesel engines, gvw 5-20tonnes, CBU, NES",71827,44928711,43052853
87042221,"Truck, Gvw >5 Toones, Not >20 Tonnes, Ckd",1089808,483009322,462970014
87042312,Truck having more than 2 axles in CBU,766962,285964170,270933870
87042313,Dumper/tipper in CBU,277425,87500488,83742750
87043119,"Goods vehicles, with spark-ignition piston engines, gvw =<5tonnes, CBU, NES",7380,5343769,4884959
87045100,Oth.with both spark-ignition intl com. pstn eng.&elec…..: g.v.w. not exceeding 5 tonn,3000,6851617,6708435
87054000,Concrete-Mixer Lorries,78000,31480679,23313000
87059010,"Special Purpose Motor Vehicles, Nes (Eg Breakdown Lorries, Etc)",6000,14938795,14644441
87059090,"Special Purpose Motor Vehicles, Nes (Eg Breakdown Lorries, Etc)",258434,435846191,427132601
87060022,Chassis Fitted With Eng.Heading No.87.02 Buses For Having Seating Cap.>=40,263760,103176472,98591904
87060024,"Chassis fitted with engine,for the notor vehicles of heading 87.02 in CKD Condition",318855,142665294,138700080
87060029,"Chassis Fitted With Engines,For The Motor Vehicles Of 87.02, Nes",54500,22648048,21130167
87060035,"Chassis fitted with engines, ....For vehicle of a cylinder capacity =< 1600cc",15938,9381631,8800110
87060043,Chassis fitted with eng. for motor vehic. 8704. in CKD,42912,37750457,36839448
87071000,Bodies (Incl. Cabs) For The Motor Vehicles Of 87.03,72873,47970060,43956781
87079041,"Bodies Including Cabs, For Trucks ( Excl. Multi Axle Trucks), Pickup",35916,18283781,14998394
87079049,"Bodies Incl. Cabs For The Motor Vehicles, Nes",209670,88784275,87471480
87081000,Bumpers and parts thereof,11131,7293874,4262577
87082100,Safety seat belts,966,1165202,1107012
87082200,"Front windscreens (windshields),rear windows& oth win. specified in S.head Note 1 Ch",907,610798,300219
87082900,"Parts and accessories of bodies (incl. cabs), nes",68943,41229079,23319556
87083000,Brakes and servo-brakes and parts thereof Excl. For tractors,162521,75024982,46596499
87084000,Gear boxes,205302,96363238,70705496
87085000,Drive-axles with differential,278016,108171671,81003539
87087000,Road wheels and parts and accessories thereof,113233,52431028,41511795
87088000,Suspension shock absorbers,180746,78725873,43605867
87089100,Radiators,18705,10736988,8156591
87089200,Silencers and exhaust pipes,16232,10896450,8948276
87089300,Clutches and parts thereof,118589,64018921,51294524
87089400,"Steering wheels, steering columns and steering boxes",22482,12425491,5122273
87089500,Safety airbags with inflater system; parts thereof,1119,4158725,4087515
87089900,"Parts and accessories, nes, for vehicles of 87.01 to 87.05",990957,501589352,375619264
87100000,Motorized Tanks And Other Armoured Fighting Vehicles And Parts Thereof,63902,207290367,203205924
87112011,"Piston engine,capacity >50cc not >250cc,Motorcycle, in CBU with four-stroke engine",111313,146383917,140782790
87112021,"Piston Engine,Capacity >50cc not >250cc,Motorcycle,In CKD with four stroke engine",134926,131523714,126066888
87116000,"Motorcycles (including mopeds)...; side-cars., With electric motor for propulsion",193795,106563401,86022978
87119000,Other,1249,465242,203682
87120000,"Bicycles And Other Cycles, Not Motorized",3004,757382,305199
87131000,"Invalid Carriages, Not Mechanically Propelled",76920,27945436,23860131
87139000,"Invalid Carriages, Motorised Or Otherwise Mechanically Propelled",1962,674493,289081
87141010,"Parts and acce. Of Motorcycles, Saddles",6,3755,368
87141020,FUEL TANK OF MOTORCYCLE,178095,100634749,91713886
87141090,"Parts and acce. Of Motorcycles, EXCLUDING Saddles",2991635,2437291288,2324679334
87149100,"Frames and forks, and parts thereof",152651,43309702,35733541
87149210,"Wheel Rims & Spokes Of Bicycles & Other Cycles, Not Motorised",31858,8923061,6649340
87149290,Wheel Rims & Spokes Of Bicycles & Other Cycles (Excl. Not Motorised),3,2004,1963
87149311,"Hubs, other Than Coaster Braking Hubs & Hub ... Free-wheel sprocket-wheels of bicycle",119808,32696635,28515236
87149319,"Hubs, other Than Coaster Braking Hub excluding Free-wheel sprocket-wheels of bicycle",23707,5921148,4696450
87149390,"Hubs,Other Than Coaster Braking Hubs & ....Of Bicycles (Excl.Not Motorised",2138,615897,421382
87149410,"Brakes,Including Coaster Braking Hubs & Hubs...Of Bicycles, Not Motorised",115326,36640538,33153646
87149490,"Brakes,Including Coaster Braking Hubs &..Of Bicycle (Excl.Not Motorised)",3484,987144,376566
87149510,"Saddles Of Bicycles & Other, Not Motorised",16235,4102024,3432978
87149610,"Pedals & Crank-Gear Of Bicycles & Other, Not Motorised",99448,25125226,22032720
87149900,"Parts and accessories of cycles, nes",274885,75761569,58041573
87150000,Baby Carriages And Parts Thereof,49440,13422491,7909779
87161000,"Trailers And Semi-Trailers Of The Caravan Type, For Housing Or Camping",7620,17126202,16788748
87163100,Tanker Trailers And Tanker Semi-Trailers,6000,13331960,13069268
87163900,"Trailers And Semi-Trailers For The Transport Of Goods, Nes",58680,13646789,11441775
87164000,"Trailers And Semi-Trailers, Nes",60,8173,8012
87168000,"Vehicles, Not Mechanically Propelled, Nes",78412,7971490,6833332
87169000,"Parts Of Trailers, Semi-Trailers, Etc, Of 87.16",114918,23029912,18927690
88073010,"Other parts of aeroplanes, helicopters or unmanned aircraft :",1,14769,14479
88073090,"Other parts of aeroplanes, helicopters or unmanned aircraft :",128,4600391,4509729
88079000,"Parts of goods of heading 88.01, 88.02 or 88.06.OTHER",15089,420772562,412414500
89031900,Inflatable (including rigid hull inflatable) boats : OTHER,55,37550,12270
89069000,"OTHER VESSELS, EXCLUDING WARSHIPS",2072,300399,294480
89071000,Inflatable Rafts,8686,7900368,7744701
89080000,Vessels and other floating structures for breaking up.,31212000,1622045292,1560986026
90011010,Imported by optical fibre cable manufacturing industry,7348,47136659,31842992
90011090,COLOR OPTICAL FIBRES EXCLUDING IMPORTED BY VAT REGISTERED OPTICAL FIBRE CABLE MFG.INDUS,245,233070,33006
90013000,Contact Lenses,3146,2738942,993428
90014000,Spectacle Lenses Of Glass,937,947456,358775
90015000,Spectacle Lenses (Excl. Of Glass),28657,16632803,5866522
90019090,"Oth. Prisms, Mirrors And Other Optical Elements, Unmounted, Nes",6675,31905317,30261025
90021100,"Mounted Objective Lenses, Of Any Material, For Cameras, Projectors, Etc",1,56325,55215
90021900,"Mounted Objective Lenses, Of Any Material, Nes",726,606178,140614
90022000,"Mounted Filters, Of Any Material",2,371538,367174
90029000,"Oth. Mounted Lenses, Prisms, Mirrors, Etc, Of Any Material, Nes",301,279348,46503
90031100,"Frames And Mountings For Spectacles, Goggles Or The Like, Of Plastics, TV",2063,5843559,4830508
90031900,"Frames And Mountings For Spectacles, Goggles Or The Like, Nes, TV",389,2098827,1935326
90039000,"Other Parts Of Frames And Mountings For Spectacles, Goggles Or The Like",19274,6578386,3075349
90041000,"Sunglasses, TV",2750,3893106,1494648
90049000,"Spectacles, Goggles And The Like (Excl. Sunglasses), TV",6406,11176529,9652149
90051000,Binoculars,48,21527,5153
90058000,Other Instruments (Excl. Binoculars) Such As Optical Telescopes,904,185873,45767
90064000,Instant Print Cameras,220,134681,27608
90065300,"Cameras, Nes, Taking 35mm Roll Film",10,7509,1227
90065900,"Cameras,Nes (Not Cine-)",9667,8180271,2090742
90066100,Discharge Lamp (Electronic) Flashlight Apparatus,1043,399308,80614
90066900,"Photographic Flashlight Apparatus, Nes",50,10012,1963
90069100,Parts And Accessories For Cameras (Not Cine-),2722,1196105,625068
90069900,Parts And Accessories For Photographic Flashlight Apparatus,4770,1410622,347916
90079100,Parts And Accessories For Cinematographic Cameras,75,42557,9203
90079200,Parts And Accessories For Cinematographic Projectors,45,16276,2607
90089000,"Parts And Accessories Of Image Projectors, Photo Enlargers/Reducers",2,325339,318929
90101000,Apparatus And Equipment For Automatically Developing Photographic Film,2030,2477937,2296597
90105000,"Oth Apparatus & Equipment For Photographic(& Cinema.)Labs,Nes;Negatoscopes",230,145192,142332
90106000,Projection Screens,1018,302516,135768
90111000,Stereoscopic Microscopes,412,15636689,15328585
90118000,"Other Optical Microscopes, Nes",9130,101244134,98640840
90119000,Parts And Accessories Of Optical Microscopes Of 90.11,16,33794,31902
90121000,Microscopes (Excl. Optical Microscopes) And Diffraction Apparatus,160,176636,143559
90132000,"Lasers, Other Than Laser Diodes",5558,7538356,7045222
90138090,"Optical devices, appliances and instruments, nes",533,337713,188151
90139090,"Parts And Accessories Of Lasers And Optical Devices, Nes, Of 90.13",68,22927,19807
90141000,Direction Finding Compasses,0,2708,132
90149000,Parts And Accessories Of Instruments And Apparatus For Navigation,1,101883,99755
90151000,Rangefinders,249,240923,233744
90153000,Levels For Surveying,2896,1118495,472616
90154000,"Photogrammetrical, Surveying Instruments And Appliances",15,15019,1841
90158010,"Other Instruments And Appliances For Meteorological... Purposes, Nes",2,414249,414235
90158090,"Other Instruments And Appliances For Meteorological... Purposes, Nes",4760,27677622,27114396
90159000,Parts And Accessories Of Surveying... Instruments/Apparatus Of 90.15,498,2792629,2688005
90160000,"Balances Of A Sensitivity Of 5cg Or Better, With Or Without Weights",1393,16313402,15271656
90172000,"Other drawing, marking-out or mathematical calculating instruments:",78537,13086579,12229067
90173000,"Micrometers, Calipers And Gauges",1097,1012521,780428
90178010,Plotter,6424,9776670,9574301
90178090,Other Instruments,93542,19002979,13724114
90179000,Parts And Accessories Of Drawing/Measuring Instruments Of 90.17,1429,398315,214374
90181100,Electro-Cardiographs,4317,16060149,14582119
90181200,Ultrasonic Scanning Apparatus,4723,87641249,82863993
90181300,Magnetic Resonance Imaging Apparatus,16106,153971151,150936951
90181910,Other Electro-Diagnostic Apparatus Nes,1229,18557642,18095335
90181990,Other Electro-Diagnostic Apparatus Nes,2541,69548762,66679509
90182000,"Ultra-Violet Or Infra-Red Apparatus, For Medical, Surgical... Sciences",1127,517284,416567
90183110,"Empty prefilled glass/plastic syringes with needles,.. shield, plunger and stopper",32038,336288654,329936936
90183120,Portable infusion pump (syringe driver),611,18256203,17896484
90183130,Plastic syringe with or without needles,6861,4269536,4022670
90183190,"Syringes, NES",1796,2707916,2655101
90183200,"Tubular Metal Needles And Needles For Sutures, For Medical... Sciences",6897,37337891,35366713
90183911,Infusion set with or without IV fluid bag,26238,16329663,13737615
90183912,Blood transfusion set,2445,468779,355830
90183913,Feeding tube,1599,1201597,1177920
90183914,IV cannulae,2664,6759361,4512906
90183915,Scalp vein set,7009,9547222,9048512
90183916,Suction catheter,1130,536243,522211
90183917,Blood Lancet,3141,1126446,961374
90183918,Fistula Needle,9286,5599662,5305114
90183919,Infusion set with or without IV fluid bag,10181,33578057,32501169
90183920,Insulin Pen/Insulin cartridge,6136,79997468,78167200
90183930,Urine drainage bag,28593,4722018,4392537
90183990,"Other syringes, needles, catheters, cannulae and the like",123480,86479582,65399810
90184100,Dental Drill Engines......Equipments,23678,9568647,8614890
90184900,Instruments And Appliances Used In Dental Sciences (Excl. Drill Engines),4356,14506200,13652099
90185000,Other Ophthalmic Instruments And Appliances,4925,124006820,120915309
90189010,Biology Boxes,8,143077,140258
90189020,Kidney Dialysis Machines/Baby Incubator,8913,70108214,67323931
90189030,"Angiographic catheter wire, guidy catheter wire....balloons, stents",1842,151367240,145512861
90189090,Other,124799,195664600,172232020
90191010,Mechano-Therapy Appliances,9649,5679533,4724564
90191020,Massage Apparatus,73748,98964053,84365446
90191090,Mechano-Therapy Appliances;Massage Apparatus;Psychological Appatatus Nes.,2070,675620,301106
90192010,Oxygen-Therapy And Artificial Respiration Apparatus Incld. Heart/Lung ....,2425,29787180,28997900
90192090,"Ozone Therapy,Oxygen Therapy,Aerosol Therapy,Respiration Apparatus Nes.",97020,56082437,49606276
90200000,Other Breathing Appliances And Gas Masks,5713,5349548,4409411
90211000,ORTHOPAEDIC OR FRACTURE APPLIANCES,30455,17433495,15444021
90212100,Artificial Teeth,282,279749,152762
90212900,Dental Fittings (Excl. Artificial Teeth),492,281621,95255
90213100,ARTIFICIAL JOINTS,1340,50390977,48966348
90213900,"OTHER ARTIFICIAL PARTS OF THE BODY, EXCLUDING ARTIFICIAL JOINTS",817,68579267,66143228
90214000,Hearing Aids (Excl. Parts And Accessories),575,1221088,874960
90215000,Pacemakers For Stimulating Heart Muscles (Excl. Parts And Accessories),87,18973458,18593854
90219010,Heart Valve,25,6143158,6022116
90221200,"Computed Tomography Apparatus,Based On The Use Of X-Rays",9495,115391559,113141670
90221300,"Apparatus Based On The Use Of X-Rays,Nes, For Dental Uses",342,4140027,4056767
90221400,"Apparatus Based On Use Of X-Rays,Nes,For Medical/Surgical/Veterinary Uses",51812,137747456,134073119
90221900,"Apparatus Based On The Use Of X-Rays, Nes",2607,10459485,10259592
90223000,X-Ray Tubes,803,51950172,50649564
90229000,"X-Ray Generators..., Screens..., Parts And Accessories Of 90.22",536,2959115,2895791
90230000,"Instruments, Apparatus And Models Designed For Demonstrational Purposes",5555,8254973,7779958
90241000,"Machines/Appliances For Testing The Hardness, Strength... Of Metals",1804,2044159,1855871
90248010,Other Machines/Appliances For Testing... Materials (Excl. Metals),501,3007181,2969138
90248090,Other Machines/Appliances For Testing... Materials (Excl. Metals),16454,37311678,34119281
90249000,Parts And Accessories Of Machines For Testing... Materials Of 90.24,8,510933,500834
90251100,"Thermometers/Pyrometrs,Not Comb.With Other Instrs,Liquid,For Direct Readng",97,144278,122277
90251900,"Thermometers/Pyrometrs,Not Comb.With Other Instrumts,Not Liquid-Filled Nes",2424,24527445,23451751
90258000,"Oth.Instruments Hydrometers,Pyrometers, Hygrometers, Etc, And Combinations",29507,86851611,80468833
90259000,"Parts And Accessories Of Hydrometers... Thermometers, Etc, Of 90.25",2811,2056794,1812277
90261000,"Instruments... For Measuring/Checking The Flow Or Level Of Liquids, Nes",311318,520076265,455391880
90262000,Instruments... For Measuring Or Checking Pressure,16313,56882564,52040688
90268000,Oth.Instruments... For Measuring Or Checking Variables Of Liquids Or Gas,12144,44001760,42582900
90269000,Parts And Accessories Of Instruments For Measuring Flows... Of 90.26,32741,70209449,62019113
90271000,Gas Or Smoke Analysis Apparatus,13,1620499,1595212
90272000,Chromatographs And Electrophoresis Instruments,1378,74802586,73328561
90273000,"Spectrometers, Spectrophotometers... Using Optical Radiations",1054,51796329,50293404
90275000,"Instruments And Apparatus Using Optical Radiations, Nes",476,214797084,211074094
90278100,Other instruments and apparatus : Mass spectrometers,617,19544714,19159605
90278900,"Other instruments and apparatus, OTHER Excl. Mass spectrometers",47805,515824402,477600068
90279000,Parts And Accessories Of Instruments For Analysis Of 90.27,280,4019386,3917268
90281000,Gas Meters,9134,24139679,23847997
90282000,Liquid Meters,5535,10012485,9507212
90283010,Kilowatt-Hour Meter,1160,3830193,3752902
90283020,"Pre-payment, programmable m.function elec. programmable multitariff elec. kwh meter",4429,26351582,25822706
90283090,Electricity Meters Nes.,5,205988,203280
90289010,"Gas, Liquid & Electricity Meters, Of Kilowatthour meter",37330,35642834,34328651
90289020,"Parts of prepayment kwh meter prgrmble,multifuction,kwh mtr,prgmble multitrf,kwh",37489,33037090,30564392
90289090,"Gas, Liquid & Electricity Meters, Excl. Kilowatthour meter",12,38493,37796
90291010,Fare Meters For Exclusive Use In Taxicabs Or Auto Rickshaws,2935,1203285,420522
90291090,"Revolution Or Producton Counters,Taximeters,Mileometers,Pedometers, Nes",339,174614,162087
90292000,Stroboscopes; speed indicators and tachometers,31033,79713691,77016455
90299000,"Parts And Accessories Of Revolution Counters, Etc, Of 90.29",4424,2553031,1670802
90301000,Instruments And Apparatus For Measuring Or Detecting Ionising Radiations,608,22729240,21846549
90302000,Cathode-Ray Oscilloscopes And Cathode-Ray Oscillographs,92,356147,333180
90303100,Multimeters,3178,3707985,2786351
90303200,"Other inst and appt, for measr or chking volt, cur., resis.or power : Multim.",136,412326,398922
90303300,"Other inst and appt, for measr or chk volt, cur., resis.or power : Multim. wit",12839,8401384,7235763
90303900,"Instruments... For Measu./Check. Volt.,Current, with a recoding device",2853,20116086,19849923
90304000,Measuring/Checking Instruments/Apparatus For Telecommunications,72,27536,26994
90308400,Other instruments & apparatus with a recording device,55,3071369,3010850
90308900,"Instruments... For Measuring/Checking Electronic Gain Etc, Nes",9778,69050552,66628947
90311000,Machines for balancing mechanical parts,326,529072,519339
90312000,Test Benches,2153,3935251,3785528
90314900,"Optical Instruments And Appliances For Measuring Or Checking, Nes",858,28066994,26496355
90318000,"Instruments, Appliances And Machines For Measuring Or Checking, Nes",19170,97807294,94452310
90319000,"Parts And Accessories Of Measuring Instruments... Nes, Of 90.31",1250,11000311,10763762
90321000,Thermostats,27404,47436306,45081931
90328100,"Automatic Regulating... Instruments/Apparatus, Hydraulic Or Pneumatic",114252,384716536,380275460
90328900,"Automatic Regulating Or Controlling Instruments And Apparatus, Nes",111662,115508320,99001220
90329000,Parts And Accessories Of Automatic Regulating Devices Of 90.32,145,1281285,1257805
90330090,"Parts And Accessories, Nes, For Machines, Appliances, Etc, Of Chapter 90",23357,119938845,112861007
91011190,"Wrist Watches, Electrically Operated (Excl.Use For Blind/In Ckd Condition)",1536,30640080,29898871
91011910,"Other Wrist Watches, Specially Designed For The Use Of Blind",2,192868,192423
91011990,Other Wrist Watches (Excl.Ckd Condition & Not For The Use Of Blind),1217,2551366,586506
91012910,"Wrist Watches(Ex.Electrically Operated/Auto Winding),Used For Blind",0,31918,31289
91019190,"Other Electric Operated Pocket Watches,Etc(Ex.Wrist Watches),Nes",0,545,536
91019990,"Other Pocket Watches, Etc(Excl. Wrist), Nes, Of Precious Metal",1351,2061015,302425
91021110,"Wrist Watches, With Mechanical Display Only, Spec.Designed For Blind",1,39583,38806
91021190,"Other Wrist Watches,Mechanical Display(Ex.Use For Blind,Ckd Condition)",2805,52495612,51255754
91022190,"Wrist Watches,With Automatic Winding (Excl.Ckd, Not Use For Blind)",49,100352,96761
91022990,"Wrist Watches,Not Electronic Operated/Automatic Winding,Nes",16661,19866163,8676611
91029990,"Other Pocket Watches, Etc, Nes",3298,4189933,1228104
91039000,Clocks With Watch Movements (Excl. Electrically Operated),72,323691,58773
91051100,"Alarm Clocks, Electrically Operated",11,6142,5890
91051900,Alarm Clocks (Excl. Electrically Operated),4811,1377842,874832
91052100,"Wall Clocks, Electrically Operated",8800,1336204,1168675
91052900,Wall Clocks (Excl. Electrically Operated),11082,4899201,2030188
91059100,"Other Clocks, Nes, Electrically Operated",46,2029030,1985369
91059900,"Other Clocks, Nes (Excl. Electrically Operated)",1365,859828,272296
91061000,Time-Registers; Time-Recorders,57,170184,165375
91069000,"Other Apparatus For Indicating Time, Nes",374,118661,104375
91070000,Time Switches With Clock Or Watch Movement Or With Synchronous Motor,175,56433,50090
91081100,"Electrically Operated Watch Movements, With Mechanical Display Only",157,145188,71166
91089000,"OTHER WATCH MOVEMENTS,COMPLETE AND ASSEMBLED,EXCLUDING 33.8MM OR LESS",4423,4399543,3430078
91099000,"Clock Movements, Complete And Assembled, Nes",5770,2148598,1410197
91101100,"Complete Watch Movements, Unassembled Or Partly Assembled",1008,719963,705777
91109000,"Complete (Unassembled), Incomplete And Rough Clock Movements",5,3129,614
91119000,Parts Of Watch Cases,2995,665789,509522
91129000,Parts Of Clock Cases And Cases For Other Goods Of Chapter 91,15,9387,1841
91131000,"Watch Straps, Bands And Bracelets, And Parts Thereof, Of Precious Metal",70,35048,8589
91132000,"Watch Straps, Bands And Bracelets, And Parts Thereof, Of Base Metal",65,32540,3313
91139000,"Watch Straps, Bands And Bracelets, And Parts Thereof, Nes",154184,36648730,31509004
91149000,"Clocks Or Watch Parts, Nes",2642,1527536,847728
92012000,Grand Pianos,15,6633,3068
92019000,"Other Automatic Pianos, Harpsichords And Other Keyboard Instruments, Nes",440,62362,12270
92021000,String Musical Instruments Played With A Bow,304,399290,22331
92029000,"Other String Musical Instruments, Nes",4741,3292688,1820028
92059000,"Wind musical instruments, (EXCL. Brass-wind instruments)",732,130177,49939
92060000,"Percussion Musical Instruments (Eg Drums, Xylophones, Cymbals, Etc)",762,223771,71608
92071000,Keybrd.Instrmnts.With Elec.Produced Or Amplified Sound Oth.Than Accordions,2268,778221,698163
92079000,"Oth.Musical Instruments,Nes,With Electrically Produced Or Amplified Sound",2486,1064072,367118
92081000,Musical Boxes,1,2834,809
92089000,"Fairground Organs, Etc; Decoy Calls Of All Kinds; Whistles, Etc",134,82155,47080
92093000,Musical Instrument Strings,83,62328,34601
92099200,Parts And Accessories For The Musical Instruments Of 92.02,21,15769,11779
92099900,"Parts And Accessories Of Other Musical Instruments, Nes",4853,2252904,603148
93011000,"Artillery weapons (for example, guns, howitzers and mortars)",5500,158680088,155553464
93019000,OTHER THAN ROCKET LAUNCHERS;FLAME THROWERS;GRENADE LAUNCHERS;TORPEDO TUBES,1748,51643007,50285960
93020010,"Arms Forming Part Of The Regular Uniform Of BD.Armies,NAVY,Air Forces & Foreign Armies..",10,478191,330278
93032010,"Sporting,Hunting/Target-Shooting Shotguns, Imp.By/On Behalf Of The Bd.Govt",30000,151356252,148373942
93032090,"Other Sporting,Hunting Or Target-Shooting Shotguns",600,4346417,3027542
93062100,Cartridges For Shotguns,29951,102053039,79524176
93069000,"Bombs, Grenades, Torpedos, Mines, Missiles And Similar Munitions, Etc",79334,398819256,394525671
94012010,SEATS OF KIND USED FOR MOTORCYLE,46026,27168603,26155088
94012090,SEATS OF KIND USED FOR OTHER THAN MOTORCYCLE,16287,20828912,19849013
94013900,Swivel seats with variable height adjustment :OTHER,10871,16294328,15658972
94014900,"Seats other than garden seats or camping equipment, convertible into beds : OTHER",90,35045,19632
94015900,"Seats of cane, osier or similar materials : Excl bamboo or rattan",4,3004,491
94016100,"Upholstered Seats, With Wooden Frames",8003,4578188,3413865
94016900,"Seats With Wooden Frames, Not Upholstered",20477,11380867,8105054
94017100,"Upholstered Seats, With Metal Frames",1563,995723,491904
94017900,"Seats With Metal Frames, Not Upholstered",27288,12674407,8498569
94018000,"Seats, Nes",13743,4680596,3105916
94019100,"Seats (Other Then 94.02) Whether or not cnvrt. into beds, and parts :Parts: of wood",9471,3575260,1625061
94019900,"Seats (Other Then 94.02) Whether or not cnvrt. into beds, and parts :Parts : others",164869,62845660,38816025
94021000,"Dentists', Barbers' or similar chairs and parts thereof",17136,6489177,2776540
94029010,Hospital Beds,70964,32928083,22813826
94029090,"Medical,Surgical Or Veterinary Furniture & Parts Therof (Exc Hosopital Bed",28519,16604243,13043889
94031000,Metal Furniture Of A Kind Used In Offices (Excl. Seats),7248,2976975,2121187
94032010,Other metal furniture specially design to receive apparatus of heading 84.71 and,55109,24510821,16803933
94032020,Racks of a kind used in the pharmaceutical laboratory,3528,1535484,1496940
94032030,Cutting table of kind used with cutting machine,1456,1528656,1141110
94032090,Other metal furniture EXCL.specially design to receive apparatus of heading 84.7,73248,36250809,30826249
94033000,Wooden Furniture Of A Kind Used In Offices (Excl. Seats),23454,9392052,6320332
94034000,Wooden Furniture Of A Kind Used In The Kitchen (Excl. Seats),23485,9207598,5706002
94035000,Wooden Furniture Of A Kind Used In The Bedroom (Excl. Seats),83429,30020313,22244374
94036010,Furniture of a kind used in pharmaceutical laboratory,38,23794,9816
94036020,Cutting table of a kind used with cutting machine,183,49316,48344
94036090,"Wooden Furniture, Nes",34460,13360230,9919882
94037000,Furniture (Excl. Seats) Of Plastics,5410,2119518,1342179
94038300,"Furniture of other materials, including cane, osier, bamboo or similar mat..:Of ratta",14,5227,2663
94038900,"Furniture of other material, including cane,osier or similar materials: Excl b",41082,16869809,7619940
94039100,"Others Furniture and Parts Thereof :Parts, of wood",1104,414546,311414
94039900,"Others Furniture and Parts Thereof :Parts, OTHERS",18458,7118227,4187806
94041000,Mattress Supports,17094,3457434,2257415
94042100,Mattresses Of Cellular Rubber Or Plastics,6200,3274788,2262856
94042900,"Mattresses Of Other Materials, Nes",1273,919004,889029
94043000,Sleeping Bags,775,234491,72638
94044000,"Quilts, bedspreads, eiderdowns and duvets (comforters)",2715,1075975,504935
94049000,"Articles Of Bedding, Stuffed, Etc (Excl. Mattresses And Sleeping Bags)",32831,14816489,8778930
94051100,Designed for use solely with light-emitting diode (LED) light sources,1862,2557329,1862330
94051900,"Designed for use solely with light-emitting diode (LED) light sources,NES",14020,11269800,6038596
94052100,Designed for use solely with light-emitting diode (LED) light sources,322,117621,89941
94052900,"Electric table, desk, bedside or floor-standing luminaires ,OTHER",4447,2913572,1685370
94053100,Designed for use solely with light-emitting diode (LED) light sources,10,15020,14724
94053900,"Lighting sets of a kind used for Christmas trees,OTHER",12002,7069815,2370443
94054110,"Photovoltaic, dsgn. use solely with light-emitting diode (LED) light sources",34682,19935529,9992265
94054190,"Photovoltaic, dsgn. use solely with light-emitting diode (LED) light sources",10551,8058429,5249576
94054200,"Oth.elec.lum. &..Other, designed for use solely light-emitting diode (LED) light sour",4493,10070646,9407309
94054910,Shadowless operation lamps,4244,4397589,1965144
94054920,Energy saving light with balast and fittings,262,413174,326057
94054990,"Other electric luminaires and lighting fittings,NES",19729,16059131,10190199
94055090,"Non -Electrical Lamps & Lighting Fitting, Nes.",5025,3073104,1069162
94056100,Designed for use solely with light-emitting diode (LED) light sources,1027,1789505,1616882
94056900,"Illuminated signs, illuminated name-plates and the like,OTHER",4728,2132540,1678250
94059100,Glass parts for lamps and lighting fittings etc of glass,33725,12803999,9883495
94059200,Luminating and lighting fittings including searchlights .........Parts of Plastic,26569,11308167,10471124
94059900,"Parts, NES",178496,76436217,58826448
94061000,"Prefabricated buildings., Of wood",120,37550,36810
94069010,"Prefabricated Buildings,,,, SANDWICH PANEL WITH OR WITHOUT cold room fac.",440708,374833360,250203939
94069090,Prefabricated buildings. nes,12294,7169016,3546274
95030010,Puzzles,1917,931869,644267
95030090,"Tricycl, scotr, pedal car and simlr whel toy; dolls? carg..Excl puzzles",442684,255189376,170417531
95042000,Articles and accessories for Billiard of all kinds,8757,2790198,1479210
95043000,"Other games, operated by coins, banknotes, bank cards,...of payment, other than..equip.",3821,2634277,2267831
95044000,Playing Cards,103,55998,32333
95045000,"Video game consoles and machines, other than those of subheading 950430",431,303330,191833
95049000,"Articles for funfair, table or parlour games, nes",14225,4337199,2434710
95051000,Articles For Christmas Festivities,1053,553864,250995
95059000,"Festive, Carnival Or Other Entertainment Articles, Nes",89950,22953107,18036733
95062900,"Water-Skis, Surf-Boards And Other Water-Sport Equipment",195,37677,15504
95063100,"Golf Clubs, Complete",100,25035,22111
95063200,Golf Balls,9,12515,2454
95063900,"Golf Equipment, Nes",21,13020,7117
95064000,Articles and equipment for table-tennis:,10988,2861343,966309
95065100,"Lawn-Tennis Rackets, Wheather Or Not Strung",3,30443,29851
95065900,"Other Tennis Or Similar Rackets, Nes",1053,546376,353131
95066100,Lawn-Tennis Balls,14000,2614860,2576700
95066200,Inflatable Balls,149972,55559602,49816045
95066900,"Balls (Excl. Golf, Table-Tennis, Tennis And Inflatable)",39004,25460947,20901020
95067000,Ice Skates And Roller Skates,230,36847,23963
95069100,"Articles And Equipment For General Physical Exercise, Gymnastics/Athletics",297468,100726103,78342134
95069900,"Other articles and equipment for sport and open-air games, nes",57164,15962877,12854565
95071000,Fishing Rods,9279,4972107,2027122
95072000,"Fish-Hooks, Wheather Or Not Snelled",2729,1123408,525489
95073000,Fishing Reels,3254,1491256,434730
95079000,"Line fishing tackle, fish landing nets, butterfly and similar nets...",5379,1787517,553617
95081000,TRAVELLING CIRCUSES AND TRAVELLING MANAGERIES,19713,7336538,1198902
95082100,Roller coasters,1955,734102,287854
95082200,"Carousels, swings and roundabouts",9660,3627143,2006206
95082300,Dodge’em cars,405,152062,1227
95082400,Motion simulators and moving theatres,2699,1803910,1024312
95082900,Other,111167,42598813,10150983
95083000,Fairground amusements,1116,419069,135461
96019000,"Worked Bone, Tortoise-Shell, Horn... And Articles Thereof, Nes",20905,6933135,2086954
96020010,Gelatin Capsules (Empty),29015,113630735,111490315
96020020,"Worked Vegetable Or Mineral......Wax,Sterlin,Nes (Excl.Gelatin Capsules)",8215,90428597,88691615
96031000,"Brooms And Brushes, Of Twigs Or Other Vegetable Material Bound Together",18190,1588892,1259311
96032100,Tooth Brushes Including Dental-Plate Brushes,36984,38130506,29494855
96032900,"Oth. Brushes For Shaving, Hair, Nail, Eyelash, Toilet Brushes",24116,5884004,3101224
96033000,"Artists', Writing Brushes And Brushes For The Application Of Cosmetics",7567,2628619,1657671
96034000,"Paint, Distemper, Varnish Or Similar Brushes; Paint Pads And Rollers",135487,20889454,16920947
96035000,"Brushes Constituting Parts Of Machines, Appliances Or Vehicles, Nes",27564,9332770,8147100
96039000,"Hand-Operated Floor Sweepers, Mops, Feather Dusters, Etc, Nes",498147,30116701,23208412
96040010,Hand Sieves For Use In Laboratories,3,20209,7552
96040090,Other Hand Sieves And Hand Riddles Nes.,131,50431,49399
96050000,"Travel Sets For Personal Toilet, Sewing Or Shoe Or Clothes Cleaning",655,251007,219720
96061000,"Press-Fasteners, Snap-Fasteners And Press-Studs And Parts Therefor",318,356079,327622
96062100,"Buttons Of Plastics, Not Covered With Textile Material",5988,1954491,1202363
96062200,"Buttons Of Base Metal, Not Covered With Textile Material",62218,16225750,10157032
96062900,"Oth. Buttons, Nes",112290,29020318,19720475
96063000,Button moulds and other parts of buttons; button blanks:,23526,6961233,6157550
96071100,Slide Fasteners Fitted With Chain Scoops Of Base Metal,2901,1070215,697840
96071900,Slide Fasteners Not Fitted With Chain Scoops Of Base Metal,311791,78868829,60148435
96072000,Slide Fastener Parts,41868,10609792,7894680
96081000,Ball-Point Pens,11121,8054835,7492971
96082000,Felt-Tipped And Other Porous-Tipped Pens And Markers,53381,19157279,12602488
96083000,"Fountain pens, stylograph pens and other pens",64111,27937254,19088209
96084000,Propelling Or Sliding Pencils,218,237917,233228
96085000,Sets Of Articles From Two Or More Of The Subheadings,2238,2025011,1958309
96086000,"Refils For Ball-Point Pens, Comprising The Ball-Point And Ink-Reservoir",929,1180806,441767
96089910,Ball Points For Ball Point Pen,1701,11761900,11334413
96089990,"Duplicating Stylos; Pen/Pencil Holders; Parts Of Pens, Nes",10749,3144426,2288655
96091000,"Pencils And Crayons, With Leads Encased In A Rigid Sheath",101926,23037973,18631872
96092000,"Pencil Leads, Black Or Coloured",3939,949352,562027
96099090,"Crayons, Nes; Drawing Charcoals And Chalks (Incl. Tailors'Chalks) Nes.",3177,1234721,872365
96100010,"Unframed Slates With Writing Surface Only, Thickness not exceeding 5 mm",120,60074,7362
96100090,"Other Slates And Boards, With Writing Or Drawing Surfaces Nes",15479,3154676,1837306
96110000,"Date, Sealing Or Numbering Stamps, Etc, For Use In The Hand....Sticks",12049,9319905,8723120
96121010,Ribbons (Computer Printers Ribbons),34089,21050574,15628873
96121090,Other Ribbons(excl.computer printer ribbons),2011,3555316,3317150
96122000,Ink-Pads,1021,133052,82332
96132000,"Pocket Lighters, Gas Fuelled, Refillable",78,13769,6749
96138000,"Other Lighters, Nes",12094,2307466,1881191
96139000,Parts Of Lighters (Excl. Flint And Wicks),254319,98891643,51943560
96140000,"Smoking pipes (including pipe bowls) and cigar or cigarette holders, and parts",120,37549,22086
96151100,"Combs, Hair-Slides And The Like Of Hard Rubber Or Plastics",17696,4187810,3093120
96151900,"Combs, Hair-Slides And The Like Of Other Materials, Nes",247031,55119970,44561950
96159000,"Hairpins; Curling Pins, Curling Grips, Etc, And Parts Thereof",44239,10556163,8511468
96161000,"Scent Sprays And Similar Toilet Sprays, And Mounts And Heads Therefor",40363,14433556,11840432
96162000,"Powder-Puffs And Pads For The Application Of Cosmetics, Etc",15472,4970487,3156698
96170000,"Vacuum Flasks, Etc, Complete With Cases; Parts Thereof(Excl. Inners)",54604,20631429,18684262
96180000,"Tailors' Dummies, Etc; Automata And Other Animated Displays",6863,2957458,2415104
96190000,"Sanitary towels (pads) and tampons, napkins and napkin liners for babies and similar",133179,37624571,32472718
96200000,"Monopods, bipods, tripods & similar articles",44090,7738182,5914009
97012100,"Of an age exceeding 100 years : Painting, drawings and pastels",99,27914,24364
97019100,"Painting, drawings and pastels",220,194941,192271
97019900,"Other,nes",137,108269,106136
97029000,"Original engravings, prints and lithographs, NES",4,1459,810
97031000,"Original sculptures and statuary, in an material, Of an age exceeding 100 years",1,751,736
97039000,"Original sculptures and statuary, in an material, NES",4507,732376,344571
98010034,"Goods treated as ""Baggage"" Regregerator or Freezers",70,13769,13497
98010039,Air cond.machine; refrigerators or freezers; dish washer/washing machine/clothd Dryer,40,3006,3006
98010053,"Plasma, LCD, TFT, LED and similar technologis TV 37 inch to 42 inch",35,36833,36074
