hscode,description,net_wt_kg,assess_value_bdt,invoice_value_bdt
01051110,Fowls Of The Species Gallus Domestic(Parent Stock One Day Chick),4252,229343449,183627637
01063900,OTHER BIRDS,314,8995729,1856282
01069000,"OTHER LIVE ANIMALS, NES",72,376673,139720
03019110,"Live Trout(Salmo Trutta,Onc'Ync'Mykiss,Clarki,Ag'Ab'Ta,Gilae,Apach.) fry",2,2940312,2580000
03021490,Atlantic salmon (Salmo salar) and Danube salmon (Hucho hucho) EXCL. Wrapped/canned up,830,1558314,1478535
03021990,"Fish...ruhi,katla,......,pangash, karp & alike, excl. wrapped/canned upto 2.5kg Other",665428,84251246,43281181
03023190,"Fresh Or Chilled Albacore Or Longfinned Tunas(Excl.Livers & Roes),nes",21,10308,10307
03023390,"Fresh Or Chilled Skipjack Or Stripe-Bellied Bonito(Ex.Livers & Roes),nes",4,4011,736
03024310,"Sardines ( Sardina pilachardus), sardinella (Sardinella spp), brisling . sprattus)Wr",61,42307,18773
03024390,"Sardines ( Sardina pilachardus), sardinella (Sardinella spp), brisling . sprattus) E",50,37546,6135
03024490,"Mackerel ( Scomber scombrus, Scomber australasicus, Scomber japonicus), EXCL. Wrapped",3,1946,954
03024990,Other excl. Wrapped/canned upto 2.5 kg,2100,516225,112347
03031990,"PACIFIC SALMON EXCCLUDING LIVERS AND ROSE, OTHER,NES",5940,547474,382235
03032490,"Other Catfish (Pangasius spp, Silurus spp, Clarias spp, Ictalurus spp)",66990,7501088,6089491
03032990,"Fish frozen.. Excl. wrapped/canned upto 2.5kg ruhi, katla,..,karp and alike Other",15300,1713394,1575741
03034390,"Frozen Skipjack Or Stripe-Bellied Bonito(Excl.Livers & Roes),nes",4500,503881,303683
03035190,"Herrings (Clupea harengus,Clupea pallasii), NES",890830,99774493,85946774
03035490,"Mackerel (Scomber scombrus, Scomber australasicus, Scomber japonicus), EXCL. Wrapped/can",301910,33810270,29633738
03035590,Other Jack and horse mackerel (Trachurus spp),337330,37787029,34955604
03035990,Wrapped/canned upto 2.5 kg,348000,86629711,84796549
03038990,"Other fish, excluding livers and roes :",1812342,271774400,190048791
03046290,"Catfish (Pangasius spp, Silurus spp, Clarias spp, Ictalurus spp), EXCL. Wrapped/canned u",74916,13986046,13207453
03048690,"Herrings (Clupea harengus, Clupea pallasii), EXCL. Wrapped/canned upto 2.5 Kg",73,73102,8590
03055190,"DRIED FISH COD(GADUS MORHUA,GADUS OGAC,GADUS MACROCEPHALUS),NES",70,21476,8589
03055290,"Tilapias (Oreochromis spp.), catfish (Pangasius spp., Silurus spp., Clarias spp., Ict",3715,1155876,892029
03055990,"OTHER DRIED FISH(EXCL.COD),NES",1164296,299983494,147950598
03063610,Other shrimps and prawns,11,2710045,2529487
03063690,Other shrimps and prawns,31,6734353,4532783
03074310,"Cuttle fish and squid , Frozen, Wrapped/canned upto 2.5 kg",5000,1095232,1006140
03074390,"Cuttle fish and squid , Frozen, Excl. Wrapped/canned upto 2.5 kg",15000,3265815,3220875
04011010,"Milk And Cream Of <=1% Fat,Not Concentrated Or Sweetened, Wrapped/Canned upto 2.5 kg",11904,1113556,876372
04011090,"Milk And Cream Of <=1% Fat,Not Concentrated Or Sweetened, Nes",11913,7177597,4604884
04012010,"Milk & Cream Of>1%But<=6%Fat,Not Concentrated Or Sweetened,Wrap./Cann. upto 2.5 kg",6640,826193,651782
04015010,"Milk & cream ..added sugar or ..Of a fat content, by weight, >10%, Wrapped./Canned upto",600,122762,110463
04021010,"Milk&Cream In Powder Forms<=1.5%Fat,Con... Or Sweet.,In Reta.Pk.Upto 2.5kg",6048,3218253,1716550
04021090,Other,2387475,745939517,725190482
04022190,Other,5078675,2405711105,2368923906
04022910,Milk&Cream In Powder Forms >1.5% Fat Sweet Or Conc. In Ret.Pk.=<2.5kg,5055,2672836,2325932
04029900,Sweetened Milk And Cream (Excl. In Solid Form),379,100057,45275
04039000,"BUTTERMILK, CURDED MILK AND CREAM.., EXCL. YOGURT",8167,1500503,1276322
04041000,Whey imported by food processing industry,150000,18661584,18220950
04041000,Whey whether or not concentrated or containing added sugar or other sweetening matter,25000,3108403,2809830
04049000,"Products Consisting Of Natural Milk Constituents, Nes",400000,53497615,51879260
04059000,Fats And Oils Derived From Milk (Excl. Butter And Dairy Spreads),16800,14712959,14483734
04062000,Grated Or Powdered Cheese,22736,14014542,12663679
04063000,"Processed Cheese, Not Grated Or Powdered",6648,3068981,2611051
04069000,"Cheese, Nes",37254,18425934,15524177
04071900,Birds Fertilised eggs for incubation EXCL. Of fowls of the species Gallus domesticu,150,1086469,1065061
04090010,"Naturel honey, wrapped/canned upto 2.5 kg",27981,18748005,13841762
04090090,"Naturel honey, Exclu. wrapped/canned upto 2.5 kg",124420,46661329,22240272
05010000,"Human Hair And Waste, Unworked",72625,110568182,21819901
05029000,Badger And Other Brush Making Hair & Waste There Of,43,98476,97888
05051000,Raw Feathers For Stuffing; Down,5,3130,3068
05080000,"Coral; Shells Of Molluscs, Crustaceans, Unworked",144320,3026779,1116263
05111000,Bovine Semen,29,9847885,2945321
05119100,"Products Of Fish, Crus.,Mollus.,Other Aquatic, Invet Dead Anim.Of Chapt. 3",788680,59954765,41393098
05119990,"Animal Products, Nes; ...,Unfit For Human Co. Excl. Wrapped/canned upto 2.5 kg",1013,4617492,4416523
06012000,"Bulbs, Tubers... Rhizomes In Growth Or Flower; Chicory Plants And Roots",29,362130,354995
06023000,"Rhododendrons And Azaleas, Grafted Or Not",57181,2361513,1929151
06024000,"Roses, Grafted Or Not",31664,1387468,1102766
06029090,"Other Live Plants,Cutting And Slips, Mushroom Spawn",49355,2766040,2051544
06031100,Roses,1541,963093,437975
06031200,Carnations,438,273831,114202
06031300,Orchids,177,111009,50273
06031400,Chrysanthemums,370,231450,89491
06031500,Lilies (Lilium spp),1424,890535,430171
06031900,Cut flowers & flower buds of a kind suitable for bouquets or for ornamental pur,1492,932511,383331
06042000,"Foliage, branches and other parts of plants, without flowers .or otherwise prepared, Fr",295,184831,108074
07020019,"Tomatoes, Fresh, Nes",343,88417,65497
07031019,"Onions, Fresh Or Chilled, Nes",441181,27060926,17773654
07032090,"Garlic, Fresh Or Chilled, Nes",5341994,637300744,624577188
07039090,"Leeks And Other Alliaceous Vegetables, Nes, (excl. Wrapped/Canned upto 2.5 kg)",2045,511998,330414
07041090,"Cauliflowers And Headed Broccoli, Fresh Or Chilled, Nes",1132,349271,190627
07042090,"Brussels Sprouts, Fresh Or Chilled, Nes",97,30706,26789
07051110,"Cabbage Lettuce, Fresh Or Chilled, Wrapped/Canned upto 2.5 kg",246,61583,42356
07051190,"Cabbage Lettuce, Fresh Or Chilled, Nes",8800,2186126,1485848
07061090,"Carrots And Turnips, Fresh Or Chilled, Nes",73,18276,16196
07069090,"Salad Betroot..Radishes & Similar Edible Roots,Fresh Or Chilled, Nes",1312,333515,207794
07070090,"Cucumbers And Gherkins, Fresh Or Chilled, Nes",1194,298947,193682
07082090,"Beans, Shelled Or Unshelled Fresh Or Chilled, Nes",503,157436,77772
07092090,"Asparagus, Fresh Or Chilled, Nes",188,59149,43857
07094090,"Celery Other Than Celeric, Fresh Or Chilled, Nes",155,48508,42209
07095190,"Mushrooms, Fresh Or Chilled, Nes",150,94165,60022
07096019,"Sweet Peppers, Fresh Or Chilled, Nes",145,36666,32383
07096099,"Other Fruits Of Genus Capiscum Or Pimenta,Fresh Or Chilled,Nes,(excl. Wrd/Ca upto 2.5kg)",60873,4570143,1493793
07099390,"Pumpkins, squash and gourds (Cucurbita spp), EXCL. Wrapped/canned upto 2.5 Kg",113,35996,34184
07099990,"Other Vegetables NES, EXCL. Wrapped/canned upto 2.5 Kg",490217,30918971,16254516
07122090,"Dried Onions Cut, Whole, Broken, Powder, Nes",91000,24925412,17495793
07123490,Shiitake (Lentinus edodes),1380,174596,118528
07129010,"Dried vegetable, whole ............., Sweet corn",10,5006,1718
07129091,"Other Dried Vegetables Whole,Cut Sliced.. Not Further Nes,Wrapped/Canned upto 2.5 kg",138,25823,17721
07129092,Dihydrated chives imported by biscuits and bakery products manufacturing industry,4500,2794157,2125778
07129099,"Other Dried Vegetable, Whole, Cut Sliced... Not Further Nes,(Excl.Wrap/Can upto 2.5 kg)",134030,31601936,14406821
07131090,"Dried Peas Shelled, Nes",31963358,1495789958,1167233623
07132090,"Dried Chickpeas (Garbanzos) Shelled, Nes",20373185,1809249627,1337431453
07133110,"Dried Beans Of The Species,Vigna Mungo(L) Hepper/V.Radiata,Shelled,Wra/Can upto 2.5kg",585,43498,11757
07133190,"Dried Beans Of The Species, Vigna Mungo(L) Hepper/V.Radiata, Shelled, Nes",350630,53827339,40970064
07133990,"Dried Other Beans, Shelled, Nes, (Excl. Wrapped/Canned upto 2.5 kg)",84960,9572291,8172998
07134010,"Dried Lentils, Shelled, Wrapped/Canned upto 2.5 kg",600,59484,10077
07134090,"Dried Lentils, Shelled, Nes",68468940,5588229564,4296539006
07139090,"Dried Leguminous Vegetables, Shelled, Nes, (Excl. Wrapped/Canned upto 2.5 kg)",2550080,349040835,155503061
08011190,"Desiccated Coconuts Fresh Or Dried,Nes",176500,18464559,17733831
08011290,Other coconuts in the inner shell (endocarp) EXCL. Wrapped/canned upto 2.5 Kg,4676320,176071384,154225015
08013290,"Casweh Nuts, Shelled, Fresh Or Dried, Nes",186000,95685153,92556372
08021190,"Almonds In Shell, Fresh Or Dried, Nes",37,18531,10123
08021290,"Almonds Shelled, Resh Or Dried,Nes",294953,146765241,144769087
08023290,"Walnuts Shelled Fresh Or Dried, Nes",46000,22932430,13749966
08025290,"Pistachios, Shelled, EXCL. Wrapped/canned upto 2.5 Kg",22830,22723128,22409928
08029912,Semi-Processed Betelnuts packed in 60-80kg Bag,10010,2490304,2075839
08029919,Betelnuts,124240,30950460,26658416
08041011,"Dates, Fresh,Wrapped/Canned Upto 2.5kg",457450,135346177,73386776
08041019,"Dates, Fresh, Nes",25716092,4667281878,2886815760
08041021,"Dates, Dried, Wrapped/Canned Upto 2.5kg",963,306276,171142
08041029,"Dates, Dried, Nes",151555,36685869,10647704
08042029,"Figs, Dried, Nes",12000,2985876,2944800
08044090,"Avocados Fresh Or Dried, Nes",1910,943864,820163
08045029,"Mangosteens, Fresh Or Dried, Nes",151,56705,40943
08045039,"Mangoes Fresh Or Dried, Nes",441,165516,116528
08051090,"Oranges, Fresh Or Dried, Nes",16420887,1440354124,1240746922
08052190,Mandarins (including tangerines and satsumas),11558638,1007018156,956722516
08054090,"GRAPEFRUIT, NES",20,8149,7989
08055090,"CITRUS FRUIT,FRESH OR DRIED, LEMONS ,NES",89,27853,22577
08059019,"Citrus Fruit, Fresh Nes, Nes",3260124,281799051,133338243
08061090,"Fresh Grapes, Nes",12076396,1202451228,653036322
08062090,"Dried Grapes, Nes",1340460,333698979,318650884
08071990,"Melons, Fresh, (Excl. Watermelons),Nes",125,39229,33429
08072090,"Papaws (Papayas), Fresh, Nes",102,38309,34355
08081090,"Apples, Fresh, Nes",21298794,1855677151,1779663551
08083090,"Pears, EXCL. Wrapped/canned upto 2.5 Kg",745650,64975742,64046595
08091090,"Apricots, Fresh, NES",2100,220087,147284
08092190,"Sour cherries (Prunus cerasus), EXCL. Wrapped/canned upto 2.5 Kg",55,41310,32485
08093090,"Peaches, Including Nectarines, Fresh,Nes",102,38557,33760
08094019,Plums EXCL.Wrapped/canned upto 2.5 kg,3563,1045030,494027
08101010,"Strawberries, Fresh, Wrapped/Canne Upto 2.5kg",52,29583,26239
08102010,"Raspberries,Blackberries,Mulberries & Loganberries,Fresh,Wrapped/Cann Upto 2.5kg",110,69714,58429
08102090,"Raspberries,Blackberries,Mulberries & Loganberries,Fresh, Nes",15,10073,9875
08105090,"Kiwifruit, Fresh, NES",2585,599258,310584
08106090,"DURIANS , NES",149,56085,38962
08107090,"Other persimmons, EXCL. Wrapped/canned upto 2.5 Kg",11572,3306188,1274671
08109090,"Other Fruit, Fresh, Nes,(Excl. Wrapped/Canned Upto 2.5kg)",3900289,386708861,184242724
08132090,"Dried Prunes,NES",305710,88138656,78808272
08134010,"Other Dried Fruit, Nes, Wrapped/Canned Upto 2.5KG",14220,5323755,5234382
08134090,"Other Dried Fruit, Nes, (Excl. Wrapped/Canned Upto 2.5KG)",466615,46887163,25201756
09011190,"Coffee, Not Roasted Or Decaffeinated",25270,26319901,25816923
09011210,"Decaffeinated coffee, not roasted,wrapped/cann upto 2.5 KG",546,307533,200983
09012190,"Roasted coffee, not decaffeinated,Excl wrapped canned",2000,1127333,1105056
09012210,"Roasted, decaffeinated coffee Wrapped/canned upto 2.5 kg",2078,1429843,1225771
09021000,"Green Tea,Whether Or Not Flavoured, In Immediate Packings <=3 Kg",588,725338,228369
09022000,"Green Tea,Whether Or Not Flavoured, Nes",3,3653,3627
09024000,"Black Tea Fermented/Partly Fermented,Flavoured Or Not,In Packings Of >3kg",702,264789,173667
09041190,"Pepper, Neither Crushed Nor Ground, Nes",207575,100465001,96492357
09042190,"Fruits of the genus Capsicum...,: Dried or neither crushed or ground, EXCL.Wrapped/canne",5986220,1643282479,1477949721
09061190,"Neither crushed nor ground:Cinnamon (Cinnamo. Zeylan. Blume), Excl. Wr./Can.up",1067961,229210590,223338948
09062000,"Cinnamon And Cinnamon-Tree Flowers, Crushed Or Ground",25000,7154982,6901875
09071090,"Cloves (whole fruit, cloves and stems), Neither Crushed or ground, EXCL. Wrapped/canned",234500,116794301,115099030
09081190,"Nutmeg :Neither Crushed or ground, EXCL. Wrapped/canned upto 2.5 Kg",32725,12299695,11772758
09082190,"Mace : Neither Crushed or ground, EXCL. Wrapped/canned upto 2.5 Kg",11040,10995797,10836864
09083190,Cardamoms :Neither Crushed or ground. EXCL. Wrapped/canned upto 2.5 Kg,542403,1174232784,1021522937
09092190,Seeds of coriander : Neither crushed or ground EXCL. Wrapped/canned upto 2.5 Kg,20000,4797826,4409610
09093110,Seeds of Cumin : Neither crushed or ground Wrapped/canned upto 2.5 Kg,4,2952,2952
09093190,Seeds of Cumin : Neither crushed or ground EXCL. Wrapped/canned upto 2.5 Kg,2371563,998539877,726819681
09096190,"Seeds of anise, badian, caraway...; juniper berries : Neither crushed or ground EXCL. Wr",605700,184398915,88059142
09101190,Ginger : Neither Crushed or ground EXCL. Wrapped/canned upto 2.5 Kg,18490874,2126890727,1236389329
09101210,Ginger : Crushed or ground Wrapped/canned upto 2.5 Kg,30,10814,2120
09103090,"Turmeric(Curcuma), Nes",1575170,258620328,252766731
09109110,MIXTURES REFFERED TO IN NOTE 1(B) TO THIS CHAP WRAP/CAN UPTO 2.5 KG,8515,2131781,1398105
09109910,"Other Spices, Nes, Wrapped/Canned upto 2.5 kg",1339,202285,122504
09109990,"Other Spices, Nes, (Excl. Wrapped/Canned upto 2.5 kg)",302037,27764237,26629107
10011990,"Durum wheat, Other than Seed, EXCL. Wrapped/canned upto 2.5 Kg",787312842,26972695923,26078792262
10019990,"Other Seed, NES, EXCL, Wrapped/canned upto 2.5 Kg",99185090,3541918389,3432222468
10039090,Barley other than Seed EXCL. Wrapped/canned upto 2.5 Kg,118900,6418629,4931092
10051010,"Maize Seed, wrapped/canned upto 2.5 kg",21217,11200040,6433501
10051090,"Maize Seed, Excl. wrapped/canned upto 2.5 kg",70000,35614939,27607572
10059090,"Other Maize, Excluding wrapped/canned upto 2.5 kg",199768285,9187711108,5899146808
10063011,Semi-Milled Or Wholly Milled Rice,7000,1353272,470280
10063019,Semi-Milled Or Wholly Milled Rice,13,7512,6135
10063091,Semi-Milled Or Wholly Milled Rice,19113,3734368,2348069
10063099,Semi-Milled Or Wholly Milled Rice,149431881,8227794767,7159470701
10071090,"Grain sorghum Seed, EXCL. Wrapped/canned upto 2.5 Kg",923145,49841500,31334150
10081010,"Buckwheat, Wrapped/Canned upto 2.5 kg",5012,690105,613558
10082910,"Millet other than Seed, Wrapped/canned upto 2.5 Kg",97,9744,6687
10085010,Quinoa (Chenopodium quinoa) Wrapped/canned upto 2.5 Kg,6020,1205633,1069380
11010010,"Wheat Or Meslin Flour, wrapped/canned upto 2.5 kg",125,15561,14122
11010090,"Wheat Or Meslin Flour, Excl. wrapped/canned upto 2.5 kg",6375,700994,686546
11022000,Maize (Corn) Flour,1920,274920,263933
11029000,"Other Flour Than Of Rye,Maize & Rice Flour",5291,718173,608383
11063000,"Flour, Meal And Powder Of Products Of Chapter 8",140,215926,205538
11081100,Wheat Starch,7610,2769288,2347254
11081200,Maize (Corn) Starch,1243512,85873414,69016984
11081300,Potato Starch,146000,20080509,18907167
11081400,Manioc (Cassava) Starch,361010,29812419,20237574
12019010,"Soya beans, whether or not broken other than Seed, Wrapped/canned upto 2.5 Kg",5,3382,3313
12019090,"Soya beans, whether or not broken other than Seed, EXCL. Wrapped/canned upto 2.5 Kg",64634431,3757035228,3715117023
12024190,"Ground-nuts, not roasted or otherwise cooked, whether in Shell, EXCL. Wrapped/canned up",468250,46882387,44765586
12024290,"Other Ground-nuts, Shelled whether or not broken EXCL. Wrapped/canned upto 2.5 Kg",1958240,226776669,193849714
12030000,Copra,3100651,579534700,561803852
12051090,"LOW ERUCIC ACID RAPE OR COLZA SEEDS, Nes",16200000,1035395361,1023686100
12074090,"Sesamum Seeds, Nes",210000,65714642,39001813
12075090,"Mustared Seeds, Nes",3593780,286838019,281254295
12077010,Melon seeds Wrapped/canned upto 2.5 Kg,50,105754,104295
12077090,"Other Melon seeds, EXCL. Wrapped/canned upto 2.5 Kg",10549,2427220,1589618
12079910,"Other Oil Seeds And Oleaginous Fruits, Nes, Wrapped/Canned upto 2.5 kg",30,30046,3682
12079990,"Other Oil Seeds And Oleaginous Fruits, Nes, (Excl. Wrapped/Canned upto 2.5 kg)",216140,45654987,39767163
12081000,Soya Bean Flours And Meals,26000,2816313,2296944
12093000,Seeds Of Herbaceous Plants Cultivated Principally For Their Flowers,129,725055,693599
12099100,Vegetable Seeds Of A Kind Used For Sowing,45735,187616336,173193543
12099910,Tobacco Seeds,58,21178517,20751609
12099990,Other than Tobacco Seeds,6,3005,736
12119029,"Plants Or Parts, Used In Pharmacy, Nes, (Excl. Wrapped/Canned upto 2.5 kg)",1975365,387156282,371637588
12119091,"Plants Or Parts, Used In Insecticide..., Similar Purpose,Nes, Wrap./Cann upto 2.5 kg",49287,7975234,3607443
12119099,"Plants Or Parts, Used In Insecticide..., Similar Purpose,Nes, Wrap./Cann upto 2.5 kg",1347253,65285318,61887434
12122111,Seaweeds and other algae: Fit for human consumption Wrapped/canned upto 2.5 Kg,100,12520,9573
12122119,Seaweeds and other algae: Fit for human consumption EXCL. Wrapped/canned upto 2.5 Kg,700,595792,584052
12122919,Seaweeds and other algae: Other than Fit for human consumption EXCL. Wrapped/canned upto,72000,6128320,5344812
12129290,"Other Locust beans (carob), EXCL. Wrapped/canned upto 2.5 Kg",16,6923,827
12130090,"Cereal Straw And Husks, Nes",5,24782,24295
13012000,Gum Arabic,16000,4596991,3958302
13019000,"Natural gums, resins, gum-resins,natural oleoresesins and balsams (excl. gum arabic)",419720,98851890,84554195
13021900,"Other Vegetable Saps And Extracts,Nes(Exl.Opium,Liquorice,Hops,Pyrethrum).",5789,27822830,27170635
13022000,"Pectic Substances, Pectinates And Pectates",57425,43449407,34827782
13023100,Agar-Agar,320,199559,19632
13023200,"Mucilages And Thickeners Of Locust Beans, Bean Seeds And Guar Seeds",3300,2663162,2610688
13023900,"Mucilages&Thickeners,Derived From Veg.Prod.(Ex.Locastbeans/Seeds,Guarseeds",1132,1888897,1693145
14011000,Bamboos,129350,8061685,7261681
14012000,Rattans,28380,882911,870557
14049091,"Vegetable Products, Nes Wraped/Canned upto 2.5 kg",525,111715,63252
14049099,"Vegetable Products, Nes (Excl. Wrapped/Canned upto 2.5 kg)",66483,64845271,61088129
15041000,Fish-Liver Oils And Their Fractions,5715,11606316,11370675
15042000,"Fish Fats, Oils And Fractions (Excl. Fish Liver Oils)",1287824,307434162,208095438
15050000,Wool grease and fatty substances derived therefrom(including lanolin).,450,885047,867609
15071000,"CRUDE OIL, WHETHER OR NOT DEGUMMED",9000000,1315441301,1297092375
15079010,Refined Soya-Bean Oil,400,2195142,2151890
15089000,"Ground-Nut Oil (Excl. Crude) And Fractions,Not Che.Modified",4000,2252993,2208600
15092010,Extra virgin olive oil,9369,6576648,6483182
15092090,Extra virgin olive oil,22010,10491346,7674640
15093010,Virgin olive oil,45,27534,4908
15099010,Olive oil and fractions (excl. virgin) wrapped/canned upto 2.5kg,196,112421,34313
15109000,"Crude olive pomace oil, OTHERS",132,62306,45827
15119090,Palm Oil(Excl.Cude)&Its Fractns....Nes.Incld.Refiend Palm Oil,73237084,9584781248,9447121524
15121100,Crude Sunflower-Seed Oil And Safflower Oil,3,3612,3558
15121900,Sunflower-Seed And Safflower Oil (Excl. Crude) And Fractions Thereof,463450,102738039,96039164
15122900,"Refined Cotton-Seed Oil & Its Fractns, Not Chemically Modifd",15,366111,358898
15131100,Crude Coconut (Copra) Oil,20442,2134823,1925401
15131900,"Coconut (copra) oil (excl. crude) & its fractions, refined or not but not chem. modified",9400,3119346,3034525
15132100,Crude Palm Kernel Or Babassu Oil,408530,92894219,91054731
15132900,"Refined Palm Kernel/Babassu Oil & Fractions,Not Chem.Modifd",407150,100612894,97735275
15153000,Castor Oil And Its Fractions,21510,7013167,6204273
15155000,Sesame Oil And Fractions,10397,3594391,2773659
15156000,Microbial fats and oils and their fractions,100,150201,147240
15159000,"Oth.Fixed Veg.Oil,Fats & Frac.,Nes(Ex.Maize/Castor/Tung/Sesamre/Jojobaoil)",361,721990,562926
15162000,"Vegetable fats and oils and their fractions, hydrogenated, etc",1145646,212251702,204151211
15163000,Microbial fats and oils and their fractions,916,3647516,3317974
15171010,"Margarine, excluding liquid margarine in 10kg or above packing",275070,46151203,44332219
15179000,"Edible Preparations Of Animal/Veg.Fats And Oils,Nes Incld.Liquid Margarine",145260,32205218,29940501
15180000,"Animal Or Vegetable Fats And Oils... Chemically Modified, Nes",3055974,421487080,412816609
16010000,"Sausages &Similar Prod.;Of Meat,Meat Offal,Blood,Prep.Based On These Prod.",80415,13964708,13484112
16021000,"Homogenized Preparations Of Meat, Meat Offal Or Blood",5280,8960213,8434492
16023200,"Prepared/Preserved Meat,Offal/Blood Of Fowls Of Species Gallus Domesticus",80284,11993472,11820945
16041400,"Prep./Preserved Tuna,Skipjack & Bonito Ex.Minced Whole/Inpieces",1372,684149,540751
16042000,"Other Prepared Or Preserved Fish, Including Minced, Nes",1500,767053,754605
16051000,"Crab, Prepared Or Preserved",5000,2182658,2024550
17011200,Other cane sugar,18,19920,19528
17011400,Other cane sugar,16225000,790057691,781531300
17019100,"Cane Or Beet Sugar, Containing Added Flavouring Or Colouring",1200,112302,110463
17019900,"Cane Or Beet Sugar, In Solid Form, Nes Including Chemically Kue Sucoose",33052608,2712670668,1967126463
17021100,Lactose And Lactose Syrup Cont.By Weight>=99% Lactose Calc. On Dry Matter,279980,77521578,76012030
17022000,Maple Sugar And Maple Syrup,2261,441729,416119
17023010,"Dextrose, Anhydrous/Monohydrate Bp/Vsp Pyrogen Free",955500,87716624,79298329
17023020,"Glucose & Glucose Syrup,Containing <20% Fructose,Liquid Glucose",24000,2389360,1858725
17023090,"GLUCOSE AND GLUCOSE SYRUP, NOT CONTAINING FRUCTOSE OR CONTAINING.. EXCL. LIQUID GLUCO",168000,16444933,13033311
17026000,"Other Fructose And Fructose Syrup, Containing >50% Fructose",2400,450725,353482
17029000,"Artificial honey, caramel and other sugars (incl. invert sugar), nes",1102192,68138149,42914791
17031000,Cane Molasses Resulting From The Extraction Or Refining Of Sugar,2185712,65811195,42812670
17041010,"Chewing Gum Not Containing Cocoa, TV",22033,8275309,6938451
17049010,"Sugar confe (incl. white chocolate), not cont cocoa,nes Put up for retail sale",49956,18984130,14694476
17049090,"Sugar confei (incl. whit chocole), not cont cocoa, nes excl. Put up for retail sale",34241,12856472,8128837
18040000,"Cocoa Butter, Fat And Oil",182,671699,278344
18050000,"Cocoa Powder, Not Containing Added Sugar Or Other Sweetening Matter",153015,40782005,39982186
18061000,"Cocoa Powder, Containing Added Sugar Or Other Sweetening Matter",1817,382685,304753
18062000,"OTHER PREPARATIONS IN BLOCKS, SLABS OR BARS WEIGHING MORE THAN 2 KG, OR IN LIQUID..",91995,25192489,21918836
18063100,"Chocolate, Etc, Containing Cocoa, In Blocks, Slabs Or Bars, Filled, TV",23121,28915385,20621815
18063200,"Chocolate, Etc, Containing Cocoa In Blocks, Slabs Or Bars, Not Filled, TV",504,631026,309296
18069000,"OTHER CHOCOLATE & OTHER FOOD PREPARA. CONTAININGS COCOA, EXCL. FILLED/NOT FILLE, TV",30073,38409358,15709834
19011000,"Preparations suitable for infants or young children, put up for retail sale",720786,358387617,318924296
19012000,Mixes And Doughs For Preparation Of Bakers' Wares Of 19.05,184045,30486039,28817166
19019011,Filled milk powder,2181836,760142630,700612014
19019019,food prep's of goods excl. Filled milk powder imp by VAT reg milk products manu ind,25200,11128208,10871771
19019020,Dry Mixed Ingredient of food preparation in bulk imported by food processing industries,20000,6010737,5529043
19019030,Malt extract; food preparations for infant & children in bulk imported by food industry,1107811,626096405,610939647
19019040,"Nutritional supplement for pregnant women and breast feeding mothers, put up for",62,33792,7607
19019090,Other,359713,220515109,57610828
19021900,"Uncooked Pasta, Not Containing Eggs, Not Stuffed",33907,4368326,3183739
19022000,"Stuffed Pasta, Whether Or Not Cooked/Prepared",10000,1107723,1085895
19023000,"Other Pasta, Nes",91553,10877737,8850955
19024000,Couscous,21,10513,2577
19030000,"Tapioca & Substitutes Prpd.From Starch In Flakes,Grains,Pearls,Sifting Etc",532092,41405061,37190032
19041000,Prepared food obtained by the swelling or roasting of cereals or cereal products,33441,12279352,9729136
19049000,"Cereals In Grain,Flakes,Worked Grains,Precooked,Otherwise Prepared, Nes",56817,18412245,10996242
19051000,Crispbread,1523,913312,316156
19053100,"SWEET BISCUITS, TV",24199,12175070,10289908
19053200,"WAFFLES AND WAFERS, TV",29128,16371271,13620397
19054000,"Rusks, Toasted Bread And Similar Toasted Products",789,661458,177306
19059000,"Pastry,Cakes,Other Bread, Etc, Nes; Communion Wafers, Rice Paper, Etc, TV",20636,14309281,11320481
20019000,"Oth.Veg.Fruits,Nuts&Edible Parts Of Plants Preserved By Vinegar/Acetic Aci",34459,3479647,2538776
20021000,"Tomatoes, Whole Or In Pieces, Preserved Other Than By Vinegar, Etc",29087,3636330,3440277
20029000,"Tomatoes,Oth.Than Whole Or Pieces Preserved Otherwise Than By Vinegar,Nes",117212,12335940,10907475
20031000,"Mushrooms, Preserved Otherwise Than By Vinegar Or Acetic Acid",169531,16963381,16399561
20039000,"OTHER MUSHROOMS&TRUFFLES,PREPARED OR PRESE.OTHERW.THAN BY VINE.ACETIC ACID",15442,1550307,1489420
20041000,"Potatoes,Preserved Not By Vinegar/Acetic Acid,Frozen (Excl.Prods. Of 2006)",109624,20249568,19773846
20052000,"Potatoes, Preserved Other Than By Vinegar Or Acetic Acid, Not Frozen",21106,13334082,10921015
20054000,"Peas, Preserved Other Than By Vinegar Or Acetic Acid, Not Frozen",23613,3167292,2482009
20055100,"Shelled Beans, Preserved Other Than By Vinegar, Etc, Not Frozen",4177,414420,255398
20055900,"Beans, Unshelled, Preserved Other Than By Vinegar, Etc, Not Frozen",15185,3471570,3168124
20058000,"Sweetcorn, Preserved Other Than By Vinegar Or Acetic Acid, Not Frozen",36538,3118042,2583874
20059900,"Other vegetables and mixtures of vegetables:, Excl. Bamboo shoots",1800,3274059,3060041
20060000,"Vegetables,Fruit,Nuts,Fruitpeel & Other Parts Of Plants,Preserved By Sugar",985,701448,424051
20079900,"Oth.Jams,Fruit Jellies,Marmalades,Nut Purce/Pastes Oth Than Citrus Fruit..",17283,11917548,8744988
20081100,"Ground-Nuts, Prepared On Preserved",5030,9000788,2667433
20081900,"Nuts And Seeds Including Mixtures, Other Than Ground Nuts, Preserved",8462,11682885,7384172
20086000,"Cherries, Otherwise Prepared Or Preserved (Excl. Those Of 20.06 And 20.07)",900,1888394,1764953
20089300,"Cranberries (Vaccinium macrocarpon, Vaccinium oxycoccos, Vaccinium vitis-idaea)",170,74286,73071
20089700,Mixture,914,400452,99364
20089900,"Other fruit, etc, prepared or preserved, nes",47830,28852956,20603154
20091100,"Frzn.Orange Juice,Unfermented,Not Containing Added Spirit,Sweetened Or Not",3800,706496,191471
20091900,"Unfrzn.Orange Juice,Unfermented,Not Containing Added Spirit,Sweetened/Not",20767,3899927,2584385
20093900,OTHER JUICE OF ANY OTHER SINGLE CITRUS FRUIT EXCL. BRIX VAL.NOT EXCEED.20,22720,8412180,6606250
20094100,PINEAPPLE JUICE OF A BRIX VALUE NOT EXCEEDING 20,3600,669196,241858
20097100,APPLE JUICE OF A BRIX VALUE NOT EXCEEDING 20,3600,669202,181394
20097900,"OTHER, APPLE JUICE EXCL. BRIX VALUE NOT EXCEEDING 20",87065,20114636,16530386
20098100,Juice of any other single fruit or vegetable Cranberry Juice,900,6860913,6725726
20098900,Juice of any other single fruit or vegetable other than Cranberry Juice,127736,24944826,15116779
20099000,"Mixtures Of Juices,Unfermented,Not Cont. Added Spirit,Sweetened Or Not",24012,5593080,4460216
21011100,"Extracts, Essences And Concentrates Of Coffee",40087,44513041,41581683
21011200,Preparations With A Basis Of Extract/Essence Etc.Or With A Basis Of Coffee,15631,13672153,9459452
21012000,"Extracts, Essences, Concentrates And Preparations Of Tea Or Mate",25851,22512951,14956790
21013000,"Roasted Coffee Substitutes (Incl.Chicory),Extracts,Essences & Conc.Thereof",11144,3607825,3401272
21021000,Active Yeasts,519383,114617712,112130966
21022000,"Inactive yeasts; other single-cell micro-organisms, dead",15000,17874388,17522193
21023000,Prepared Baking Powders,46038,9254779,7246614
21031000,Soya Sauce,10440,2140905,1802547
21032000,Tomato Ketchup And Other Tomato Sauces,18553,2960285,2510478
21033000,"Mustard Flour And Meal, And Prepared Mustard",111,17297,13624
21039010,Mixed seasonings,19365,11308505,9948055
21039010,Mixed seasonings imported by foodstuffs manufacturing industries,455740,239568271,226939701
21039090,sauce preparations; mixed condiments and seasonings;NES,177501,42904622,34781235
21041000,Soups And Broths And Preparations Therefor,102297,40652562,29163498
21042000,Homogenized Composite Food Preparations,97,69672,53472
21050000,"Ice Cream And Other Edible Ice, Whether Or Not Containing Cocoa",11140,15138693,14945382
21061000,Protein Concentrates And Textured Protein Substances,88343,24098081,13590338
21069010,Oth.Food Nes.Containing Alcohol Exceeding Alcoholic Strength 0.5% By Volum,1,627,614
21069020,Beverage concentrate,114888,43860483,22499870
21069020,Beverage concentrate imported by beverage manufacturing industry,114008,456395984,435511155
21069040,Stabilizer for milk,24000,15626304,13083732
21069040,Stabilizer for milk imported by milk foodstuffs manufacturing and agro-processing industries,200,463115,453990
21069050,Creamer in bulk,8119,5156463,1713808
21069050,Creamer in bulk imported by milk foodstuffs manufacturing industry,122000,25003187,20808938
21069060,Food supplement,17468,25175607,19393167
21069090,Other food preparations not elsewhere specified or incl.(excl. beverage concentrate),1097118,410439540,319756985
22011000,"Mineral Waters And Aerated Waters, Unsweetened",18639,2530659,1464343
22019000,"OTHER WATER, EXCL.MINERAL WATERS AND AERATED WATERS",17015,2317382,2077455
22021000,"Waters (Incl. Mineral And Aerated), With Added Sugar, Sweetener, Etc",92571,13686423,12040245
22029900,"Waters, including mineral waters and aerated waters...Excl. Non-alcoholic beer",7060,1432137,680120
22030000,Beer Made From Malt,686,463557,250551
22041000,Sparkling Wine,565,679472,666083
22060000,Other Ferment Beverages(E.G.Cider);Mixtures Of Fermented Beverages,2068,1666582,912706
22071000,"Undenatured Ethyl Alcohol, Of Alcoholic Strength >=80% By Vol.",57800,8344130,8121820
22082000,Spirits From Distilled Grape Wine Or Grape Marc,508,1132639,1025606
22090000,Vinegar And Substitutes For Vinegar Obtained From Acetic Acid,11399,3389188,2960341
23021000,"Brans, Sharps And Other Residues Of Maize(Corn)",20000,801064,613500
23023000,"Brans, Sharps And Other Residues Of Wheat",48051539,2160108271,1423073478
23024090,"Brans,Sharps & Oth. Residues Of Oth. Cereals Except Maize,Rice & Wheat",130150,6148111,3588975
23025000,"Brans, Sharps And Other Residues Of Leguminous Plants",3536355,172615271,148936960
23031000,Residues Of Starch Manufacture And Similar Residues,4664874,413663165,252347645
23033000,Brewing Or Distilling Dregs And Waste,23555405,1371887989,820322793
23040000,"Oil-Cake And Other Solid Residues, Of Soya-Bean Oil",180422563,11644943342,8461464845
23050000,"Oil-Cake And Other Solid Residues, Of Ground-Nut Oil",4,8997,8975
23062000,Oil-Cake And Other Solid Residues Of Linseed,82000,6157814,4527630
23064900,"OIL-CAKE AND OTHER SOLID RESIDUES OF RAPE OR COLZA SEEDS, OTHER",10709950,645320264,332907180
23066000,Oil-Cake And Other Solid Residues Of Palm Nuts Or Kernels,310720,14725345,8071382
23069000,"Oil-Cake And Other Solid Residues, Of Other Vegetable Fats And Oils",44000,2682302,1943568
23091000,"Dog Or Cat Food, Put Up For Retail Sale",319324,42035474,20581304
23099011,Vitamin or mineral or amino acid or their combination (feed grade),261179,207358539,122137374
23099012,Vitamin premix or mineral premix or amino acid premix or their combination(feed grade,1490071,519210016,469467172
23099013,Probiotics or Prebiotics or their combinatioin (feed grade),331994,204901659,177362607
23099014,Essential oil or combination of essential oils (feed grade),191068,72645997,67799695
23099019,"Oth, Preparations for use in making complete feed or supplementary feed",2521963,765659524,722456242
23099021,Vitamin or mineral or amino acid or their combination (feed grade),36,13518,9816
23099022,Vitamin premix or mineral premix or amino acid premix or their combination (feed grad,58100,9813316,9603606
23099023,Probiotics or Prebiotics or their combination (feed grade),84238,28682691,26476503
23099024,Essential oil or combination of essential oils (feed grade),20,10013,6135
23099029,"Preparations for use in making complete feed or supplementary feed for fish,NES",36678,18140154,17533874
23099090,"OTH..Preparations of a kind used in animal feeding. ,OTHER",10232505,1674115784,1482981303
24012000,"Tobacco, Partly Or Wholly Stemmed/Stripped",0,1253,1227
24022000,Cigarettes Containing Tobacco,8,53654,2748
24029000,"Cigars, cigarillos, cigarettes, etc, not containing tobacco",6,34110,30985
24049100,"Other,For oral application",1,9394,3068
25010010,Pure Sodium Chloride Bp/Usp Pyrogen Free,235325,7841638,7692337
25010020,Salt (other than pure sodium chlo.)...solution ..salt boulder for crushing & salt in bul,25520000,174622734,122439284
25010030,"Rock salt, bhit lobon",350300,6986560,4754687
25010099,Other Salt,28708,2178353,1269320
25020000,Unroasted Iron Pyrites,27000,1858650,1779150
25030000,"Sulphur Of All Kinds (Excl. Sublimed, Precipitated And Colloidal Sulphur)",2418000,153426025,150902104
25041000,Natural Graphite In Powder Or In Flakes,27000,2622619,2205533
25049000,Other Natural Graphite (Excl. In Powder Or In Flakes),9,3799,1654
25051000,Silica Sands And Quartz Sands,549283,16521759,6386407
25059000,Natural Sands(Ex.Silica & Quartz Sands & Metal-Bearing Sands Of Ch.26)Nes,43000,862144,845158
25061000,Quartz,6061314,170092883,78195397
25062000,Quartzite,3952800,100511962,62211787
25070010,China clays,2567417,48429234,30593605
25070010,Imported by Tiles or Sanitary or Ceramic or Tableware products manufacturing industry,5997750,190169590,145799488
25070090,"Kaolin And Other Kaolinic Clays, Whether Or Not Calcined",1347362,35504566,26715325
25081000,Bentonite,2640732,48904145,40087314
25083000,Fire-Clay,103014,1749050,1640990
25084010,Ball clays,10801015,72802992,58574526
25084010,Imported by Tiles or Sanitary or Ceramic or Tableware products manufacturing industry,71922175,556050125,469339259
25084090,"Other Clays, Nes",14138683,90083905,72950440
25101000,"NATURAL CALCIUM PHOSPHATES, NATURAL ALUMINIUM CALCIUM PHOSPHATES AND..,UNGROUD",22,13753,13742
25111000,Natural Barium Sulphate (Barytes),1784501,88655816,47868253
25120000,"Siliceous Fossil Meals (Kieselguhr, Tripolite, Etc); Siliceous Earths",51170,7974997,6828113
25131000,Pumice stone,588000,10511424,6720034
25132000,"Emery, Natural Corundum, Natural Garnet And Other Natural Abrasives",462400,7433160,5263017
25151200,Marble and travertine blocks or slabs imported by Marble & Granite tiles industries,2595757,54503185,38227468
25151200,"Merely cut, by sawing or otherwise, into blocks ....a rectan.. (including square) shape",368420,7585215,5519831
25161100,Granite Crude or roughly trimmed imported by marble & granite tiles industries,139200,3484575,2394613
25161200,Granite blocks or slabs imported by marble & granite tiles industries,2314580,52579408,36332159
25161200,"Granite, Merely Cut Into Blocks On Slabs Of A Square Or Rectangular Shape",1047770,23595517,15591749
25169010,Boulder stone,474738832,954159033,671429588
25171010,Flint/grinding pebbles,2600,130341,96320
25171090,Broken or crushed stone,1922784610,4789802172,4323028017
25174100,"Marble Granules, Chippings And Powder",526400,5070931,4187997
25174900,"GRANULES, CHIPPINGS AND POWDER, OF STONES OF HEADING 2515 OR 2516..,EXCL. MARBLE",29296200,438563241,191886583
25181000,Dolomite Not Calcined,2233820,21339014,17136211
25182000,Calcined Dolomite,898030,6043235,2939304
25191000,NATURAL MAGNESIUM CARBONATE (MAGNESITE),77000,3600119,2524675
25199000,Magnesia And Other Magnesium Oxide,74320,21097242,20388785
25201010,Gypsum; Anhydrite,3555767,67019931,32464051
25201090,Gypsum; Anhydrite,114619496,501431128,310736804
25202000,Plasters,2976132,54923695,47214024
25210010,Boulder limestone,566777126,992143540,686358849
25210090,Limestone and other calcareous stones imported as raw material by manufecturers,154484000,289524812,170846848
25210090,Other than Boulder Limestone,19181024,35935512,21196302
25221000,Quicklime,6261590,138799269,101722214
25222000,Slaked Lime,300,40356,36810
25223000,Hydraulic Lime,205635,6054067,5946438
25231000,Cement clinkers imported by cement manufacturing industry,1731252818,11319631291,9501574051
25232900,"PORTLAND CEMENT, EXCL WHITE CEMENT, WHETHER OR NOT ARTIFICIALLY COLOURED",483360,88655211,21003591
25239000,Other Hydraulic Cements,3386,596179,584406
25249010,Chrysolite fibre imported by cement sheet manufacturing industry,2949500,277463391,236659637
25251000,Crude Mica And Mica Rifted Into Sheets Or Splittings,1,626,614
25252000,Mica Powder,3203,523471,395338
25261000,"Natural Steatite, Talc, Not Crushed Or Powdered",790100,11091680,9703361
25262010,"Natural Steatite, Talc, Crushed Or Powdered",3397952,89929588,71371554
25262090,"Natural Steatite, Talc, Crushed Or Powdered",35001,2710659,2657249
25291000,Felspar,145534484,1133697294,769657429
25301000,"Vermiculite, perlite and chlorites, unexpanded",2,2755,2699
25309000,"Other Mineral Substances, Nes",9600,465472,458211
26020000,"Manganese Ores/Concentrates(Inc.Ferruginous), With Manganese Cont.Of=>20%",18156544,508936654,498306434
26140000,Titanium Ores And Concentrates,455000,89726894,54375732
26151000,Zirconium Ores And Concentrates,28000,8085289,5538678
26180000,Granulated Slag (Slag Sand) From The Manufacture Of Iron Or Steel,645150067,2406363643,1353219284
26190000,"Slag,Dross,Etc,From The Manufacture Of Iron/Steel (Excl.Granulated Slag)",2,1241,1227
26209910,FLY ASH,398943600,1475978483,546701913
26219090,"OTHER,SLAG&ASH,INCLUDING SEAWEED ASH&RESIDUES FROM THE INCIN.MUNICI.WASTE",22100,758921,617512
27011100,"Anthracite Coal, Not Agglomerated",1776200,92140711,61586038
27011200,"Bituminous Coal, Not Agglomerated",64500,963788,878532
27011900,"Other Coal, Not Agglomerated, Nes",1702271142,23568641111,18171761195
27040000,"Coke And Semi-Coke Of Coal, Of Lignite Or Of Peat; Retort Carbon",2755935,106280969,77149452
27060010,Crude tar imported by tar manufacturering industres,235900,14763360,14472465
27060010,"Crude, Tar",126000,7885475,7730100
27073000,Xylole,53844,10787689,6937150
27074000,Naphthalene,2014,252085,123559
27075090,Other Aromatic Hydrocarbon Mixtures Of Which >=65% Distils At 250oc,191360,53299280,44963014
27079910,Rubber process oil,16000,2988945,2336208
27079910,Rubber process oil imported by tyre & tube manufacturing industry,213910,29867090,20949234
27079990,"Other Oils And Other Products, Of The Distil Of Coal Tar.",2960,1040380,818458
27090000,"Petroleum Oils And Oils Obtained From Bituminous Minerals, Crude TV",35983970,2350239906,2324475989
27101231,"White spirit, TV",672805,85532794,74207031
27101262,"High speed diesel oils, TV",5028255,406418502,406373409
27101911,"OTHER FUEL OILS FURNACE OILS, TV",6523600,388304102,354109626
27101919,"Fuel oil, NES",4,44825,42945
27101921,Base oil in bulk imported by petroleum products processing or lube blending industry,2142050,319824144,254904065
27101929,"LUBRICATING OILS, NES",320,162710,47853
27101931,LUBRICATING OIL WHICH HAS ITS FLASHING POINT .. below 220 F b..Jy Abel close test,2504479,859776583,774128438
27101939,"OTHER HEAVY OILS AND PREPARATIONS, NES",1406,779903,621947
27101951,LIQUID PARAFFIN IN DRUM,158880,34567303,29847057
27101959,LIQUID PARAFIN OTHER THAN DRUM,946175,160857144,129868098
27101961,LIQUID PARAFFIN IN DRUM,34320,5543014,4128077
27101971,Transforme Oil in Drum,643391,103877818,88701638
27101979,Transformer Oil Other than in drum,210730,27892622,23897500
27101981,Greases (mineral) wrapped/canned up to 2.5kg,43037,13843434,11101835
27101989,Greases (mineral) other than wrapped/canned,76739,35378959,32343722
27101991,MINERAL OIL WHICH HAS ITS FLASIHING POINT =>200D F USED AT JUT OF OTHER FIBER,7763,2119852,954952
27101992,MINERAL OIL FOR THE MANUFACTURE OF INSECTICIDES,44088,13797665,8788008
27101993,PARTLY REFINED PETROLEUM INCLUDING TOPPED CRUDES,4,3492,3436
27101999,"OTHER HEAVY OILS AND PREPARATION, NES",408,1000885,961915
27109900,OTHER WASTE OILS,255,79442,35506
27111100,"Natural Gas, Liquefied",932838831,65178525698,65178525698
27111200,"Propane, Liquefied",20455132,1607150331,1592511415
27111300,"Butanes, Liquefied",100069381,7946521148,7842957854
27111410,Ethylene/propylene imported by PVC/PET resin manufacturing industry,5188040,456208455,455502028
27121000,Petroleum Jelly,79183,32490551,31561928
27122000,Paraffin wax containing by weight less than 0.75% of oil,282852,40426250,38908714
27122000,Paraffin wax containing by weight less than 0.75% of oil imported by tyre tube industries,7000,1476778,1447679
27129010,Tube lessening jel,16610,5493956,3906277
27129010,Tube lessening jel imported by optical fibre cable manufacturing industry,11560,3548398,2442172
27129090,"MICROCRYSTALLINE PETROLEUM WAX, SLACK WAX,OZOKERITE..,EXCL.PETROLEUM JELLY, PARAFFIN WAX",10825,5644561,5422911
27131200,Calcined Petroleum Coke,25000,3910627,1947863
27132010,Petroleum bitumen in Drum,3533735,220174958,192770772
27149000,"BITUMEN AND ASPHALT, NATURAL; BITUMINOUS.., EXCL.BITUMINOUS OR OIL SHALE AND TAR SANDS",31009,28510758,5051786
27150000,"Bituminous Mixtures Based On Natural Asphalt, Bitumen...(Eg. Cut-Backs)",34250,2617129,2090348
28011000,Chlorine,0,7825,7663
28012000,Iodine,25,287969,282294
28030000,"Carbon (Carbon Blacks And Other Forms Of Carbon, Nesoi)",1047216,213984643,146492670
28042100,0Argon,469450,23439344,11663001
28042900,Rare Gases (Excl. Argon),208,1778223,1743185
28043000,Nitrogen,17,86367,84665
28044000,Oxygen,1390010,22854632,15063793
28046900,Silicon Containing By Weight <99.99% Silicon,7703,2608547,1904918
28048000,Arsenic,1000,225299,122700
28051100,Sodium,10550,13140435,12834420
28051200,CALCIUM,1,427,413
28061000,Hydrogen Chloride (Hydrochloric Acid),1,627,614
28070000,Sulphuric Acid; Oleum,14904,3096099,2758983
28080000,Nitric Acid; Sulphonitric Acids,90720,4528447,4267015
28091000,Diphosphorus Pentaoxide,50,131424,128835
28092000,Phosphoric Acid And Polyphosphoric Acids,31180070,2938082604,2848783535
28100010,Boric Acid,394625,50964842,47006611
28100090,OTH..Oxides of boron; boric acids,7300,1719125,1642708
28111900,"Other Inorganic Acids, Nes",2,31817,31204
28112100,Carbon Dioxide,606000,14034716,7668321
28112200,Silicon Dioxide,445523,112410214,103164527
28112910,Silica gel,158490,18395991,18093271
28112990,Silica gel imported by other than VAT registered motorcycle assembling and manufa,35417,8210852,7304380
28129000,"Halides And Halide Oxides Of Non-Metals, Nes",0,7220,7078
28131000,Carbon Disulphide,500,250333,245400
28142000,Ammonia In Aqueous Solution,9,29908,29319
28151100,"Sodium Hydroxide (Caustic Soda), Solid",30356,16783333,13590656
28152000,Potassium Hydroxide (Caustic Potash),6165,2170249,1101830
28170000,Zinc Oxide; Zinc Peroxide,53500,20800240,18256176
28181000,"Artificial corundum, whether or not chemically defined",1,627,614
28182000,Aluminium oxide Imported by abrasive paper sand paper manufacturing industry,25000,6687132,5276100
28182000,"Aluminium oxide, other than artificial corundum",358125,60082900,54363004
28183000,Aluminium Hydroxide,156838,35978955,31690857
28199000,Chromium Oxides And Hydroxides (Excl. Chromium Trioxide),80,233176,227542
28201000,Manganese Dioxide,104500,6147889,5367907
28209000,Other Manganese Oxides (Excl. Manganese Dioxide),25,143942,141105
28211000,Iron Oxides And Hydroxides,254137,45834933,37855744
28230000,Titanium Oxides,59959,20965524,20414505
28249010,Red Lead,484,181578,88663
28249020,Red lead oxide,25000,8605568,6779175
28249090,Excl. Red Lead,35,13147,8592
28251000,Hydrazine And Hydroxylamine And Their Inorganic Salts,22102,3621789,3005176
28252000,Lithium Oxide And Hydroxide,1500,1189080,1165650
28255000,Copper Oxides And Hydroxides,2601,4069074,3947461
28257000,Molybdenum Oxides And Hydroxides,200,1341088,1325160
28258000,Antimony Oxides,5000,10075885,9877350
28259000,"Other Inorganic Bases; Other Metal Oxides, Hydroxides And Peroxides, Nes",0,5252,5148
28269000,"Fluorosilicates Nes;Fluoroaluminates And Other Complex Fluorine Salts,Nes",23,18785,18468
28271000,Ammonium Chloride,8,5044,5031
28272000,Calcium Chloride,367650,80186948,25350981
28273100,Magnesium Chloride,33501,1210505,1073407
28273200,Aluminium Chloride,390480,10618741,10419635
28273500,Nickel Chloride,1200,1127458,1106813
28273900,"Chlorides, nes",35201,9592013,9278807
28275100,Bromides Of Sodium Or Of Potassium,900,26033019,25520064
28276000,Iodides And Iodide Oxides,160,2205851,2164153
28281000,Commercial Calcium Hypochlorite And Other Calcium Hypochlorites,1536485,60129616,38503712
28289000,Hypochlorites (Excl. Of Calcium) And Chlorites; Hypobromites,7700,509993,466294
28299010,POTASSIUM IODATES,100,701141,687326
28299090,"CHLORATED AND PERCHLORATE; BROMATES AND PERBROMATES: IODATES AND PERIODATES, NES",0,627,614
28309000,"Other Sulphides And Polysulphides (Excl. Of Sodium,Zinc & Cadmium)",20,6258,6135
28311000,Dithionites And Sulphoxylates Of Sodium,351574,53699112,52696538
28321000,Sodium Sulphites,263350,17418542,16301055
28322000,Other Sulphites (Excl. Sodium),50,19265,18957
28323000,Thiosulphates,7000,578233,480984
28331100,Disodium Sulphate,7954001,132672722,99778525
28331900,Sodium Sulphates (Excl. Disodium Sulphate),165050,2911978,2854677
28332100,Sulphates Of Magnesium,7961701,185151071,182267112
28332200,Sulphates Of Aluminium,27260,1110837,1001067
28332400,Sulphates Of Nickel,4025,3045772,2985758
28332500,Sulphates Of Copper,13359,10250180,9988111
28332700,Sulphates Of Barium,141075,15666998,12799239
28332910,Zinc sulphate,1099000,186803447,162503556
28332990,"Sulphates; alums; peroxosulphates (persulphates), nes",13657,8545280,5448122
28333000,Alums,60000,1196221,1177920
28334000,Peroxosulphates (Persulphates),5325,1697756,1573812
28341000,Nitrites,54000,3694946,3114126
28342910,Sodium nitrate,42000,8621190,3349710
28342990,Other than Sodium nitrate,14401,1965731,266152
28351000,Phosphinates (hypophosphites) and phosphonates (phosphites),191,1536183,1505913
28352200,Phosphates Of Mono Or Disodium,7981,2000314,1700566
28352400,Phosphates Of Potassium,1615,1670937,215682
28352500,Calcium Hydrogenorthophosphate (Dicalcium Phosphate),863035,66879179,65524386
28352600,"Other Phosphates Of Calcium, Nes",4245225,444860657,436345467
28352900,"Phosphates, nes",49015,20719281,18169790
28353100,Sodium Triphosphate (Sodium Tripolyphosphates),284200,41939935,20333108
28353900,"Polyphosphates, Nes",108875,16538636,16238124
28362000,Disodium Carbonate,28498751,1114802625,746934205
28363000,Sodium Hydrogencarbonate (Sodium Bicarbonate),3281312,189061167,96159900
28364000,Potassium Carbonates,20100,5575181,5465487
28365000,Calcium Carbonate,11566969,405034719,297754750
28366000,Barium Carbonate,113000,9554558,8386427
28369100,Lithium Carbonates,56,561987,536260
28369990,"Other Carnonates; Peroxocarbonates, Excl. Ferrous Carbonate",448951,27659479,22561953
28371100,Cyanides And Cyanide Oxides Of Sodium,18000,5474772,5366898
28372000,Complex Cyanides,100,16146,15828
28391100,Sodium Metasilicates,109681,8847075,8658387
28391900,"Other Silicates And Com. Alkali Metal Silicates,Of Sodium (Ex.Metasilicate",163724,8637129,7591942
28399010,Silicates; commercial alkali metal silicates Of potassium,121547,12736376,9272468
28399090,"Silicates; commercial alkali metal silicates, nes",199720,64537579,50030094
28401900,"Disodium Tetraborate, Not Anhydrous",283944,27793592,25813939
28402010,Solubo boron,38304,9731045,8323721
28402090,"Other Borates, Nes",1800,782302,773010
28415000,"Other Chromates And Dichromates, Peroxochromates",66,33013,32525
28416100,Potassium Permanganate,125000,29104232,26536995
28419000,"Other Salts Of Oxometallic And Peroxometallic Acids, Nes",28,91775,90515
28421010,Aluminium sodium silicate; Zeolite,634000,45667203,39031155
28421090,Other salt of inorganic acids .. Excluding aluminium sodium silicate,11000,1372896,1071171
28429010,"Other Salts Of Inorganic Acids Or Peroxoacids,Excl. Azides",92000,38732461,37816140
28429090,"Other Salts Of Inorganic Acids Or Peroxoacids,Excl. Azides",10,549563,538735
28433000,Gold Compounds,1,4375393,4278058
28439010,"CISPLATIN BP, OXALIPLATIN BP, CARBOPLATIN BP",5,28030919,27478665
28439090,OTHER COMPOUNDS; AMALGAMS,6,1395737,1368234
28444110,"Tritium its compounds;alloys, dispersions (incl. cermets),ceramic products mixtures",532,15776188,15437108
28444310,"Other radioactive elements and isotopes and compounds; other alloys,dispersions etc.",138,9436044,9250115
28459000,"Other Isotopes And Their Inorganic Or Organic Compounds, Nes",231,526309,400370
28461000,Cerium Compounds,33500,12578449,10044529
28469000,"Compounds, Inorganic Or Organic, Of Rare-Earth Metals, Etc(Excl. Cerium)",3000,7990915,7535927
28470000,"Hydrogen Peroxide, Whether Or Not Sokidified With Urea",2068,4014153,3904629
28491000,Carbides Of Calcium,1,1879,1841
28500000,"Hydrides,Nitrides,Azides,Silicides&Borides,Chem.Defnd/Not;Ex.Carbds Hd2849",327,1639001,1607950
28521000,"Inorganic or organic compounds of mercury . Chemically defined, excluding amalgams",1,55413,54321
28539000,Other,532,238875,234064
29011000,"Acyclic Hydrocarbons, Saturated",391124,42195175,39789143
29012310,Refrigerant (isobutane/R600a),11800,4460555,4285666
29012900,"Other Unsaturated Acyclic Hydrocarbons, Nes",22180,4553158,2883548
29021100,Cyclohexane,0,7262,7119
29021910,Cyclopentane,83500,29271883,16148529
29021990,Cyclopentane imported by other than VAT registered motorcycle assembling and manu,335,876281,843033
29022000,Benzene,0,21814,21384
29023000,Toluene,342212,45934998,40663499
29024100,O-Xylene,2064,459843,341891
29024400,Mixed Xylene Isomers,43659,7438905,5907014
29025000,Styrene,40680,8582485,6354407
29025000,Styrene imported by paint manufacturing industries,199300,45333244,25149525
29029010,"Other Cyclic Hydrocarbons, Nes",17000,2538744,2190195
29029090,"Other Cyclic Hydrocarbons, Nes",100,55428,29795
29031200,Dichloromethane (Methylene Chloride),708471,64010780,40324226
29031300,Chloroform (Trichloromethane),5000,317687,313280
29031900,"Other Saturated Chlorinated Derivatives Of Acyclic Hydrocarbons, Nes",2000,613315,601230
29032300,Tetrachloroethylene (Perchloroethylene),48000,6392001,3563208
29034500,"1,1,1,2-Tetrafluoroethane(HFC-134a)and 1,1,2,2.. (HFC-134)",27425,37962703,37340248
29037900,HFC 134a; R-22,10,5008,1227
29039100,"Chlorobenzene, o-dichlorobenzene and p-dichlorobenzene",7500,1905606,794176
29041090,Hydrocarbon Derivatives Cont.Only Sulpho Grp.Treir Slats(Ex.Methane Sulp..,83003,14503781,11637526
29049900,Other,22850,3961985,1827006
29051110,Methanol (Methyl Alcohol),425616,35831888,28881490
29051190,Other methanol (methyl alcohol),2460005,198945854,148570120
29051210,Isopropyl alcohol,88768,21922118,10896661
29051210,Isopropyl alcohol imported by ink manufacturing industry,46944,11751848,6278431
29051290,Propan101 (propy1 alcohol) and propan201 (isopropy1 alcohol):,191010,39207819,30393668
29051300,Butan-1-Ol (N-Butyl Alcohol),53740,12388221,9952786
29051400,"Other Butanols, Nes",32000,8974134,4379307
29051600,Octanol (octyl alcohol) and isomers thereof,50340,9474239,6323999
29051600,Octanol and isomers imported by dioctyl orthophthalates manufacturing industry,901120,171380142,106020420
29051700,"Dodecan-1-Ol, Hexadecan-1-Ol And Octadecan-1-Ol",26580,23475483,22690486
29051990,"Other than Pinacolyl alcohol: 3, 3-Dimethylbutan-2-ol",57350,44072863,43167432
29052200,Acyclic Terpene Alcohols,183970,37628846,36797772
29053100,Ethylene glycol (ethanediol),56021,11225557,8422223
29053100,Imported by PET chips/PVC or PET resin/ PSF/POY/FDY/ DTY manufacturers,5013095,373491717,309952709
29053200,"Propylene Glycol (Propane-1,2-Diol)",206559,41115775,32661879
29053900,"Other Diols, Nes",2970,4181390,3844280
29054200,Pentaerythritol,79500,19513159,13368649
29054300,Mannitol,42651,44639018,43857859
29054400,D-Glucitol (Sorbitol),9006,2117548,2075839
29054500,Glycerol,1481108,229765910,221389858
29054900,"Other Polyhydric Alcohols, Nes",4030,1598472,1563812
29055910,"CHLOROBUTOL,CHLOROLOUTANOL,CHLORAL HYDRATE THIOGLYCEROL..TETRANIT.BASUIPHN",1,201570,191657
29061100,Menthol,57820,69555818,64994001
29061320,Inositols,2887,34303959,33644963
29061990,"Oth.Cyclanic,Cyclenic/Cycloterpenic Alcohols & Derivatives,Nes(Ex.Terpinh.",8515,5294981,5223953
29062100,Benzyl Alcohol,13411,17701549,16903108
29071100,Phenol (Hydroxybenzene) And Its Salts,45501,9866676,6485562
29071200,Cresols And Their Salts,420,5872349,5519735
29071900,"Other Monophenols, Nes",4079,1906592,1527339
29072200,Hydroquinone (Quinol) And Its Salts,2000,1802394,1766880
29081100,Pentachlorophenol (ISO),9023,2992947,662580
29081990,"Chloroxylenol, Dichlorophene Hexachlorophene, parachlorometaxylenol",4300,817905,558285
29091100,Diethyl Ether,5,331418,324888
29091900,"Other acyclic ethers and their halogenated... derivatives, nes",73333,5985466,5867514
29093000,"Aromatic Ethers And Their Halogenated... Derivatives, Nes",2150,1044356,991416
29094100,"2,2-Oxydiethanol (Diethylene Glycol, Digol)",273525,27368592,23854572
29094300,Monobutyl Ethers Of Ethylene Glycol Or Of Diethylene Glycol,221740,43182439,30190466
29094900,"Other Ether-Alcohols And Their Halogenated... Derivatives, Nes",32525,19813288,16859085
29096000,"Alcohol, Ether And Ketone Peroxides And Their... Derivatives, Nes",140500,69840558,43646231
29101000,Oxirane (Ethylene Oxide),24880,9979806,9830037
29109000,"Other Epoxides... With A Three-Membered Ring And Derivatives, Nes",3695,2066033,2027365
29121900,"Other Acyclic Aldehydes, Without Other Oxygen Function, Nes",1000,375499,368100
29122900,"Other cyclic aldehydes, without oxygen function, nes",0,88739,86990
29124100,"Aldehyde-alcohols,...Vanillin (4-Hydroxy-3-Allthobenzaldehyde)",13000,3935253,3877320
29124200,Ethyvanillin (3-Ethoxy-4-Hydroxybenzaldehyde),1000,375502,368100
29124900,"Oth.Aldehyde-Ether,Aldehyde-Phenols,Aldehydes,With Oth.Oxygen Function,Nes",370,297985,292113
29126000,Paraformaldehyde,1088000,157277738,92233590
29141100,Acetone,106880,12471446,12241184
29141200,Butanone (Methyl Ethyl Ketone),219035,35578516,31283710
29141300,4-Methylpentan-2-One (Methyl Isobutyl Ketone),36385,9047559,6065460
29142200,Cyclohexanone And Methylcyclohexanones,194495,24873480,24415539
29142900,"Oth.Cyclanic,Cyclenic/Cycloterpenic Ketones Without Oth.Oxy. Function,Nes",100,671426,658196
29143900,Other Aromatic Ketones Without Other Oxygen Function (Excl. Phenylacetone),360,204591,158311
29145000,Ketone-Phenols And Ketones With Other Oxygen Function,4039,27595748,27051881
29146200,Coenzyme Q10 (ubidecarenone (INN)),1010,56399922,55288620
29146900,Other Quinones (Excl. Anthraquinone),105,600798,588960
29147900,Other,503,125890,53117
29151100,Formic Acid,391977,32078563,24825110
29152100,Acetic Acid,62400,10527640,8000285
29152910,Sodium acetate,77216,4750278,3412353
29152990,"Formic acid, its salts and esters:Excl. Sodium Acetate",12267,2890880,2668301
29153100,Ethyl Acetate,2321230,294168198,256866557
29153200,Vinyl Acetate,142800,18320852,15637541
29153300,N-Butyl Acetate,68760,15722541,8779642
29153900,"Other Esters Of Acetic Acids, Nes",76254,33072257,29860323
29154000,"Mono-, Di- Or Trichloroacetic Acids, Their Salts And Esters",50,28055,27608
29155090,"Other Propionic Acid,Its Salts&Esters(Excl.Deoxycortone Phenyel Propionate",85025,12070004,11040454
29156000,"Butyric Acids, Valeric Acids, Their Salts And Esters",71021,27287684,11779820
29157010,"Stearic Acid,Their Salts And Esters",758751,120343024,108906783
29157031,Sodium salt of palmitic acid (soap noodle) imported by soap manufacturing industry,1120000,160818701,143301330
29157039,Other Palmatic Acid/Salt,5225,1076873,914765
29159000,"Other Saturated Acyclic Monocarboxylic Acids And Their... Derivatives, Nes",99968,47285164,44970417
29161100,Acrylic Acid And Its Salts,18360,6781924,2863818
29161200,ESTERS OF ACRYLIC ACID,588525,168549140,86160899
29161300,METHACRYLIC ACID AND ITS SALTS,16000,5747785,3190200
29161400,ESTERS OF METHACRYLIC ACID,245710,72590906,39305101
29161500,"Oleic, Linoleic Or Linolenic Acids, Their Salts And Esters",670,1540689,1498504
29161900,"Other Unsaturated Acyclic Monocarboxylic Acids And Their...Derivatives,Nes",18834,9947226,5755980
29163100,"Benzoic Acid, Its Salts And Esters",67376,19132617,17856389
29163900,"Aromatic monocarboxylic acids, etc, their... derivatives, nes",11388,15161069,14898313
29171100,"Oxalic Acid, Its Salts And Esters",1,18484,18120
29171200,"Adipic Acid, Its Salts And Esters",153900,17884705,17611131
29171300,"Azelaic Acid, Sebacic Acid, Their Salts And Esters",100,1001416,975465
29171900,"Acyclic polycarboxylic acids, etc, their... derivatives, nes",33570,17557151,17221627
29172000,"Cyclanic... Cycloterpenic Polycarboxylic Acids, Etc, Their...Derivatives",900,411171,403070
29173300,Dinonyl Or Didecyl Orthophthalates,4001,1077017,1057797
29173400,"Other Esters Of Orthophthalic Acid,",12460,1985775,1639223
29173500,Phthalic Anhydride,303500,48061692,31630833
29173600,Imported by PET chips/PVC or PET resin/ PSF/POY/FDY/ DTY manufacturers,17065264,1415386924,1357389604
29173600,Terephthalic acid and its salts,26400,3074586,2544452
29173990,"Other Aromatic Polycarboxylic Acids, Etc, Their... Derivatives, Nes",2001,534609,527993
29181100,"Lactic Acid, Its Salts And Esters",32502,8127890,6695808
29181200,Tartaric Acid,301,863354,863273
29181300,Salts And Esters Of Tartaric Acid,5500,1005946,991171
29181400,Citric Acid,532327,53218452,51244558
29181500,Salts And Esters Of Citric Acid,399212,93960843,87516027
29181600,"Gluconic Acid, Its Salts And Esters",214291,39472312,36420266
29181990,"Carboxylic Acids With Alcohol Function,Without Oxygen Function..Nes",19502,16782561,9933734
29182100,Salicylic Acid And Its Salts,1576,3856717,3780821
29182200,"O-Acetylsalicylic Acid, Its Salts And Esters",1125,1064540,1043564
29182300,Other Esters Of Salicylic Acid And Their Salts,2900,3207049,3143857
29182900,"Oth.Carboxylic Acids With Phenol Function,But Without Derivatives Nes",11377,13217526,12882047
29183000,"Carboxylic Acids With Aldehyde,Or Ketone Function...& Their Derivatives",3986,29143454,28478099
29189900,"Car. acids with add.Oxy.func.&their.. Excl.2, 4, 5-T (ISO) (2,4,5-trichlo.acid)",64515,225192309,218428867
29199000,Phosphoric esters..derivatives.Exclu. Tris phosphate & Tetrasodium fosfertrol a,1600,881170,863808
29209090,"Oth.Ester Of Oth.Inorganic Acids(Exl.Of Hdrgn.Halides),Deriv.(Ex.Erythrit.",1701,7983156,7826437
29211100,"Methylamine, Di- Or Trimethylamine And Their Salts",13757,1766559,1732001
29211990,Other,2471,2122343,2078169
29212110,Ethylenediamine And Its Salts,16500,9074964,4992894
29212190,Ethylenediamine And Its Salts,1200,973790,931784
29212200,Hexamethylenediamine And Its Salts,100,260352,184050
29212900,"Other Acyclic Polyamines And Their Derivatives, Salts Thereof, Nes",4655,6135187,5945819
29213000,"Cyclanic...Or Cycloterpenic Mono- Or Polyamines, Etc; Salts Thereof",5800,3515740,2793634
29214200,Aniline Derivatives And Their Salts,200,381942,373008
29214300,Toluidines And Their Derivatives; Salts Thereof,17020,3634453,2532537
29214900,"Other Aromatic Monoamines And Their Derivatives, Nes; Salts Thereof",880,8121028,7960761
29215100,"O-, M-, P-Phenylenediamine, Diaminotoluenes, Etc; Salts Thereof",3305,2839928,2787548
29215900,"Other Aromatic Polyamines And Their Derivatives, Nes; Salts Thereof",2280,1422353,1290897
29221100,Monoethanolamine And Its Salts,3355,1801058,1442086
29221200,Diethanolamine And Its Salts,120,467054,457852
29221500,Triethanolamine,230,75714,46565
29221999,"Other than N,N-Dialkyl (Me, Et, n-Pr or i-Pr) aminoethane-2-ols and corresponding protonated salts",15563,68358125,66999723
29222990,"Other Amino-Naphthols &-Phenols,Etc.. Oxygen Function;Salts, Nes",3850,4161099,3784557
29223900,"AMINO-ALDEHYDES,AMINO-KETONES & AMINO-QUINONES,OTH. THAN THOSE CONT.MORE..",800,6809045,6674880
29224100,Lysine And Its Esters; Salts Thereof,501512,134845063,59747409
29224220,Tasting salts (monosodium glutamate) in other packing,578000,100218543,70929295
29224290,"Glutamic acid and its salts, NES",11,437786,429171
29224900,"Oth.Amino-Acids&Their Esters,>1 Kind Of Oxygen Function; Salts Thereof,Nes",76695,101829686,80127411
29225000,"Amino-alcohol/acid-phenols; amino-compounds with oxygen function, nes",302495,163384699,131044220
29231000,Choline And Its Salts,661030,94899424,54756119
29232000,Lecithins And Other Phosphoaminolipids,2360,1997533,1972525
29239000,"Quaternary Ammonium Salts And Hydroxides, Nes",301377,122757868,65210129
29241900,"Acyclic amides (incl. acyclic carbamates) and derivatives; salts thereof,nes",9037,8365784,7709682
29242900,"Cyclic amides (incl. carbamates) and derivatives; salts thereof, nes",242670,144324824,141453733
29251100,Saccharin And Its Salts,92210,36146443,35484717
29251910,Imides And Their Derivatives; Salts Thereof (Excl. Saccharin),25,1627162,1595100
29251990,Imides And Their Derivatives; Salts Thereof (Excl. Saccharin),1,1735,1707
29252910,Paludrine and chloroguayide (projuanil),99116,56289555,54478094
29252990,Paludrine and chloroguayide (projuanil),101380,85616993,40951109
29269020,Acetonitrile HPLC,3666,3808325,3733286
29269090,"Other Nitrile-Function Compounds, Nes",11360,17469474,10159396
29270000,"Diazo-, Azo- Or Azoxy-Compounds",373500,93096070,82674033
29280000,Organic Derivatives Of Hydrazine Or Of Hydroxylamine,4202,4745908,4326622
29291000,Isocyanates,220500,71610504,46720491
29299090,Other,50,243726,240849
29301000,"2-(N,N-Dimethylamino) ethanethiol",0,1879,1841
29302000,Thiocarbamates And Dithiocarbamates,200,324210,319020
29304000,Methionine,1673925,876000073,497669540
29309010,"Other organo-sulphurcompounds, nesr",10,707190,693255
29309099,Other,19628,37974719,37072847
29314990,Other,19000,3816161,2934720
29319090,"Other organo-inorganic compounds, (EXCL.Tetramethyl lead and tetraethyl lead & Tributylt",36776,49217902,46259815
29321100,Tetrahydrofuran,15038,7917221,5500261
29321400,Sucralose,9800,26335295,17647208
29322000,Lactones,2805,21532262,21095957
29329900,"Other Heterocyclic Compounds With Oxygen Hetero-Atom(S) Only, Nes",18529,134547844,131850479
29331100,Phenazone (Antipyrin) And Its Derivatives,100,337949,331290
29331900,"Compounds containing an unfused pyrazole ring in the structure, nes",2,1078311,1057061
29332100,Hydantoin And Its Derivatives,1470,9992433,9727546
29332900,"Other Compounds Containing An Unfused Imidazole Ring In The Structure, Nes",83562,136068070,133145924
29333100,Pyridine And Its Salts,325,2256950,2223938
29333200,Piperidine And Its Salts,122,3245834,3176580
29333300,"ALFENTANIL(INN),ANILERIDINE(INN)..PROPIRAM(INN)&TRIMEPERIDINE(INN)SAL.T.OF",115,13221354,12960841
29333400,Other fentanyls and their derivatives,50,1564456,1533750
29333990,Other,146594,711978821,697859738
29334900,"Compounds with quinoline or isoquinoline ring-system, not further fused,nes",2614,83587324,81747132
29335300,ALLOBARBITAL(INN)AMOBARBITAL(INN)BARBITAL(INN)..SECBUTABARBITAL(INN)SECOB.,1579,9684240,9493422
29335400,OTHER DERIVATIVES OF MALONYLUREA(BARBITURIC ACID);SALTS THEREOF,50,1815454,1779682
29335910,"5-fluorouracil BP, methotrexate BP, capecitabine USP, cytarabin",155,4961314,4857981
29335990,"OTHER EXCL. 5-FLUOROURACIL BP, METHOTREXATE BP, CAPECITABINE USP",94973,335150722,310426164
29336100,Melamine,335000,60469355,30518926
29336900,Other Compounds Containing An Unfused Triazine Ring In The Structure,46080,18969674,14602437
29337100,6-Hexanelactam (Epsilon-Caprolactam),17000,7599282,2805536
29337990,Other Lactams (Excl. Epsilon-Caprolactam),2013,47076724,46073556
29339100,ALPRAZOLAM(INN)CAMAZEPAM(INN)CHLO..TETRAZEPAM(INN)&TRIAZOLAM(INN)S.THEREOF,1888,56674082,54725027
29339900,"Heterocyclic compounds with nitrogen hetero-atom(s) only,nes",71136,529296031,515493330
29341000,Compounds Containing An Unfused Thiazole Ring In The Structure,1728,22391356,21892441
29342000,"Compounds Containing A Benzothiazole Ring-System, Not Further Fused",3,563248,552150
29343000,"Compounds Containing A Phenothiazine Ring-System, Not Further Fused",600,8499851,8319060
29349910,NUCLEIC ACIDS AND THEIR SALTS,22000,28433113,25908105
29349920,"GEMCITABINE HCI USP, CYCLOPHOSPHAMIDE BP, IPHOSPHAMIDE BP",44,2560525,2496945
29349990,"OTH. HETEROCYCLIC COMPOUNDS, NES",44237,589308086,577798544
29359000,Other,53265,130236256,127363348
29362100,"Vitamins A And Their Derivatives, Unmixed",4488,40914433,39551840
29362200,"Vitamin B1 And Its Derivatives, Unmixed",20890,84589786,82926120
29362300,"Vitamin B2 And Its Derivatives, Unmixed",533,3934284,3874193
29362400,D- Or Dl- Pantothenic Acid (Vitamin B3 Or B5) And Its Derivatives,4245,5183459,5081314
29362500,"Vitamin B6 And Its Derivatives, Unmixed",18445,66657341,65280896
29362600,"Vitamin B12 And Its Derivatives, Unmixed",3393,31378556,30749234
29362700,"Vitamin C And Its Derivatives, Unmixed",54050,23358719,21031394
29362800,"Vitamin E And Its Derivatives, Unmixed",11600,29562340,28971214
29362900,"Other Vitamins And Their Derivatives, Unmixed",11519,106931007,104560256
29369000,"Other Vitamins (Incl. Natural Concentrates), Nes",16270,23030722,20215068
29371200,INSULIN AND ITS SALTS,42,227433439,222756269
29371910,"HCG,LEUTINISING HORMONE & RELEASING HORMONE",253,32267867,31632060
29371990,"POLY.HORMONES,PROTEIN HORMONES..NES EX.HCG,LEUTINISING HORMONE&RLSNG.HORMO",172,353367621,346109684
29372100,"Cortisone, Hydrocortisone... And Predisolone (Dehydrohydrocortisone)",2602,107883540,98510578
29372200,Halogenated Derivatives Of Adrenal Cortical Hormones,243,43937268,42803744
29372310,DESOGESTREL ETHINYLOESTRADIOL AND LYNESTRENAL,1019,54752188,53558395
29372399,Other than Medroxy progesterone acetate,1169,87502815,85760966
29372900,"Other Adrenal Cortical Hormones And Their Derivatives, Nes",181,59416503,58239365
29375000,"PROSTAGLANDINS,THROMBOXANES&TEUKOTRIENES,THEIR DERIVATIVES&STA.ANALOGUES",20,1251663,1227000
29379000,"OTHER HORMONES,PROSTAGLANDINS,..USED PRIMARILY AS HORMONES",885,37962762,37215248
29381000,Rutoside (Rutin) And Its Derivatives,2000,11145999,10926345
29389090,"GLYCOSIDES, NATURAL OR REPRO. BY SYNTHESIS AND... EXCL. RUTOSIDE AND ITS DERIVATIVES RO",10925,64001174,62919601
29393000,Caffeine And Its Salts,36000,33936299,33350474
29395900,OTHER THEOPHYLLINE AND AMINOPHYLLINE..DERIVATIVES;SALTS THEREOF,4050,19144638,18731382
29396900,Other Alkaloids Of Rye Ergot And Their Derivatives; Salts Thereof;Nes,6,5369634,5263830
29397990,Other,100,769776,742335
29398000,Other,46,18635538,18196410
29400000,"SUGARS, PURE (EXCL. GLUCOSE, ETC); SUGAR ETHERS AND SALTS, ETC",117312,77536741,75463983
29411000,Penicillins And Derivatives With A Penicillanic Acid Structure; Salts,64490,227944599,222896803
29413000,Tetracyclines And Their Derivatives; Salts Thereof,28800,51382818,50303319
29414000,Chloramphenicol And Its Derivatives; Salts Thereof,2000,7509976,7362000
29415090,ANTIBIOTICS EXCL.ERYTHROMYCIN ETHYL SUCCINATE; ERYTHROMYCIN STEARATE,3070,41514702,40696696
29419011,AZITHROMYCIN,10652,124199046,121619520
29419019,AZITHROMYCIN,6305,82388803,80166904
29419090,"ANTIBIOTICS, NES",105896,1293380775,1267662278
29420010,"Daclatasvir HCL, Dasabuvir, Ledipasvir, Ombitasvir, Partitaprevir, Rito...Velpatasvir",29,5222564,5119658
29420090,"Other Organic Compounds,Nes",29680,292569850,285478099
30012000,Extracts Of Glands Or Other Organs Or Of Their Secretions,75,16996404,16661507
30019000,"OTHER GLANDS AND OTHER ORGANS, EXCL.GLANDS AND OTHER ORGANS..,EXCL. EXTRACTS OF GLANDS..",27,28599717,28425909
30021200,Antisera and other blood fractions,2391,153092019,149516870
30021300,"Immunological products, unmixed, not put up in measured doses or in forms or packings",1,13268,13006
30021400,"Immunological products, mixed, not put up in measured doses or in forms or packings",0,32417,31779
30021500,"Immunological products, put up in measured doses or in forms or packings for retail",255,60417359,58156676
30024100,Vaccines for human medicine,6830,657245798,640704763
30024200,Vaccines for veterinary medicine,20868,327060984,315353251
30024900,"Vaccines, NES",899,11628891,11387914
30029090,Other,82,51340163,50327380
30032000,"Medicaments Containing Other Antibiotics, ....Not For Retail Sale",561,74586520,69119309
30033100,"Insulin, Not For Retail Sale",14,8079409,7860162
30039099,"Other medicaments with >=2 constituents, not for retail sale, nes",0,697772,684022
30041000,"Medicaments Of Penicillins... Or Streptomycins..., For Retail Sale",2829,23542556,23078668
30042010,"Mycophenolate mofetil, mycophenolate sodium, ciclosporin",179,11029726,10812396
30042090,"Other than Mycophenolate mofetil, mycophenolate sodium, ciclosporin",16555,51546150,50487481
30043100,"Medicaments Containing Insulin, For Retail Sale",15659,577201351,549932688
30043200,"Medicaments Containing Adrenal Cortical Hormones, For Retail Sale",106,19327879,16283548
30043910,"Anti-malaria-TB-cancer-leprosy,crdvsclr/anti-hepatic encephal opathy drugs/Kidney dls",504,25883494,25366670
30043990,"Excl.Anti-malaria-TB-cancer-leprosy,crdvsclr/anti-hepatic..opathy drugs/Kidney dialys",131,12203620,11631925
30044990,Other,71854,141790735,140366349
30045000,Other Medicaments Containing Vitamins Or Otr Prod.Of 29.36 For Retail Sale,1672,42142604,40461704
30049020,"Homeopathic, Biochemic, Ayurvedic, ......mide, bupivacaine, procaine, kaetamine hydrochl",2032,10542524,10292537
30049091,"Antimalaria, antiTB, anticancer, ... Kidney dialysis solution; Drugs for thalassaemia",70353,643804990,626315897
30049099,"Other(excl.anti-malaria, anti-TB, anti-leprosy....and kidney dialysis solution",23420,144814340,140167282
30051000,ADHESIVE DRESSINGS AND OTHER ARTICLES HAVING AND ADHESIVE LAYER,47740,61758632,59544965
30059000,"Wadding, Gauze, Etc With Pharmaceutical Substances For Retail Sale, Nes",46370,14968552,14510532
30061000,"Sterile Surgical Catgut,Materrials For Surgi.Sutures;Laminaria;Absor.Haem.",606,2859462,2700774
30063000,Opacifying Preparations For X-Ray Examinations; Diagnostic Reagents...,863,15717705,15408003
30064000,Dental cements and other dental fillings; bone reconstruction cements,12938,7592489,6476839
30065000,First-Aid Boxes And Kits,573,184376,141025
30066000,CHEMICAL CONTRACEPTIVE PREPARATIONS BASED ON HORMONES ON OTH. PROD. OF HEADING 29.37..,4899,16513619,15717003
30067000,GEL PREPARATIONS DESIGNED TO BE USED IN HUMAN OR VETE..MEDICAL INSTRUMENTS,394,199616,94787
30069100,Appliances identifiable for ostomy use,9,130780,128204
31010000,Animal Or Vegetable Fertilizers,64000,33901041,32196480
31021000,"Urea, Whether Or Not In Aqueous Solution",166003192,8948686903,8151088845
31022100,Ammonium Sulphate,1246000,61244223,32802679
31031110,Superphosphates : Containing by weight 35 % or more ... Triple superphosphates,148742226,11006414728,9746774102
31042000,Potassium Chloride,117939069,5325538099,5177987093
31043000,Potassium Sulphate,24750,3367292,2476177
31051000,Fertilizers... In Packages Of A Gross Weight =<10kg,1,9056,8877
31053000,Diammonium Hydrogenorthophosphate (Diammonium Phosphate),166700703,16734998693,15546458961
31059000,"Other Fertilizers, Nes",5004,1828339,1792322
32019000,"Tanning extracts of vegetable origin; tannins and other derivatives, nes",59928,4461161,4236831
32021000,Synthetic Organic Tanning Substances,132630,16657787,14032768
32030000,"Colouring Matter Of Vege./Animal Origin,& Prepa..As Spec.In Not 3 Chp.32",201,1813493,1776328
32041100,Disperse Dyes And Preparations Based Thereon,129493,28571567,27223685
32041200,Acid Dyes And Preparations; Mordant Dyes And Preparations,42474,12161124,11678552
32041390,Other basic dyes and preparation,44034,10427918,6602676
32041400,Direct Dyes And Preparations Based Thereon,72812,16947102,15371933
32041500,Vat Dyes And Preparations Based Thereon,30007,8897125,8738636
32041600,Reactive Dyes And Preparations Based Thereon,1550783,383370228,366436774
32041700,Pigments And Preparations Based Thereon,295341,157109286,147939370
32041900,Other Synthetic Organic Coloring Matter(Inc.Mixtrs) Of Prods 320411-320419,238115,80843133,68281294
32042000,Synthetic Organic Products Used As Fluorescent Brightening Agents,151126,54271379,48332135
32049000,Synthetic Organic Products Used As Luminophores,87,51820,21350
32050000,Colour Lakes; Preparations Based On Colour Lakes As Specified In Note 3,23128,121307850,118559042
32061100,"Pigments & Preparatns Based On Titanium Dioxide,Cont.=>80%Titanium Dioxide",1518410,494024061,388138628
32061910,"Pigments/Preparatns Based On Titanium Dioxide, Cont.< 80% Titanium Dioxide",54405,8775776,7074269
32061920,Color master batch,245672,88727875,79649134
32061990,"Pigments/Preparatns Based On Titanium Dioxide, Cont.< 80% Titanium Dioxide",65454,16299920,13980254
32062000,Pigments And Preparations Based On Chromium Compounds,48207,21112046,20162867
32064100,Ultramarine And Preparations Based On Other Colouring Matter,7270,364082,185817
32064200,Lithopone And Other Pigments And Preparations Based On Zinc Sulphide,12020,1055837,895710
32064900,"Other Colouring Matter; Preparations As Specified In Note 3, Nes",1887,2506568,2272175
32071000,"Prepared Pigments, Opacifiers & Colours... For Ceramics And Glass Ind.Etc",94589,61307646,58123531
32072000,"Vitrifiable Enamels And Glazes, Englobes And Similar Preparations",7126688,552345084,494905864
32073000,LIQUID LUSTRES AND SIMILAR PREPARATIONS,54,46081848,44219003
32074000,"GLASS FRIT AND OTHER GLASS,IN THE FORM OF GRANULES OR FLAKES",6158371,470797296,451577156
32081020,Insulating varnish for copper wire,18089,6808533,6553162
32081090,"Other Paints Based On Polyesters, In A Non-Aqueous Medium",10242,7768757,7442968
32082091,Cover coat/medium,60,75101,10675
32082091,Cover coat/medium imported by ceramic ware manufacturing industry,5000,3786767,3460140
32082099,"Other Paints Based On Acrylic Or Vinyl Polymers, In A Non-Aqueous Medium",19492,12843569,11352581
32089020,Heat Sealable Lacquers,600,466244,457058
32089030,Coating materials,61379,21060035,20204508
32089030,Coating materials imported by cookingware or sand paper manufacturing industry,25428,11973488,10121810
32089090,"Other Paints And Varnishes, In A Non-Aqueous Medium, Nes",307108,220561572,202472216
32091000,Based on acrylic or vinyl polymers,9137,2528949,2417201
32099030,Coating materials,31441,14293872,14012224
32099030,Coating materials imported by cookingware manufacturing industry,17306,7148219,7007372
32099090,"Other Paints And Varnishes, In An Aqueous Medium, Nes",14522,8511222,7017356
32100090,Other Paints & Varnishes,17406,6113885,5936632
32110000,Prepared Driers,252685,63298554,53427360
32121000,Stamping Foils,52824,22047429,20186523
32129000,"PIGMENTS(INCL.METALIC..) DISPERSED IN NON AQUEOUS MEDIA..,EXCL. STAMPING FOILS",196415,57421059,54693813
32131000,Colours in sets,55983,10777098,8781238
32139000,"Artists', Students' Or Signboard Painters' Colours In Packings, Nes",24314,9109547,7641111
32141000,"GLAZIERS PUTTY,GRAFTING PUTTY, RESIN CEMENTS, CAULKING COMPOUNDS AND OTHER MASTICS...",506450,75613891,70675382
32149000,Non-Refractory Surfacing Preparations,193254,53567597,45136593
32151100,Black printing ink Imported by SIM card and scratch card manufacturing industry,206,993821,944790
32151100,"Black printing ink, whether or not concentrated or solid",17272,10296867,8131471
32151190,"Black printing ink, whether or not concentrated or solid",1,242,237
32151900,"Other printing ink, whether or not concentrated or solid (excl. black)",225041,142116271,125445330
32151990,"Printing ink, whether or not concentrated or solid (excl. black)",20,19910,2440
32159010,Inkjet Refill In Injectable Form,13303,5885262,4332130
32159020,For ball point pen imported by ball point pen manufacturing industries,49580,44413944,43736783
32159020,Writing Ink,36,15419,13969
32159090,"Other Ink,Wheterh Or Not Concentrated Or Solid(Ex.Ink For Ball Points Pens",47756,32200547,29813383
33011200,Essential Oils Of Orange (Incl. Concretes And Absolutes),2,1505,1473
33011900,"Essential Oils Of Citrus Fruit (Incl. Concretes And Absolutes), Nes",1306,1226604,392998
33012400,Essential Oils Of Peppermint (Incl. Concretes And Absolutes),500,2532371,2482473
33012500,"Essential Oils Of Mints (Incl. Concretes And Absolutes), Nes",360,637872,625301
33012900,"Essential Oils (Incl. Concretes And Absolutes), Nes",14474,26469913,25269777
33019000,"Concentrates of essential oils in fats... aqueous distillates, extracted oleoresins etc",2756,2508099,1711455
33021010,Imported by beverage and food industries,362635,468375956,458036216
33021010,"Of a kind used in beve. and food indus., cont. alcohol <0.5 absolute per volume or free from alcohol",3992,8476628,8344292
33021090,Mix. Of Odoriferous Subs. Excl. Those Used In Bev. Industries,50317,59177816,55409139
33029000,Mixtures/With Basis Of Odorifer'S Subst'S Inc.Alc.Sol'S For Use In Ind Nes,261450,478716889,465764915
33030000,Perfumes And Toilet Waters,13938,25906878,14960999
33041000,Lip Make-Up Preparations,9985,28361891,17579417
33042000,Eye Make-Up Preparations,18308,25809601,15762337
33043000,Manicure Or Pedicure Preparations,31580,44731383,16286982
33049100,"Powders,Whether Or Not Compressed,For Beauty/Makeup/Skin Care/Preparation",1622,2090351,1667541
33049900,"Beauty, Make-Up, Skin-Care (Incl. Suntan), Reparations Nes",39,46990,19491
33049910,"Powders, wheth er or not compressed, for cosmetic --face and/or skin cream",106510,270382406,81211450
33049920,"Beauty, make-up, skin-care (incl. suntan), nes...Moisture Lotion",33333,45509246,18563316
33049930,"Beauty, make-up, skin-care (incl. suntan), nes-- Petroleum jelly",64,158139,127388
33049990,"Beauty, make-up, skin-care (incl. suntan), nes-- Petroleum jelly... than other",88156,125172704,71198048
33051000,Shampoos,66941,34269267,23830937
33052000,Preparations For Permanent Waving Or Straightening,22342,14378216,8915263
33053000,Hair Lacquers,16415,9190866,6206245
33059000,"Preparations For Use On The Hair, Nes",78837,40697139,34575312
33061000,Dentifrices,126822,55821130,25789872
33062000,"Yarn Used To Clean Between Teeth (Dental Floss),Individual Retail Packages",236,133876,71395
33069000,"Preparations For Oral Or Dental Hygiene (Incl. Denture Fixative), Nes",7298,4389646,2481356
33071000,"Pre-Shave, Shaving Or After-Shave Preparations",11117,6355637,4958645
33072000,Personal Deodorants And Antiperspirants,125759,68437439,49099091
33073000,Perfumed Bath Salts And Other Bath Preparations,395,409911,90063
33074100,Agarbatti And Other Odiferous Preparations Which Operate By Burning,39001,7145858,5894972
33074900,"Preparations For Deodorizing Rooms, Nes",29890,10484207,9515380
33079000,"OTH.PREPARATIONS FOR PERFUMING, EXCL.(PRE-SHAVE..,PERSONAL..,PERFUMED BATH..)",13634,9680127,5609423
34011100,"Soap And Organic Surface-Active Products In Bars, Etc, For Toilet Use",37243,20244674,17366245
34011900,"Soap And Organic Surface-Active Products In Bars, Etc, Nes",12186,12865224,6757761
34012000,SOAP IN OTHER FORMS,1153,1430777,759422
34013000,"ORGNC.SRFC.ACTIVE PROD.&PREPARATION FOR WASHING THE SKIN,IN THE FORM OF ..",86245,48405245,31410029
34023100,Anionic organic surface-active ageLinear alkylbenzene sulphonic acids and their salts,555768,95488768,93666706
34023910,Chips of Sodium Isethionate,110025,26665398,26114304
34023990,Other than Chips of Sodium Isethionate,1113649,216786718,210122501
34024100,"Other organic surface-active agents, whether or not put up for retail sale :, Cationi",32609,12246729,8878283
34024210,"Other organic surface-active agents, whether or not put up for retail sale :, Non-ion",3,2492,2454
34024290,"Other organic surface-active agents, whether or not put up for retail sale :, Non-ion",423270,88216264,79558828
34024910,"Other organic surface-active agents, NES",55434,16757601,12411396
34024990,"Other organic surface-active agents, NES",148928,33392249,27755556
34025000,Preparations put up for retail sale,91674,16939409,12522642
34029010,Detergents,72580,21310837,18440875
34029020,Cleaning preparation,5611,3305432,968753
34029020,Cleaning preparation imported by steel manufacturing industries,36552,4746248,4634624
34029090,Washing & Cleaning Preparations (Excl. Detergents),348896,130956267,106271945
34031100,Lub.Preparations For Treatement Of Tex.Leather Etc With=<70% Petroleum Oil,50840,8178022,7058422
34031900,"Other Lubricating Preparations, With =<70% Petroleum Oil, Nes",101017,32365072,28561589
34039100,"Lub.Preparations For Treatement Of Tex. Leather Etc, Nes",36200,7604358,7357839
34039910,Compressor oil,7857,4763145,4102805
34039920,Semi-synthetic lubricating oil,128387,52006684,40467254
34039930,Synthetic lubricating Oil,153328,120242402,101470145
34039990,"Other Lubricating Preparations, Nes",160578,66846429,57760579
34042000,Artificial Waxes Of Polyethylene Glycol,6454,3502059,3367862
34049010,Other Waxes,3938,1413692,1029457
34049010,Other Waxes imported by ink manufacturing industry,1200,807692,795096
34049090,"Artificial Waxes And Prepared Waxes, Nes",260526,48064019,46175953
34051000,"Polishes, Creams And Similar Preparations For Footwear Or Leather",8082,2178847,1090608
34052000,"Polishes,Cream.&Similar Prepa.For Mainten. Of Woodwork Woden Fur.Flo.&Othr",789,163803,75091
34053000,Polishes And Similar Preparations For Coachwork (Excl. Metal Polishes),6346,1636660,1548413
34059010,Polishes and other preparations used in the finishing (including electroplating) of met,178590,38528449,33914752
34059090,"Other polishes, creams and similar preparations, nes",91984,21221160,11405263
34060000,"Candles, Tapers And The Like",15871,4066451,1953366
34070000,"Modelling Pastes; Dental Wax And Impression Compounds, For Retail Sale",148628,13320655,11595139
35019000,Caseinates And Other Casein Derivatives; Casein Glues,0,15145,14846
35021100,"Egg Albumin,Dried",2000,1752328,1717800
35029000,"Albumins (excl. egg albumin and milk albumin), albuminates and other derivatives",7,6555,1227
35030010,Ultrasound And Ecg Gel,742,122113,119708
35030090,"Gelatin and derivatives; isinglass; glues of animal origin, nes",32020,22171188,21803738
35040000,"Peptones/protein substances and derivatives, nes; hide powder",5250,14464528,14183491
35051000,Dextrin and other modified starches,782072,151444820,140083720
35052000,"Glues Based On Starches, Dextrins Or Other Modified Starches",883,428080,205318
35061000,"Products Put Up As Glues Or Adhesives For Retail Sale, =<1kg",52173,20143603,18194891
35069110,Elastic/construction glue,31882,12986882,11203011
35069110,Elastic/construction glue imported by hygiene products manufacturing industry,264650,84662939,78228980
35069190,Adhesives Based On Rubber Or Plastic (Incl. Artificial Resins),300466,109437920,96731097
35069900,Stripping chemical,165703,55169795,45764029
35079010,Streptokinase,16,10486505,10280634
35079090,Other than Streptokinase,591030,409752312,362070462
36049000,Signalling Flares... And Other Pyrotechnic Articles (Excl. Fireworks),4213,43390890,42540074
36069000,"Ferro-Cerium, Pyrophoric Alloys; Articles Of Combustible Materials, Nes",16397,2058232,1005925
37011000,"Photographic Plates... For X-Ray, In The Flat, Unexposed",119174,303759628,292295660
37012000,"Instant Print Flat Film, Unexposed",70,26292,17183
37013000,"Other plates and film, with any side exceeding 255 mm",475676,162510017,153271412
37021000,"Photographic Film In Rolls, For X-Ray, Unexposed",5305,2397134,1901075
37024300,"Photo Film, In Rolls, Non-Perforated, Width >610mm And Length =<200m",1621,1188636,457486
37024400,"Photo Film, In Rolls, Non-Perforated, Width >105mm But =<610mm",139,1334236,1295712
37029800,Other Photographic film Of a width exceeding 35 mm,7971,3210594,2771409
37032000,"OTHER PHOTOGRAPHIC PAPER, FOR COLOUR PHOTOGRAPHY(POLYCHROME)",25002,3154090,2875821
37039000,"OTHER PHOTOGRAPHIC PAPER..,(EXCL.IN ROLLS..,FOR COLOUR PHOTOGRAPHY(POLYCHROME))",17,8511,1841
37040000,"PHOTOGRAPHIC PLATES, FILM, PAPER, PAPERBOARD AND TEXTILES, EXPOSED BUT NOT DEVELOPED",10250,1449678,1214730
37061090,"Other Cinematograph Film, Exposed And Developed, Width >=35mm",0,250320,245400
37071000,Sensitising emulsions,24150,9489265,9106038
37079000,"OTH.CHEMICAL PREPARATIONS FOR PHOTOGRAPHIC USES..,EXCL.SENSITISING EMULSIONS",144092,21288917,20792882
38011000,Artificial Graphite,11,563248,552150
38012000,Colloidal Graphite Or Semi-Colloidal Graphite,500,631093,540125
38013010,Graphite or carbon electrode paste,200000,17521540,16993950
38019000,"Preparations Based On Graphite Or Carbon In The Form Of Pastes..., Nes",2243022,79856438,77759929
38021000,Activated Carbon,136490,17607431,16632117
38029000,Activated Natural Mineral Products; Animal Black,1101066,65869088,46317689
38040000,Residual Lyes From The Manufacture Of Wood Pulp (Excl. Tall Oil),65329,10547484,9583026
38059000,"Oth.Turpenic Oils,Nes;Crude Dipentene,Sulphite Turpentine&Oth.Crude Parac.",45,13971,12534
38061090,Rosin And Rasin Asids,25500,4537050,4241905
38063000,Easter Gums,2000,703140,693462
38069090,"Derivatives of rosin and resin acids,... NES",15,9389,1841
38086100,In packings of a net weight content not exceeding 300 g,2200,2646014,2593878
38086200,In packings of a net weight content exceeding 300 g but not exceeding 7.5 kg,1100,1305484,1279761
38086900,Other,63702,39085443,33031999
38089110,"Insecticides For Dairy, Poultry and Agricultural purposes",2905862,2010390997,1687786326
38089121,Mosquito coil; aerosol; mosquito repellent,41194,18299920,15662867
38089129,"Insecticides, rodenticides... and similar products, for retail sale, nes",10710,18327608,17730248
38089210,"Fungicides For Dairy, Poultry and Agricultural purposes",3847511,1325884554,1220378408
38089220,Fungicides Chromatade copper arsenate,12000,4437892,3658914
38089291,"Fungicides, NES In bulk",99970,43540386,34066270
38089299,"Fungicides, NES Cxcl.in bulk",0,623,245
38089310,"Herbi., anti-sprouting prod.&plant-growth regu.:For Dairy, Poultry and Agricul",2699693,743779305,551356284
38089399,"Herbicides, anti-sprouting products and plant-growth regul: NES in retail pack",3,36323,3313
38089410,"For Dairy, Poultry, Fishery and Agricultural purposes",93087,51931381,46624292
38089491,"Disinfectants Cetrimide In bulk, Excl. For Dairy, Poultry and Agricultural, In bulk",6661,9292343,9109248
38089499,"Disinfectants, NES in retail packings upto 2.5 kg",12,9013,7362
38089910,"For Dairy, Poultry, Fishery and Agricultural purposes",1216,1010030,990406
38089991,"Insecticides, rodenticides, fungicides, herbicides,..NES in bulk",82821,36832125,32271941
38089999,"Insecticides, rodenticides, fungicides, herbicides,..NES in bulK in retail pac",560,926913,863693
38091000,"Finishing Agents, Etc, With A Basis Of Amylaceous Substances Nes",737,254696,214500
38099100,Finishing Agents Etc. Of A Kind Used In The Textile Or Like Industries Nes,1106698,163829638,156808414
38099200,"Finishing Agents, Etc, Of A Kind Used In The Paper Or Like Industries Nes",63580,13609563,9593059
38099300,Finishing Agents Etc. Of A Kind Used In The Leather Or Like Industries Nes,36507,5683463,3463409
38101000,Pickling Preparations For Metal Surfaces;Soldering..Powders&Pastes..Mater.,147103,25612546,22727164
38109010,Pickling preparations for metal surface....Submerge welding flux for LPG,5000,563214,447855
38109090,Pickling preparations for metal surface.... Excl. Submerge welding flux for LPG,145623,25060482,20245530
38111900,Anti-Knock Preparations (Excl. Based On Lead),33250,6633228,6534513
38112100,Additives for Lubricating oils imported by lub-blending industry,38164,15844263,15655630
38112100,Containing petroleum oils or oils obtained from bituminous minerals,30543,21321705,20011145
38112900,Additives for Lubricating oils imported by lube blending industry,104900,22067717,21301886
38119000,"OTHER PREPARATIONS, EXCL.ANTI-KNOCK PREPARATIONS, ADDITIVES FOR LUBRICATING OILS",84920,31829955,27972450
38121000,Prepared Rubber Accelerators,22250,7486645,6122607
38122000,"Compound Plasticisers For Rubber Or Plastics, Nes",625519,86193493,71164119
38123100,"Mixtures of oligomers of 2,2,4-trimethyl-1,2-dihydroquinoline (TMQ)",37650,16254301,9466550
38123910,Other,7100,3121268,2301852
38123990,Anti-oxidising preparation & stabilisers imported by tyre-tube/plastic goods industry,193000,44536589,31751079
38123990,Other,913262,221435492,147278926
38130000,Preprton.&Charge For Fire-Extinguishers;Charged Fire-Extinguishing Grenade,91740,2166721,1628155
38140010,Organic composite solvent,46729,7148197,6097239
38140010,Organic composite solvent imported by ink manufacturing industry,14345,2146997,1980844
38140090,"Organic Composite Solvents And Thinners, Nes; Paint Or Varnish Removers",903292,142397319,124744792
38151100,Supportedcatalysts With Nickel Or Its Compounds,19815,96282859,94420759
38151200,Supported Catalysts With Precious Metal Or Its Compounds,0,203556,199541
38151900,"Supported Catalysts, Nes",89510,304259114,298244150
38159000,"Reaction Initiators, Accelerators And Catalytic Preparations, Nes",7461,1888926,1269463
38160010,"Refractory Cmnts.Mrtrs,Concretes&Similar Compositions,Ex.Prdcts.Of Hd38.01",88650,15237543,13163440
38160090,"Refractory Cmnts.Mrtrs,Concretes&Similar Compositions,Ex.Prdcts.Of Hd38.01",3052860,76994590,41387633
38170010,Linear Alkyl Benzene (LAB),446400,89955693,87897498
38170090,"MIXED ALKYLBENZENES AND MIXED ALKYLNAPHTHALENES,OTHER THAN THOSE OF HEADING 2707 OR 2902",599940,113162574,110921731
38180000,"Chemcl.Elements In Disk Wafers/Similar From&Compounds,Doped For Electronic",1,627,614
38190000,Hydraulic Brake Fluids And Similar Liquids With <70% Petroleum Oil,118520,33081576,28368806
38200000,Anti-Freezing Preparations And Prepared De-Icing Fluids,133903,29051258,27151519
38210000,Prepared Culture Media For Development or maintenance of Micro-Organisms(incl.viruses..,4238,18558343,17702996
38221100,DIAGNOSTIC OR LABORATORY REAGENTS FOR MALARIA,14,69739,68227
38221200,DIAGNOSTIC...For Zika and other diseases transmitted by mosquitoes of the genus Aedes,53,146250,70675
38221300,Diagnostic or laboratory reagents .. for For blood-grouping,66,283786,246293
38221900,"Dignostic or lab. reagent (Exlud For alariam, Zika, blood-grouping)",35528,246630162,233338700
38229000,"Dianostic or Lab. Reagent, NES",135682,401301282,370404748
38231100,Stearic Acid,122750,19075835,17979056
38231200,Oleic Acid,3460,866534,826434
38231900,"OTH.INDUST. MONOCARBOXYLIC FATTY ACIDS.., EXCL.ST.ACID,OLEIC ACID,TALL OIL FATTY ACIDS",754530,84311395,82666881
38237000,INDUSTRIAL FATTY ALCHOLS,13162,4132942,4051505
38241000,Prepared Binders For Foundry Moulds Or Cores,56200,4386505,1888967
38244000,"Prepared Additives For Cements, Mortars Or Concretes",1506013,179814958,151703682
38245000,Non-Refractory Mortars And Concretes,336031,12734902,9695046
38246000,Sorbitol (Excl. That Of 2905.44),1698802,119596993,109196041
38249100,Mixtures and preparations consisting mainly of (5-ethyl-2-methyl-2-.......,4,2499,2454
38249910,Other,6,345392,336450
38249920,Chlorinated paraffin wax,21200,1791129,1755837
38249930,Barium/strontium ferrite powder,35200,6697178,5766900
38249950,Coated CaCO3 imported by plastic goods or calcium carbonate filler or Cable industry1,9719000,266063921,125643685
38249950,Coated calcium carbonate,146721,64743781,62754908
38249960,Desiccant,236481,149083541,139503221
38249990,Other,5000,2778048,2738142
38249992,Master batch not containing pigments,44900,12488595,12242520
38249993,Mould Powder,40000,4469884,4417200
38249993,Mould Powder imported by Iron and Iron Products manufacturering industries,91200,7378369,6903593
38249999,Other,1769913,454993982,407745982
38276890,"Mixtures containing halogenated derivatives of methane, ethane or propane...",400,137683,134970
39011000,Polyethylene having a specific gravity of less than 0.94,4444850,667806001,573789528
39012000,Polyethylene having a specific gravity of 0.94 or more,14192494,1787132974,1575274432
39013000,"Ethylene-Vinyl Acetate Copolymers, In Primary Forms",1498500,292550699,237216770
39014000,"Ethylene-alpha-olefin copolymers, having a specific gravity of less than 0.94",11538750,1471143071,1302013803
39019000,"Other Polymers Of Ethylene, In Primary Forms, Nes",595588,112796919,82130543
39021000,"Polypropylene, In Primary Forms",24261238,2926062779,2520449895
39022000,"Polyisobutylene, In Primary Forms",4825,2019608,1430831
39023000,"Propylene Copolymers, In Primary Forms",9087161,1139706875,1019275682
39029000,"Other Polymers Of Propylene Or Of Other Olefins, In Primary Forms, Nes",99393,16900356,13563353
39031100,"Expansible Polystyrene, In Primary Forms",816950,138775084,108022835
39031900,"Polystyrene (Excl. Expansible), In Primary Forms",580760,103473452,81603069
39032000,"Styrene-Acrylonitrile (San) Copolymers, In Primary Forms",157000,26492550,22938765
39033000,Acrylonitrile-butadiena-styrene(ABS) copolymers,757680,142043506,112862355
39039000,"Polymers Of Styrene, In Primary Forms, Nes",1613029,316798415,220385325
39041000,"Polyvinyl Chloride, Not Mixed With Other Substances, In Primary Forms",13226704,1302218396,1048729068
39042100,"Non-Plasticised Polyvinyl Chloride, In Primary Forms",2810500,415900607,373397889
39042200,"Plasticised Polyvinyl Chloride, In Primary Forms",650567,122695202,100657624
39043000,"Vinyl Chloride-Vinyl Acetate Copolymers, In Primary Forms",37200,24571597,20642661
39044000,"Vinyl Chloride Copolymers, Excl. Vinyl Acetate, In Primary Forms",25450,12855771,12407707
39046100,"Polytetrafluoroethylene, In Primary Forms",39044,53647536,25749086
39046900,"Fluoro-Polymers (Excl. Polytetrafluoroethylene), In Primary Forms",1500,156584,153498
39049000,"Polymers Of Halogenated Olefins, In Primary Forms, Nes",195121,48898564,31670621
39051200,Polyvinyl Acetate In Aqueous Dispersion,344580,30796157,28612037
39052100,Vinyl Acetate Copolymers In Aqueous Dispersion,12900,5925270,5777330
39052900,"Vinyl Acetate Copolymers, Excl.That In Aqueous Dispersion, In Primary Form",3000,826092,564420
39053000,"Polyvinyl Alcohol, Whether Or Not Containing Unhydrolysed Acetate Groups",140650,23012689,22345979
39059100,Copolymers In Primary Forms,12990,2928340,2707007
39059900,Polymers Of Other Vinyl Esters & Other Vinyl Polymers In Primary Forms Nes,105399,165289254,162006661
39061000,"Polymethyl Methacrylate, In Primary Forms",31921,12083026,8704423
39069000,"Acrylic Polymers, In Primary Forms, Nes",4390065,822182892,685129827
39071000,"Polyacetals, In Primary Forms",42,22970,16948
39072100,Other polyethers : Bis (polyoxyethylene) methylphosphonate,3000,522288,189203
39072900,Other polyethers :EXLCUDING Bis (polyoxyethylene) methylphosphonate,1947425,408597319,328155527
39073000,"Epoxide Resins, In Primary Forms",316035,71640971,56815621
39074000,Polycarbonate,517689,156370129,135341982
39075000,"Alkyd Resins, In Primary Forms",397554,64324079,59937663
39076100,Having a viscosity number of 78 ml/g or higher,7849050,929247110,780963825
39076900,Other,946005,139043057,106350839
39076900,Other Poly (ethylene terephthalate) imported by textile yarn manufacturing industry,3722000,531320594,356505095
39077000,Poly (lactic acid),175,76680,10739
39079100,"Unsaturated Polyesters, In Primary Forms, Nes",927510,178082483,148986989
39079900,"Polysters, In Primary Forms,NES",613949,158551053,116359469
39081000,"Polyamide 6,11,12,6,6,6,9,6,10 or 6,12:",333260,74903047,63675570
39089000,"Other polymides, in primary forms, nes",73533,25842045,20712526
39091000,UREA RESINS; THIOUREA RESINS,953510,79404065,54209362
39092000,Melamine resins,261477,39576647,33124272
39092000,Melamine resins imported by melamine products manufacturing industries,1115750,133806013,129761165
39093100,"Poly(methylene phenyl isocyanate) (crude MDI, polymeric MDI)",1163430,356502164,265827828
39093900,Other,547335,27967651,27355112
39094000,Phenolic resins,353825,52271365,47152222
39094000,Phenolic resins imported by ink or tyre tube or sand paper manufacturing industries,78080,21536431,20722210
39095000,"Polyurethanes, In Primary Forms",2525155,599230120,529217039
39100000,Silicones Inprimary Forms,352741,110508932,100825405
39111000,"Petroleum Resins... Other Resins And Polyterpenes, In Primary Forms",342178,43135437,39777846
39112000,"Poly(1,3-phenylene methylphosphonate)",200,346008,337848
39119000,"Polysulphides, Polysulphones And Other Products..., In Primary Forms",19780,6784233,6611676
39121100,"Non-Plasticised Cellulose Acetates, In Primary Forms",3,1881,1841
39121200,"Plasticised Cellulose Acetates, In Primary Forms",2,5006,4908
39122000,"Cellulose Nitrates (Incl. Collodions), In Primary Forms",19000,11134173,10868766
39123100,"Carboxymethylcellulose And Its Salts, In Primary Forms",243633,97765664,88941743
39123900,"Other Cellulose Ethers, In Primary Forms, Nes",203736,99300503,96842088
39129000,"Cellulose And Its Chemical Derivatives, In Primary Forms, Nes",90879,97937607,86098034
39131000,"Alginic Acid, Its Salts And Esters, In Primary Forms",477405,77120569,75487009
39139000,"Natural and modified natural polymers, in primary forms",103894,50678620,44057185
39140000,"Ion-Exchangers Based On Polymers Of 39.01 To 39.13, In Primary Forms",648549,63547303,57580450
39159000,"Waste, Parings And Scrap, Of Other Plastics, Nes",100024,5185400,3803909
39162000,"Monofil..>1mm,..Of Vinyl Chloride For door, window and photo frame",4056,1034787,450864
39169010,FRP rod,4995,2438202,1961237
39169010,FRP rod imported by optical fibre cable manufacturing industry,27586,13462845,6713526
39169020,Fibre reinforced polymer (FRP) sticks and profile shapes,9655,3703085,1511655
39169090,"Monofil.Dimension>1mm,Rods..&Profile Shapes,Of Other Plastics",41215,10359852,4470814
39172100,"Tubes, Pipes And Hoses, Rigid, Of Polymers Of Ethylene",4905,1850050,1573692
39172200,"Tubes, Pipes And Hoses, Rigid, Of Polymers Of Propylene",270,67291,59632
39172310,Pvc Shrinkable Tube(Plain),6260,3087428,2929835
39172390,"Tubes,Pipes And Hoses, Rigid, Of Polymers Of Vinyl Chloride, Nes",45021,19034257,15432683
39172910,SILICON TUBING FOR LABORATORY USE;HOSES PIPE FOR GAS CYLINDER,22,43523,43004
39172999,"Tubes, Pipes And Hoses, Rigid, Of Other Plastics, Nes",124651,33407909,32738004
39173110,"Fiexible Silicone Tubing For Laboratory Use,With A Burst Pressure>=27.6mpa",18,172009,162484
39173190,"Other Flexible Tubes,Pipes And Hoses,With A Burst Pressure >=27.6 Mpa",8929,3771373,3331278
39173210,"Silicone Tubing With Fitting For Lab.Use,Not Reinforced Or Otherwise Comb.",10,223989,219573
39173220,"Tubes Upto 10"" Dia For Packing Iv Fluid",96999,37086054,36317662
39173290,"Tubes, Pipes And Hoses, Not Reinforced, Without Fittings, Nes",1310,2215540,2066518
39173310,"Silicone Tubing For Lab. Use, Nes",5,34606,33930
39173390,"Other Tubes,Pipes&Hoses With Fittings",13729,3224850,2645757
39173910,Other Silicone Tubing For Laboratory Use,1445,429590,194456
39173990,"Other Tubes, Pipes And Hoses, Nes",60974,14360655,11895111
39174000,"Fittings, For Tubes, Pipes And Hoses, Of Plastic",236619,87659701,75231636
39181000,"Floor... Coverings Of Polymers Of Vinyl Chloride, In Rolls Or Tiles",23756,6715045,2483406
39189000,"Floor, Wall Or Ceiling Coverings Of Plastics, Nes, In Rolls Or Tiles",31110,8505011,5052674
39191000,In rolls of a width not exceeding 20 cm,40581,27137799,23955185
39191000,Self adhesive tape Imported by SIM card or Smart card or Gypsum board industry,150,1009884,995956
39191090,"Self-Adhesive Tape, Plates, Strip..., In Rolls, Width =<20cm",196,69571,68200
39199010,Self adhesive tape in rolls exceeding 20cm,34801,9943646,9003808
39199010,Self adhesive tape in rolls exceeding 20cm imported by manufacturing industry,408264,86471070,74719730
39199020,Performance Tape/Closure/Side Tape,2098,2135027,1528437
39199091,"Imported by hygiene products or electrical, electronics and home appliances industry",4826,1752949,1706596
39199091,Re-seal/Self adhesive tape,12188,3659416,3195883
39199099,"OTHER SELF-ADHESIVE PLATES, TAPE, STRIP, FOIL... OF PLASTICS, NES",514869,159378738,135056159
39201010,Stretch Wrapping Film,35305,9195878,7370193
39201030,Mulch film,65954,18038590,14359981
39201090,Other polymers of ethylene imported by personal hygiene products industries,157204,42067589,36178246
39201090,"Plates..,Of Polymers Of Ethylene, Laminated.. Not Reinforced,Etc.,Nes",142422,47518906,44832650
39202010,Polymers of propylene in printed form,86717,40045886,35734696
39202020,Non-printed cast polypropylene film,98739,28627859,21635904
39202090,Other polymers of propylene(excl printed form),593551,162621186,130267496
39203000,"Plates..., Of Polymers Of Styrene, Laminated..Not Reinforced, Etc",20586,5118593,3182961
39204910,PVC FILM & PVDC FILM FOR BLISTER PACK FOR MEDICINE,514250,213440022,208860018
39204920,Other printed PVC sheet imported by SIM card or Smart card manufacturing industry,7850,2002660,1963200
39204920,Printed PVC sheet,79750,21784126,16931643
39204930,PVC film,2227,689981,404543
39204930,PVC film and PVDC Film imported by medicine packaging industries,81107,20235425,16382665
39204940,Unprinted PVC sheet,11728,2985069,1924443
39204940,Unprinted PVC sheet imported by SIM card or Smart card manufacturing industry,27197,18609588,18178228
39204950,PVC film,23228,6297491,3295071
39204990,"Other plates...,of polymers of vinyl chloride other than not<6% of plasticisers",102472,25746157,19793293
39205100,"Plates..., Of Polymethyl Methacrylate, Laminated Not Reinforced, Etc",94420,23775429,21817675
39205900,"Plates..., Of Other Acrylic Polymers, Laminated Not Reinforced, Etc, Nes",76985,21270686,16088195
39206100,"Plates..., Of Polycarbonates,Laminated Not Reinforced, Etc",32733,9110227,8914236
39206210,poly(ethylene terephthalate in printed form,8007,2111571,1924881
39206290,Other poly(ethylene terepthalate) excl printed form,1437565,361049704,206062837
39206310,Unprinted polyester film in roll form,37,9264,3632
39206390,"Plates..., Of Unsaturated Polyesters, Laminated Not Reinforced, Etc",11530,2886385,2087993
39206910,Other polyester in printed form,1747,458328,445300
39206920,Unprinted polyester film in roll form,3335,1041984,1021453
39206991,Polyester paper/Unit binder tape,1927,602997,518381
39206999,"Other polyesters, Nes (excl. printed form)",4095,1199079,1086874
39209100,"Plates..., Of Polyvinyl Butyral, Not Reinforced, Etc",30,101577,100117
39209220,Unprinted nylon film in roll form imported by plastic products manufacturing industry,9090,2275803,2029992
39209230,Unprinted nylon film in roll form imported by medicine packaging industries,23275,5800447,5140494
39209290,"Other plastics polymides, Nes (excl. printed form)",382,143441,36565
39209910,Film For Blister Packing Of Other Plastics,26,13142,3681
39209990,"Plates..., Of Other Plastics, Not Reinforced, Etc, Nes",3385,3643811,3346371
39211100,"Cellular Plates, Strips... Of Polymers Of Styrene",200,76811,56132
39211200,"Cellular Plates, Strips... Of Polymers Of Vinyl Chloride",2690,811758,234038
39211300,"Cellular Plates, Strips... Of Polymers Of Polyurethanes",52042,53487169,51970987
39211910,Microcellular PET imported by television manufacturing Industry,2295,1527060,1422259
39211910,Microcellular PET light sheet having a power saving capacity of 20% or more,40,625893,613500
39211990,"Microcellular PET light sheet having a power saving capa.of 20% or more, NES",3220,3896351,3795258
39219020,Imported by plastic tube manufacturing industries,180261,74531470,59167473
39219020,Multilayer extruded sheet for plastic laminated collapsible tube,750,217461,112951
39219091,"Other cellular plates, strips in printed form..., of plastics",43009,26872397,26104716
39219093,Tarpaulin,144356,34563117,26794582
39219099,"Other cellular plates, strips ..., of plastics, nes",560829,175315609,118741449
39221000,"Baths, Shower-Baths And Wash-Basins, Of Plastics",487,321075,181130
39229000,"Bidets, Lavatory Pans... And Other Sanitary Ware Of Plastics, Nes",54695,36703579,31177798
39231000,"Boxes, Cases, Crates And Similar Articles Of Plastics",52263,13893347,11763134
39232100,Sacks and bags (incl. cones) of polymers of ethylene,4134,2640034,1856995
39232910,AIRTIGHT STORAGE BAGS WITH ZIPPER,4963,2173261,903766
39232990,Article for the conve..of polymers of ther plastic excl.airtght storage bag with zipp,6704,2115540,1700839
39233010,"Sachet For Medicin,Inhaler Container,Actuators and Dust Caps for Inhaler",29233,56380607,55091585
39233090,"Other Carboys, Bottles, Flasks And Similar Articles Of Plastics",85053,85566415,82644036
39234010,Bobbins; Sliver/spinning can,44943,26861820,22918766
39234090,"Spools, Cops And Similar Supports Of Plastics",616,326564,321461
39235000,"Stoppers, Lids, Caps And Other Closures Of Plastics",63513,52153003,49671876
39239010,"Trays For Transportation And Keeping For Chicks And Eggs, Of Plastics",35003,13282206,11989937
39239020,"Nursery Trays For Seedlings, Of Plastics",10050,2494083,1773057
39239030,Aseptic pack,1861,687406,242333
39239090,"Articles for the packing of goods, of plastics, nes",14927,8631554,7956884
39241000,Tableware And Kitchenware Of Plastics,20964,11064350,6437518
39249010,Feeding Bottles,12270,3621584,2165856
39249090,"Other Household Articles And Toilet Articles, Of Plastics, NES",88042,20325275,13755495
39251000,"Reservoirs... And Similar Containers, Capacity >300 L, Of Plastics",8263,9317658,9134176
39252000,"Doors, Windows And Their Frames And Thresholds For Doors, Of Plastics",5497,1812349,1241243
39253000,"Shutters, Blinds And Similar Articles And Parts, Of Plastics",2389,630455,618089
39259000,"Builders' Ware Of Plastics, Nes",29668,8489584,5457076
39261000,Office Or School Supplies Of Plastics,119551,19866643,15080963
39262010,Gloves (Surgical) Of Plastics & Materials Of Heading 39.01-39.04,4365,2186556,433593
39262090,Art.Of App.&Clothing Accessories(Exl.Gloves)Of Plastics Hd.No.39.01-39.04,26941,10142932,8252707
39263000,"Fittings For Furniture, Coachwork Or The Like Of Plastics",2263,802266,727345
39264000,Statuettes And Other Ornamental Articles Of Plastics,124449,35935565,25045409
39269010,Plastic Coil Used As Contraceptive And Coil Inserter,49,415311,409465
39269030,"Parts And Fittings For Infusino Set, Of Plastics",8123,12383230,12190454
39269050,Taflon tape/PTFE tape,27,332733,326177
39269060,Cot and Apron,638,2597949,2429891
39269091,Conveyor or transmission belts of belting,22765,32088426,28576990
39269093,Plastic frame works,806,1361307,1270491
39269099,"PVC scrn.having intrnl.dia.from 4-8 Mulch and strct.thereof used in agri.& hoti.,nes",596695,619871061,558116579
40012100,"Smoked sheets imported by tyre and tube industry of a rim size exceeding 16""",120800,30747846,30141991
40012200,"Technically Specified Natural Rubber, In Primary Forms Or In Plates, Etc",665280,169872991,151582663
40012900,"Other Natural Rubber, In Primary Forms Or In Plates, Etc, Nes",5,3255,3190
40013000,"Balata, Gutta-Percha... And Similar Gums, In Primary Forms Or In Plates",5,94338,92516
40021100,Latex Of Styrene-Butadiene Or Carboxylated Styrene-Butadiene Rubber,63900,11402223,7419242
40021900,"Styrene-Butadiene Rubber; Carboxylated Styrene-Butadiene Rubber, Nes",309549,91597035,64821123
40022000,"Butadiene Rubber, In Primary Forms Or In Plates, Sheets Or Strip",62932,17686074,12279469
40023100,Isobutene-Isoprene (Butyl) Rubber,95184,29549469,20599431
40024900,Chloroprene (Chlorobutadiene) Rubber (Excl. Latex),84949,62247724,50325257
40025900,Acrylonitrile-Butadiene Rubber (Excl. Latex),10500,2821574,2525166
40029100,"Latex Of Synthetic Rubber, Nes",18650,5252710,2956088
40029900,"Other Synthetic Rubber (Excl. Latex), Nes",321177,93070839,82586539
40030000,"Reclaimed Rubber In Primary Forms Or In Plates, Sheets Or Strip",285429,20886950,19724055
40040000,"Waste,Parings & Scrap Of Rubber(Ex.Hard Rubber)&Powders Gran.Obt.Therefrom",5031,535266,369362
40052000,"Rubber Solutions; Dispersions, Unvulcanized, Nes Excl Hs 40051000",2,35025,34336
40059100,"Plates, Sheets And Strip Of Unvulcanized, Compounded Rubber, Nes",47,620142,604347
40059900,"Compounded Rubber, Unvulcanized, In Primary Forms",19506,8695423,8216159
40069000,"Other Forms And Articles Of Unvulcanized Rubber, Nes",4812,1000734,975036
40070000,Vulcanized Rubber Thread And Cord,7,5967,5876
40081100,"Plates, Sheets And Strip Of Cellular Vulcanized Rubber",36232,9871105,7971337
40081900,"Rods And Profile Shapes Of Cellular Vulcanized Rubber, Nes",317,91974,76139
40082100,"Plates, Sheets And Strip Of Non-Cellular, Vulcanized Rubber(Excl. Hard)",123701,12945928,10503345
40082900,"Rods And Profile Shapes Of Non-Cellular, Vulcanized Rubber (Excl. Hard)",451,445450,400571
40091100,NOT REINFORCED OR OTHERWISE COBINED WITH OTH.MATERIAL WITHOUT FITTINGS,23269,14275080,12935012
40091200,"TUBES,PIPES & HOSES ..NOT REINFORCED OR OTHERWISE COMB.WITH MAT.WITH FITT.",3808,6236911,5846301
40092100,REINFORCED OR OTH.WISE COMBINED ONLY WITH METAL-WITHOUT FITTINGS,55881,10871000,9630078
40092200,REINFORCED OR OTHERWISE COMBINED ONLY WITH METAL WITH FITTING,17623,10694270,10017694
40093100,REINFORCED OR OTH.WISE COMBINED ONLY WITH TEXTILE MTRLS.WITHOUT FITTINGS,27216,5597218,4665504
40093200,REINFORCED OR OTHERWISE COMBINED ONLY WITH TEXTILE MATERIALS-WITH FILLINGS,9312,4275581,3885251
40094100,REINFORCED OR OTHERWISE COMBINED WITH OTHER MATERIALS-WITHOUT FITTINGS,6596,2817508,1653776
40094200,REINFORCED OR OTHERWISE COMBINED WITH OTHER MATERIALS-WITH FILLINGS,46763,27675356,25586745
40101100,"Conveyor Belts Or Belting,Of Vulcanized Rubber Reinforced Only With Metal",1685,8021869,7917167
40101200,Conveyor Belts/Belting Of Vulcanised Rubber Reinf'D Only With Textile Mats,29086,8276882,7460345
40101900,"Conveyor Belts Or Belting, Of Vulcanised Rubber, Nes",40864,13117786,12324189
40103100,"ENDLESS TRNSMSN.BELTS OF TRPZDL.CROSS-SEC.(V-BLT),V-RIBBED OF..>60CM,<180",29253,12839968,10986887
40103200,"ENDLESS TRNSMSN.BELTS OF TRPZODL.CROS-SECTION(V-BELTS),OTHER..>60CM<180CM",84787,16358646,14871508
40103300,"ENDLESS TRNSMSN.BELTS OF TRZDL.CROSS-SECTION(V-BELTS)V-RIBED..>180CM,<240",21520,4661720,4445773
40103400,"ENDLES TRNSMSN.BETLS OF TRPZDL.CROSS-SECTION(V BELTS)OTH.THAN..>180CM,<240",52942,10476717,9766154
40103500,"ENDLESS SYNCHRONOUS BELTS,OF AN OUTSIDE CIRCUMFERENCE EXCEEDING >60CM,<150",4606,1159911,650289
40103600,"ENDLESS SYNCHRONOUS BELTS,OF AN OUTSIDE CIRCUMFERENCE >150CM,<198CM",46,11589,4545
40103910,RUBBER BELT ROUND NOT EXCEEDING 10 in DIA/FLAT,6689,14057178,11529005
40103990,"TRANSMISSION BELTS OR BELTING,NES OTHER THAN RUBBER BELT ROUND<10"" dia/Flat",182588,47549322,45094544
40111000,"New Pneumatic Tyres, Of Rubber Of A Kind Used On Motor Cars, TV",287130,159153193,117328813
40112010,"New pneumatic tyres, of rubber of a kind used on buses or lorries",483557,196687775,185040527
40112090,"New pneumatic tyres, of rubber of a kind used on buses or lorries",2341603,881206175,770154817
40113000,"New Pneumatic Tyres, Of Rubber For Aircraft",1915,5857816,5681010
40114000,"New Pneumatic Tyres, Of Rubber Of A Kind Used On Motorcycles, TV",234879,132279232,109608843
40115000,"New Pneumatic Tyres, Of Rubber Of A Kind Used On Bicycles",27980,10613633,8449334
40117010,Of a kind used on agricultural tractors,196060,74629077,70047448
40117090,Of a kind used on agricultural tractors,31272,11720937,4602129
40118000,"Of a kind used on construction, mining or industrial handling vehicles and machines",82459,42022533,36695938
40119000,"Other Tyre, excl. construction, mining or industrial handling vehicles and machines",84211,45618879,31578260
40121200,OF A KIND USED ON BUSES OR LORRIES,965,250959,212026
40129010,Tyre flaps of rubber of a kind used on tructor and aircraft,0,5780,5767
40129090,"Solid... tyres, interchangeable tyre treads and flaps, of rubber, nes",37192,10949465,10228622
40131000,"INNER TUBES, OF RUBBER, OF A KIND USE ON MOTOR CARS(INCL.STN.WAGON..),BUSES OR LORRIE",2649,1010331,896868
40132000,"Inner Tubes, Of Rubber Of A Kind Used On Bicycles",15564,4460645,3550165
40139020,"Inner tube of rubber, of a kind used on motorcycles",1365,600620,490818
40139090,"Inner tubes, of rubber, nes",1040,317737,308836
40141000,Sheath Contraceptives Of Rubber,84699,78980402,76929193
40149000,"Hygienic Or Pharmaceutical Articles Of Vulcanized Rubber, Nes",51738,10860343,9183822
40151200,"Gloves, mitteens..Of a kind used for medical, surgical, dental or veterinary purposes",92037,56020941,51877239
40151900,Gloves Of Vulcanized Rubber (Excl. Surgical Gloves),120520,54963062,43043371
40159000,"Articles Of Apparel And Clothing Accessories Of Vulcanized Rubber, Nes",1107,1192606,826235
40161000,Articles Of Vulcanized Cellular Rubber,11360,12162778,10668030
40169100,"Floor Coverings And Mats Of Vulcanized Rubber, Non-Cellular",13819,4405731,2613199
40169200,"Erasers, Of Vulcanized Rubber",42685,8960655,6194816
40169300,"Gaskets, Washers And Other Seals, Of Vulcanized Rubber",249443,269148681,235977206
40169400,"Boat Or Dock Fenders, Of Vulcanized Rubber",14013,4856105,4651375
40169500,"Inflatable Articles, Of Vulcanized Rubber, Nes",25873,20721474,15032934
40169910,"ARTICLES OF VULCANIZED RUBBER, RUBBER CO /APRON",22547,60564243,57294497
40169920,Rubber bearing,34461,11569305,8758110
40169990,"ARTICLES OF VULCANIZED RUBBER,NES EX.RUBBER COT/APRON",293322,161520899,132295359
40170000,"HARD RUBBER(FOR EX.,EBONITE) IN ALL FORMS,INCL.WASTE AND SCRAP; ARTICLES OF HARD RUBBER",329,323934,314222
41015000,"WHOLE HIDES AND SKINS, OF A WEIGHT EXCEEDING 16KG",1,627,614
41021000,"Raw Skins Of Sheep Or Lambs, With Wool On",2692,2039040,923949
41033000,OF SWINE,8,8772,4295
41039000,"Other Raw Hides And Skins, Fresh Or Preserved, Not Tanned, Nes",3689,2872628,1896369
41041110,"Tanned or...,in the wet state (including wet-blue) full grains,.......Split leather",25910,1683351,1170895
41041990,"Tanned..wet-blue other than full grains unsplit, grain splits , excl split leather",23,16768,14601
41044110,Tanned or crust hieds. in the dry state full grains..Split leather,16,24246,17445
41044190,Tanned or crust hieds. in the dry state full grains..Excl Split leather,2,3129,3068
41044990,"Tanned or crust. in the dry state other than full grains..., Excl Split leather",5,3504,3436
41062110,"without hair, Split leather In the wet state of goats or kids",12,5088,3721
41062210,Split leather In the dry state (crust) of goats or kids,358,168908,54276
41071900,"WHOLE HIDES AND SKINS, NES",22,20357,19845
41079900,"OTHER,INCLUDING SIDES,NES",6584,17671586,13449326
41120000,"LEATHER FURTHER PREPARED AFTER TANNING OR CRUSTING,INC.PARCHMENT DRESSED..",207,113930,88769
41131000,OF GOATS OR KIDS,1,627,614
41139000,"LEATHR FUTHER PREPARED AFTER TUNNING OF CRUSTING,INCL PARCHMETN-DRSED..NES",2,2095,2078
41151000,"COMPOSITION LEATHER WITH A BASIS OF LEAHTER OR LEATHER FIBR,IN SLABS...",50476,4059147,2538878
41152000,"PARINGS&OTH.WASTE OF LTHR.OR OF COMPOSTION LEATHER,NOT SUITABLE FOR MANUF.",22,58827,57669
42010000,"Saddlery And Harness For Any Animal, Of Any Material",1576,592621,223410
42021100,"Trunks, Suit-Cases..., Etc, With Outer Surface Of Leather,Or Of composition leather",342,193990,25033
42021200,"Trunks, Suit-Cases..., Etc, With Outer Surface Of Plastic Or Textiles",35915,10343220,6858580
42021900,"Trunks, Suit-Cases..., Etc, Nes",334909,106169940,72406473
42022100,"Handbags With Outer Surface Of Leather, Or Composition Leather",30,36862,35513
42022200,Handbags with outer.. with outer surface of sheeting of plastics or of tex.. material,289,437078,404291
42022900,"Handbags, Nes",82023,33081904,13274388
42023100,With outer surface of leather or of composition leather,186,183313,171387
42023200,Articles.... in pocket or handbag.. With outer surface of sheeting of plastics or....,3,10514,10307
42023900,"Articles Normally Carried In Pocket Or Handbag, Nes",2098,547685,355904
42029100,With Outer Surface Of Leather or of composition leather,3,43982,43116
42029200,With outer surface of sheeting of plastics or of textile materials,40320,9927031,6751349
42029900,"Cases And Containers, Nes, With Outer Surface Of Other Materials, Nes",13065,7833847,6438331
42031000,Articles Of Apparel Of Leather Or Of Composite Leather,95,156904,132457
42032100,"Gloves,Mittens & Mitts For Use In Sports,Of Leather Or Of Composite Leathr",11605,3040361,1055752
42032900,"Gloves, Mittens And Mitts Nes, Of Leather Excl. For Sports",1703,912782,562270
42033000,Belts And Bandoliers Of Leather Or Of Composition Leather,12691,4046338,2691497
42034000,OTHER CLOTHING ACCESSORIES,66,119302,117062
42050090,"Other articles of leather or of composition leather, NES",2270,1350097,363221
42060090,"Articles of gut (excl. silk-worm), goldbeater's skin, bladders, nes",28,1825174,1786512
43023000,"Tanned Or Dressed Whole Furskins & Oth.Pieces Thereof Or Cuttings,Assemble",3,3756,3681
44013100,Wood pellets,82,40174,5470
44013200,"Sawdust and wood, Wood briquettes",160,100123,14233
44013900,Sawdust and wood waste and scrap Other than Wood pellets,2,11266,11043
44022000,Wood charcoal ( including sheell or nut char..) ....Of shell or nut,10,6260,6135
44029090,"Wood charcoal (including shell or nut charcoal), whether or not agglomerated E",245,90815,82246
44034900,"Other Tropical Wood Spec'D In Subhd Note 1 To Ch40,In The Rough,Exc.440341",6620281,312199953,289575397
44039900,"Wood, Nes In The Rough..., (Excl. Treated)",2007411,104532723,100188201
44041000,"Coniferous Hoopwood; Split Poles, Etc; Wooden Sticks, Etc; Chipwood",12,5061,4961
44042000,"Non-Coniferous Hoopwood; Split Poles, Etc; Wooden Sticks, Etc; Chipwood",22,11641,3681
44050000,Wood Wool; Wood Flour,39920,3892388,3564435
44079100,Oak Wood (Quercus Spp.) Sawn/Chipped Lengthwise Sliced Or Peeled >6m Thick,15165,2848446,2792321
44079200,Beech Wood (Fagus Spp.) Sawn/Chipped Lengthwise Sliced Or Peeled >6m Thick,201650,21037662,18035196
44079900,"Wood, Nes Sawn Or Chipped Lengthwise, Sliced Or Peeled, >6mm Thick",1,627,614
44083900,"Other Trpcl.Wood Specf'd Subhd Note2 to this Chap,execl.Dark Red Meranti..Bakau",400451,53162833,46863821
44089000,"Veneer Sheets And Sheets For Plywood Of Other Wood, =<6mm Thick, Nes",314593,41723380,39374707
44101100,Particle board,46,13106,12976
44111200,Medium density fiberboard (MDF) of a thickness not exceeding 5 mm,423058,16643186,15946901
44111300,Medium density fiberboard (MDF) of a thickness exceeding 5 mm but not exceedin,2373,268132,140148
44111400,Medium density fiberboard (MDF) of a thickness exceeding 9 mm,1255,342112,314603
44119200,Fibreboard of wood or other lign.mat.Excl. Med.den. f.board (MDF)of a den.exce,5824,328023,178651
44119300,F.board of wood or other .mat. Excl.Med.den. F.board (MDF)of a den.>0.5 g/cm3,87832,4947462,4451517
44123900,"Other, with both outer plies of coniferous wood",293800,12918518,11139816
44129900,"Plywood, veneered panels and similar laminated wood, nes",28194,1794892,1630988
44130090,"Other Densified Wood In Blocks, Plates Strips Or Profile Shapes",4590,1142060,629451
44141000,"Wooden frames for paintings, photographs, mirrors or similar .... Of tropical wood",22,11014,1963
44149000,"Wooden frames for paintings, photographs, mirrors or.... Excluding Of tropical wood",14283,3113898,2101713
44151000,"CASES,BOXES,CRATES,DRUMS AND SIMILAR PACKING;CABLE-DRUMS",516,132224,63338
44152090,"Pallets,Box Pallets&Other Load Boards Of Wood,Excl.Pallet Collars, Nes",118,59078,28957
44160000,"Casks, Barrets, Vats, Tubs, Etc, And Parts Thereof, Of Wood",50,148641,145768
44170000,"Tools, tool bodies, tool handles, broom or brush bodies.lasts and trees, of wood.",60227,3038923,2394530
44182900,Doors and their frames and thresholds : excluding Of tropical wood,16174,4131815,2617819
44187900,"Other Assembled flooring panels, excl. bamboo, mosaic, multilayers",113049,7907822,5927562
44189900,"Other panels, not of bamboo, not Assembled flooring panels",1055,185498,120253
44191100,"Bread boards, chopping boards and similar boards",566,141323,42194
44191200,Chopsticks,524,75573,66091
44191900,"Other, excl. Bread boards, chopping boards and similar boards & Chopsticks",21369,1560512,1249867
44199000,"Other, excl. Bamboo",2264,1097562,757626
44201100,Statuettes and other ornaments : Of tropical wood,1495,235054,91718
44201900,Statuettes and other ornaments : Excluding Of tropical wood,10714,1679704,1329679
44209000,"Wood Marquetry, Inlaid Wood; Caskets & Cases For Jewellery/Cutlery Of Wood",676,217234,130425
44211000,Clothes Hangers Of Wood,16544,3525899,2573094
44219100,Of bamboo,63837,5839625,5245303
44219910,Other,7,4383,4295
44219990,Other,92315,25108620,20567143
45019000,"Waste Cork; Crushed, Granulated Or Ground Cork",524,742566,727838
45031000,CORKS AND STOPPERS,0,628,614
45041000,"Blocks..., Tiles Of Any Shape, Solid Cylinders, Of Agglomerated Cork",60,15018,3681
45049000,"OTH, AGGLOMERATED CORK(WITH OR WITHOUT A BINDING SUB-STANCE) AND ARTICLES OF AGG. CORK",2235,1373424,1280375
46012900,"Mats, matting and screens of vegetable materials, Excl. materials of bamboo &",12,6008,4417
46021100,"Basketwork, wickerwork and other articles?Of vegetable materials Of bamboo",20,7509,1227
46021900,"Basketwork, wickerwork and other articles?Of vegetable materials Excl. bamboo",26,16147,15828
46029000,Articles Of Plaiting Materials (Excl. Of Vegetable Material),19,9325,3730
47032100,"Semi-Bleached Or Bleached Coniferous Chemical Wood Pulp, Soda..., Nes",3198055,470645660,346148933
47032900,"Semi- Or Bleached Non-Coniferous Chemical Wood Pulp, Soda..., Nes",17400183,1810851062,1235549310
47063000,"Pulps of fibres derived from recovered (waste and scrap) paper or ?. Other, of",1,811,798
47069200,Chemical Pulp Of Fibrous Cellulosic Material (Excl. Wood)Nes,143,107390,17546
47071000,"Recovered (Waste/Scrap) Unbleached Kraft Paper,Paperboard, Of...Paperboard",104040,4297402,2744627
47072000,Recovered (Waste/Scrap) Other Paper/Paperboard Of Bleached Chemical Pulp,912940,62054579,38094993
47073000,"Paper or paperboard made mainly ...newspapers, journals and similar printed matter):",4,60321,59134
48010000,"Newsprint, In Rolls Or Sheets",1001706,73416916,71948151
48025400,Weighing less than 40 g/m²,12,6007,1472
48025590,Other Paper EXCL.ECG and ultrasonogram recording paper,25118,3772711,3698374
48025600,"OTHER PAPER OR PAPERBOARD, NOT CONTAINING...,WEIGHING 40 G/M2 OR MORE...",110163,15519546,14220952
48025700,"OTHER,WEIGHING 40 G/M2 OR MORE BUT NOT MORE THAN 150G/M2",71964,24254177,23787508
48026100,"OTH.PAPER& PAPERBOARD,WEIGHT >10% BY WEIGHT OF TOTAL FIBRE CONTENT,IN ROLL",52382,11109193,8053927
48026900,"OTH. PAPER & PAPER BOARD, IN ROLL, NES",196,65293,56626
48030000,"Toilet,Facial Tissue,Towel,Napkin Stock & Similar Paper, In Rolls Or Sheet",1750,545316,394404
48041100,"Unbleached Kraftliner, Uncoated Paper & Paperboard In Rolls Or Sheets",910113,86025302,62571828
48041900,"Kraftliner,Uncoated(Excl.Unbleached),Paper & Paperboard,In Rolls Or Sheets",283,147736,127117
48043900,"Kraft Paper... (Excl. Unbleached), Weighing =<150g/M2",4482,1827610,1393857
48044100,"Unbleached Kraft Paper..., Weighing >150g/M2 But <225g/M2",23812,2079610,1504692
48045100,"Unbleached Kraft Paper..., Weighing >=225g/M2",216066,18930323,16447967
48045900,"Kraft Paper..., Weighing >=225g/M2, Nes",3,1502,368
48051100,"FLUTING PAPER, SEMI-CHEMICAL FLUTING PAPER",251481,22550189,19655384
48052400,"TESTLINER(RECYCLED LINER BOARD),WEIGHING 150G/M2 OR LESS",688895,60728007,32972432
48053000,"Sulphite Wrapping Paper, Uncoated In Rolls Or Sheets",4,2002,982
48054000,"Filter Paper And Paperboard, Uncoated In Rolls Or Sheets",6707,1569829,1399732
48059110,Uncoated paper board imported by Gypsum board manufacturing industry,75681,9475778,6037744
48059190,"Fluting paper, NES, weighing 150 g/m2 or less",1,627,614
48059210,Uncoated paper board imported by Gypsum board manufacturing industry,70914,8878609,5831513
48061000,"Vegetable Parchment, In Rolls Or Sheets",71,12446,8714
48063000,"Tracing Papers, In Rolls Or Sheets",141,30047,18344
48064000,"Glassine And Other Glazed Transparent Or Translucent Papers, Nes",114381,20040241,17459042
48070000,"CMPST.PAPER&PAPER BOARD,NOT SURFACE -COATED OR IMPREGBATED..,IN ROLL/SHEET",63755,7687661,7449583
48084000,"Kraft paper, creped or crinkled, whether or not embossed or perforated",14,19822,19420
48089000,"Paper And Paperboard, Corrugated, Creped, Etc, In Rolls Or Sheets, Nes",57114,7766044,7179981
48092000,"Self-Copy Paper, In Rolls Or Sheets",123534,8009870,7615416
48099010,Carbon or similar copying papers,5,4861,4813
48099090,"Carbon or similar copying papers, nes",137268,17569437,14897332
48101300,"MECHANICL OR CHEMICAL-MECHANICAL, IN ROOLS",481130,62591066,60720595
48102900,"Paper... For Writing, Etc, >10% Mechanical Fibres, Coated...",48567,5460436,4661187
48103900,"Kraft Paper & P.Board,Beach By Chem.Process,Coated,Nes(Ex.Writing,Printing",60,7510,7362
48109200,"OTHER PAPER & P.BOARD,MULTIPLY PAPER & PAPERBOARD",2272760,242692218,195032020
48109910,Single/double side coated relse. paper Imp. by VAT reg. Refrigtr. or freez manf. Ind,10012,2078354,1910262
48109990,"Single/double side coated relse. paper Imp. by VAT reg. Refrigtr./freez manf. Ind,Nes",1030756,87961080,83098205
48111000,"Tarred, Bituminized Or Asphalted Paper And Paperboard",4,5330,4339
48114100,Self-adhesive,38340,18976194,17854827
48114100,Self-adhesive paper imported by label printing industries,629081,116405234,105838765
48114900,"SELF ADHESIVE,PAPER & PAPER BOARD, NES",104628,29493090,28647305
48115100,"Bleached, weighing more than 150 g/m2",64657,9101210,8027657
48115910,"PAPER & P.BOARD,PACK/ASCEPTIC PACK",289724,145740127,106616379
48115920,Melamine impregnated decorative paper,70764,17788425,17388707
48115990,"PAPER,PAPERBOARD,CELLULOSE WADDING AND ...EXCL.TETRAPACK/ASCEPTIC PACK",221382,26110966,20555020
48116020,Covered/ coated/waterproof paper and paperboard imported by abrasive paper industry,91656,34676026,30374214
48116090,"Paper and paperboard, coated...parafin wx, stearing oil,(excl. ultrasonograme rec.paper)",160488,21921193,19202990
48119010,Melamine/Decalcomania Paper,26541,7861661,7263220
48119010,Melamine/Decalcomania Paper imported by Ceramic/Melamine/Transfers/Opal glassware industry,25675,8381470,7968138
48119021,Insulated paper,17792,5570443,3596110
48119029,Excl. Insulated paper imp. by VAT reg. electric fan/water pump motor manf. Ind.,90,56579,33606
48119029,"Paper board, Leather waith paper",4225,1543119,1188836
48119030,Base paper for melamine,645067,179616563,141973885
48119090,"Other Paper,Paperboard,Cellulose Wadding And Webs Of Cellulose Fibres,Nes",15768,4421126,4277120
48132000,Cigarette paper imported by tobacco products manufacturing industries,443642,176048592,163223672
48139000,Cigarette paper Imported by tobacco products manufacturing industries industries,46306,12288853,11083554
48139000,"Other than Cigarette paper, nes",59,36922,16933
48142000,"Wallpaper,Etc Of Paper Coated On The Face Side With A.. Layer Of Plastics",13725,2462229,1726634
48149000,"Wallpaper And Other Wall Coverings; Window Transparencies Of Paper, Nes",1252,531926,276320
48169000,"Copying Or Transfer Paper, Nes; Offset Plates, Of Paper (Excl.Heading 4809",158797,20562906,18970225
48171000,Envelopes Of Paper Or Paperboard,120,28953,28940
48172000,"Letter Cards, Plain Postcards And Correspondance Cards Of Paper...",171,92318,42276
48173000,"Boxes, Etc, Of Paper Or Paperboard Containing Paper Stationery",7309,3193920,1363208
48181000,Toilet Paper,151,67994,18837
48182000,Handkerchiefs And Cleansing Or Facial Tissues & Towels,15935,5665074,4378229
48189000,"Household, Sanitary Or Hospital Articles Of Paper..., Etc, Nes",1737,674478,482742
48191000,"Cartons, Boxes And Cases, Of Corrugated Paper Or Paperboard",714438,149447995,116791220
48192010,"Folding Cartons, Boxes And Cases, Of Non-Corrugated Paper Or Paperboard",13,5815,5775
48192090,"Folding Cartons, Boxes And Cases, Of Non-Corrugated Paper Or Paperboard",99584,40280367,35846706
48193000,"Sacks And Bags, Having A Base Of A Width Of >=40cm Of Paper, Paperboard",1848,437813,264584
48194010,Fruit Bag,313061,51128369,44320193
48194090,Other than Fruit Bag,55915,22935071,20476488
48195000,"Packing Containers, Including Record Sleeves, Of Paper..., Nes",2050,1457398,776820
48196000,"Box Files,Letter Trays,Storage Boxes,Etc,Of Paper Used In Office,Shops Etc",5466,2514776,761307
48201000,"Registers,Acc.Books,Diaries,Similar Articles,Order & Receipt Books,Of ....",26249,7266788,3555998
48203000,Binders (Other Than Book Covers) Folders & File Covers Of Paper/Paperboard,1482,623711,263071
48204000,Manifold Business Forms And Interleaved Carbon Sets,15,7509,1841
48205000,Albums For Samples Or For Collections Of Paper Or Paperboard,1,1002,982
48209000,"Blotting Pads, Book Covers And Other Articles Of Stationery Of Paper...Nes",10355,3894514,2820609
48211000,Printed Paper Or Paperboard Labels Of All Kinds,46540,39007650,35961050
48219000,Paper Or Paperboard Labels Of All Kinds (Excl. Printed),10,19291,18912
48219010,Sticker,1236,545595,238161
48219090,Excl. Sticker imp. by VAT reg. electric fan or water pump motor manf. Ind.,16720,3594758,2307239
48221000,"Bobbins, Spools..., Of Paper Or Paperboard For Winding Textile Yarn",90750,17417976,10089361
48229000,"Bobbins, Spools,Cops And Similar Supports Of Paper Or Paperboard, Nes",8,5007,4908
48232000,"Filter Paper And Paperboard, Cut To Shape",78491,61649192,60244002
48234000,"Rolls, sheets and dials, printed for self recording apparatus",1179,708636,549821
48236900,"Other paper and paperboard Imported by paper cup, bowl, plate manufacturng industry",8650,1191313,1167840
48236900,"Other trays, dishes, plates, cups and the like, of paper and paperboard Excl. Of bam",1964,871970,602755
48236990,"Trays, dishes, plates, cups and the like, of paper and paperboard Excl. Of bam",40,12136,9515
48237010,Moulded or pressed articles of paper pulp : Gasket,2,124664,122209
48237090,"Moduled or pressed articles of paper pulp, Excl Gasket imp by VAT reg. comp. manu.",3112,1301845,1099323
48239010,"Paper And Paperboard, Cut To Size And Articls Of Paper",4,3319,3252
48239091,Paper Separator,5860,2488523,2381846
48239092,Wrappers for confectionery,287,84823,55542
48239093,Surface coloured or printed paper or paper board,15425,4251717,3530703
48239094,Air laid paper,21363,6734269,4508469
48239094,Air laid paper imported by hygiene products manufacturing industry,516,163474,144411
48239095,Honeycomb,1889,330533,324020
48239099,"Paper And Paperboard, Cut To Size And Articles Of Paper, Etc, Nes",14942,4984491,3870186
49011000,"Printed Books, Brochures, Leaflets, Etc, In Single Sheets",1877,1876183,1695663
49019910,"Religious,Reference,Scientific,Medical,Engg,Agril. & Oth.Books for higher education",81121,16403122,9732613
49019920,Text books for primary and secondary education.,0,627,614
49019930,Other books,14674,5425265,3948717
49019990,"Printed Books,Brichures,Leaflets&Similar Printed Metter, Nes",9114,8031655,6839001
49021000,"Newspapers, Journals And Periodicals, Appearing At Least 4 Times A Week",671,375334,125909
49029000,"Newspapers, Journals And Periodicals, Appearing < Four Times A Week",1691,1996665,1867223
49030000,"Children'S Picture, Drawing Or Colouring Books",4746,1487333,679078
49059000,"Maps and hydrographic or similar charts of all kinds, including atlases,...NES",81,49761,48173
49060000,Plans...For Archit...Purposes;Handwitten Texts;Photogr.Of Repo.Of The ....,6,3756,3681
49070010,Stock Share And Bond Certificates&Similar Documents Of Title Cheque Forms,30357,7342807,7198123
49070090,"New Stamps,Stamp-Impressed Paper,Cheque Forms,Banknotes,Nes",25418,48373357,47421575
49081010,Transfers (decalcomanias),117,126998,125490
49081090,"Transfers(Decalcomanias), Vitrifiable, Nes",70362,29716522,28126814
49089000,Transfers (Decalcomanias) (Excl. Vitrifiable),2486,2040907,1862623
49090000,"Printed Or Illustrated Postcards; Printed Cards Bearing Greetings, Etc",18,8060,7905
49100000,"CALENDER OF ANY KIND, PRINTED, INCLUDING CALENDER BLOCKS",631,503000,477153
49111000,"Trade Advertising Material, Commercial Catalogues And The Like",8597,7884259,7111458
49119100,"Pictures, Designs And Photographs",7062,1754874,956284
49119990,"Other printed matter, including printed pictures and photographs., NES",14882,25301752,24946539
50020000,Raw Silk (Not Thrown),1212,1062153,966783
50030000,"Silk waste (including cocoons unsuitable for reeling, yarn waste and garnetted",12500,2033908,1331295
50072000,"Woven Fabrics Of Silk, Containing >=85% Silk Or Of Silk Waste",6,3737,3681
51011100,"Greasy Shorn Wool, Not Carded Or Combed",8262,4821332,1515548
51011900,"Greasy Wool (Excl. Shorn), Not Carded Or Combed",11,7458,7362
51012100,"Degreased Shorn Wool, Not Carbonised, Not Carded Or Combed",108,29075,28519
51012900,"Degreased Wool (Excl. Shorn), Not Carbonised, Not Carded Or Combed",21,63932,52859
51013000,"Carbonised Wool, Not Carded Or Combed",1078,2107724,1711890
51040000,Garnetted stock of wool or of fine or coarse animal hair,1388,809879,176425
51052900,Wool tops and combed wool (excl. in fragments),597,1217329,1193345
51061000,"Yarn Of Carded Wool, Not Put Up For Retail Sale, With >=85% Wool",372,233208,228595
51071000,"Yarn Of Combed Wool, Not Put Up For Retail Sale, With >=85% Wool",5151,2102545,2061115
51091000,"Yarn, with >=85% wool or of fine animal hair, put up for retail sale",17,10347,10307
51111900,"Woven Fbrcs.With>=85%Carded Wool Or Of Fine Animal Hair, >300g/M2 Weight",2,211281,207118
51112000,"Woven Fabrics Of Carded Wool, Mixed With Man-Made Filaments",49,30005,29844
51119000,"Other Woven Fabrics Of Carded Wool Or Carded Fine Animal Hair, Nes",662,267443,184254
51121100,"Woven Fabrics With>=85%Combed Wool/Of Fine Animal Hair,=<200g/M2 Weight",3,1879,1841
51121900,"Woven Fabrics With >=85% Combed Wool Or Of Fine Animal Hair, >200g/M2",12,8317,8147
52010000,"Cotton, Not Carded Or Combed",120115948,30125446850,26016217855
52021000,Yarn Waste Of Cotton Including Thread Waste,4,2930,2841
52029100,Garnetted Stock Of Cotton,154377,26831170,14208163
52029910,Cotton waste,87,66455,32147
52030000,"Cotton, Carded Or Combed",390,2051306,2010887
52041100,"Cotton Sewing Thread, With >=85% Cotton, Not Put Up For Retail Sale",123,68436,55487
52041900,"Cotton Sewing Thread, With <85% Cotton, Not Put Up For Retail Sale",539,263080,238265
52051100,"Uncombed Sin.Cot.Yarn,With>=85%Cot.,Nprs,=>714.29 Decitex (<=14mn).",388,243343,229299
52051200,"Uncom.Sin.Cot.Yarn,With>=85%Cot.Nprs,<714.29de(>14mn)But(>=232.56de)<=43mn",125,85406,83685
52052100,"Combed Single Cotton Yarn, With >=85% Cotton, Nprs,>=714.29 Decitex(<=14mn",108,72083,52049
52052200,"Combed Sin.Cot.Yarn,With>=85%Cot.,Nprs,<714.29(>14mn)But>=232.56de.(<=43mn",1,627,614
52053100,"Mul.Unco.Cabled Cotton Yarn,With >=85% Cot.,Nprs,<=14mn Per Single Yarn",0,713,614
52054200,"Combed Cabled Cotton Yarn,With>=85%Cotton,Nprs,>14mn But<=43mn P.Sing.Yarn",16,10115,10061
52054400,"Combed Cabled Cotton Yarn,>=85% Cotton,Nprs,>52mn But<=80mn Pr.Single Yarn",3,1877,1841
52054800,"Combed Cabled Cotton Yarn, With >=85% Cotton, Nprs, >120mn Per Single Yarn",70,32416,22700
52064300,"Combed Cabled Cotton Yarn,<85% Cotton,Nprs,>43mn But<=52mn Per Single Yarn",20,5009,4908
52071000,"Cotton Yarn (Excl. Sewing), Put Up For Retail Sale, With >=85% Cotton",173,63689,23432
52079000,"Cotton Yarn (Excl. Sewing), Put Up For Retail Sale, With <85% Cotton",1842,926465,342961
52081100,"Unbleached Plain Woven Fabrics Of Cotton With>=85%Cotton, =<100g/M2",3516,2160313,1816749
52081200,"Unbleached Plain Woven Fabrics Of Cotton>=85%Cotton,>100g/M2 But<200g/M2",225,208733,204606
52081900,"Unbleached Woven Cotton Fabrics, Nes, With >=85% Cotton",1233,230821,226381
52082100,"Bleached Plain Woven Fabrics Of Cotton With >=85% Cotton, =<100g/M2",73,49772,48879
52082900,"Bleached Woven Cotton Fabrics, Nes, With >=85% Cotton",115,80272,70041
52083100,"Dyed Plain Cotton Woven Fabrics With >=85% Cotton, =<100g/M2",48382,22412558,17527104
52083200,"Dyed Plain Cotton Woven Fabrics With >=85% Cotton, >100g/M2",10065,4120405,3580191
52083900,"Dyed Woven Cotton Fabrics, With >=85% Cotton, Nes",19831,8111787,6871757
52084100,"Coloured Plain Cotton Woven Fabrics With >=85% Cotton, =<100g/M2",2148,943423,652243
52084200,"Coloured Plain Cotton Woven Fabrics With >=85% Cotton, >100g/M2",400,258469,253427
52084900,"Coloured Woven Cotton Fabrics, With >=85% Cotton, Nes",12287,5570687,4720278
52085200,"Printed Plain Cotton Woven Fabrics With >=85% Cotton, >100g/M2",4843,2425875,1729825
52085900,"Printed Woven Cotton Fabrics, With >=85% Cotton, Nes",55420,27962063,20232377
52093100,"Dyed Plain Cotton Woven Fabrics With >=85% Cotton, >=200g/M2",155,40366,24172
52093200,"Dyed 3 Or 4-Thread Twill (Incl. Cross Twill), With >=85% Cotton",34,21524,21108
52094200,"Denim, With >=85% Cotton, >=200g/M2",7438,3412133,2425331
52095900,"Printed Woven Cotton Fabrics, With >=85% Cotton, >200g/M2",46,17757,9184
52101100,"Unbleached Plain Cotton Woven Fabrics With <85% Cotton, =<200g/M2",125,66511,27853
52103900,"Dyed Woven Cotton Fabrics, Nes, With <85% Cotton, =<200g/M2",0,627,614
52104900,"Coloured Woven Cotton Fabrics, Nes, With <85% Cotton, =<200g/M2",4,2504,2454
52111900,"Unbleached Woven Cotton Fabrics, Nes, With <85% Cotton, >200g/M2",1,627,614
52113900,"Dyed Woven Cotton Fabrics, Nes, With <85% Cotton, >200g/M2",124,60510,30798
52114200,"Coloured Denim, With <85% Cotton, >200g/M2",73,46130,45215
52114300,"Color.Fab.Of 3 Or 4-Thread Twill(Inc.Cross Twill)With<85%Cotton,>200g/M2",156,97630,95706
52114900,"Coloured Woven Cotton Fabrics, Nes, With <85% Cotton, >200g/M2",0,627,614
52122300,"Dyed Woven Fabrics Of Cotton, >200g/M2, Nes",7,4231,4172
53012100,"Flax, Broken Or Scutched, But Not Spun",50380,42087572,41571864
53012910,"Flax, Hackled Or Otherwise Processed, But Not Spun",85964,59799099,53429985
53029000,"True Hemp(Ex.Raw),Not Spun;Tow&Waste Of True Hemp(Incl.Yrn Wast &Garn Stk)",1,1358,1331
53031000,"Jute and other textile bast fibres, raw or retted",795,357612,249313
53071000,Single yarn of jute or of other textile bast fibres of 53.03,2,1102,982
53091900,"Woven Fabrics Of Flax, With >=85% Flax, Printed, Dyed Or Coloured",107,66964,65645
53092900,"Woven Fabrics Of Flax, With <85% Flax, Printed, Dyed Or Coloured",21,10018,9816
53109000,Woven fabrics of jute or other textile bast fibres (excl. unbleached),2978,1098029,88344
53110000,Woven fabrics of other vegetable textile fibres; woven fabrics of paper yarn.,5,3005,2945
54011000,Sewing Thread Of Synthetic Filaments,2440,2813405,2706153
54012000,Sewing Thread Of Artificial Filaments,14,11336,11145
54021900,"Synthetic filament yarn?High tenacity of nylon or other polyamides, Excl.Of ar",19804,6588139,4181297
54022000,"High tenacity yarn of polyesters, whether or not textured",69812,14275610,13470622
54023100,"Textured Yarn, Of Nylon Or Other Polyamides, =<5tex, Nprs",22,13895,13620
54023300,TEXTURED YARN OF POLYESTER,101691,32259206,13862228
54023900,"Synthetic Textured Yarn, Nes, Nprs",750,233333,95769
54024400,"Other yarn, single, untwisted or with a twist not exceeding 50 turns per metre",45121,20502082,18097682
54024500,"Other yarn,single,untwisted or with a twist <=50 turns per metre Othr,of nylon",580,180582,128137
54024700,"Other yarn,single,untwisted or with a twist <=50 turns per metre Other, of pol",10071,3204388,2144440
54024800,"Other yarn,single,untwisted or with a twist <=50 turns per metre Other, of pol",25977,5811516,5739943
54024900,"Single Synthetic Yarn, Nes,Untwisted With =<50turns/M, Nprs",13302,4615025,3001778
54025100,"Single Yarn Of Nylon Or Other Polyamides, With >50turns/M, Nprs",5,3130,3068
54025200,"Single Yarn Of Polyesters, With >50turns/M, Nprs",1069,667390,513256
54025900,"Single Synthetic Yarn, Nes, With >50turns/M, Nprs",3071,981615,335462
54026200,"Synthetic Multiple Or Cabled Yarn Of Polyesters, Nprs",20,12490,11657
54026900,"Synthetic Multiple Or Cabled Yarn, Nes, Nprs",5216,1630539,846447
54033100,"Single Yarn Of Viscose Rayon,Untwisted Or With =<120turns/M, Nprs",87019,20982650,19933470
54033200,"Single Yarn Of Viscose Rayon, With >120turns/M, Nprs",90,42901,41548
54033900,"Single Artificial Yarn, Nes, Nprs",101,60043,28061
54034900,"Multiple Or Cabled Artificial Yarn, Nes, Nprs",998,499914,367364
54041100,Monofilament Elastomeric,6288,4542598,3237808
54041900,Monofilament Excl. Elastomeric & other of polypropylene,18080,6418515,5463089
54071010,Rejected fabrics generated during manu.of garments or processing of fabrics,5,2880,2822
54071090,"Rejected fabrics generated during manu.of garments or processing of fabrics, nes",23279,8202499,4860800
54072000,Woven Fabrics Obtained From Synthetic Strip Or The Like,2572,1448740,568851
54073000,Fabrics Of Synthetic Filament Yarn Specified In Note 9 To Section Xi,3,1564,1534
54074200,"Dyed Woven Fabrics Of Synthetic Filament Yarn, >=85% Nylon...",29,19440,14356
54075100,"Unbleached Or Bleached Woven Fabrics, >=85% Textured Polyester",3,1794,1718
54075200,"Dyed Woven Fabrics Of Synthetic Filament Yarn, >=85% Textured Polyester",19082,12488987,10027679
54075400,"Printed Woven Fabrics Of Synthetic Yarn, >=85% Textured Polyester",28664,16350083,11321585
54076100,Other Woven Fabrics Of Synthetic Yarn>=85% Nontextured Polyester Filaments,1882,1060753,577695
54076900,Other Woven Fabrics Of Synth'C Yarn >=85% Textrd/Non-Textrd Polystr Filmnt,274503,140081950,104849542
54077200,"Dyed Woven Fabrics, >=85% Synthetic Filaments, Nes",1111902,613802127,472152835
54077400,"Printed Woven Fabrics, >=85% Synthetic Filaments, Nes",94945,58113447,32569277
54078200,"Dyed Woven Fabrics, <85% Synthetic Filaments, Mixed With Cotton",89427,44763935,33380276
54078300,"Coloured Woven Fabrics, <85% Synthetic Filaments, Mixed With Cotton",218200,109530604,80547810
54079200,"Dyed Woven Fabrics <85% Synthetic Filament Yarn, Nes",16701,8347074,4047014
54082400,"Printed Woven Fabrics, >=85% Artificial Filaments Or Strip",2,1253,1227
54083400,"Printed Woven Fabrics Of Artificial Filament Yarn, Nes",18,123147,120721
55021000,Artificial filament tow of cellulose acetate,250201,197869496,190512243
55031100,"Syn.Sta.fibres, not carded,combed or otherwise proce.for spin.Of nylon or othe",297,634215,612764
55032000,"Synthetic Staple Fibres, Of Polyesters, Not Carded, Combed Or Processed",3111346,525331658,349629433
55033000,"Acrylic Or Modacrylic Synth. Staple Fibres,Not Carded,Combed Or Processed",1296,528928,485849
55034000,"Synthetic Staple Fibres,Of Polypropylene,Not Carded,Combed Or Processed",100484,19448388,13843774
55041000,"Artificial Staple Fibres,Of Viscose Rayon,Not Carded,Combed Or Processed",2551915,814309572,520400341
55049000,"Artificial Staple Fibres, (Excl. Viscose), Not Carded,Combed Or Processed",3653539,1409042793,741131329
55061000,"Synt.Staple Fibres,Of Nylon Or Other Polyamides,Carded,Combed Or Processed",60,26600,5309
55062000,"Synthetic Staple Fibres, Of Polyesters, Carded, Combed Or Processed",242408,36901214,27345789
55069000,"Syn.Staple Fibres,Nes,Carded,Combed Or Processed(Exl.Nyl./Polester/Acry.)",23921,3566605,1675685
55070000,"Artificial Staple Fibres, Carded, Combed Or Processed For Spinning",20,2503,2454
55081000,Sewing Thread Of Synthetic Staple Fibres,1146,362949,308670
55082000,Sewing Thread Of Artificial Staple Fibres,1500,937965,480493
55091100,"Single Yarn, With >=85% Staple Fibres Of Nylon Or Other Polyamides, Nprs",148,92130,81106
55092100,"Single Yarn, With >=85% Polyester Staple Fibres, Nprs",13,7890,7730
55092200,"Multiple Or Cabled Yarn, With >=85% Polyester Staple Fibres, Nprs",3910,1985507,1946386
55093100,"Single Yarn, With >=85% Acrylic Or Modacrylic Staple Fibres, Nprs",11,6885,6749
55094100,"Single Yarn, With >=85% Synthetic Staple Fibres, Nes, Nprs",6000,1368606,1104300
55094200,"Multiple Or Cabled Yarn, With >=85% Synthetic Staple Fibres, Nes, Nprs",598,1156592,1142837
55095100,"Yarn,<85% Polyester Staple Fibres,Mixed With Artificial Staple Fibres,Nprs",1900,594514,493063
55095200,"Yarn,<85% Polyester Staple Fibres,Mixed With Wool Or Fine Animal Hair,Nprs",3407,1066349,653038
55095300,"Yarn, <85% Polyester Staple Fibres, Mixed With Cotton, Nprs",3,1854,1841
55096200,"Yarn, <85% Acrylic Or Modacrylic Staple Fibres, Mixed With Cotton, Nprs",8,5009,4908
55096900,"Yarn, <85%Acrylic Or Modacrylic Staple Fibres, Nes, Nprs(Exl. Wool/Cotton)",8,5009,4908
55099900,"Yarn, Synthetic Staple Fibres,Nes, Nprs (Exl. Wool/Cotton)",65,32035,9720
55101100,"Single Yarn, With >=85% Artificial Staple Fibres, Nprs",25,15912,15583
55101290,"YARN OF ARTIFICIAL STAPLE FIBRES, .. EXCL. WATER BLOCKING YARN IMP BY VAT REG. OPTICAL F",27,15462,15273
55103010,Water blocking tape imported by optical fibre cable manufacturing industry,10500,4325463,3353289
55109000,"Yarn, Artificial Staple Fibres, Nes, Nprs (Exl. Wool/Cotton)",37,23582,7775
55121100,"Unbleached or bleached woven fabrics, >=85% polyester staple fibres",8,3016,2957
55129900,"Woven Fabrics, >=85% Synthetic Fibres, Nes",1,626,614
55131100,"Plain weave fabrics, <85% polyester fibres + cotton, =<170g/m2 fibres, plain weave",4,5782,5675
55131900,Other woven fabrics,2,1377,1350
55132300,"Dyed Woven Fabrics, Nes, <85% Polyester Fibres + Cotton, =<170g/M2",1,626,614
55133100,"Coloured Plain Weave Fabrics, <85% Polyester Fibres + Cotton, =<170g/M2",135,67588,16565
55134100,"Printed Plain Weave Fabrics, <85% Polyester Fibres + Cotton, =<170g/M2",0,627,614
55144900,"Printed Woven Fabrics, <85% Synthetic Fibres + Cotton, Nes, >170g/M2",15303,7662061,5633034
55151100,Mixed mainly or solely with viscose rayon staple fibres,86,53827,52761
55161200,"Dyed Woven Fabrics, >=85% Artificial Staple Fibres",5,3757,3681
55161400,"Printed Woven Fabrics, >=85% Artificial Staple Fibres",11591,4692739,3543453
55162400,"Printed Woven Fabrics, <85% Artificial Fibres, With Man-Made Filaments",7820,3369379,2878652
55169100,"Woven fabrics, <85% artificial staple fibres, nes Unbleached or bleached",1722,862162,458462
56012100,Cotton Wadding And Articles Thereof,47875,6357620,5258061
56012200,Wadding Of Man-Made Fibres And Articles Thereof,83348,77355462,56055928
56012900,"Wadding and articles of wadding, nes",1438,720840,344619
56013000,Textile Flock And Dust And Mill Neps,4258,3044339,2501785
56022100,"Felt Of Wool Or Fine Animal Hair (Excl. Impregnated, Coated, Etc)",11,138646,136684
56022900,"Felt of textile materials (excl. impregnated, coated, etc) Of other textile materials",2639,846305,772884
56029000,"Felt, Nes (Exl. Needleloom, Wool, Text Material, Jute, Other Than Jute)",5300,20236615,18556364
56031110,Hydrophilic/hydrophobic white/light/green,120,75100,73620
56031110,Imported by hygiene products manufacturing industry,554089,170851370,115364357
56031190,"Nonwovens, Of Man-Made Filaments, Weighing <=25g/M2",3705,3497107,3428519
56031210,Imported by hygiene products manufacturing industry,47193,16724452,16291934
56031210,Textile back sheet/Non woven air through bonded (ADL),33095,10545664,8527012
56031290,"Nonwovens, Of Man-Made Filaments, Weighing >25g/M2 But <=70g/M2",27461,9317352,7963668
56031310,Elastic back ear,3981,2733892,2520388
56031390,"Nonwovens, Of Man-Made Filaments, Weighing >70g/M2 But <=150g/M2",16126,5137461,4398361
56031400,"Nonwovens, Of Man-Made Filaments, Weighing >150g/M2",4958,1426919,1090926
56039100,"Nonwovens, Not Of Man-Made Filaments, Weighing <=25g/M2",2,468,442
56039290,"Nonwovens, Not Of Man-Made Filaments, Weighing >25g/M2 But <=70g/M2",10826,2899855,2812762
56039400,"Nonwovens, Not Of Man-Made Filaments, Weighing >150g/M2",843,245597,199223
56041000,"Rubber Thread And Cord, Textile Covered",4,3262,2528
56049000,"Textile Yarn And Strip, Etc, Impregnated Or Coated",1021,258905,249276
56050090,Other metalized yarn,9501,2379833,575155
56060000,"Gimped yarn, & strip & the like .... (including flock chenille yarn); loop wale-yarn.",403,202395,27485
56072900,"Twine,Cordage,Rope & Cables,Of Sisal,Etc. Of The Genus Agave,Nes,Ex.Binder",892,280436,240542
56074100,Binder Or Baler Twine Of Polyethylene Or Polypropylene,4,1010,1008
56074910,"Twine,Cordage,Rope&Cables,Of Polyethylene/Polypropy. For Fishing Trawlers",14,7009,3436
56074990,"Twine, Cordage,Rope & Cables, Of Polyethylene Or Polypropylene, Other",96161,19544736,16857286
56075000,"Twine, Cordage, Rope And Cables, Of Synthetic Fibres, Nes",8164,2784505,1934546
56079000,"Twine, cordage, ropes and cables, whether or not plaited .. with rubber or pla",3099,1711255,1137452
56081190,"Other Made Up Fishing Nets, Excl, For Fishing Trawler",150,75623,74133
56081990,Knotted netting of man-made textile materials (excl. fishing nets),195,125166,113129
56089000,"Knotted netting of twine, cordage or rope of textile materials, nes",13373,3415345,1761549
56090010,"Twine,Cordage,Rope Or Cables For Fishing Trawler And Factory Ships, Nes",354,371059,348652
56090090,"Articles Of Yarn,Strip,Etc,Twine,Cordage, Rope Or Cables, Nes",9475,2236823,1685797
57011000,"Carpets And Other Textile Floor Coverings, Of Wool..., Knotted",14,18774,18405
57019000,"Carpets & other textile floor coverings, ...textiles, knotted Of other textile material",258,153520,150547
57023900,"Pile floor coverin....textiles, woven, not made up Of other textile materials, nes",6464,1477186,1477186
57029900,"Non-pile floor coverings of textile materials, ....... up Of other textile materials, ne",75,18523,16454
57031000,Tufted Floor Coverings Of Wool Or Of Fine Animal Hair,1701,530092,87395
57032900,Carpet and other textile floor Covering Of nylon or other polyamides : Excluding Turf,866,218258,91099
57033100,Carpet and other textile floor covering ...Of other man-made textile materials :Turf,26093,7297108,4342607
57033900,Carpet other textile floor covering ...Of other man-made textile materials : Exl.Turf,6134,1530848,1184743
57039000,Carpet and other textile floor covering..of other textile materials of jute,81518,11435957,8721072
57041000,"Carpet Tiles =<0.3m2, Of Felt, Not Tufted Or Flocked",22480,3371594,2271432
57049000,"Floor coverings of felt, not tufted or flocked, nes",106,22292,6503
57050000,"Other carpets and other textile floor coverings, whether or not made up.",857699,115371929,91825597
58012200,Cut Corduroy Of Cotton,31,20749,20359
58012600,"Chenille Fabrics, Of Cotton",70313,37480255,15243878
58012700,Warp pile fabrics,1,626,614
58013600,"Chenille Fabrics Of Man-Made Fibres, Nes",403863,216474696,151942173
58021000,"Terry towelling and similar woven terry fabrics, of cotton",2,1253,1227
58022000,"Terry towelling and similar woven terry fabrics, of other textile materials",560,280458,68733
58030000,"Gauze, other than narrow fabrics of heading 58.06.",168,93183,70675
58041000,Tulles And Other Net Fabrics,51890,28540216,15674567
58042100,"Mechanically Made Of Lace Of Man-Made Fibres In Piece,In Strips/In Motifs",10144,4054620,2016538
58042900,"Mechanically Made Of Lace Of Oth.Textiles In Piece,In Strips Or In Motifs",72494,29513425,15683724
58043000,"Hand-Made Lace In Pieces, In Strips Or In Motifs",109049,41081684,30011712
58050000,"Han.Wov.Tapestr.Of The Ty.Gobelins,Flandres,Aubu.,Beauvais&Needle-Work Tap",10,11390,11166
58061000,Narrow Woven Pile Fabrics And Chenille Fabrics,12,38476,37715
58062000,"Narrow Woven Fabrics, Width >=5% Elastomeric Yarn Or Rubber Thread",78414,27208543,17344074
58063100,OTHER WOVEN FABRICS OF COTTON,591,452852,438240
58063200,Of man-made fibres,11100,5226213,4786534
58063900,"Narrow Woven Fabrics Of Other Textiles, Nes",22016,7858551,4584244
58064000,Fabrics With Warp Without Weft Assembled By An Adhesive (Bolducs),1132,421344,131641
58071000,"Labels, Badges... Of Textiles, Woven, In Piece..., Not Embroidered",6353,3262102,2652716
58079000,"Labels, Badges... Of Textiles, Unwoven, In Piece..., Not Embroidered",2470,1105913,354901
58081000,"Braids, In The Piece",4,3756,3681
58089000,"Ornamental Trimmings In The Piece; Tassels, Pompons, Etc, Nes(Excl.Braids)",307,78304,30573
58090000,"Woven Fabrics Of Metal Thread And Woven Fabrics Of Metallized Yarn, Nes",188,70859,69466
58101000,Embroidery Without Visible Ground,11,11898,11657
58109100,"Cotton Embroidery, In The Piece, In Strips Or In Motifs",162,223718,199688
58109200,"Embroidery Of Man-Made Fibres, In The Piece, In Strips Or In Motifs",3,35363,34663
58109900,"Embroidery Of Other Textiles, In The Piece, In Strips Or In Motifs",2653,2647407,442456
58110000,Quilted Tex.Produ.In The Piece(Excl.Embroi.Of 58.10)One Or More Layers Tax,1,627,614
59011000,Textile fabrics coated with gum or amylaceous substances Imported by sand paper industry,10200,4941605,4873629
59019000,"Tracing Cloth; Prepared Painting Canvas; Buckram, Etc",440,110325,34463
59021000,Tyre Cord Fabric Of High Tenacity Yarn Of Nylon Or Other Polyamides,183021,70859756,58612756
59022000,Tyre Cord Fabric Of High Tenacity Yarn Of Polyesters,464600,60527594,58581052
59031010,Fusing Interlining Mate.(Tex.Mat.For Stiffening Cuffs&Col.With Poly V.Chlo,8837,2658212,757209
59031090,Other Fabrics Impregnated...With Polyvinyl Chloride,33562,9498100,6789715
59031090,Textile Fabrics Laminated with Polyvinyl Chloride imported by Footwear Industry,77015,23889885,20346000
59032010,Fusing Interlining Mat.(Tex.Mat.For Stiffening Cuffs&Col. With Poly Ureth.,870,413122,133917
59032090,Textile Fabrics Laminated with Polyurethane imported by Footwear Manufacturing Industry,47522,25359904,23566917
59032090,Other Textile Fabrics Impregnated....With Polyurethane,58739,17092157,13792192
59039010,Side tape (lock loop),5,103262,101228
59039090,"Textile fabrics impregnated... with plastics, nes",24213,74488670,72638088
59041000,00Linoleum,600,375497,80982
59061000,Adhesive Tape Of A Width =<20cm,2241,1757200,1649728
59069910,REFLECTIVE TAPE,1421,395655,285061
59069990,"RUBBERIZED TEXTILE FABRICS EXCLUDING REFLECTIVE TAPE, KNITTED OR CROCHETED & ADHESIVE TA",537,345846,291426
59070000,Textile Fabrics Otherwise Impregnated... ; Painted Canvas...,5698,1621247,1039079
59090000,"Textile... Tubing, With Or Without Lining, Etc, Of Other Materials",84534,21735303,14051297
59100000,"Transmission Or Conveyor Belts Or Belting, Of Textile Material",51269,20086265,17072766
59111010,Narrow Fab. Made Of Velvet Impregna. With Rubber For Cover Weaving Spindle,23,14038,13752
59111090,Other,86113,37666874,23124064
59112000,Bolting Cloth Whether Or Not Made Up,13467,6095339,5658151
59113100,"Textile Fabrics And Felts, For Paper-Making Machines, <650g/M2",1571,8747722,8458716
59113200,"Textile Fabrics And Felts, For Paper-Making Machines, >=650g/M2",6900,22869232,20572179
59114000,"Straining Cloth Of A Kind Used In Oil Presses, Etc",593,233687,229081
59119000,"Textile Articles For Technical Uses, Nes, As Specified In Chapter Note 7",37245,32581887,28732737
60011000,"Long Pile Fabrics, Knitted Or Crocheted",111326,62667919,47980466
60012200,"Looped Pile Fabrics Of Man-Made Fibres, Knitted Or Crocheted",20,12580,12331
60019100,"Pile Fabrics Of Cotton, Nes, Knitted Or Crocheted",284,180437,176933
60019200,"Pile Fabrics Of Man-Made Fibres, Nes, Knitted Or Crocheted",32238,19169962,10283285
60019900,"Pile Fabrics Of Textile Materials, Nes, Knitted Or Crocheted",30548,19666999,9936109
60029000,"KNITTED OR CROCHETED FABRICS OF A WIDTH <30CM,CONTAINING BY WEIGHT 5%..NES",16,10129,9942
60032000,KNITTED OR CROCHETED FABRICS OF A WIDTH <30CM.. OF COTTON,5,3112,3068
60033000,"KNITTED OR CROCHETED FABRICS OF A WIDTH <30CM,OF SYNTHETIC FIBRES",1,628,614
60039000,"KNITTED/CROCTD.FBRCS.OF A WIDTH <30CM,OTH THAN THOSE OF HD60.01/60.02,NES",1315,493781,258161
60041000,CONTING. BY WEIGHT 5%OR MORE OF ELASTOMERIC YARN BUT NOT CONT.RUBER THRED,1741,1200152,1176534
60052200,"WRAP KNIT FABRICS OF COTTON,DYED",261,290378,286382
60053700,Of synthetic fibres other dyed,2245,910654,760482
60053800,Synthetic fibres Other of yarns of different colours,4,3129,3068
60059010,Shading net,85,44693,44049
60059090,"WARP KNIT FABRICS OF ARTIFICIAL FIBRES, NES",11164,4630268,2786671
60061000,OTHER KNITTED OR CROCHETED FABRICS OF WOOL OR FINE ANIMAL HAIR,109,46139,7607
60062200,OTH.KNITTED OR CROCHETED FABRICS OF COTTON DYED,124,88779,85605
60062300,"OTH.KNITTED OR CROCHETED FABRICS OF COTTON, OF YARNS OF DIFFERENT COLOURS",12,9991,9817
60063100,"OTH.KNITTED OR CROCHETED FABRICS. OF SYNTHETIC FIBRES,UNBLEACHED OR BLEACH",20,16315,15993
60063200,"OTH.KNITTED OR CROCHETED FABRICS OF SYNTHETIC FIBRES,DYED",11488,7080117,6745809
60063400,OTH KNITTED OR CROCHETED FABRICS OF SYNTHETIC FIBRES PRINTED,1,626,614
60069000,"OTH.KNITTED OR CROCHETED FABRICS OF ARTIFICIAL FIBRES,NES",60,45269,44420
61012000,"Men'S Or Boys' Over/Car Coats, Etc, Of Cotton, Knitted Or Crocheted",14,32854,32209
61013000,"Men'S Or Boys'Over/Car Coats, Etc, Of Man-Made Fibres,Knitted Or Crocheted",2,2265,2219
61019000,"Men'S Or Boys' Over/Car Coats, Etc, Of Other Textiles,Knitted Or Crocheted",132,48938,17424
61021000,"Woman'S Or Girls' Over/Car Coats,Etc, Of Wool..., Knitted Or Crocheted",1,1254,1227
61022000,"Woman'S Or Girls' Over/Car Coats, Etc, Of Cotton, Knitted Or Crocheted",2,3131,2454
61023000,"Woman'S Or Girls' Over/Car Coats,Etc,Of Man-Made Fibres,Knitted/Crocheted",0,2468,2454
61031000,"Men's or boys' Suits, Excl. Sports out fit for sports shooting",59,278833,273553
61032200,"Men'S Or Boys' Ensembles Of Cotton, Knitted Or Crocheted",5,6232,6135
61032900,"Men'S Or Boys' Ensembles Of Other Textiles, Nes, Knitted Or Crocheted",382,236688,134903
61033200,"Men'S Or Boys'Jackets And Blazers Of Cotton, Knitted Or Crocheted",23,21281,9939
61033300,"Men'S Or Boys' Jackets... Of Synthetic Fibres, Knitted Or Crocheted",5,6886,6749
61033900,"Men'S Or Boys' Jackets... Of Other Textiles, Nes, Knitted Or Crocheted",371,251637,93001
61034100,"Men'S Or Boys' Trousers, Etc, Of Wool..., Knitted Or Crocheted",40,55248,54141
61034200,"Men'S Or Boys' Trousers, Etc, Of Cotton, Knitted Or Crocheted",621,225422,85606
61034300,"Men'S Or Boys' Trousers, Etc, Of Synthetic Fibres, Knitted Or Crocheted",3573,1979859,867531
61034900,"Men'S Or Boys' Trousers, Etc, Of Other Textiles, Knitted Or Crocheted",5541,2224289,1059267
61041900,"Women's or girls' suits of other textiles, knitted or .. Of other textile materials nes,",20,6488,2120
61042200,"Women'S Or Girls' Ensembles, Of Cotton, Knitted Or Crocheted",1,3508,3436
61042900,"Women'S Or Girls' Ensembles, Of Other Textiles, Knitted Or Crocheted",2439,1208177,397428
61043100,"Women'S Or Girls'Jackets, Of Wool..., Knitted Or Crocheted",1,756,740
61043200,"Women'S Or Girls' Jackets, Of Cotton, Knitted Or Crocheted",1,2186,2143
61043300,"Women'S Or Girls' Jackets, Of Synthetic Fibres, Knitted Or Crocheted",5,5636,5522
61043900,"Woman'S Or Girls' Jackets, Of Other Textiles, Knitted Or Crocheted",31,47796,46854
61044200,"Dresses Of Cotton, Knitted Or Crocheted",18420,9024018,2613251
61044300,"Dresses Of Synthetic Fibres, Knitted Or Crocheted",427,340807,121357
61044900,"Dresses Of Other Textile Material, Nes, Knitted Or Crocheted",94,207014,202950
61045300,"Skirts And Divided Skirts Of Synthetic Fibres, Knitted Or Crocheted",0,626,614
61045900,"Skirts And Divided Skirts Of Other Textiles, Nes, Knitted Or Crocheted",15,17147,6749
61046200,"Women'S Or Girls' Trousers, Etc, Of Cotton, Knitted Or Crocheted",58,105412,94483
61046300,"Women'S Or Girls' Trousers, Etc, Of Synthetic, Knitted Or Crocheted",3,16270,15951
61046900,"Women'S Or Girls' Trousers, Etc, Of Other Textile, Knitted Or Crocheted",384,220928,93258
61051000,"Men'S Or Boys' Shirts Of Cotton, Knitted Or Crocheted",117,244831,133515
61052000,"Men'S Or Boys' Shirts Of Man-Made Fibres, Knitted Or Crocheted",1184,1113690,207731
61059000,"Men'S Or Boys' Shirts Of Other Textiles, Nes, Knitted Or Crocheted",6380,6968646,2583976
61061000,"Women'S Or Girls' Blouses, Etc, Of Cotton, Knitted Or Crocheted",67,171008,167640
61062000,"Women'S Or Girls' Blouses, Etc, Of Man-Made Fibres, Knitted Or Crocheted",4,6196,6135
61069000,"Women'S Or Girls' Blouses Etc. Of Other Textiles Nes, Knitted Or Crocheted",18,20657,12884
61071100,"Men'S Or Boys' Underpants And Briefs Of Cotton, Knitted Or Crocheted",11468,4378204,2127801
61071200,"Men'S Or Boys' Underpants, Etc, Of Man-Made Fibres, Knitted Or Crocheted",2298,1385761,207618
61071900,"Men'S Or Boys' Underpants Etc. Of Other Textiles Nes, Knitted Or Crocheted",8141,6552436,2874703
61072100,"Men'S Or Boys' Night Shirt Pyjamas Of Cotton, Knitted Or Crocheted",103,37403,18495
61072200,"Men'S Or Boys' Night Shirt Pyjamas Of Man-Madefibres, Knitted Or Crocheted",121,126276,15821
61072900,"Men'S Or Boys'Night Shirt Pyjamas Of Other Textiles,Nes,Knitted Or Croched",1209,584372,176811
61079100,"Men'S Or Boys' Dressing Gowns, Etc, Of Cotton, Knitted Or Crocheted",4182,3131142,1443076
61079900,"Men'S Or Boys' Dressing Gowns, Of Other Textiles,Nes, Knitted Or Crocheted",59,237817,23313
61081900,"Women'S Or Girls' Slips, Etc, Of Other Textiles,Nes, Knitted Or Crocheted",228,102822,33129
61082100,"Women'S Or Girls' Briefs And Panties Of Cotton, Knitted Or Crocheted",178,101505,57937
61082200,"Women'S Or Girls' Briefs, Etc, Of Man-Made Fibres, Knitted Or Crocheted",2,4883,4785
61082900,"Women'S Or Girls' Briefs, Etc, Of Other Textiles,Nes, Knitted Or Crocheted",1216,740040,571294
61083100,"Women'S Or Girls' Night Dresses, Pyjama Etc, Of Cotton, Knitted Or Croched",264,97504,29318
61083200,"Women'S Or Girls' Pyjamas,Night Dresses Of Man-Made Fibres,Knitted/Croched",1,1021,1021
61083900,"Women'S Or Girls' Night Dresses & Pyjamas Of Other Tex.,Knitted Or Croched",487,248656,121745
61089100,"Women'S Or Girls'Negliges Dressing Gowns..,Of Cotton, Knitted Or Crocheted",2,2504,2454
61089900,"Women'S/Girls' Negliges Dressing Gowns.. Of Other Tex.,Nes,Knitted/Croche.",1528,1041688,428602
61091000,"T-Shirts, Singlets And Other Vests, Of Cotton, Knitted Or Crocheted",13114,12045549,5828811
61099000,"T-Shirts, Singlets, Etc, Of Other Textiles, Nes, Knitted Or Crocheted",115417,96313715,53690781
61101100,OF WOOL OR FINE ANIMAL HAIR. OF WOOL,23,14573,5801
61101200,OF KASHMIR(CASHMERE)GOATS,2,3130,3068
61101900,"OF WOOL OR FINE ANIMAL HAIR,NES",37,23906,23436
61102000,"JERSEYS, PULLOVERS, CARDIGANS, WAISTCOATS & SIMILAR ART., KNITTED OR CROCHETED OF COT",477,818968,721177
61103000,"JERSEYS,PULLOVERS,CARDIGANS,WAISTCOATS.., KNITTED OR CROCHETED OF MAN-MADE FIBRE",134,194297,176267
61109000,"JERSEYS, PULLOVERS, CARDIGANS, WAISTCOATS.. ,KNITTED OR CROCHETED OF OTH. TEXT. MATER",5806,3232082,1669477
61112000,"Babies' Garments, Etc, Of Cotton, Knitted Or Crocheted",45,53048,48230
61119000,"Babies' Garments, Etc,Of Other Textiles Materials,Nes Knitted Or Crocheted",7548,2599634,1249738
61121100,"Track-Suits Of Cotton, Knitted Or Crocheted",544,102768,45054
61121200,"Track-Suits Of Synthetic Fibres, Knitted Or Crocheted",4,7376,7362
61122000,SKI SUITS,62,10826,8712
61123100,"Men'S Or Boys' Swimwear Of Synthetic Fibres, Knitted Or Crocheted",1,627,614
61123900,"MEN'S OR BOY'S SWIMWEAR, OF OTHER TEXTILE MATERIALS",202,133153,38160
61124100,"Women'S Or Girls' Swimwear Of Synthetic Fibres, Knitted Or Crocheted",15,69498,68112
61124900,Women's or girls swimwear of other textile material,14,11895,11657
61142000,"Garments Of Cotton, Knitted Or Crocheted, Nes",7,11142,10920
61143000,"Garments Of Man-Made Fibres, Knitted Or Crocheted, Nes",15,6886,6749
61149000,"Garments Of Other Textiles, Knitted Or Crocheted, Nes",26,13268,12025
61151000,"Graduated compression hosiery (for example, stockings for varicose veins)",57,80823,78127
61152900,Other panty hose and tights Of other textile materials,324,151020,26891
61159400,"Panty hose,tights,stockings,sock..., inclu.grad.Comp.hos.Of wool/fine animal h",8,9245,5381
61159500,"Panty hose,tights,stockings,sock..., inclu.grad.Comp.hos.Of Cotton, NES",967,548979,239382
61159600,"Panty hose,tights,stockings,sock..., inclu.grad.Comp.hos.Of synthetic fibres",119,46190,31411
61159900,"Hosiery And Footwear Without Soles Of Other Tex., Knitted Or Crochete, Nes",1767,957793,353870
61161000,"IMPREGNATED, COATED OR COVERED WITH PLASTICS OR RUBBER",2731,1298542,796109
61169200,"Gloves, Mittens And Mitts, Of Cotton, Knitted Or Crocheted",907,359891,206015
61169300,"Gloves, Mittens And Mitts, Of Synthetic Fibres, Knitted Or Crocheted",1,9688,9496
61169900,"Gloves, Mittens And Mitts, Of Other Textiles, Knitted Or Crocheted",2894,1049433,528650
61171000,"SHAWLS, SCARVES, MUFFLERS, MANTILLAS, VEILS AND THE LIKE",1103,775470,179549
61178010,"Other Clothing Accessories, Knitted Or Crocheted, Nes, Of Cotton",10,5006,1227
61178090,"Other clothing accessories, knitted or crocheted, nes",810,297772,180885
61179000,"Parts Of Garments Or Clothing Accessories, Knitted Or Crocheted",410,485552,444118
62013000,"overcoat, rain-coat, of cotton",84,41402,12394
62014000,Other Of man-made fibres,8,46155,45260
62019000,"Mens or boys overcoat, car-coats, cloaks excludin Of other textile materials",55494,10930054,3892767
62022000,"Womens or girls overcoat , car-coad ...Of wool or fine animal hair",1,1252,1227
62023000,"Womens or girls overcoat , car-coad capes, cloaks, anoraks ...Of cotton",2,3681,3298
62024000,"Womens or girls overcoat , car-coad capes, cloaks, anoraks ...Of man-made fibres",2,34989,34305
62029000,"Woent or gilrs overcoat, raincot car-coat capes, ......Of other textile materials",1308,356797,228089
62031100,Men'S Or Boys' Suits Of Wool Or Fine Animal Hair,6,65702,64418
62031900,"Men's or boys' suits of other textiles, nes",15,8112,4771
62032200,Men'S Or Boys' Ensembles Of Cotton,178,198114,69768
62032900,"Men'S Or Boys' Ensembles Of Other Textiles, Nes",135,66673,35215
62033100,Men'S Or Boys' Jackets And Blazers Of Wool Or Fine Animal Hair,24,36554,35828
62033200,Men'S Or Boys' Jackets And Blazers Of Cotton,478,508936,423484
62033300,Men'S Or Boys' Jackets And Blazers Of Synthetic Fibres,180,206085,171154
62033900,"Men'S Or Boy'S Jackets And Blazers Of Other Textiles,(Exl.Wool,Syn.Fab,Cot",1066,256650,201414
62034100,"Men'S/Boy'S Bib&Brace Trousers,Breeches,Shorts Of Wool Or Fine Animalhar",9,6259,6135
62034200,"Men'S Or Boys' Bib & Brace Trousers, Breeches, Shorts, Of Cotton",10852,6552678,3681648
62034300,"Men'S Or Boys' Bib & Brace Trousers, Breeches & Shorts Of Synthetic Fibres",68552,37422609,16822645
62034900,"Men'S Or Boys' Bib&Brace Trousers,Breeches & Shorts Of Other Textiles,Nes",78629,34916791,21021141
62041100,Women'S Or Girls' Suits Of Wool Or Fine Animal Hair,115,70484,65914
62041200,Women'S Or Girls' Suits Of Cotton,5432,5505125,2893045
62041900,"Women'S Or Girls' Suits Of Other Textiles, (Exl.Wool,Cotton,Syn.Fibre)",20,11354,4241
62042200,Women'S Or Girls' Ensembles Of Cotton,1,2009,1967
62042300,Women's or girls' ensembles of synthetic fibres,415167,319588432,171294331
62042900,"Women'S Or Girls' Ensembles Of Other Textiles, (Exl.Wool,Cotton,Syn.Fibre)",18813,14367108,7283227
62043200,Women'S Or Girls' Jackets And Blazers Of Cotton,129,108268,82108
62043300,Women'S Or Girls' Jackets And Blazers Of Synthetic Fibres,2003,857566,380788
62043900,"Women'S Or Girls' Jackets&Blazers Of Oth.Tex.,(Exl.Wool,Cotton,Syn.Fibre)",211,123795,121352
62044100,Dresses Of Wool Or Fine Animal Hair,6,11265,11043
62044200,Dresses Of Cotton,43,71423,70234
62044300,Dresses Of Synthetic Fibres,98732,83030295,46772682
62044400,Dresses Of Artificial Fibres,4,5007,4908
62044900,"Dresses Of Other Textiles, (Exl.Wool,Cotton,Syn./Arti.Fibre)",107025,70240664,30731759
62045100,Skirts And Divided Skirts Of Wool Or Fine Animal Hair,1,2504,2454
62045200,Skirts And Divided Skirts Of Cotton,97,70777,38427
62045900,"Skirts And Divided Skirts Of Other Textiles, (Exl.Wool,Cotton,Syn.Fibre)",1002,425476,222504
62046100,"Women'S Or Girls' Trousers, Breeches, Etc, Of Wool Or Fine Animal Hair",75,91482,89694
62046200,"Women'S Or Girls' Trousers, Breeches, Etc, Of Cotton",1248,1689313,1566464
62046300,"Women'S Or Girls' Trousers, Breeches, Etc, Of Synthetic Fibres",1,1881,1841
62046900,"Women'S/Girl'S Trousers,Breeches,Etc,Of Oth.Tex.,(Exl.Wool,Cotton,Syn.Fib.",9,7510,7362
62052000,Men'S Or Boys' Shirts Of Cotton,5371,2272844,1024314
62053000,Men'S Or Boys' Shirts Of Man-Made Fibres,7,26610,26258
62059000,"Men'S Or Boy'S Shirts Of Other Textiles,(Exl.Wool,Cotton,Man Made Fibre)",5369,3793519,1726825
62061000,"Women'S Or Girl'S Blouses, Shirts/Blouses Of Silk Or Silk Waste",134,70470,53252
62062000,"Women'S Or Girl'S Blouses, Shirts/Blouses Of Wool Or Fine Animal Hair",45,49747,37403
62063000,"Women'S Or Girls' Blouses, Shirts/Blouses Of Cotton",2314,4806317,3125312
62064000,"Women'S Or Girl'S Blouses, Shirts/Blouses Of Man-Made Fibres",2,6898,5031
62069000,"Women/Girl'S Blouses,Shirts/Blouses Of Oth.Tex.(Exl.Silk,Wool,Of Man M.Fib",1578,976819,453761
62071100,Men'S Or Boys' Underpants And Briefs Of Cotton,2381,2034248,932940
62071900,"Men'S Or Boys' Underpants And Briefs Of Textile Materials, (Exl. Cotton)",654,243333,184408
62072100,Men'S Or Boys' Nightshirts And Pyjamas Of Cotton,335,81603,46013
62072900,"Men'S Or Boy'S Nightshirts & Pyjamas Of Tex.Mate.(Exl.Cotton,Man Made Fib.",2841,708314,549013
62079100,"Men'S Or Boys' Singlets,Vests Dressing Gowns, Etc, Of Cotton",5377,7571985,3606693
62079900,"Mens/Boy'S Singlets,Vests Dressing Gowns,Etc,Of Oth.Tex.(Exl.Cot.Man M.Fib",1048,367899,156742
62081900,"Slips And Petticoats Of Other Textiles, (Exl. Man Made Fibre)",90,15018,7362
62082100,Women'S Or Girls' Nightdresses And Pyjamas Of Cotton,336,87859,36351
62082900,"Womens/Girl'S Nightdresses & Pyjamas Of Tex.Mat.(Exl.Cotton, Man Made Fib.",29,13141,6135
62089100,"Women'S Or Girls' Dressing Gowns, Panties, Etc, Of Cotton",2176,756789,257547
62089200,"Women'S Or Girls' Dressing Gowns, Panties, Etc, Of Man-Made Fibres",3,2506,2454
62089900,"Womens/Girl'S Dressing Gowns,Panties,Etc,Of Oth.Tex.(Exl.Cotton Man M.Fib.",23608,13204356,6946814
62092000,Babies' Garments And Clothing Accessories Of Cotton,10760,4521302,3443525
62093000,Babies' Garments And Clothing Accessories Of Synthetic Fibres,13454,6694187,1626028
62099000,"Babies Garments&Clothing Accessories Of Oth.Tex.(Exl.Wool,Cotton,Syn.Fib)",153779,68647353,35576820
62101000,"GARMENTS, MADE UP..OF HEAD.5602,5603,5903, 5906 OR 5907 OF FABRICS OF HEAD.5602 OR 5603",758,804432,646365
62102000,"Garments Of 6201.11 To 19, Made Up Of Fabrics Of 59.03, 59.06 Or59.07",0,248,245
62104000,"Men'S Or Boys' Garments Made Up Of Fabrics Of 59.03, 59.06 Or 59.07",290,135693,135620
62105000,"Women'S Or Girls' Garments Made Up Of Fabrics Of 59.03, 59.06 Or 59.07",3,6137,6012
62111100,Men'S Or Boys' Swimwear,366,219204,186670
62111200,Women'S Or Girls' Swimwear,45,44854,44180
62112000,Ski Suits,2161,571531,458673
62113200,"Men's or boys' garments of cotton, nes",2167,9468538,9215229
62113300,"Men's or boys' garments of man-made fibres, nes",2,36797,36074
62113900,"Men's or boys' garments of other textiles, nes",82,38027,27853
62114200,"Women's or girls' garments of cotton, nes",58,38187,37289
62114300,"Women's or girls' garments of man-made fibres, nes",11,21434,21010
62114900,"Women's or girls' garments of other textiles, nes",1444,980740,766882
62121000,Brassisres,15996,5619669,3033865
62122000,Girdles And Panty-Girdles,1309,829848,323333
62129000,"Corsets, Braces, Garters, Suspenders And Similar Articles",6196,4104052,1530590
62132000,Handkerchiefs Of Cotton,479,255661,185935
62139000,"Handkerchiefs Of Other Textiles, (Exl. Silk/Silk Waste,Cotton).",729,274912,49328
62141000,"Shawls,Scarves,Mufflers,Mantillas,Veils,& The Like Of Silk Or Silk Waste",2206,1171969,733895
62142000,"Shawls,Scarves,Mufflers,Mantillas,Veils & The Like Of Wool/Finearri Hair",1936,815668,172639
62143000,"Shawls,Scarves,Mufflers,Mantillas,Veils,Etc & The Like Of Synthetic Fibres",661,343593,331290
62144000,"Shawls,Scarves,Mufflers,Mantillas,Veils & The Like Of Artificial Fibre",225,73678,31908
62149000,"Shawls,Scrvs.,Mflrs.,Mntls.,Veils,Etc,Of Oth.Textls.(Exl.Silk/Wool,Syn/Art",77068,30222627,11955620
62151000,"Ties, Bow Ties And Cravats Of Silk Or Silk Waste",6,11335,8712
62152000,"Ties, Bow Ties And Cravats Of Man-Made Fibres",2,2130,2086
62159000,"Ties, Bow Ties And Cravats Of Other Textiles,Nes(Excl.Silk Man Made Fibre)",993,226699,193120
62160000,"Gloves, Mittens And Mitts",656,185924,157193
62171000,"Clothing Accessories, Nes",12133,9973231,9138945
62179000,"Parts Of Garments Or Clothing Accessories, Nes",1847,2034764,1974859
63011000,Electric Blankets,220,126536,113007
63012000,"Blankets (Excl. Electric Blankets) And Travelling Rugs, Of Wool...",13141,8633557,5800599
63013000,"Blankets (Excl. Electric Blankets) And Travelling Rugs, Of Cotton",3233,2553021,2543360
63014000,"Blankets (Excl. Electric Blankets), Etc, Of Synthetic Fibres",2,3761,3699
63019000,"Blankets And Travelling Rugs, Nes",1702,1413076,750699
63021000,"Bed Linen, Knitted Or Crocheted",549,248937,101049
63022100,Printed Bed-Linen Of Cotton (Excl. Knitted Or Crocheted),4204,2013292,1869785
63022900,Printed Bed-Linen Of Other Textiles (Excl. Knitted Or Crocheted),1320,620813,202455
63023100,"Bed Linen Of Cotton (Excl. Printed, Knitted Or Crocheted)",2810,1707015,1076324
63023200,"Bed Linen Of Man-Made Fibres (Excl. Printed, Knitted Or Crocheted)",1,1245,1227
63023900,"Bad Linen Of Other Textiles (Excl. Printed, Knitted Or Crocheted)",5133,2570138,2053299
63024000,"Table Linen, Knitted Or Crocheted",3105,1211035,419727
63025100,Table Linen Of Cotton (Excl. Knitted Or Crocheted),719,386212,96393
63025300,Table Linen Of Man-Made Fibres (Excl. Knitted Or Crocheted),13824,5182439,4732051
63025900,"Table Linen Of Other Textiles, Nes (Excl. Knitted Or Crocheted)",3725,1473006,320860
63026000,"Toilet Linen And Kitchen Linen, Of Terry Fabrics, Of Cotton",30111,7724728,6296136
63029100,"Linen Of Cotton, Nes",4765,1191163,1120904
63029900,"Linen Of Other Textiles, Nes",3194,1350912,784441
63031200,"Curtains, Etc; Bed Valances Of Synthetic Fibres, Knitted Or Crocheted",41,133912,131370
63031900,"Curtains, Etc; Bed Valances Of Textile Materials, Knitted Or Crocheted",28,28035,2822
63039100,Curtains&Interior Blinds;Curtain/Bed Vlncs.Of Cotton(Exl.Knitted/Crocheted,175,93098,78675
63039200,Curtains&Intror.Blinds;Curtain/Bed Vlncs.Of Synthtc.Fbrs.(Exl.Knitted/Cro.,63,76210,36052
63039900,Curtains&Intror.Blinds;Curtain/Bed Valances Of Oth.Txtls.(Exl.Knitted/Croc,1644,1660535,1212806
63041100,Knitted Or Crocheted Bedspreads,496,242297,144541
63041900,Bedspreads (Excl. Knitted Or Crocheted),1731,372891,284820
63042000,Bed nets specified in Subheading Note 1 to this Chapter,4,2503,368
63049100,"Knitted Or Crocheted Furnishing Articles, Nes",1,1503,1472
63049200,"Furnishing Articles, Nes, Of Cotton (Excl. Knitted Or Crocheted)",145,150630,28344
63049300,Furnishing Articles Of Synthetic Fibres (Excl. Knitted Or Crocheted),1030,418917,114837
63049900,Furnishing Articles Of Other Textiles (Excl. Knitted Or Crocheted),2535,1056236,679454
63051000,"Sacks And Bags, Used For Packing Goods, Of Jute, Etc",772,387980,297179
63052000,"Sacks And Bags, Used For Packing Goods, Of Cotton",13,71743,70327
63053200,"Flexible Intermediate Bulk Containers, Of Man-Made Textile Materials",11,9295,8196
63053300,"Sacks And Bags,For Packing Goods,Of Polyethylene/Polypropylene Strip Nes",130,47955,11043
63053900,"Sacks And Bags, Used For Packing Goods, Of Man-Made Textile Fibres, Nes",3268,1221541,200897
63059000,"Sacks And Bags, Used For Packing Goods, Of Other Textiles, Nes",7268,3102508,1155353
63061200,"Tarpaulins, Awnings And Sunblinds, Of Synthetic Fibres",3405,1492608,1457063
63061900,"Tarpaulins, Awnings And Sunblinds, Of Other Textiles, Nes",76,14204,7460
63062200,Tents Of Synthetic Fibres,270,187517,155829
63062900,"Tents Of Textiles, (Excl. Cotton Or Synthetic Fibres)",590,419933,404297
63069000,Other camping goods,2584,1053002,542076
63071000,"Floor-Cloths, Dish-Cloths, Dusters And Similar Cleaning Cloths",32208,11457428,6808858
63072000,Life-Jackets And Life-Belts,16935,5102529,2471131
63079000,"Made Up Articles (Incl. Dress Patterns), Nes",193557,63177253,50044424
63090000,Worn clothing and other worn articles,484003,15532921,4203750
63109000,"USED OR NEW RAGS, SCRAP TWINE, CORDAGE, ROPE AND CABLES AND WORN OUT ART..,EXCL. SORTED",7291,685726,685645
64011000,Waterproof Footwear Incorporating A Protective Metal Toe-Cap...,3882,1065454,822087
64019900,Waterproof Footwear Nes.,104845,21363014,16498353
64021900,"Sport Footwear, Nes, Of Rubber Or Plastics",75,74842,27187
64022000,"Footwear With Upper Straps/Thongs Plugged Into Soles,Of Rubber Or Plastics",2458,901342,614261
64029900,"Footwear, Nes, Exl. Covering The Ankle, Of Rubber Or Plastics",630989,191865340,142210167
64031200,"Ski-Boots,Snowbrd Boots,With Rubber,Plastics,Leather Soles,& Leather Upper",5468,1795286,324910
64031900,"Sports Footwear, With Rubber, Plastics, Leather...Soles, Leather Uppers",600,362340,226995
64032000,"Footwear With Leather Soles And Straps (Over Instep, Around Big Toe)",416,163327,63191
64034000,"Footwear, With A Metal Toe-Cap, Leather Uppers",17466,5772361,4117350
64035900,"Footwear With Leather Soles And Uppers, Not Covering The Ankle",183,390015,382369
64039900,"Footwear With Rubber... Soles, Leather Uppers, Not Covering The Ankle",37179,12941676,7208167
64041100,"Sports Shoes, Etc, With Rubber Or Plastic Soles And Textile Uppers",9509,5483760,1665884
64041900,"Sports Footwear, With Rubber Or Plastic Soles And Textile Uppers",1384,1842827,1806574
64042000,Footwear With Leather Or Composition Leather Soles And Textile Uppers,216,334705,199232
64051000,"Footwear, Nes, With Leather Or Composition Leather Uppers",150468,51279332,19996909
64052000,"Footwear, Nes, With Textile Uppers",16332,6288028,1983934
64059000,"Footwear, Nes",71431,26471805,22511567
64061000,"Parts of footwear, uppers and parts thereof, imported by footwear manufacturing industry",396185,119154632,95329674
64061000,"Uppers and parts thereof, other than stiffeners",149669,39430224,23723174
64062000,"Outer soles and heels, of rubber or plastics",66135,17006508,12580563
64062000,Parts of footwear imported by footwear manufacturing industry,597825,168830650,127888220
64069000,Other Parts of footwear,119342,44987118,28088843
65020000,"Hat-Shapes, Plaited Or Made By Assembling Strips Of Any Material",90,29964,27374
65040000,"Hats And Other Headgear, Plaited Or Assembled By Strips Of Any Material",2,1252,859
65050000,"Hats and other headgear, knitted or crocheted, . trimmed; hair-nets of any material, wh",28088,5972892,4530753
65061000,Safety Headgear,162112,48752222,39146252
65069100,"Hats And Other Headgear, Of Rubber Or Plastics",3829,1207499,861845
65069900,"Hats And Other Headgear, Nes",1449,498027,317835
65070000,"Head-Bands, Linings, Covers, Hat Foundations, Etc, For Headgear",3380,1409595,804047
66011000,Garden Or Similar Umbrellas,20740,3192423,1565994
66019100,"Umbrellas And Sun Umbrellas, Having A Telescopic Shaft",480,251454,204958
66019900,"Umbrellas And Sun Umbrellas, Nes",11004,3272602,1958965
66020000,"Walking-Sticks, Seat-Sticks, Whips, Riding-Crops And The Like",2368,903610,504843
66032000,"Umbrella Frames, Including Frames Mounted On Shafts (Sticks)",881661,94141636,88837013
66039000,"Parts, Trimmings And Accessories Of Articles Of 66.01 Or 66.02",53369,6296252,5189908
67010000,"Skins Of Birds With Feathers Or Down, Feathers, Etc",884,168500,81956
67021000,"Artificial Flowers, Foliage And Fruit And Articles Thereof Of Plastics",70864,26820879,20988063
67029000,"Artificial Flowers, Foliage, Etc And Articles Thereof Of Other Materials",57375,21393794,12973988
67030000,"Human Hair, Dressed, Etc; Animal Hair And Synthetic Materials For Wigs",550,768161,95259
67041100,Complete Wigs Of Synthetic Textile Materials,155,93777,50709
67041900,"False Beards, Eyebrows And Eyelashes, Etc, Of Synthetic Fibres",2174,1168337,936904
67042000,"Wigs, False Beards, Eyebrows, Etc And Articles, Nes, Of Human Hair",256,2284409,2239399
67049000,"Wigs,False Beards,Eyebrows,Etc Of Animal Hair Or Text,Material",1619,797280,253120
68010000,"Setts, Curbstones And Flagstones, Of Natural Stone (Except Slate)",56,35049,6871
68021090,"Tiles, Cubes...; Artificially Coloured Granules..., For Mosaics",210,26106,25767
68022100,"Marble, Travertine, Alabaster, Cut/Sawn, With Flat/Even Surface",13086,920546,302846
68022910,Silex/lining/abrasive/polishing disc,1,2503,2454
68022990,Silex/lining/abrasive/polishing disc imported by other than VAT regi.ceramic prod,2054,172289,88396
68029100,"Marble, Travertine And Alabaster, Worked",2778,228719,165603
68029300,Worked Granite,45386,3450784,3364434
68029900,"Monumental/Building Stone, Nes, Worked",1802463,9129414,8756357
68041000,"Millstones And Grindstones For Milling, Grinding Or Pulping",61180,46648920,41604096
68042100,"Millstones, etc, of agglomerated synthetic or natural diamond",45576,30190912,29604439
68042200,"Millstones, etc, of other agglomerated abrasives or of ceramics",439177,157740750,118385560
68042300,"Millstones, etc, of natural stone",14889,4865887,3276661
68043000,Hand Sharpening Or Polishing Stones,145722,19910788,15515946
68051000,"NATURAL OR ARTIFICIAL ABRASIVE POWDER OR GRAIN..,ON A BASE OF WOVEN TEXTILE FABRIC ON",29513,15334331,11403364
68052000,"Natural Or Artificial Abrasive Powder/Grain, On Paper/Paperboard",30970,17759236,9251268
68053000,"Natural Or Artificial Abrasive Powder/Grain, On A Base Of Materials, Nes",26125,18188655,9638579
68061000,"Slag Wool, Rock Wool, Etc (Incl. Intermixtures) In Bulk, Sheets Or Rolls",219908,27699003,22751105
68069000,"OTH. WOOL,EXCL.SLAG WOOL,ROCK WOOLAND SIMILAR, EXFOLIATED VERMICULITE, EXPANDED CLAYS..",6504,9680529,9300974
68071000,"Articles Of Asphalt Or Of Similar Material, In Rolls",51032,6066761,4479041
68079000,Articles Of Asphalt Or Of Similar Material (Excl. In Rolls),17250,623661,617482
68080000,"Panels, Boards..., Of Wood Waste, Etc, Agglomerated With Cement, Etc",47832,4411747,1855715
68091900,"Boards..., Of Plaster Or Compositions Based On Plaster, Nes",74101,5302584,5120014
68101100,"Building Blocks And Bricks, Of Cement Or Artificial Stone Or Concrete",20,12515,2454
68101910,Railway Sleepers,3073169,77625624,57869907
68109900,"Articles Of Cement, Concrete Or Artificial Stone, Nes",119449,8995939,5820194
68114000,"Articles of asbestos-cement, of cellulose fibre-cement or the like. Containing",150,91369,18405
68118100,"Articles of asbestos-cement,of cellulose fibre-cement or the like not Con...Cor",800,131579,26258
68118200,"Arti.of asbestos-cement, of cellu...Not cont.asbestos.Ottr sheets, panels, tile",41778,2329709,1518584
68129900,Fabricated asbestos fibres;mixtures with a basis of asbestos or with a basis of,97748,5598447,5252099
68132010,Friction material and articles containing asbestos Unfinished,25138,4499485,3871185
68132090,Friction material ans articles Exlcuding unfinished,61397,20816107,18697802
68138100,Friction material and articles thereof ..not Containing asbestos Brake linings,150206,33771020,28343118
68138900,Friction material and articles thereof ..not Containing asbestos Excl. Brake l,786,359472,319049
68141000,"Plates, Sheets And Strips Of Agglomerated Or Reconstituted Mica",275,256455,251759
68151100,Articles of stone or of other mineral substance ...Carbon fibres,200,696175,682457
68151300,Articles of stone or of other mineral substance ...Other articles of carbon fibres,5,74378,73642
68151900,Articles of stone or of other mineral substance .. NES,349,3121091,3059649
68159900,"Articles Of Stone Or Other Mineral Substances, Nes",8883,3330657,2846905
69021000,"Refractory Bricks, Blocks, Tiles..., >50% Mgo, Cao, Cr2o3",367763,65374613,36340071
69022000,"Refractory Bricks, Blocks..., >50% Silica (Sio3) Or Alumina (Al2o3)",257292,49844138,30841402
69029000,"Refractory Bricks, Blocks, Tiles, Etc, Nes",5704,3977777,3533511
69031090,"Other Refactory Ceramic Goods,Nes,>50% Of Graphite (Excl.Lab.Articles)....",21262,1532715,1376409
69032020,Ceramic roller and alumina ball,377144,59275556,49217804
69032090,"Refactory Ceramic Goods,Nes,>50% Of Alumina(Al203) Or Silica(Ex.Lab.Articl",251706,98706568,89700168
69039010,Ceramic Ingot Moulds,357,8387138,7833045
69039020,Kiln furniture,6285,4136729,3964437
69039090,"Refactory Ceramic Goods, Nes",1849,6703699,6445752
69041000,Ceramic Building Bricks,1,626,614
69051000,Ceramic Roofing Tiles,425414,7946975,7439954
69060000,"Ceramic Pipes, Conduits, Guttering And Pipe Fittings",64,91453,89652
69072100,Of a water absorption coefficient by weight not exceeding 0.5 %,163228,6660807,4712915
69074000,Finishing ceramics,5129857,215612806,183943495
69091100,"Ceramic Wares For Laboratory... Use, Of Porcelain Or China",26,13642,11739
69091910,Ceramic Wares For Lab.Use(Excl.Porcelain Or China)Having A Hardness <9mohs,4598,1842237,1805938
69091990,Ceramic Wares For Lab.Use(Excl.Porcelain Or China)Having A Hardness <9mohs,269,344213,340268
69099000,"Ceramic (Agricultural) Troughs, Tubs...; Ceramic Pot, Jars..., Nes",19,283287,274544
69101000,"Ceramic Sinks... And Other Sanitary Fixtures, Of Porcelain Or China",805299,75026287,58815959
69109000,"Ceramic Sinks, Wash Basins, Baths... And Other Sanitary Fixtures, Nes",378325,37679126,31272994
69111000,"Tableware And Kitchenware, Of Porcelain Or China",1628,826158,703290
69119000,"Household And Toilet Articles, Nes, Of Porcelain Or China",36,11313,11299
69120000,Ceramic Tableware... Other Household Articles (Excl. Porcelain Or China),3523,1746459,1525368
69131000,Statuettes And Other Ornamental Articles Of Porcelain Or China,14176,2881148,2228401
69139000,Statuettes And Other Ornamental Articles (Excl. Porcelain Or China),465,205805,166259
69141000,"Ceramic Articles, Nes, Of Porcelain Or China",918,229807,137424
69149000,"Ceramic Articles, Nes (Excl. Porcelain Or China)",2929,1520099,1290971
70010000,Cullet And Other Waste And Scrap Of Glass; Glass In The Mass,795689,19263084,15317787
70021000,"Balls Of Glass, Unworked",287,102470,100123
70023110,Neutral Glass Tubes For The Manufacture Of Ampoules And Vials,21249,2670039,1656363
70023200,"Tubes Of Oth.Glass With A Lce =<5x10-6/K,Unworked,Temp.Range 0 Dgc To 300",560,560735,66503
70023910,Neutral Glass Tubes For The Manufacture Of Ampoules And Vials,199677,42681916,35074688
70023990,"Tubes Of Glass, Unworked, Nes",7624,1359917,1006600
70031200,"Nonwired Unworked Sheets Cast/Rolled Glass,Coloured,Opacified,Flashed Or..",16583,512470,503858
70031900,"Non-Wired Unworked Sheets Of Cast/Rolled Glass, Nes",391560,11152972,10317821
70049000,"Unworked Drawn/Blown Glass (Excl. Coloured, Opacified, Etc)",232077,14122796,12777930
70051000,"Nonwired Unworked Sheets Of Float/Ground/Polished Glass,Wth Absorbnt Layer",207015,9836440,8344404
70052910,Ultra clear glass imported by VAT registered refrigerator or freezer manf. ind.,816528,32743791,22389571
70052990,Excl. Ultra clear glass imported by VAT registered refrigerator or freezer manf. ind.,138630,5398453,5095314
70060000,"Glass Of 70.03, 70.04 Or 70.05, Bent, Edge-Worked, Engraved, Etc",42457,2925497,2624477
70071100,"Toughened (tempered) safety glass for use in v..., aircraft, spacecraft or vessels:",171726,40356347,20735314
70071910,UL marked glass Imported by fire door manufacturing industry,700,768044,747390
70071990,"Toughened (Tempered) Safety Glass, Nes",1348586,301690048,204021026
70072100,"Laminated safety glass for vehicles, aircraft, etc ...., aircraft, spacecraft or vessels",194908,44602220,36732797
70072900,"Laminated Safety Glass, Nes",33861,5962398,4066968
70080000,Multiple-Walled Insulating Units Of Glass,243235,43095834,33660350
70091000,"Rear-View Mirrors For Vehicles, Of Glass",85188,39706097,33834843
70099190,Unframed Glass Mirrors (Excl.Spherical & Cylinderical Only For Lab Use),182159,13945653,10229709
70099290,Framed Glass Mirrors (Excl. Spherical & Cylindrical Only For Lab.Use),41767,6742387,4809325
70101000,Glass Ampoules,16456,7065558,6834520
70102000,"Stoppers, Lids And Other Closures Of Glass",242394,45817286,25742704
70109000,"Carboys, bottles, flasks, jars, pots...nes, excl.jar of glass, glass bottles, jar",1443426,266811972,250918202
70131000,"Glass-Ceramic Objects, Used For Table, Kitchen..., Nes",483,231514,148835
70132200,Glassware...Stemware drinking glasses other than of glass-ceramics of lead crys,0,171,168
70132800,Glassware...Stemware drinking glasses other than of glass-ceramics Excl. of lea,1160,277624,208626
70133700,"Glassware..Other drinking glasses, other than of glass ceramics Excl. Of lead",30985,9759415,7988248
70134100,Glassware of a kind used for table (other than drinking glasses) Of lead crysta,30,11043,6135
70134900,Glassware ...(othr than dri.glasses) or kit.purposes other than of glass-cerami,97794,30710322,20573724
70139990,"Glassware For Toilet, Office, Indoor Decorations, Etc, Nes",11240,3097400,1924078
70151000,"Glasses For Corrective Spectacles, Not Optically Worked",2,982,245
70159000,"Clock Or Watch Glasses, Glass For Non-Corrective Spectacles, Etc, Now",12,6016,687
70161010,"Glass cubes and other glass small wares, whether or not on a backing, for mosaics or similar decorat",22624,1840641,1804340
70161090,"Glass Cubes And Other Glass Smallwares, For Decorative Purposes",29887,2241436,1444008
70169000,"Paving Blocks... Of Glass, For Building Or Construction Purposes, Nes",208710,15685141,14828953
70172000,"Laboratory, Hygienic Or Pharmaceutical Glassware, Lce =<5x10-6/K",3,119229,116890
70179000,"Laboratory, Hygienic Or Pharmaceutical Glassware, Nes",57769,12798045,11974521
70181000,"Glass Smallware (Incl. Beads, Imitation Pearls/Stones, Etc)",472409,105508739,71595608
70182000,Glass Microspheres =<1mm In Diameter,1515,379369,277078
70189000,"Glass Statuettes And Other Ornaments Of Lamp-Worked Glass, Nes",1537,652730,541516
70191100,"Chopped Strands Of Glass Fibres, Of A Length <= 50 Mm",1,627,614
70191500,Chemically bonded mats,60690,7586639,6892579
70191900,"OTH. YARN AND STRANDS, EXCL.(CHOPPED STRANDS, OF A LENGTH OF NOT >50MM, ROVINGS)",664,196751,168762
70196110,Closed woven fabrics of roving,0,73222,71780
70196190,Closed woven fabrics of roving,30211,3766778,3114965
70196290,"Other closed fabrics of roving, ExcludingImp. by Ind. IRC holder VAT compliant bio-g",2330,344114,221726
70196300,"Closed woven fabrics, plain weave, of yarns, not coated or laminated",1600,2311938,2189778
70197110,Glass fiber in sheet form imported by accumulator manufacturing industry,3705,2828633,2774124
70197190,Chemically bonded fabrics : Veils (thin sheets)(Excl Glass Fib..),3522,3579915,3513355
70197300,Other open fabrics,0,82,80
70198000,Glass wool and articles of glass wool,195926,24685391,19698723
70199090,"Other Article of Glass Fibre,nes",25649,23279518,22577957
70200010,"Other articles of glass, Glass inners for vacuum flasks or for other vacuum ves",58742,17353736,14470108
70200090,"Other articles of glass, Excl. Glass inners for vacuum flasks or for other vac",1702,3150862,2694434
71012100,"Unworked Cultured Pearls, (Excl. Strung, Mounted Or Set)",10,6258,6135
71039900,"Precious Or Semi-Precious Stones, Worked But Not Set..., Nes",1,1379,1350
71129200,"WASTE & SCRAP OF PLATINUM,INCL.METAL CLAD WITH...OTHER PRECIOUS METALS",122,63685,62430
71131100,Articles Of Jewellery And Parts Thereof Of Silver,208,127706,27001
71131900,Articles Of Jewellery And Parts Thereof Of Precious Metal (Excl. Silver),862,408417,191657
71132000,Articles Of Jewellery... Of Base Metal Clad With Precious Metal,4026,1800622,583295
71159000,"OTH. ARTICLES OF PRECIOUS METAL OR OF.., EXCL. CATALYSTS IN THE FORM OF WIRE CLOTH..",504,147642,103399
71161000,Articles Of Natural Or Cultured Pearls,102,64043,62780
71162000,Articles Of Precious Or Semi-Precious Stones (Excl. Pearls),18,17106,16258
71171100,Cuff-Links And Studs Of Base Metal (Incl. Plated),1,1243,1227
71171900,"Imitation Jewellery Of Base Metal (Incl. Plated), Nes",362753,224256954,95619360
71179000,Imitation Jewellery (Excl. Of Base Metal),42180,23995257,11092202
72011000,"Non-Alloy Pig Iron Containing, =<0.5% Phosphorus, In Pigs, Blocks",55243,4185099,2758523
72022100,"Ferro-Silicon, Containing By Weight >55% Silicon",176500,32747896,27127369
72023000,Ferro-Silico-Manganese,2781710,378701892,274408864
72029900,"Ferro-Alloys, Nes",8423,3037864,2086317
72031000,"Ferrous Products Obtained By Direct Reduction Of Iron Ore, In Lumps...",24722240,1220064737,1001049891
72041000,Waste and scrap of cast iron,248067,13307282,13045075
72043000,Waste and scrap of tinned iron or steel,2008000,99750699,90056416
72044900,"Ferrous waste and scrap, nes",324800263,16148907343,14176217206
72051000,"Granules, Of Pig Iron, Spiegelelsen, Iron Or Steel",55520,7254663,5005869
72069000,"Iron And Non-Alloy Steel, In Primary Forms (Excl. Ingots), Nes",10,5006,1227
72071900,"Semi-Products Of Iron Or Non-Alloy Steel, <0.25% Carbon, Nes",100000,5529215,5216310
72081000,"In coils, not further worked than hot rolled, with patterns in relief",928062,72088137,61178847
72082500,Flat-Rolled Imported by transformer and products of Chapter 72 & 73 industry,14082,1051097,812095
72082500,Of a thickness of 4.75 mm or more,452243,31733934,26075696
72082600,Flat-Rolled Imported by transformer and products of Chapter 72 & 73 industry,53469,3990995,3083504
72082600,Of a thickness of 3 mm or more but less than 4.75 mm,662159,45419356,39375343
72082700,"Flat-Rolled Imported by transformer, bicycle parts, and products of Chapter 72 & 73 industry",2638499,198611743,194357596
72082700,Flat/hot-rolled iron/steel of a thickness of less than 3 mm,1398682,98750820,82183726
72083600,Flat-Rolled Imported by transformer and products of Chapter 72 & 73 industry,805721,47084360,45476505
72083600,Of a thickness exceeding 10 mm,210490,12222503,11880477
72083700,Flat-Rolled Imported by transformer and products of Chapter 72 & 73 industry,5439355,332018482,323994814
72083700,Of a thickness of 4.75 mm or more but not exceeding 10 mm,3427634,206775390,200119003
72083800,Flat-Rolled Imported by transformer and products of Chapter 72 & 73 industry,3212203,194346603,188546734
72083800,Of a thickness of 3 mm or more but less than 4.75 mm,2895729,188131057,178521151
72083900,Flat-Rolled Imported by transformer and products of Chapter 72 & 73 industry,22465373,1393484277,1347349342
72083900,Of a thickness of less than 3 mm,8171775,546412406,517146446
72084000,Flat-Rolled Imported by transformer and products of Chapter 72 & 73 industry,48480,3762222,3598840
72084000,"Not in coils, not further worked than hot rolled, with patterns in relief",337572,26766613,22229977
72085100,Flat-Rolled Imported by transformer and products of Chapter 72 & 73 industry,40710,3646842,2492563
72085100,Of a thickness exceeding 10 mm,1824675,135952319,128027206
72085200,Flat-Rolled Imported by transformer and products of Chapter 72 & 73 industry,19210,1720851,1176176
72085200,Of a thickness of 4.75 mm or more but not exceeding 10 mm,3194083,222579383,215508330
72085300,Of a thickness of 3 mm or more but less than 4.75 mm,215799,19849370,15370184
72085400,Flat-Rolled Imported by transformer and products of Chapter 72 & 73 industry,5485,494321,414490
72085400,Of a thickness of less than 3 mm,3579633,255322359,233551833
72089000,Other,4,1687,1654
72091690,"Flat/Cold-Rolled Iron/Steel, In Coils, Width >=600mm, >1mm But <3mm Thick",845932,71837034,60777976
72091710,Cold rolled steel sheet....Of a thickness of 0.5 mm or more but not exceeding 1 mm,160890,10952570,10857662
72091790,"Flat/Coldrolled Iron/Steel,In Coils,Width >=600mm, >=0.5mm But <=1mm Thick",2146511,173592782,159094077
72092500,"Flat/Cold-Rolled Iron/Steel, Not In Coils, Width >=600mm, >=3mm Thick",8060,805507,732074
72092600,"Flat/Cold-Rolled Iron/Steel,Not In Coils,Width>=600mm, >1mm But<3mm Thick",114935,13811287,12714871
72092700,"Flat/Coldrolled Iron/Steel,Not In Coils,Wid>=600mm,>=0.5mm But <=1mm Thick",174403,16378008,14108320
72092800,"Flat/Cold-Rolled Iron/Steel, Not In Coils, Width >=600mm, < 0.5mm Thick",22300,1814297,1778537
72099000,"Flat/Coldrolled Iron/Non-Alloy Steel,Wid>=600mm,Not Clad,Plated/Coated Nes",183176,16021158,12266413
72101100,"Flatrolled Iron/Steel, Width>=600mm, >= 0.5mm Thick,Clad,Plated...With Tin",765,191504,187731
72101200,"Flat-Rolled Iron/Steel, Width >=600mm, <0.5mm Thick, Plated... With Tin",1307970,197538453,164853020
72103000,Electrolytically plated or coated with zinc,19341,1752784,1354666
72104910,Flat rolled prod. of a thickness => 0.4 mm Imp.VAT reg. Refri. & Pre. Fab.bu.Industry,9995239,771048548,686079589
72104990,"Flat rolled products, NES",2256453,196486093,187907776
72105000,"Rolled Iron/Steel,Width>=600mm,Plated With Chromium Oxides/Cr. & Cr Oxides",111,55573,13620
72106110,Of a thickness of 0.25mm or more Imp by Ind.IRC VAT Compliant cont. color coating lin,470212,64146975,43272605
72106120,PLATED OR COATED WITH ALU.ZINC ALLOYS Of a thickness of 1.0 mm or more,93658,12649064,7296481
72106190,"Ro.Iron/Steel,..Excl. thi.=< 0.4 mm imp.by reg. & pre-fabr. building mfg industry",22860,2983749,2860971
72106910,Other plated or coated Of a thickness of 0.4 mm or more,14966,2273037,2228242
72106920,PLATED OR COATED WITH ALUMNIUM Of a thickness of 1.0 mm or more,10983,1052041,613165
72107010,Of a thickness of 0.3 mm or more,554896,79392889,70982156
72107020,"Painted, varnished or coated with plastics a Of a thickness of 1.0 mm or more",5380,481963,300357
72107099,"Other painted, varnished or coated with plastics",996345,110959130,91102451
72109000,"Rolled Iron/Steel, Width >=600mm, Otherwise Clad,Plated Or Coated Nes",75588,9845215,7194377
72111900,Other,48754,8530781,7970509
72112300,"Flat/Cold-Rolled Iron/Steel,Width <600mm, Contng.By Weight < 0.25% Carbon",68490,7678091,6520100
72112990,Width Upto 6mm (Excl. Reed Frame Steel Strips),162834,21179818,19765637
72119000,"Flatrolled Iron/Nonalloy Steel,Wid<600mm,Nes(Inc.Furthr Worked Than Rolled",341214,36634923,28719257
72122000,Electrolytically plated or coated with zinc,423966,47043231,39512999
72123000,"Flatrolled Iron/Steel,Width<600mm,Zinc Plated/Coated (Excl.Electro-Plated)",8396862,705884645,613921361
72124099,"Other flat-rolled products ..width < 600 mm Painted, varnished or coated with pla",754346,83598228,73949261
72125090,Excl. Steel plate imp.by VAT reg. refrigerator manf. industry,552,104387,84663
72139110,Wire rod imported by bicycle parts/components manufacturing industry,50407,5184120,4902125
72139190,Imported by electrode or wire drawing or electric cable clip manufacturing industry,5526513,370094496,365412985
72139190,Other of circular cross section measuring less than 14 mm in diameter,1627881,109616445,103012910
72141000,"Iron or non-alloy steel bars and rods, forged,",0,24123,23652
72149900,"Iron/steel bars and rods, hot-rolled, hot-drawn or hot extruded, nes",133,189239,186683
72159000,"Bars and rods of iron/steel, nes (incl. further worked than cold-formed/cold finished",1022703,76042334,65057922
72162100,"L Sections Of Iron/Steel, Hot-Rolled..., <80mm High",41759,4260198,2724404
72162200,"T Sections Of Iron/Steel, Hot-Rolled..., <80mm High",62320,6474757,4835378
72163100,"U Sections Of Iron/Steel, Hot-Rolled..., >=80mm High",4034,416930,408714
72163200,"I Sections Of Iron/Steel, Hot-Rolled..., >=80mm High",3388,503469,491708
72163300,"H Sections Of Iron/Steel, Hot-Rolled..., >=80mm High",23500,2412507,2364971
72164000,"L Or T Sections Of Iron/Steel, Hot-Rolled..., >=80mm High",947420,93330849,62470321
72165000,"Angles/Shapes/Sections Of Iron/Steel,Not Furthr Worked Than Hot-Rolled Nes",1421,212601,134225
72166100,"Angles,Shapes.. Of Iron/Steel,No More Workd Thn Cold-Formed,From Flat Rol.",664,216808,201107
72166900,"Angles,Shapes..Of Iron/Steel,Not Further Worked Thn Coldformd/Finished Nes",126,83737,82086
72169900,"Angles, Shapes And Sections Of Iron Or Non-Alloy Steel, Nes",138695,16128632,14368169
72171000,"Wire Of Iron/Non-Alloy Steel,Not Plated/Coated,Whether Or Not Polished",2358052,240897983,170210369
72172000,"Wire Of Iron Or Non-Alloy Steel,Plated Or Coated With Zinc",103703,14992370,11628260
72173000,"Wire Of Iron/Non-Alloy Steel,Plated Or Coated With Base Metals (Excl.Zinc)",179472,26942448,17328965
72179000,Other,35498,6146871,5983478
72189900,"Semi-Finished Products Of Stainless Steel,Nes",25,78396,64042
72191300,Of a thickness of 3 mm or more but less than 4.75 mm,350,56968,42958
72191400,Of a thickness of less than 3 mm,1098870,160938816,157763978
72192100,"Hot-Rolled Stainless Steel, Uncoiled, >=600mm By >10mm",91120,18583461,12542976
72192300,"Hot-Rolled Stainless Steel, Uncoiled, >=600mm By 3-4.75mm",42311,6198068,6075942
72193200,"Cold-Rolled Stainless Steel, Uncoiled, >=600mm By 3-4.75mm",4854,706216,696835
72193300,"Cold-Rolled Stainless Steel, Uncoiled, >=600mm By 1-3mm",1230634,185231751,180834436
72193400,"Cold-Rolled Stainless Steel, Uncoiled, >=600mm By 0.5-1mm",1466189,218872212,207374983
72193500,"Cold-Rolled Stainless Steel, Uncoiled, >=600mm By <0.5mm",133718,20092668,18585247
72199000,"Rolled Products Of Stainless Steel, >=600mm Wide, Nes",27681,4211900,3960756
72201100,"Hot-Rolled Stainless Steel, <600mm By >=4.75mm",12088,2272692,2268002
72202010,"Cold-Rolled Stainless Steel,<600mm Wide, Thickness Less Than 0.125mm",45036,29167988,28355607
72202090,Not Further Worked Than Cold-Rolled(Cold-Reduced)Excl.Thickness <0.125 Mm,335656,56474712,51926529
72209000,"Rolled products stainless steel, <600mm wide, nes",3250,473285,385580
72221100,"Stainlss Steel Bars/Rods,Not Furthr Workd Than Hotrolld,Circular X-Section",65,594159,582449
72221900,"Stainlss Steel Bars/Rods,Not Furthr Workd Than Hotrolld,Not Circ.X-Section",861,143127,123127
72222000,"Stainless Steel Bars & Rods, Cold-Formed/Finished",87581,14257215,13387911
72224000,"Angles, Shapes And Sections Of Stainless Steel",475665,87915586,82249093
72230000,Wire Of Stainless Steel,73726,18254702,14386655
72249000,"Semi-Finished Products, Of Alloy Steel (Excl. Stainless)",11,6590,6380
72251100,"Flat-Rolled Products Of Silicon-Electric.Steel,>=600mm Wide,Grain-Oriented",435250,129402586,82204693
72251900,"Flatrolled Prods Of Siliconelectric.Steel,>=600mm Wide,(Excl.Grainoriented",2402260,405378720,181083899
72253000,"Other, not further worked than hot-rolled, in coils",3,2099,2086
72254000,"Other, not further worked than hot-rolled, not in coils",56059,12058500,7614986
72259200,"Flat-Rolled Alloy Steel,>=600mm Wide,Zinc Plated/Coated(Excl.Electroplated",371075,57000401,55812080
72259900,"Flat-Rolled Products Of Alloy Steel, >=600mm Wide, Nes",29,677167,663768
72269200,"Flatrolled Prods Alloy Steel,Not Furthr Workd Than Coldrolld,<600mm Wd Nes",80640,9588781,7668259
72269990,"Flat-Rolled Products Of Other Alloy Steel, <600mm Wide, Nes",16430,5885117,5757412
72272000,"Bars And Rods, Hot-Rolled, In Coils, Of Silico-Manganese Steel",150990,18775939,11758480
72279010,"Bars and rods, hot-rolled, in irregularly wound coils, of other alloy steel...M.S. shaft",15387,1885387,1497922
72279020,M.S. bars and rods imported by electrode manufacturing or wire drawing industry,203977,13680212,13515108
72279090,Excl. M.S. rod/shaft imp.by VAT reg. electric fan or water pump motor manuf. Ind.,4,224384,219957
72281000,"Bars And Rods, Of High-Speed Steel",0,212918,208722
72283000,"Bars And Rods Of Alloy Steel, Nes, Hot-Rolled, -Drawn Or Extruded",104070,10757562,10598593
72284000,Bars And Rods Of Alloy Steel Not Further Worked Than Fooged,25367,3956995,3737308
72286000,"Bars And Rods Of Alloy Steel, Nes",488710,47628466,41842663
72287000,"Angles, Shapes And Sections Of Alloy Steel",302590,30320616,22670193
72292000,Wire Of Silico-Manganese Alloy Steel,2500,344234,224848
72299000,"Wire Of Alloy Steel, Nes",8794,1627374,1231446
73011000,Sheet Piling Of Iron Or Steel,1813020,248105316,222494037
73012000,"Angles, Shapes And Sections Of Iron Or Steel",760,1296728,1197553
73021000,Railway Rails Of Iron Or Steel,596,5416655,5352942
73029000,"Railway Track Construction Material Of Iron Or Steel, Etc, Nes",83752,25402028,14313406
73030000,"Tubes, Pipes And Hollow Profiles, Of Cast Iron",16227,2185072,608836
73041110,"Line pipe of a kind used for oil or gas pipelines : Of stainless steel, Exceed",17600,2867775,2811268
73041120,"Line pipe of a kind used for oil or gas pipelines : Of stainless steel, 8 inch",5680,962528,943563
73041910,"Line pipe of a kind used for oil or gas pipelines:Excl.Of stainless steel, Exc",251,161221,152018
73041920,"Line pipe of a kind used for oil or gas pipelines:Excl.Of stainless steel, 8 in",22741,11484629,10985371
73042320,"Casing,tubing & drill pipe,Excl.Drill pipe of stainless steel: Exceed. 8 inch d",21214,4493256,3566693
73042410,"Casing, tubing and drill pipe..Other, of stainless steel , Exceeding 8 inch di",98,42932,24049
73042420,"Casing, tubing and drill pipe..Other, of stainless steel , 8 inch dia or less",805,1966430,1927804
73042910,"Seamless Iron/Steel Casing..(Ex.Drill Pipe),>8"" Dia,Used In Oil/Gas",177668,46040182,28144595
73042920,"Seamless Iron/Steel Casing..(Ex.Drill Pipe),<=8"" Dia,Used In Oil/Gas Drill",275345,44382413,28649968
73043100,"Seamless Iron/Steel Tubes/Pipes/Profiles, Circular, Cold-Drawn/Rolled",25579,17066782,16338053
73043900,Other Circular cross section of iron or non alloy steel (Excl cold drawn or cold rol),590214,106511370,81565867
73044190,"Capillary Tube (Excl.16 Bwg To 29 Bwg), Of S.Steel, Circular Cross Section",5726,3742676,3697859
73044910,"Other Capillary Tube Of 16 Bwg To 29 Bwg, Of S.Stell, Circular,Nes",114,57075,27976
73044990,"Other Tubes,Pipes,Profiles,Circular,Nes(Excl.Capillary Tube Of 16 Bwg To..",3554,19561435,19175998
73045900,"Seamless Alloy Tubes/Pipes/Profiles, Nes",1279,2757672,2703237
73049000,Seamless Iron/Steel Tubes/Pipes/Profiles Of Non-Circular X-Section,353866,88693914,74915488
73052000,"Iron/Steel Casing For Drilling For Oil Or Gas, >406.4mm External Diameter",21920,9996472,9897497
73059000,"Iron/steel tubes, riveted, >406.4mm external diameter",8,4005,3926
73061110,"Line pipe of a kind used for oil/gas pipelines:Welded, of stainless steel Excee",38140,6436265,5551334
73061120,"Line pipe of a kind used for oil/gas pipelines:Welded, of stainless steel, 8 in",19445,3278768,2076032
73061920,"Line pipe of a kind used for oil/gas pipelines:Excl.Welded,of stainless steel,",42270,6412175,3787976
73063000,"Other, welded, of circular cross-section of iron or non-alloy steel",158695,32031105,29287005
73064000,"Other, welded, of circular cross-section, of stainless steel",154,129066,118907
73065000,"Other, welded, of circular cross-section, of other alloy steel",12070,2336922,2310721
73066100,"Othr,weld, of non-circu.cr.section Of square or rec.cross-sec., NES",177612,30999260,15951125
73069000,"Tubes, pipes and hollow profiles, riveted, of iron or steel, nes",258014,128852686,116533732
73071100,Cast Tube Or Pipe Fittings Of Non-Malleable Cast Iron,325,121296,110233
73071900,"Cast Tube Or Pipe Fittings Of Iron,Oth.Than Non-Malleable Steel",86208,19310020,17352094
73072100,Flanges Of Stainless Steel,39778,43704793,42759485
73072200,"Threaded Elbows, Bends And Sleeves Of Stainless Steel",140298,33038051,29068381
73072300,Butt Welding Fittings (Excl. Elbows And Bends) Of Stainless Steel,5931,26823363,26249920
73072900,"Tube Or Pipe Fittings Of Stainless Steel, Nes",255938,87925733,85340416
73079100,Flanges Of Iron Or Steel (Excl. Stainless),5758,7355719,7218293
73079210,Sleeves,687,8940533,8765959
73079290,"Threaded Elbows, Bends And Sleeves Of Iron Or Steel (Excl. Stainless)",47102,12351291,9923048
73079300,Lock ring,5582,1467621,1446060
73079910,"Tube Or Pipe Fittings Of Iron Or Steel (Excl. Stainless), Nes",6942,15638315,15330998
73079990,"Tube Or Pipe Fittings Of Iron Or Steel (Excl. Stainless), Nes",48657,43484732,42499238
73081000,Bridges And Bridge-Sections Of Iron Or Steel,100725,29371277,22182581
73082000,Towers And Lattice Masts Of Iron Or Steel,980010,153263877,115025267
73083000,"Doors, Window-Frames And Thresholds For Doors Of Iron Or Steel",119616,109924736,92905436
73084000,"Equipment For Scaffolding,Shuttering,Propping Or Pitpropping Of Iron/Steel",665098,123847936,32683923
73089010,Door co-ordinator,5947,1546045,1252093
73089020,Industrial Racking System,60668,13413171,11683133
73089020,Industrial Racking System Imported by 100% Export Oriented Garments Industry,33808,6306156,6208896
73089091,Metal frames for LCD/LED TV panel,1,6259,6135
73089091,Metal frames for LCD/LED TV panel imported by TV manufacturing industry,34846,23839933,22658199
73089099,"Structures And Parts Of Structures, Nes, Of Iron Or Steel",2121458,1607134214,1450139511
73090010,Silo,127656,32471609,32036223
73090090,"Reservoirs, Tanks... (Excl. For Gas) Of Iron Or Steel, >=300 L",61677,87546155,83808001
73101000,"Tanks, Casks, Drums, Cans... (Excl. For Gas) Of Iron Or Steel, 50-300 L",4723,7607785,6675877
73102110,"Tin plated cans, bottom not closed by soldering or crimping (e.g. Beverage Can Type)",5671,1424406,1267614
73102190,Cans Closed By Soldering And Crimping (Excl.Tin Plated Cans),38856,17908571,14709417
73102900,"Tanks, Casks, Drums... (Excl. For Gas) Of Iron Or Steel, <50 L",98129,84507183,72201861
73110010,"Containers For Compressed Or Liquefied Gas,Of Iron/Steel, >5000l,Ckd",6174,2397538,2336208
73110020,LPG GAS CYLINDER CAPACITY BELOW 5000 LITRES,71061,2707979,2654620
73110090,"Containers For Compressed Or Liquefied Gas (Ex.Capacity >5000l, Ckd)",75170,52356068,49738301
73121000,Steel cord imported by tyre tube manufacturing industries,48379,7268481,6650424
73121000,"Stranded Wire, Cables Of Iron Or Steel, Not Electically Insulated",321642,56086720,42415986
73129000,"Plaited Bands, Slings, Etc, Of Iron Or Steel, Not Electically Insulated",10387,1867429,1694643
73130000,"Barbed Wire And Other Fencing Material, Of Iron Or Steel",39,19524,4785
73141200,Stainless Steel Woven Cloth Endless Bands For Machinery,3,7389,7362
73141400,Woven Cloth Of Stainless Steel (Excl. Endless Bands For Machinery),10937,7267599,6064133
73141900,Woven Cloth Of Iron Or Steel Wire (Excl.Endless Bands Or Stainless Steel),7091,7019552,6752684
73142000,"Wire Iron/Steel Grill,Fencing,Welded @ Intersect,Mesh>=100cm2,X-Sectn>=3mm",5021,1223620,939620
73143100,"Iron/steel grill, netting & fencing, welded at intersection,plated or coated with zinc",6487,1268004,925619
73143900,"Iron/Steel Grill, Netting & Fencing, Welded At Intersection, Nes",6111,4386226,4111929
73144200,"Iron/Steel Cloth, Grill, Netting & Fencing, Nes, Coated With Plastics",20982,6507903,1339884
73144900,"Iron/Steel Cloth, Grill, Netting & Fencing, Nes,",22062,8889410,6859698
73151110,"Roller chain of iron or steel Of a kind used exclusively ..or automotive vehicles , nes",158872,49569558,35787393
73151120,Roller Chain Of Iron/Steel Of A Kind Used Exclusively In Motor Cycles,197209,95682153,79491388
73151190,"Roller Chain Of Iron Or Steel, Nes",144548,28921861,22219723
73151200,Articulated Link Chain (Excl. Roller Chain) Of Iron Or Steel,37386,14766830,11759690
73151900,Parts Of Articulated Link Chain Of Iron Or Steel,262381,62673194,48782041
73158100,Stud-Link Of Iron Or Steel,231,357478,337135
73158200,Welded Link Chain (Excl. Stud-Link) Of Iron Or Steel,5049,942169,557572
73158900,"Chain, Nes, Of Iron Or Steel",19572,15027440,14400721
73159000,"Parts Of Chains, Nes, Of Iron Or Steel",8242,3643609,2880085
73160000,"Anchors, Grapnels And Parts Thereof, Of Iron Or Steel",29357,20184741,19619703
73170000,"Nails, tacks, drawing pins, ...erial, but excluding such articles with heads of copper.",66901,12897457,10203784
73181100,Threaded Coach Screws Of Iron Or Steel,1540,446073,358696
73181200,Threaded Wood Screws (Excl. Coach Screws) Of Iron Or Steel,35859,9129036,4427619
73181300,Threaded Screw Hooks And Screw Rings Of Iron Or Steel,1612,525967,481551
73181400,Threaded Self-Tapping Screws Of Iron Or Steel Imp by pre-fab. Buil. industry,99512,29555733,26130733
73181510,Flus type tower bolt,406,726352,706325
73181590,"Threaded Screws&Bolts Of Iron Or Steel,Nes Whether Or Not With Nuts/Washer",515564,291820745,266995217
73181600,Threaded Nuts Of Iron Or Steel,183029,72631325,65491469
73181900,"Threaded Articles, Nes, Of Iron Or Steel",96563,44745228,39296762
73182100,Non-Threaded Spring Washers And Other Lock Washers Of Iron/Steel,2085,1675542,1612752
73182200,Other washers,10524,14192158,12985576
73182310,Stapple Pin For Tv Cabinet And Rivets For Tv/Radio,0,924,836
73182390,"Rivets, Nes",19035,7660373,5923625
73182400,Cotters And Cotter-Pins Of Iron/Steel,14306,10912101,9618225
73182910,M.S. Nipple,750,729857,677817
73182990,"Screw,bolts,nuts,coach,screws,screw hooks,river,cotters,cotter-pins,washers..,NES",58515,22960423,16381913
73194000,Safety pins and other pins,78905,15091198,11845148
73199000,"Knitting needles, bodkins, crochet hooks, etc, of iron or steel",30616,13599303,11102675
73201000,LEAF SPRINGS AND LEAVES THERE FOR,12421,4065450,3309894
73202000,Helical springs of iron or steel,19190,7987212,5086517
73209000,Other,75502,35112011,30339772
73209090,"Springs, nes, of iron or steel",1,7070,6930
73211100,"Cooking Appliances, Plate Warmers, For Gas Fuel... Of Iron Or Steel",223381,27824659,22446873
73211200,"Cooking Appliances, Plate Warmers, For Liquid Fuel Of Iron Or Steel",165,20299,20246
73211900,"Cooking appliances & plate warmers: Other, including appliances for solid fuel",10376,1185272,708949
73218110,Burners For Gas Fuel Of A Type Exclusively For Laboratory Use,7,9472,9458
73218190,"Appli.(Ex.Cookers)For Gas Fuel/Both Gas&Oth.Fuels,Of Iron/Stell(Ex.Lab Use",8012,1091951,641183
73218290,"Appliances)Ex.Cooking Appliances/Plate Warmers) For Liquid Fuel,Of Iron...",35,10012,1841
73218910,"Stoves,ranges,grates,cookers appliances, Other,including appliances for solid fuel",2440,151288,138655
73218990,"Stoves,ranges,grates,cookers appliances, Other,including appliances for solid fuel",141,48935,17836
73219000,"Parts Of Appliances Of 7321.11 To 7321.83, Of Iron Or Steel",763282,199988596,173049918
73221900,"Radiators, Not Electrically Heated, And Parts Thereof Of Iron Or Steel",1211,1554361,1407825
73229000,"Air Heaters/Hot Air Distributors..., Nes (Non-Electric) Of Iron/Steel",1444,1498292,1282584
73231000,"Iron or steel wool; pot scourers and scouring or polishing pads, gloves and the like",32387,6124921,5048218
73239100,"Table, Kitchen Or Household Articles... Of Cast Iron, Not Enamelled",23123,5624460,3400301
73239200,"Table, Kitchen Or Household Articles... Of Cast Iron, Enamelled",1012,266178,197637
73239300,"Table, kitchen or household articles... of stainless steel",196180,56313856,40396248
73239400,"Table, kitchen or household articles... of iron or steel, enamelled",174551,33426979,23686303
73239910,"Parts imported by table, kitchen or other household articles manufacturing industry",30724,10105708,7662449
73239910,"Parts of table, kitchen or other household articles",212,70105,31902
73239990,"Table, kitchen or household articles... of iron or steel, nes",31749,12217169,9019829
73241000,"Sinks And Wash Basins, Of Stainless Steel",77760,24815058,17598635
73242900,Baths Of Iron (Excl. Cast) Or Steel,321,122289,41449
73249000,Sanitary Ware And Parts Of Sanitary Ware Of Iron Or Steel,128439,51669400,39304422
73251000,"Other Cast Articles Of Non-Malleable Cast Iron, Nes",1602,1583278,1552154
73259100,Grinding Balls And Similar Articles For Mills Of Cast Steel,106003,26363086,15212101
73259900,"Cast articles of iron or steel, nes",4741,3239549,3196808
73261100,"Grinding Balls... For Mills, Forged Or Stamped, Of Iron Or Steel",1030,449280,125191
73261900,"Forged Or Stamped Articles Of Iron Or Steel, Nes",140081,23350345,22423546
73262010,Bead Wire For Cycle Tyres,50489,9479637,5405020
73262090,Other Articles Of Ironor Steel Wire( Excl.Bead Wire For Cycle Tyres),385,1241735,1198818
73269010,Steel bobbin,1747,799929,738860
73269020,Metallic fittings for Insulator,8,75206,73724
73269090,"Other Articles Of Iron Or Steel, Nes(Excl.S.S.Screen, Burette Stand)",751850,520241884,469720061
74020000,Unrefined Copper; Copper Anodes For Electrolytic Refining,700,1048582,771654
74031100,Cathodes And Sections Of Cathodes Of Refined Copper,298859,503446121,493403311
74031900,"Refined Copper, Nes, Unwrought",0,2468,2454
74061000,Copper Powders Of Non-Lamellar Structure,1015,1004676,986508
74062000,Copper Powders Of Lamellar Structure; Flakes,5300,6292044,6055056
74071000,"Bars, rods and profiles of refined copper",532,1237231,848762
74072190,"Bars,rods and profiles of brass",4,86024,84327
74072900,"Bars, rods and profiles of copper alloys, nes",2477,6182830,5928232
74081100,"Wire Of Refined Copper, Maximum Cross-Sectional Dimension >6mm",450331,707993443,698503775
74081900,Other,245,122612,30430
74082100,Wire Of Brass,14511,28060556,18228368
74082900,"Wire Of Copper Alloy, Nes",89,38775,27288
74091100,"Plates, Sheets And Strip, Of Refined Copper, In Coils, >0.15mm Thick",6,3346,3281
74091900,"Plates, Sheets And Strip, Of Refined Copper, Uncoiled, >0.15mm Thick",12953,18410041,8050523
74092100,"Plates, sheets and strip, of brass, in coils, >0.15mm thick In coils",15983,25016669,20026338
74093900,"Plates, Sheets And Strip, Of Bronze, Uncoiled, >0.15mm Thick",2,1992092,1952840
74099000,"Plates, Sheets And Strip, Of Copper Alloys, Nes, >0.15mm Thick",70,460175,451671
74101100,"Foil, Not Backed, Of Refined Copper, =<0.15mm Thick",1516,9485603,9209329
74102100,"Foil, backed with paper... of refined copper, =<0.15mm thick Of refined copper",686,870672,498518
74111000,Of refined copper,452733,866645971,696275950
74112200,Tubes And Pipes Of Cupro-Nickel Or Nickel Silver,32428,57078072,55953041
74112900,"Tubes And Pipes Of Copper Alloys, Nes",316,197758,28565
74121000,Tube Or Pipe Fittings Of Refined Copper,830,2614397,2511209
74122000,Tube Or Pipe Fittings Of Copper Alloys,8571,15939347,14674878
74130000,"Stranded Wire, Cables... Of Copper, Not Electrically Insulated",47244,91346272,75913948
74152100,Washers Of Copper (Including Spring Washers),3,145362,142498
74152900,"Non-Threaded Articles Such As Rivets, Cotters, Cotter-Pins... Of Copper",560,1360180,1329197
74153390,"SCREWS;BOLTS AND NUTS, EXCLUDING SCREWS FOR WOOD",5294,8874215,7802841
74153900,"Threaded Articles Of Copper, Nes",19029,29617922,22239829
74181000,"Table, kitchen or other household articles and parts thereof; of copper... polishing pad",4420,4034237,1905678
74182000,Sanitary Ware And Parts Thereof Of Copper,1929,1684741,1342885
74198010,Other,202,103293,101258
74198090,Other,29721,32756599,30689092
75021000,"Unwrought Nickel, Not Alloyed",1800,5656444,5544990
75051200,"Bars, rods and profiles, of nickel alloys",20,132593,129981
75061000,"Plates, sheets, strip and foil of nickel, not alloyed",17,94925,92779
75062000,"Plates, sheets, strip and foil of nickel alloys",32,21939713,21506243
75071200,Tubes And Pipes Of Nickel Alloys,589,150723,79755
75072000,Tubes Or Pipe Fittings Of Nickel,1611,790679,345769
75081000,"Cloth, Grill And Netting Of Nickel Wire",30,261672,256517
75089010,Parts for Machinery,178,22280,21841
75089090,Other parts(excl.machinery),1005,748612,733863
76011000,"Aluminium, not alloyed",3591013,1298156586,1276368873
76012000,"Unwrought Aluminium, Aluminium Alloy",988783,386619709,378517754
76020000,Aluminium Waste And Scrap,290320,36293908,35626443
76032000,Powders Of Lamellar Structure; Flakes Of Aluminium,200,477450,471168
76041000,"Bars, rods and profiles of aluminium, not alloyed",38897,19045913,14713762
76042100,Hollow Profiles Of Aluminium Alloys,34299,16509052,10750903
76042900,"Bars, rods and profiles of aluminium alloys",144063,68710049,47057425
76051100,"Wire Of Aluminium, Not Alloyed, Maximum Cross-Sectional Dimension > 7mm",200000,85864061,82454400
76051900,"Wire of aluminium, not alloyed, maximum cross-sectional dimension =<7mm",36312,17673605,16002289
76052100,"Wire Of Aluminium Alloys, Maximum Cross-Sectional Dimension >7mm",54047,23543221,21901886
76052900,"Wire of aluminium alloys, maximum cross-sectional dimension =<7mm",42847,19721481,15463156
76061100,"Non-alloyed aluminium plates, sheets and strips imported by electric fan industry",39883,17528939,16918669
76061100,"Of Aluminium, not alloyed",61692,33152393,30294955
76061200,"Alloyed aluminium plates, sheets and strips imported by electric fan industry",149691,66357650,62922819
76061200,"Of Aluminium, alloys",170037,84214913,75708128
76069110,"Plates... (Excl. Rectangular) Of Aluminium, Not Alloyed, >0.2mm Thick",2,82227,80607
76069190,"Plates... (Excl. Rectangular) Of Aluminium, Not Alloyed, >0.2mm Thick",26175,12405576,8192041
76069200,"Plates...(Excl. Rec) of aluminium alloys,>0.2mm thick NES Of aluminium alloys",336557,145107255,123466103
76071100,Aluminium foil in rolled but not further worked imported by manufacturing industries,573435,286683353,273517265
76071100,Rolled but not further worked,21028,11768032,11362340
76071910,Aluminium foil lacquered,1344,672518,647498
76071910,Aluminium foil lacquered imported by manufacturing industry,386379,225046562,200830669
76071990,"Aluminium foil, =<0.2mm thick, not backed (excl. rolled),Nes",92798,161108694,157697482
76072010,"Aluminium Foil, Backed By Paper/Paperboard",21463,13147519,10989985
76072099,"Aluminium foil backed, NES",592340,400135059,384645828
76081000,"Tubes And Pipes Of Aluminium, Not Alloyed",127033,66502652,60906583
76082000,Tubes And Pipes Of Aluminium Alloys,6321,3339548,3231464
76090000,Aluminium Tube Or Pipe Fittings,2741,6315135,5828650
76101000,"Doors, Windows And Their Frames And Thresholds For Doors, Of Aluminium",27861,17995922,11982011
76109010,"Aluminium Structure And Parts Of Structures..., Nes",38499,16809913,9100700
76109090,"Aluminium Structure And Parts Of Structures..., Nes",83199,44737396,36572595
76121000,"Collapsible tubular containers of aluminium, (excl. for gas) <300 l",7,4576,2454
76129010,"Aluminium Can For Inhaler, 19mm",6664,10314173,10110944
76129090,"Aluminium casks, drums, etc, nes (excl. for gas), <300 l, nes",342504,302972945,283577687
76130000,Aluminium Containers For Compressed Or Liquefied Gas,88,219291,214970
76141000,"Cables... of aluminium, with steel core, not electically insulated",690,345459,61350
76149000,"Stranded wire, cables... of aluminium alloys, not electrically insulated",303164,135748703,134339182
76151010,"Table, kitchen or other household articles and parts thereof; of aluminium... polishing",44658,25990891,20519949
76151090,"Table, kitchen or other household articles and parts thereof; of aluminium... polishing",21405,10959845,8282106
76152000,Sanitary Ware And Parts Thereof Of Aluminium,4172,1792631,1072717
76161000,"Nails, Tacks, Staples, Screws, Bolts, Nuts... Of Aluminium",3304,2109190,1940373
76169100,"Cloth, Grill, Netting And Fencing, Of Aluminium Wire",1,627,614
76169900,"Articles of aluminium, nes",34568,17055076,14135982
78011000,"Refined Lead, Unwrought",1769043,481442356,449436164
78019100,"Unwrought Lead, Containing Antimony As The Principale Other Element",537300,172506512,169042257
78041900,"Lead Plates, Sheets, Strip And Foil, Nes",3350,1308880,1283089
78060090,Other Articles Of Lead Nes,1122,288287,206504
79011190,"Zinc, Not Alloyed, >=99.99% Pure, Nes",1805647,762565052,734040795
79011210,Zinc ingots,30881,4638628,4143367
79011290,Other,2474,364326,88418
79012000,Zinc alloys,73000,34484183,33652561
79040000,"Zinc Bars, Rods, Profiles And Wire",31645,15702907,14042014
79050000,"Zinc Plates, Sheets, Strip And Foil",10,36747,36023
79070090,"Other Articles Of Zinc, Nes",368,226108,160947
80070090,"Other Articles Of Tin, Nes",1002,445493,438054
81041100,"Unwrought Magnesium, >=99.8% Pure",19000,7013713,6347271
81041900,"Unwrought Magnesium, <99.8% Pure",17000,6214929,5915612
81049090,"Articles Of Magnesium, Nes",25012,3220773,2624770
81059000,"Articles Of Cobalt, Nes",30,15018,3681
81110000,Manganese And Articles Thereof (Incl. Waste And Scrap),1000,487043,477446
81126900,Cadmium : Exclduding Waste and scrap,76352,16736294,15864378
82011000,Spades And Shovels,120957,15128581,12136405
82013000,"Mattocks, Picks, Hoes And Rakes",170127,21230504,19312489
82015000,Secateurs And Similar One-Handed Pruners And Shears (Incl. Poultry Shears),5187,970779,928343
82016000,"Hedge Shears, Two-Handed Pruning Shears And Similar Two-Handed Shears",777,145883,78283
82019000,Scythes... Timber Wedges And Other Agricultural/Forestry Hand Tools,2812,744768,342554
82021000,Hand Saws,26826,5816322,5421195
82022000,Band Saw Blades,616,1167807,1066884
82023100,Circular Saw Blades With Working Part Of Stl(Inc.Slittng/Slottng Saw Blade,10325,3440681,3061142
82023900,Circular Saw Blades(Inc.Slitting Blades)Excl.With Steel Working Part;Parts,46208,9478339,5681076
82024000,Chain Saw Blades,24676,4722022,2466707
82029100,"Straight Saw Blades, For Working Metal",71902,16829256,12447239
82029910,Hand saws; blades for saws of all kinds....Toothless saw blades,26134,4153804,3497390
82029990,Hand saws; blades for saws of all kinds....Excl. Toothless saw blades,33509,10917205,7058573
82031010,Files For Cutting Ampoules,10669,1328004,1250517
82031090,"Files, Raspsand Similar Tools Nes.",16279,2762223,2155109
82032000,"Tweezers, Pliers, Pincers And Similar Tools",146356,37933185,27125123
82033000,Metal Cutting Shears And Similar Hand Tools,22799,4675570,3272042
82034000,"Pipe-Cutters, Bolt Croppers, Perforating Punches And Similar Tools",22258,4336125,3390934
82041100,"Non-Adjustable, Hand-Operated Spanners And Wrenches",73491,19457402,16121605
82041200,"Adjustable, Hand-Operated Spanners And Wrenches",166133,42387014,29270273
82042000,"Interchangeable Spanner Sockets, With Or Without Handles",21855,5575349,3082923
82051000,"Drilling, Threading Or Tapping Hand Tools",817,1078302,1018126
82052000,Hammers And Sledge Hammers,87225,14525903,12927548
82053000,"Planes, Chisels, Gouges And Similar Cutting Tools For Working Wood",7402,1453525,1417633
82054000,Screwdrivers,60747,14444074,10016564
82055100,Household Hand Tools,29416,6173571,4713435
82055910,FIBRE OPTIC CABLE FUSION SLICER,8,28430,27567
82055990,"HAND TOOLS, NES (INCL. GRAZIERS' DIAMONDS) EXCLUDING FIBRE OPTIC CABLE FUSION SLICER",53080,21123183,16382850
82057000,"Vices, Clamps And The Like",9507,6989870,6331427
82059000,"Other,incl.sets of articles of two or more of sub-headings of this heading",13662,11171612,7289267
82060000,"Tools Of Two Or More Of 82.02 To 82.05, Put Up In Sets For Retail Sale",5865,1690984,1351723
82071900,Oth.Rock Drilling/Earth Boring Tool(Ex.With Working Part Of Cermets);Parts,4044,1226830,840539
82072000,Dies For Drawing Or Extruding Metal,6721,12432988,10088851
82073000,"Interchangeable Tools For Pressing, Stamping Or Punching",4790,52651921,30759311
82074000,Interchangeable Tools For Tapping Or Threading,15173,3552759,2665174
82075000,"Interchangeable Tools For Drilling, Other Than For Rock Drilling",77787,36215294,31186737
82076000,Interchangeable Tools For Boring Or Broaching,1515,398224,72148
82077000,Interchangeable Tools For Milling,827,1790003,1580456
82079000,"Other Interchangeable Tools For Hand Or Machine-Tools, Nes",6586,10677701,9335135
82081000,"Knives And Cutting Blades, For Metal Working Machines",11149,4479780,3385637
82082000,"Knives And Cutting Blades, For Wood Working Machines",8496,11208673,10430666
82083000,"Knives And Cutting Blades, For Kitchen Appliances Used For Food",126,60083,7730
82084000,"Knives And Cutting Blades, For Agricultural, Horticultural... Machines",5101,1269275,786783
82089000,"Knives And Cutting Blades, For Machines Or Mechanical Appliances Nes",45101,58610887,53948388
82090000,"Plates, Sticks... For Tools, Unmounted, Of Metal Carbides Or Cermet",284,2240432,1996842
82100000,"Hand-Operated Machanical Appliances, =<10kg, Used For Food Or Drink",11535,2366474,1811765
82111000,"Sets Of Assorted Knives, Nes",3509,1103471,411100
82119100,Table Knives With Fixed Blades,3532,1041346,520991
82119200,Other Knives With Fixed Blades (Excl. Table Knives),12459,4115125,2710003
82119300,Knives(Excl. With Fixed Blades),1906,616443,417521
82119400,Blades For Knives (Excl. Those Of 82.08),19731,4111952,3298549
82119500,Knife Handles Of Base Metal,13855,3657841,2702718
82121000,Razors (Non-Electric),14325,14568088,11943546
82122011,Perforated blade blanks in strips or pieces width not exceeding half Inch.,2068,517688,405990
82122019,Stainless Steel Blade,678,920179,788479
82122090,Safety Razor Blades (Incl. Razor Blades Blanks In Strips) Nes.,300,210670,157923
82129000,"Parts Of Razors, Nes",12421,3695645,1953010
82130000,"Scissors, Tailors' Shears And Similar Shears, And Blades Therefor",73312,19569983,10960073
82141000,"Paper Knives, Letter Openers, Erasing Knives, Pencil Sharpeners...",21392,4106888,3256480
82142000,Manicure Or Pedicure Sets And Instruments (Incl. Nail Files),83136,14868727,11422238
82149000,Other Articles Of Cutlery,6924,1362896,863119
82151000,"Sets Of Spoons,Forks, Etc (One Or More Article Plated With Precious Metal)",9907,991468,884262
82152000,"Sets Of Assorted Spoons, Forks, Etc... (Excl. Plated)",95570,25312148,19364017
82159900,"Spoons, Forks, Ladles, Skimmers... Or Similar Tableware, Nes",74174,22364113,17419335
83011000,Padlocks Of Base Metal,157597,59490086,42592740
83012000,Locks of a kind used for motor vehicle,25349,11964136,9426986
83013000,Locks For Furniture Of Base Metal,38686,20678751,16918068
83014010,"Lever lock, Mortice lock",314,199265,42431
83014010,"Lever lock, Mortice lock imported by fire-resistant door manufacturing industry",300,533433,522923
83014090,Other locks,73017,51426119,39112193
83015000,"Clasps And Frames With Clasps, Incorporating Locks Of Base Metal",7787,3898388,3213263
83016000,Parts Of Padlocks And Locks Of Base Metals,209275,79734909,56084613
83017000,Keys Presented Separately Of Base Metal,21559,8327225,4259434
83021000,Hinges Of Base Metal,309009,102352531,84238242
83022000,Castors Of Base Metal,36040,10434418,9265587
83023000,"Mountings, Fittings, Etc, For Motor Vehicles, Of Base Metal, Nes",15832,6921554,4830764
83024100,"Mountings, Fittings, Etc, Suitable For Buildings, Of Base Metal, Nes",219241,56343190,38919077
83024210,Magnatic door holder....Suitable for furniture,1812,641943,554678
83024290,"Mountings, Fittings, Etc, Suitable For Furniture, Of Base Metal, Nes",276200,71675405,49607930
83024910,"OTHR MOUNTING, FIT.&SIMILAR ARTICLES, DEV. /FITTINGS FOR BARR.WIND. & OR PANIC EXIT DOOR",8048,2638497,2397155
83024991,OTR MOUNTING FITTINGS &SIMILAR ARTI.EXCL. DEVICE/FIT.FOR BARRED WINDOWS & OR PANIC EXIT,40770,10581958,6689706
83024999,OTR MOUNTING FITTINGS &SIMILAR ARTI.EXCL. DEVICE/FIT.FOR BARRED WINDOWS & OR PANIC EXIT,13093,6648797,4754348
83025000,"Hat-Racks, Hat-Pegs, Brackets And Similar Fixtures Of Base Metal",6878,4422520,2968897
83026000,Automatic door closers,59698,15545044,12112252
83026000,Automatic door closers imported by fire-resistant door manufacturing industry,660,430066,421592
83030000,"Armoured Or Reinforced Safes, Strong-Boxes And Doors... Of Base Metal",10098,2710754,1360610
83040000,Filing Cbnts.Card-Index Cbnes../Desk Eqpmnt.Of Base Mtl.Oth.Than Hs 94.03,1616,308800,191176
83051000,Fittings For Loose-Leaf Binders Or Files Of Base Metal,22014,2970668,2564966
83052000,"Staples In Strips, Of Base Metal",122286,20097012,17430952
83059000,"Office Artcls.Such As Ltr.Clips,Ltr.Corners..Of Base Metal Incldng.Parts",21730,4028868,2882730
83061000,"Bells, Gongs, Etc, Non-Electric, Of Base Metal Containing more than 99.99 % of bismut",29823,7659097,6228064
83062100,"Statuettes And Other Ornaments Of Base Metal, Plated With Precious Metal",484,136572,80190
83062900,Statuettes and other ornaments of base metal (excl. plated),56066,13357936,10848176
83063000,"Photograph, Picture Or Similar Frames; Mirrors Of Base Metal",1616,475163,254759
83071000,Flexible Tubing Of Iron Or Steel,32290,28438784,26551247
83079000,Flexible Tubing Of Other Base Metal (Excl. Iron Or Steel),6486,2826105,2401358
83081000,"Hooks, Eyes And Eyelets Of Base Metal",36090,11815234,10247603
83082000,Tubular Or Bifurcated Rivets Of Base Metal,12676,4771621,3197391
83089000,"Clasps, Buckles... Beads Andspangles Of Base Metal (Incl. Parts)",99292,34130037,25087432
83091000,Crown Corks Of Base Metal,2190,422825,403070
83099010,Lug Caps,11205,8039142,6343440
83099020,Container Seal,5819,3966476,1203512
83099030,Combination seal for vials,6067,29278472,28653358
83099091,"Stoppers, caps and lids.. excl.Crown corks nes,",9884,1878315,1663143
83099099,"Stoppers, caps and lids.. excl.Crown corks nes,",17616,4942803,4406899
83100000,"Sign-Plates, Name-Plates, Address-Plates, Etc, Of Base Metal(Ex.Hsno-94.05",574,407535,322014
83111010,"Coated electrodes of base metal, for electric arc-welding......Welding wire",80327,11649762,9156635
83111090,"Coat electrode of base metal, for elec arc-weld, ExWeld wire imp by VAT reg com. manu",169481,28741234,25742212
83112000,"Cored Wire Of Base Metal, For Electric Arc-Welding",253992,40422906,32827722
83113000,"Coated rods and cored wire of base metal, for soldering, brazing...",16987,20823936,18706666
83119000,"Wires, Rods... Of Base Metal, Coated/Cored (Incl. Powder For Sprays) Nes",9305,1732016,780233
84021100,Watertube Boilers With A Steam Production >45t/Hour,95,299157,295707
84021200,Watertube Boilers With A Steam Production =<45t/Hour,87386,32816112,27243033
84021900,"Other Vapour Generating Boilers, Nes (Incl. Hybrid Boilers)",234845,153820044,134776361
84029000,Parts Of Sheam On Oth.Vapour Genrtng.Boilers & Super-Heated Water Boiles,790,6851036,6777878
84031000,Central Heating Boilers For Oth.Than Hs Code No-84.02,1177,441972,343560
84049000,parts of 8401 to 8404,1,11633,11474
84051000,"Producer Gas Or Water Gas Generators; Acetylene Gas Generators, Etc",2103,7591728,7442140
84059000,Parts Of Producer Gas Or Water Gas Generators Etc,30,2302087,2256727
84069000,Parts Of Steam And Other Vapour Turbines,220,5588886,5478764
84072100,Outboard Motors For Marine Propulsion Engines,6489,29316405,28719162
84073290,"Oth.Spark-Ignition..,For Vehicles,Of Cy..Capacity >50 Cc, Not >250c",759209,975276586,952165905
84073390,"Spark-Igni...For Vehicles, Of Cylinder Capacity 250-1000 Cc",21138,34773242,34060432
84073490,"Cylinder capacity >1,000 cc exlc. Bus or Truck engine with inbuilt CNG mechanism",332369,54553491,21794382
84079090,"Spark-Ignition Reciprocating/Rotary Intl. Combustion Engines, Nes",60,86493,84789
84081000,Marine propulsion engines,1431,14573388,14336874
84082039,Other diesel engine>=2600cc,192216,23833344,6332439
84082090,"Compression-Ignition ... , Other Engines For Vehicles Of Chapter No. 87",10800,2065876,918071
84089010,Diesel Engines of capacity 3 to 45 HP,627722,139987958,134767252
84089020,"Compre.-Ignition Internal Combustion Pisotn Engi. For Fishing Trawler,Nes",27600,136535303,134895159
84089090,"Other Engine, Nes",1658,3207778,2948786
84091000,Parts For Aircraft Engines Of 8407.10,0,5181,5079
84099110,For Engines of Industrial use and fishing trawler,100,4494373,4420958
84099190,"Parts For Spark-Ignition Internal Combustion Engines(Excl.Aircraft),Nes",447069,430600164,414005230
84099910,For Engines of Industrial use and fishing trawler,5231,62123638,60810898
84099990,"Parts For Compression-Ignition Internal Combustion Engines, Nes",829538,398745673,353855985
84112200,"Turbo-Propellers, Of A Power >1100kw",750,142869554,138079917
84119900,Oth. Parts Of Gas Turbines (Excl. Of Turbo-Jets And Turbo-Propellers),922,23670776,23204365
84121090,Reaction Engines (Excl. Turbo-Jet/Aircraft),280,43807,36810
84122100,"Hydraulic Power Engines And Motors, Linear Acting (Cylinders)",83734,49904698,32321442
84122900,Hydraulic Power Engines And Motors (Excl. Linear Acting),18486,8826628,5490587
84123100,"Pneumatic Power Engines And Motors, Linear-Acting (Cylinders)",12720,27966216,26260583
84123900,Pneumatic Power Engines And Motors (Excl. Linear Acting),188,3879638,3797278
84128000,"Engines and motors, nes",1743,2971087,2858557
84129090,"Parts Of Engines And Motors Of 8412.10 To 8412.80, Nes",1108,592381,149434
84131100,"Pumps For Dispensing Fuel Or Lubricants, For Filling-Stations Or Garages",12979,9760385,9394292
84131900,"Pumps For Liquids, With Or Designed To Be Fitted With A Measuring Device",8627,18876082,18487171
84132000,Hand Pumps For Liquids (Excl. Those Of 8413.11 Or .19),2254,811337,516300
84133000,Fuel/Lubricating/Cooling-Medium Pumps For Internal Combustion Engines,74542,79648518,64650309
84134000,Concrete Pumps,10777,10605474,9780577
84135000,Reciprocating Positive Displacement Pumps,5418,7775334,7620071
84136000,Rotary Positive Displacement Pumps,44398,34814176,31992658
84137000,Other Centrifugal Pumps,3751554,1839987540,1608907455
84138100,Other Liquid Elevatos Pumps,773596,426242948,375536756
84139100,Parts of Pumps for liq. whts or not fitted with fitted with meas. dev.liquied elev.,50623,142450789,134089888
84139200,Parts Of Liquid Elevators,943,1070106,1046170
84141000,Vacuum Pumps,10241,11416197,10274563
84142000,Hand Or Foot-Operated Air Pumps,10109,2133400,1467835
84143010,Compressors For Refrigerating Equipment For Industrial Use,1341,1773480,1492511
84143090,"Other Compressors For Refrigerating Equipment, Nes",1456903,925752654,532484755
84144000,Air Compressors Mounted On A Wheeled Chassis For Towing,123404,50180748,39490587
84145100,"Table, floor, wall, window, ceiling or roof fans, with a....output not exceeding 125W",99730,20314004,15238566
84145910,Venlating exhaust fan with blade rotating diameter of 24 inch or mere,79912,52479300,48816963
84145920,"Laminar air flow equipment, industrial type",6678,12653320,12365786
84145990,"Otherv Fans, Nes",119728,39435905,33740374
84146000,Hoods Incorporating A Fan Having A Maximum Horizontal Side =<120cm,79594,22968695,20497767
84147000,Gas-tight biological safety cabinets,1615,1597121,1560131
84148010,Air Compressors,309004,240321048,211893868
84148020,"Pumps & Compressors; Hodds With A Fan, Blowers For Use In Piciculture Only",43056,74194703,72098920
84148030,Pumps and compressors,4828,7741104,6442791
84148041,Industrial Type,2055,3005364,2933494
84148049,Compressor Excl Industial and VAT MFG AIRCON,569415,478339498,391956886
84148090,"Other Air Pumps; Air Or Gas Compressors; Hoods With A Fan, Nes",43340,29591792,24746878
84149010,Parts Of Fan,88858,23820386,18919942
84149020,Parts...Of compressor,15957,48705422,47311682
84149090,"Parts Of Air/Vacum Pumps, Of Air/Gas Compressors, Nes",9117,104828886,102060147
84151010,"A/C, Window/wall self contained Requiring more than 300,000 BTU or equivalent",117844,99893158,91829279
84151020,"A/C Machines, window/wall type >90,000 BTU, BUT <3,00,000 BTU",29672,20405307,16229558
84151090,"Window or wall air conditioning machines, self-contained, nes",53496,52446538,50928853
84152010,"Air conditioning machine requiring more than 2,00,000 BTU or equivalent of a kind used for persons,",20,6239,6135
84152020,"AIR CON.MCH >200,000BTU,OR EQV.USE FOR PRSN IN MOTOR VEHI.IMP.BY VAT REG.BUS BDY BLD.",15796,8905140,7398373
84152090,"MOTOR VEHICLE A/C, EXCLUDING VAT REG. BUS BUIDLING IND.",193,85115,83436
84158120,"Air handling unit or HVAC system requiring more than 2,00,000 BTU or equivalent",4337,32022682,31391709
84158210,"Requiring more than 3,00,000 BTU or equivalent",83351,100444818,98465779
84158220,"Air handling unit or HVAC system requiring more than 2,00,000 BTU or equivalent",97157,151245415,138023258
84158290,"Air conditioning machines, with refrigerating unit, no valve, nes",130,162716,159510
84158330,Stability/Humidity chamber for pharmaceutical industries,2775,5163082,4959604
84158390,"Air conditioning machines, without refrigerating unit, nes",307,1089742,1051087
84159010,Indoor or outdoor unit,33923,46503047,45568337
84159090,Parts of other Air Conditioning Machine,794635,337429167,307661152
84161000,Furnace Burners For Liquid Fuel,238,416304,408100
84162000,Other Furnace Burners For Solid Fuel Or Gas (Incl. Combination Burners),747,3924808,3768184
84169000,Parts Of Furnace Burners For Liquid/Solid/Gas Fuel; Mechanical Grates...,445,8268160,8179231
84171000,"Furnaces And Ovens For Roasting, Melting... Of Ores/Pyrites/Metals",27437,16036906,15232530
84172000,Bakery Ovens (Incl. Biscuit Ovens),40572,19267963,16139711
84178000,Industrial Or Laboratory Furnaces (Incl. Incinerators),20193,17507946,14457398
84179000,Parts Of Industrial Or Laboratory Furnaces And Ovens,70270,206564719,202466024
84181000,"Combined refrigerator-freezers, fitted with separate external doors",33577,20390190,18254950
84182100,Compression-type household refrigerators,3440,2303119,2257739
84182900,"Household refrigerators, nes",320865,163274268,95157070
84183000,"Freezers of the chest type, not exceeding 800 L capacity",247875,116737612,107738825
84184000,"Freezers of the upright type, not exceeding 900 L capacity",9668,7312378,6267686
84185000,"Other furniture (chests, cabinets, display counters, show-cases and",10535,4800531,2796486
84186110,"Indstrl.Refrigeration/Freezing Equipment,Compression Type..Heat Excharger)",5310,14452271,14167504
84186190,Oth.Re/Freg.Compres.Type Units Whose Cndnsrs.Are Heat Exchngrs.Ex.Indstrl.,2407,928747,903317
84186910,"Refrigerating Or Freezing Equipment,Heat Pumps, Industrial",372269,181564287,177394392
84186995,Special type laboratory refrigerator imported by pharmaceutical industries,61,1034596,1014210
84186997,"Chiller, capacity 25 tons or above",60413,98067457,96247387
84186999,"Freezers of the upright type, (Excl.) exceeding 900 L or 800L capacity",20283,20194897,18950038
84189900,Parts for imported by VAT registered refrigerator and freezer manufacturers,575418,239848071,217040457
84191100,Instantaneous Gas Water Heaters,8,1252,614
84191900,"Other Instantaneous Or Storage Water Heaters, Non-Electric, Nes",191,123527,89391
84192000,"Medical, Surgical Or Laboratory Sterilizers",13846,9567806,8378653
84193300,"Lyophilisation apparatus, freeze drying units and spray dryers",662,471576,462285
84193400,"Other, for agricultural products",97780,36716166,20254703
84193900,"Non-Domestic Dryers, Nes",125822,103845058,85814713
84194010,Water Distillation Equipment Up To 20 Litres,49,18398,2454
84194090,Water Rectifying Plant,357,423350,373277
84195000,Heat Exchange Units,61538,81260586,76394805
84196000,Machinery For Liquefying Air Or Other Gases,3255,5090358,4985659
84198100,"Non-Domestic Equipment, For Cooking Or Heating Food",39597,31252206,24969950
84198911,Evaporator or condenser or both exceeding 200000 BTU,6120,6916452,6780171
84198919,Other,20698,7568591,5484309
84198990,Other,202257,202494070,190600703
84199000,Parts Of Non-Domestic Heating/Cooling Equipment,4302,5073549,4517563
84201000,Calendering Or Other Rolling Machines (Excl. For Metal/Glass),46619,16052809,8141055
84209100,Cylinders For Calendering Or Other Rolling Machines,6060,4828043,4710903
84209900,"Parts Of Calendering Or Other Rolling Machines, Nes",5763,4289523,4221582
84211100,Centrifugal Cream Separators,373,151850,104295
84211200,Centrifugal Loundry -Dryers Of 1bhp Or More,660,1191579,1168104
84211910,"Other Centrifuges,Including Contrifugal Dryers Nes, For Laboratory Use",8770,19321506,17755936
84211990,"Oth. Centrifuges, incl. Centrifugal dryers; filtering.. Excl.laboratory, industrial type",1061,3712632,3563147
84212110,Water Filtering Or Purifying Machines Of Sterilisers For Laboratory Use,29,450963,442077
84212120,Domestic type water purifying apparatur and machine.,162493,97708502,86517452
84212191,Filtering Or Purifying Machinery & Apparatus To Be Used With Swimm. Pools,2038,703852,391389
84212192,Water purifying machine (Industrial type),30970,58211857,56505451
84212193,Effluent (waste water) Treatment Plant,46741,164756490,161876073
84212194,"Carbon filter, filter housing, diffuser",2165,3679383,3506329
84212195,Sewage treatment plant (STP) imported by VAT complaint water purifying machine/apparatus,7310,5169107,4600023
84212199,Other (excl. effluent waste water treatment plant),114751,73867051,68843171
84212200,Machinery And Apparatus For Filtering/Purifying Beverages (Excl. Water),13525,20429292,20138602
84212300,Oil Or Petrol-Filters For Internal Combustion Engines,92603,80404502,69992137
84212910,Cartridge/Membrane filter,4860,16050551,15509220
84212910,Imported by pharmaceuticals or water purifying machine/apparatus manufacturing industry,11339,26981239,26449592
84212920,Haemodialyser (Artificial Kidney),12552,34124335,32862459
84212990,"Filtering or purifying machinery and apparatus for liquids, NES",16913,28477823,26879986
84213100,Intake Air Filters For Internal Combustion Engines,123407,96533661,84330929
84213290,Filtering or purifying machinery and apparatus for gases,543,985613,938757
84213920,Industrial filter for air or other gases; overhead travelling .. cyclone of industria,78132,85657136,80021079
84213930,Leucocyte filter,8,11854,10061
84213990,Other,97343,238841342,234935326
84213999,"Machinery And Apparatus For Filtering Or Purifying Gases, Nes",1,4488,4400
84219100,"Parts Of Centrifuges, Including Centrifugal Dryers",2186,1966923,1603392
84219910,Parts Of Machinery... For Filtering/Purifying Liquids Or Gases,63953,17851628,13926479
84219990,Parts Of Machinery... For Filtering/Purifying Liquids Or Gases,17180,47227683,44023453
84221100,"Dish Washing Machines, Of The Household Type",2889,1128032,1095014
84221900,"Other Dish Washing Machines, Of The Industrial Type",248,92982,90295
84222000,Machinery For Cleaning Or Drying Bottles Or Other Containers,6133,46440781,45525715
84223000,"Machinery For Filling,Closing...Etc.Bottles,Cans Etc,& Aerating Drinks",460511,1755289806,1726993589
84224000,"Oth.Packing/Wrapping Machinery, (Incl. Heat-Shrink Wrapping Machinery)Nes",176903,692462508,674735070
84229000,Parts Of Machinery Of 8422.11 To 8422.40,3479,21971822,21526578
84231010,"Personal wt. machines (incl. baby scales), h/hold scales... Neonatal scale with spring",329,167409,49325
84231090,"Personal wt. Machine .., h/hold scales... Excl. Neonatal scale with spring",34827,9592139,7008623
84232000,Scales For Continuous Weighing Of Goods On Conveyors,55332,29941619,23343535
84233000,Constant Weight Scales And Scales For Discharging A Predetermined Weight,687,2127716,2100874
84238100,"Weighing Machinery, Nes, Of Weighing Capacity =<30kg",101645,27044328,19958505
84238210,Weighting Capacity Exceeding 200KG,43148,17701101,14884143
84238290,"Weighing Machinery,Nes,..Capacity 30-5000kg(Excl.Capacity Excd. 200kg)",98995,34083830,29410744
84238900,"Weighing Machinery, Nes, Of Weighing Capacity >5000kg",8925,4413290,2256991
84239000,Weighing Machine Weights Of All Kinds; Parts Of Weighing Machinery,19919,12354049,10966994
84241000,"Fire Extinguishers, Whether Or Not Charged",307284,67463383,63436031
84242010,Spray Guns And Similar Appliances Of Industrial Use,12644,29898018,27920665
84242020,Metered valves for inhaler,9580,99041054,96796259
84242030,SPRINKLER SYSTEM AND EQUIPMENTS,2522,30864685,30151969
84242090,Spray Guns And Similar Appliances (Excl. Of Industrial Use),54919,47491006,41678125
84243000,Steam Or Sand Blasting Machines And Similar Jet Projecting Machines,5997,3763400,2605021
84244110,Agricultural or horticultural sprayers Portable sprayers,164806,51278543,43800275
84244190,Agricultural or horticultural sprayers Portable sprayers,86803,32570898,18390963
84244900,Oth. Agricultural or horticultural sprayers,11910,4682707,4280267
84248900,Mechanical Appliances For Projecting/Dispersing/Spraying Liquids/Powders,23762,13400036,9967652
84249000,Parts Of Machinery And Apparatus Of 8424.10 To 8424.89,14979,12183142,10883357
84251100,"Pulley Tackle And Hoists..., Powered By Electric Motor",7763,3051929,1816696
84251900,"Pulley Tackle And Hoists..., Nes (Excl. Skip Or Vehicle Hoists)",7925,8334482,6990534
84253100,"Winches, Capstans, Powered By Electric Motor",42800,26769605,24490642
84253900,"Winches, Capstans, Nes",1742,1564743,1424207
84254100,Built-In Jacking Systems Of A Type Used In Garages,12753,4778962,2466670
84254200,Hydraulic Jacks And Vehicle Hoists,65894,11636391,9516906
84254900,"Jacks And Vehicle Hoists, Nes",833,1335222,1244496
84261100,Overhead Travelling Cranes On Fixed Support,663823,249556328,156068331
84261900,"Transporter Cranes,Gantry Cranes/Bridge Cranes,Overhd Travellng Cranes Nes",11090,4164459,3109218
84262000,Tower Cranes,780,306970,86135
84264900,"Derricks, Cranes, Etc, Nes, Self-Propelled (Excl. On Tyres)",69905,42713907,42182286
84269900,"Ships Derricks, Cranes, Etc, Nes",86085,95190051,94724400
84271000,Self-Propelled Works Trucks Powered By An Electric Motor,297668,181575471,172257669
84272000,Self-Propelled Works Trucks (Excl. Electic),221614,95398243,84451766
84279000,"Other Works Trucks Fitted With Lifting Or Handling Equipment, Nes",49248,18122511,13877715
84281000,Lifts And Skip Hoists,1327983,557536315,471987698
84282000,Pneumatic Elevators And Conveyors,100,1236271,1211912
84283200,"Continuous-Action Elevators And Conveyors, Bucket Type, Nes",350,538134,526997
84283300,"Continuous-Action Elevators And Conveyors, Belt Type, Nes",49865,32104172,26270613
84283900,"Continuous-Action Elevators And Conveyors, Nes",71171,72361460,70333922
84284000,Escalators And Moving Walkways,42338,16044534,13566939
84286000,"Teleferics, Chair-Lifts...; Traction Mechanisms For Funiculars",23581,9718772,8027716
84287000,Industrial robots,523,1660259,1582339
84289000,"Lifting, Handling, Loading Or Unloading Machinery, Nes",138653,73429313,58670203
84291900,"Self-Propelled Bulldozers And Angledozers, (Excl. Track Laying)",93190,66379296,65245818
84293000,Self-Propelled Scrapers,2,122033,120380
84294000,Self-Propelled Tamping Machines And Road-Rollers,50070,23131706,19237474
84295100,Self-Propelled Front-End Shovel Loaders,400456,175715838,148425495
84295200,Self-Propelled Bulldozers... With A 360o Revolving Superstructure,91108,36001921,34280458
84295900,"Self-Propelled Bulldozers, Excavators..., Nes",1357721,408559528,297435285
84301000,Pile-Drivers And Pile-Extractors,16109,71559811,70149800
84304900,Boring Or Sinking Machinery (Not Self-Propelled),13000,5634961,5579169
84306130,Soil anchoring/Grounting apparatus,16,61076,59872
84306190,"Tamping Or Compacting Machinery, Not Self-Propelled",11848,17160343,16522169
84306900,"Other Earth Moving,Excavating, Extracting... Machinery, Not Self-Propelled",758,284628,279020
84311000,Parts Of Machinery Of 84.25,2,7653,7397
84312000,Parts Of Machinery Of 84.27,14114,4607997,3485430
84313100,"Parts Of Lift, Skip Hoists Or Escalators",327785,101160276,88945263
84313900,"Parts Of Machinery Of 84.28 (Excl. Lift, Skip Hoists Or Escalators)",74186,25275340,20264227
84314100,"Buckets, Shovels, Grabs And Grips Of Machinery Of 84.26, 84.29 And 84.30",37015,17823381,15628875
84314300,Parts For Boring Or Sinking Machinery Of Subheading 8430.41 Or 8430.49,208786,352494207,347855193
84314900,"Parts of machinery of 84.26, 84.29 and 84.30, nes",109309,37757505,22623687
84322900,"Harrows (Excl. Disc Harrows), Scarifiers, Cultivators, Weeders And Hoes",232974,88837724,81218626
84323100,"Seeders, planters and transplanters No-till direct seeders, planters and transplanter",165,61738,52638
84323900,"Seeders, planters and transpl Excl. No-till direct seeders, planters and transplanter",9231,3627523,2291612
84328000,"Soil preparation/cultivation machinery; lawn/sports-ground rollers , nes",402306,126278965,121089951
84329000,Parts Of Soil Preparation/Cultivation Machinery...,410259,45915492,38197276
84331100,"Mowers..., Powered, The Cutting Device Rotating In A Horizontal Plane",660,251999,198774
84331900,"Mowers For Lawns, Parks Or Sports Grounds, Nes",404,151743,142126
84332000,"Mowers (Incl. Cutter Bars For Tractor Mounting), Nes",1383,517669,262003
84333000,Haymaking Machinery,4075,1520072,878895
84335100,Combine Harvester-Threshers,12300,6868042,6770239
84335200,"Threshing Machinery For Agricultural Produce, Nes",3050,1145378,462824
84335910,Harvesting machinery,2025,1282954,1055220
84335990,"Harvesting Machinery, Nes",107,41929,30062
84336000,"Machines For Cleaning, Sorting Or Grading Eggs, Fruit Or Other Produce",830,313009,306842
84339000,Parts Of Harvesting... Machinery,16775,7532792,6132593
84341000,Milking Machines,751,282018,210799
84342000,Dairy Machinery,3900,10331684,10057379
84351000,Crushing Machinery,5832,2171982,1725555
84361000,Machinery For Preparing Animal Feeding Stuffs,296999,110646117,47592372
84362100,Poultry Incubators And Brooders,49418,18789380,4031169
84362900,"Other Poultry-Keeping Machinery, Nes",612845,334317013,296909233
84368000,"Agricultural... Forestry Or Bee-Keeping Machinery, Nes",1142,370202,362908
84369100,Parts Of Poultry-Keeping Machinery Or Poultry Incubators And Brooders,307,106518,33839
84369900,"Parts Of Agricultural... Machinery, Nes",62816,67976277,62069847
84371000,"Machines For Cleaning/Sorting/Grading Seed, Grain Or Dried Vegetables",220259,215577654,196909424
84378010,Rice Huller And Rice/Wheat Crusher,19965,7480763,5540401
84378090,Other Machinery For Milling Or Working Cereals Or Dried Vegetables,595245,292594155,268173926
84379010,Parts For Rice Huller And Wheat Crusher,227727,58670406,47839990
84379090,"Other Parts Of Milling Etc, Machinery",53898,15033560,11906544
84381000,"Bakery Machinery And Machinery For Making Macaroni, Spaghetti, Etc",80293,112649423,110505045
84382000,"Machinery For The Manufacture Of Confectionery, Cocoa Or Chocolate",107133,270478361,264546226
84384000,Brewery Machinery,2735,1026971,612518
84385000,Machinery For The Preparation Of Meat Or Poultry,4149,6645050,6357469
84386000,"Machinery For The Preparation Of Fruits, Nuts Or Vegetables",1696,711697,480764
84388000,"Machinery for the preparation or manufacture of food or drink, nes",780792,1065781514,1040785001
84389000,"Parts Of Industrial Machinery For Food And Drink Manufacture, Nes",1104,3283763,1820754
84392000,Machinery For Making Paper Or Paperboard,406490,499541514,446742402
84393000,Machinery For Finishing Paper Or Paperboard,4615,5969178,5623341
84399100,Parts Of Machinery For Making Pulp Of Fibrous Cellulosic Material,3315,4241199,4164929
84399900,Parts Of Machinery For Making/Finishing Paper Or Paperboard,37007,38599448,37954539
84401000,Book-Binding Machinery (Incl. Book-Sewing Machines),4127,1130336,500055
84409000,Parts Of Book-Binding Machinery,25,41370,40552
84411000,Cutting Machines,159396,85367286,71882960
84412000,"Machines For Making Bags, Sacks Or Envelopes Of Paper Or Paperboard",35800,11006211,4215481
84413000,"Machines For Making Cartons, Boxes, Etc, Of Paper Or Paperboard",42870,24440554,19997055
84418000,"Machinery For Making Up Paper Pulp, Paper Or Paperboard, Nes",73745,43479361,38142708
84419000,"Parts Of Machinery For Making Up Paper Pulp, Paper Or Paperboard, Nes",2571,7130949,6509137
84423000,"Machinery, apparatus and equipment for pre. or making plates, ..comp. Machiner",3892,7607794,7414945
84424000,Parts Of Type-Setting... Machinery,1060,262788,171535
84425010,"Printing Type, Prepared For Printing Purpose",4,1506330,1476590
84425020,PRINTING PLATES,94,901828,871171
84425090,"Other Printing Type,Blocks,Plates,Cylinders...Other Printing Components",1912,9591854,9396538
84431100,"Offset Printing Machinery, Reel Fed",41500,19112889,16748550
84431300,Other offset printing machinery,258458,314730289,298338857
84431400,"Letterpress printing machinery, reel fed, excluding flexographic printing",1500,887197,869716
84431600,Flexographic printing machinery,24971,83626686,82034772
84431700,Gravure printing machinery,7350,5832176,5717820
84431900,"Other printing components(excl.Offset printing machinery, Letterpress printing",188445,173487359,153836529
84433100,"Machines which perform two or more of the functions of printing, copying or fa",47266,50867418,42306298
84433210,Computer printer,31716,33016515,23219695
84433290,Other printer (excl. computer printer),7084,14913732,11916436
84433910,Inkjet printer,25140,100309628,96705001
84433991,Copying machine & fax machine,6351,2851194,2023502
84433999,"Other printing machine,nes",25191,39005263,37756626
84439100,"Parts & acces.of printing m/c used for print. by means of plates, cylinders an",11744,24515624,23592430
84439910,Toner cartridge/Inkjet cartridge,121707,93980816,69891970
84439920,Other parts for Computer Printer,4092,3434006,2812849
84439990,Parts & accessories other than compuet printer,23842,78276983,73211418
84440000,"Machines For Extruding, Drawing... Or Cutting Man-Made Textile Materials",26085,37512331,36773190
84451100,"Carding Machines, For Preparing Textile Fibres",13296,5488542,4294146
84451300,"Drawing Or Roving Machines, For Preparing Textiles Fibres",29570,12184294,10368150
84451900,"Other Machines For Preparing Textile Fibres, Nes",672152,488913421,432925438
84452000,Textile Spinning Machines,60604,105106196,103061280
84453000,Textile Doubling Or Twisting Machines,85849,56393593,55451198
84454000,Textile Winding (Incl. Weft-Winding) Or Reeling Machines,75093,118725820,115779216
84459000,"Machinery For Producing Or Preparing Textile Yarns, Nes",84786,59992453,55476410
84461000,"Weaving Machines For Weaving Fabrics, =<30cm Wide",3560,3014687,2645253
84462100,"Power Looms For Weaving Fabrics, >30cm Wide, Shuttle Type",1307480,362322022,90598037
84462900,"Weaving Machines For Weaving Fabrics, >30cm Wide, Shuttle Type, Nes",247,141986,32533
84463000,"Weaving Machines For Weaving Fabrics, >30cm Wide, Shuttleless Type",1719893,622518371,289639690
84471200,"Circular Knitting Machines, With Cylinder Diameter >165mm",726770,1343545963,1310706539
84472000,Flat Knitting Machines; Stitch-Bonding Machines,1255035,1337647959,1297230726
84479000,"Machines For Making Gimped Yarn, Tulle, Lace, Embroidery, Trimmings, Etc",1376020,741153528,638580622
84481100,"Doobies And Jacquards; Card Reducing, Copying... Machines",10500,3916451,2699400
84481900,"Auxiliary Machinery For Machines Of 84.44, 84.45, 84.46, 84.47",31080,68865052,67590307
84482010,Parts And Accessories Of Machines Of 84.44 Or Their Auxiliary Machinery,1,5760,5644
84482090,Parts And Accessories Of Machines Of 84.44 Or Their Auxiliary Machinery,4023,1780570,1708763
84483100,Card Clothing,24414,68516812,66607139
84483200,"Parts And Accessories Of Machines For Preparing Textile Fibres, Nes",3655,7969439,7804420
84483300,"Spindles, spindle flyers, spinning rings and ring travellers",22950,68176889,65987122
84483900,"Parts And Accessories Of Machines Of 84.45, Etc, Nes",31105,76343920,72268753
84484210,"Reeds And Wire Healds, For Loom",44212,9712817,7342531
84484290,Other Reeds For Looms Healds And Heald-Frames,2100,4241259,4157690
84484900,"Parts And Accessories Of Weaving Machines (Looms), Nes",84219,66687093,63925769
84485100,"Sinkers, needles and other articles used in forming stitches",7044,172613203,166117774
84485900,"Other Parts And Accessories Of Machines Of 84.47, Etc, Nes",36577,38296957,32051924
84490000,Machinery For The Manufacture Or Finishing Of Felt Or Nonwovens,163789,98472222,90767889
84501100,"Fully-Automatic Washing Machines, Capacity=<10kg",207173,133286204,112495530
84501200,"Washing Machines With Built-In Centrifugal Drier, Capacity =<10kg",20506,17188699,16909287
84501900,"Washing Machines, Nes, Of A Dry Linen Capacity =<10kg",384,48970,32351
84502010,"Washing Machines, Household/Laundry Type, Capacity <18kg",55267,33889554,28110344
84502090,"Washing Machines, Household/Laundry Type, Capacity >10kg",17970,8801660,7003605
84509000,Parts Of Household/Laundry-Typewashing Machines,154560,67381203,49320542
84511000,Dry-Cleaning Machines,220,207275,203191
84512100,"Drying Machines, Of A Dry Linen Capacity =<10kg",689,1674007,1562350
84512900,"Drying Machines, Of A Dry Linen Capacity >10kg",94445,106252860,104072098
84513000,Ironing Machines And Presses (Incl. Fusing Presses),56976,124187594,121370595
84514000,"Washing, Bleaching Or Dyeing Machines, Nes",294630,708729470,693994448
84515000,"Machines For Reeling, Unreeling, Folding, Cutting... Textile Fabrics",82150,118612691,116204386
84518000,"Machines For Wringing, Dressing, Finishing... Textile Yarns, Fabrics...",261718,349797744,339952985
84519000,"Parts Of Machines For Cleaning, Drying, Ironing, Etc",42132,39357041,36893074
84521000,SEWING MACHINES OF THE HOUSEHOLD TYPE,267811,95508454,90988988
84522100,Automatic Sewing Machines,944420,1156416638,1124979127
84522910,Sewing Machines Of Industrial Type(Excl.Automatic Units) Non Electric,2821,79778,68345
84522990,Sewing Machines Of Industrial Type (Excl. Automaic Units ) Nes.,15349,7113496,6500124
84523000,Sewing Machine Needles,10276,79192303,72156665
84529010,"Furniture, bases and covers for sewing machines and parts thereof",23820,5987257,4915451
84529090,Other parts of sewing machines,140946,69770717,42191316
84531000,"Machinery For Preparing, Tanning Or Working Hides, Skins Or Leather",425,555372,538653
84532000,Machinery For Making Or Repairing Footwear,94684,89143770,84668744
84538000,"Machinery For Making/Repairing Articles Of Hides, Skins Or Leather, Nes",56996,35293378,26632907
84539000,"Parts Of Machinery For Preparing ... Leather, Making Footware, Etc",484,2057272,1908433
84542000,"Ingot Moulds, Ladles Used In Metallurgy Or In Metal Foundries",23280,8740000,1963200
84543000,Casting Machines Used In Metallurgy Or In Metal Foundries,13255,12341896,11860059
84549000,"Parts Of Converters, Ladles... Casting Machines",22121,9090015,8017423
84551000,Tube Mills,9980,3922710,3845418
84552100,Hot Or Combination Hot And Cold Metal-Rolling Mills,710273,738599180,699140380
84552200,Cold Metal-Rolling Mills,7560,2832493,1113134
84553000,Rolls For Rolling Mills,69890,93198182,84918806
84559000,Parts Of Metal-Rolling Mills (Excl. Rolls),3218,6655850,5633011
84561100,"Operated by laser or other light or photon beam processes,Operated by laser",94756,120251521,113226773
84561200,"Operated by laser or other light or photon beam processes , Oper by other light or ph",232,29462,7364
84562000,Machine-Tools Operated By Ultrasonic Processes,98,131423,121473
84564000,Operated by plasma arc processes,0,1251663,1227000
84565000,Water-jet cutting machines,2278,1045159,1024565
84569000,"Other m/c-tools(excl. laser or other light or photon beam, ultra-sonic, electr",6722,5675626,4682432
84571000,Machining Centres For Working Metal,16029,20006075,19634279
84573000,Multi-Station Transfer Machines For Working Metal,3200,2945913,2887867
84581900,Horizontal Lathes For Removing Metal (Excl. Numerically Controlled),21762,9324755,7213614
84589900,"Other Lathes For Removing Metal, Nes (Excl. Numerically Controlled)",31754,9183981,6198788
84592900,"Drilling Machines For Removing Metal, Nes",13808,6245709,4330371
84593900,"Boring-Milling Machines For Metal, Nes",2604,2512086,2462589
84595900,"Milling Machines, Knee-Type, For Metal (Excl. Numerically Controlled)",14358,6026552,5717053
84596100,"Other Milling Machines For Metal, Numerically Controlled (Excl. Knee-Type)",5200,7509980,7362000
84596900,"Other Milling Machines For Metal, Nes",15720,4631874,3547649
84597000,"Threading Or Tapping Machines For Metal, Worked By Removing Metal, Nes",8750,5183096,4405298
84601900,"Flat-Surface Grinding Machines, 0.01mm Accuracy, Nes",7300,1997153,1050080
84602200,"Centreless grinding machines, numerically controlled",3639,4225899,4093272
84602900,"Grinding Machines, Nes, Accurate To 0.01mm",552,1156019,1133257
84603100,"Sharpening (Tool Or Cutter Grinding) Machines, Numerically Controlled",56,118474,115338
84603900,"Sharpening (Tool Or Cutter Grinding) Machines, Nes",8157,3475350,2917910
84609000,"Other Machines For Deburring, Grinding, Polishing, Etc, Metal, Nes",43602,16460117,12128342
84612000,Shaping Or Slotting Machines For Working Metal Or Cermets,47635,28649954,26793839
84614000,Gear Cutting/Grinding/Finishing Machines For Working Metal Or Cermets,2260,1665871,1642953
84615000,Sawing Or Cutting-Off Machines For Working Metal Or Cermets,49219,28132783,22698392
84619000,"Other Machine Tools Working By Removing Metal Or Cermets,Nes",8009,4266006,4179800
84621100,Closed die forging machines,35,101228,101228
84621900,Other Than Closed die forging machines,300,133659,95812
84622200,Profile forming machines,670,365631,360738
84622300,Numerically controlled press brakes,1027,1425474,1422533
84622500,Numerically controlled roll forming machines,8330,3451028,3408331
84622600,"Other numerically controlled bending, folding, straightening or flattening machines",619,230861,185670
84622900,"Bending, Folding, Straightening Or Flattening Machines (Incl. Presses)",153198,85318035,62536574
84623200,Slitting lines and cut-to-length lines,1160,1507771,1478085
84623900,"Shearing Machines (Incl. Presses), Nes",138848,100859518,83018574
84624900,"Punching Or Notching Machines (Incl. Presses), Nes",59069,25262239,18624274
84625900,"Machines for working tube, pipe, hollow section Excluding Numerically controlled",22,8761,6135
84626100,Cold metal working presses : Hydraulic presses,19894,8656074,7006818
84626200,Cold metal working presses :Mechanical presses,48625,21743751,18950770
84626300,Cold metal working presses : Servo-presses,232,87145,18411
84626900,"Cold metal working presses :, NES",41556,12403688,9954831
84629000,Machine-tools (Including presses) for working metal by... not specified above NES,210039,80795524,62601864
84631000,"Draw-Benches For Bars, Tubes, Profiles Or The Like",2600,976591,322513
84632000,"Thread Rolling Machines For Working Metal, Without Removing Material",2930,1676526,1558674
84633000,"Machines For Working Wire, Without Removing Material",2726,1635394,1552067
84639000,"Other Machine-Tools For Working Metal, Without Removing Material, Nes",4255,8990724,8652899
84642000,"Grinding Or Polishing Machines, For Working Stone, Ceramics, Etc",96668,48826270,46871289
84649000,"Machine-Tools For Working Stone, Ceramics, Concrete, Etc",16062,25943071,25248185
84651000,Machines Which Can Change Operation Without Changing Tools,34,23017,22706
84659100,"Sawing Machines For Working Wood, Cork, Bone, Hard Rubber, Etc",9708,5596185,3881472
84659200,"Planing, Milling Or Moulding Machines For Working Wood, Cork, Bone, Etc",74942,30973483,28288022
84659300,"Grinding, Sanding Or Polishing Machines For Working Wood, Cork, Etc",16037,8741586,7665977
84659400,"Bending Or Assembling Machines For Working Wood, Cork, Bone, Etc",37121,15349003,10914165
84659500,"Drilling Or Morticing Machines For Working Wood, Cork, Bone, Etc",16986,6231255,2882454
84659600,"Splitting, Slicing Or Paring Machines For Working Wood, Cork, Bone, Etc",21946,8164527,7657370
84659900,"Other Machine-Tools, Nes, For Working Wood, Cork, Bone, Hard Rubber, Etc",110389,44904546,37034451
84661000,Tool Holders And Self-Opening Dieheads,139,1298754,1252110
84662000,Work Holders For Machine-Tools,8094,2617180,2015857
84663000,Dividing Heads And Other Special Attachments For Machine-Tools,137,406238,396949
84669100,Parts And Accessories For Machines Of 84.64,13348,6392730,6138535
84669200,Parts And Accessories For Machines Of 84.65,1263,510906,480648
84669300,Parts And Accessories For Machines Of 84.56 To 84.61,1659,2877149,2575462
84669400,Parts And Accessories For Machines Of 84.62 To 84.63,6498,15362524,15012086
84671100,"Pneumatic Tools, Rotary Type, For Working In The Hand",2313,4123632,3837502
84671900,"Pneumatic Tools (Excl. Rotary Type), For Working In The Hand",1650,963132,833127
84672100,DRILLS OF ALL KINDS;WITH SELF CONTAINED ELECTRIC MOTOR,124854,51208125,45772240
84672200,SAWS; WITH SELF-CONTAINED ELECTRIC MOTOR,30672,11902770,10659213
84672900,TOOLS FOR WORKING IN THE HAND;EXCLUDING DRILLS AND SAWS,132368,53649185,43960306
84678100,Chain Saws With Non-Electric Motor,18274,6886843,5842710
84678900,"Tools for working in the hand, with non-electric motor, nes",17228,8370657,7631339
84679100,Parts Of Chain Saws,26384,6755379,2592799
84679200,Parts Of Pneumatic Tools,228,522198,505769
84679900,"Parts Of Hand-Tools, With Non-Electric Motor, Nes",60602,16002894,10860955
84681000,"Hand-Held Blow Pipes For Soldering, Brazing Or Welding",10,50439,47608
84682000,"Gas-Operated Machinery And Apparatus, For Soldering, Brazing...",3311,1654358,1394437
84688000,"Machinery And Apparatus For Soldering, Brazing Or Welding, Nes",50072,52369975,50053754
84689000,"Parts Of Soldering, Brazing Or Welding Machinery And Apparatus",1090,392250,364781
84701000,Electronic calculators capable of operation ... machines with calculating functions,43349,35382479,22573751
84703000,Calculating Machines (Excl. Electronic),2816,1913837,929137
84705000,Cash Registers,7118,48731315,42259886
84709000,"Postage-Franking Machines, Ticket-Issuing Machines, Etc",1310,7768866,7453955
84713000,"Portable Digital Adp Machines,Wt<=10 Kg,Comp.At Least Cpu,Keyboard&Display",73659,672347253,506930992
84714100,"Nonportable Adp Machines,Comprisng At Least Cpu & I/O Unit In Same Housing",738,9739466,9217162
84714900,"Non-Portable Adp Machines, Nes, Presented In The Form Of Systems",24438,199949992,185869949
84715000,"Processing units other than those of subheading 8471.41 or 8471.49, whether or",28622,489963613,446396039
84716010,Adp Input/Output Units Whether/Not Containg. Storage Units In Same Housing,1749,14084615,13596132
84716090,Adp Input/Output Units Whether/Not Containg. Storage Units In Same Housing,117169,138479829,128194164
84717000,Automatic Data Processing Machine Storage Units,29555,286934224,228415571
84718000,Other Units Of Automatic Data Processing Machines Nes,2920,3921537,2053299
84719000,Magnetic or optical readers; machines for transcribing data onto data media...nes,7546,41999068,39146387
84721000,Hectograph Or Stencil Duplicating Machines,408,300424,134970
84723000,Machines For Dealing With Mail,490,187065,184105
84729010,"Office machines (incl. coin-sorting/counting/wrapping machines...) , nes",1900,2111390,2071795
84729090,"Office machines (incl. coin-sorting/counting/wrapping machines...) , nes",63458,15853788,12567340
84732100,"Parts & Accessor. Of The Electronic Calculating Of 8470.10,8470.21,8470.29",13035,1709506,1192758
84732900,Parts And Accessories Of Machines Of 8470.30 To 8470.90,6079,2954588,2839419
84733000,Parts And Accessories Of The Machines Of 84.71,100811,271518369,205116781
84734000,Parts And Accessories Of The Machines Of 84.72,76084,120888474,117280997
84735000,Parts/acss equally suitable for use with the mach of >2= of hdgs 84.70 to 84.72,539,443477,426565
84741000,"Sorting, Screening, Separating Or Washing Machines For Earth, Stone...",17991,16815606,14390758
84742000,"Crushing Or Grinding Machines For Earth, Stone, Ores, Etc",19185,35777276,33417368
84743100,Concrete Or Mortar Mixers,108750,41224645,31681454
84743900,"Mixing Or Kneading Machines For Earth, Stone, Ores, Etc",26406,47788034,43798279
84748000,"Other Machinery For Earth, Stone, Ores, Etc, Nes",1627994,1048068421,918013015
84749000,Parts Of Machinery Of 84.74,60881,44849756,43667768
84752900,Machines For Manufacturing/Hot Working Glass/Glassware(Exc.Optical Fibres),3415847,1893312665,1078248338
84759000,Parts Of Machines Of 84.75,111,27787,27239
84768900,"Automatic Vending Machines Without Heating/Refrigerating Devices,Nes",300,112653,28344
84771000,"Injection-Moulding Machines For Working Rubber Or Plastics, Etc",665740,265743558,215327136
84772000,Extruders For Working Rubber Or Plastics And Making Products Thereof,438246,436699968,417814550
84773000,"Blow Moulding Machines For Working Rubber Or Plastics, Etc",212179,141845103,135581529
84774000,Vacuum Moulding Machines And Other Thermoforming Machines For Rubber...,67672,36211782,35347441
84775900,"Machinery For Moulding Or Forming Rubber Or Plastics, Etc, Nes",2609,1753029,1531929
84778000,"Other Machinery For Working Rubber/Plastics Or Making Products Thereof,Nes",546207,431783024,404649380
84779000,"Parts Of Machinery For Working Rubber Or Plastics, Etc",21796,45372926,43596498
84781000,"Machinery For Preparing Or Making Up Tobacco, Nes",12737,23308214,20514949
84789000,Parts Of Machinery Preparing Or Making Up Tobacco,1329,18420856,18068932
84791000,"Machinery For Public Works, Building..., Having Individual Functions",6685,2668253,2605038
84792000,Machinery For The Extraction/Preparation Of Animal/Vegetable Fats Or Oil,55946,21028714,12733494
84794000,Rope Or Cable-Making Machines,5300,4176234,3840510
84795000,"Industrial Robots, Nes",14581,29544182,28932281
84796000,Evaporative Air Coolers,540,286096,131905
84797900,Other Passenger boarding bridges:,38,10012,2454
84798100,"Machines For Treatng Metal,Inc.Elec.Wire Coilwinders,Individual Functions",40497,52096409,45949651
84798200,"Machines For Mixing,Kneading,Crushing,Grinding,Having Individual Functions",213193,354678755,337490537
84798900,"Machines, having individual functions, nes",885409,2783363680,2715228669
84799000,Parts Of Machines Having Individual Functions Of Hs Heading 8479,12498,16831280,16005938
84801000,Moulding Boxes For Metal Foundry,147,343121,333867
84802000,Mould Bases,217398,339277136,30796366
84804100,Injection Or Compression Type Moulds For Metal Or Metal Carbides,4049,13732314,9224260
84804900,Moulds For Metal Or Metal Carbides (Excl. Injection Or Compression),147405,282151337,209285221
84805000,Moulds For Glass,17331,34646279,33200281
84806000,Moulds For Mineral Materials,113006,54937944,33115577
84807100,Injection Or Compression Type Moulds For Rubber Or Plastics,211155,354015244,244315082
84807900,Moulds For Rubber Or Plastics (Excl. Injection Of Compression),179478,279621688,130099914
84811011,"Pressure-reducing valves,... not exceeding 1 inch Pressure regulator/valve for LPG",96037,25898155,21400614
84811019,"Pressure-reducing valves,... not exceed 1 inch, Excl. Press. regulator/valve for LPG",3207,10732710,10265974
84811090,Exclu. Inner Diameter not exceeding 1 inch,7804,21157291,20248351
84812010,"Valves for oleohydraulic or pneumatic transmission, inner diameter not exceeding 1 inch",62783,35155770,32991763
84812090,"Valves for oleohydraulic or pneumatic transmissions,Excl.Inner diameter not excee. 1 inc",4485,6116155,5675895
84813019,"Check (nonreturn) valves, inner diameter <= 1 inch.",20142,11771973,10779531
84813090,"Check (nonreturn) valves, Excl. Inner Diameter <= 1 inch.",87000,56983913,41792273
84814011,"Safety or relief valves, Inner diameter <= 1 inch., Safety or relief valve for LPG",21099,21582582,21037921
84814019,"Safety or relief valves, Inner dia. <= 1 inch., Excl. Safety or relief valve for LPG",7718,4691192,4230454
84814090,"Safety or relief valves, Excl. diameter <= 1 Inch",5618,14470025,13677667
84818010,Inner-Tube Valves For motorized or non-motorized vehicles,68332,57120631,55253755
84818021,Hand diaphragm valve,1301,3255404,3188376
84818029,Hand diaphragm valve,195396,220547234,194810424
84818090,"Inner Diameter <1 inch,nes",278183,281817306,264108002
84819010,Parts of taps and cocks,34297,20066539,17418513
84819090,"Parts of taps and cocks, NES",5951,149762190,146650419
84821000,Ball Bearings,916865,530252099,403591484
84822000,"Tapered Roller Bearings, Including Cone And Tapered Roller Assemblies",44322,28290649,24723789
84823000,Spherical Roller Bearings,26841,17530454,14999939
84824000,Needle Roller Bearings,975,7468974,7178471
84825000,Other Cylindrical Roller Bearings (Excl. Needle),2433,6145415,5623265
84828000,"Ball Or Roller Bearings (Incl. Combined Ball/Roller Bearings), Nes",5262,18875178,18206202
84829100,"Balls, Needles And Rollers",76647,34588921,22687524
84829900,"Parts Of Ball Or Roller Bearings (Excl. Balls, Needles And Rollers)",8114,15558886,14822445
84831000,Transmission shafts (incl. cam and crank shafts) and cranks,148485,124884265,104800134
84832000,"Bearing housings, incorporating ball or roller bearings",151887,75972542,33339815
84833000,"Bearing Housings, Nes; Plain Shaft Bearings",62971,77070062,59890040
84834000,Gears and gearing; ball or roller screws; gear boxes and other speed changers...,208403,146195132,123934368
84835000,Flywheels And Pulleys (Incl. Pulley Blocks),136657,82649004,61376826
84836000,Clutches And Shaft Couplings (Incl. Universal Joints),34233,30818503,26888973
84839000,"Parts Of Transmission Shafts, Cranks, Bearing Housings, Gears, Etc",70724,39025781,28128813
84841000,Gaskets... Of Metal Combined With Other Materials Or >1 Metal Layer,29435,29091001,25394642
84842000,Mechanical Seals,23616,16852884,15347632
84849000,Sets Or Assortments Of Gaskets And Similar Joints,492,9795150,9629151
84869000,Parts and accessories,1,3012,2528
84871000,Ships' or boats' propellers and blades therefore,275,108193,24540
84879000,Machinery Parts other than ships' or boats' propellers and blades therefore,188656,333725476,319532452
85011010,Fan motor fitted with revolving mechanism,65570,33533624,26173174
85011090,Motors Of An Output =<37.5 W,73103,49571716,39833065
85012010,Fan motor fitted with revolving mechanism,57668,26415338,17884273
85012091,Motors of an output not exceeding 37.5 W but not exceeding 750 W,212322,95680905,69737658
85012099,Excluding Motors of an output not exceeding 37.5 W but not exceeding 750 W,22702,18198696,17099588
85013100,"Oth DC motors; DC generators, other than photovoltaic genera <=1200 W",22351,32924140,30790236
85013200,"Oth DC motors; DC generators, other than photovoltaic generators : >1200 W But <=75 Kw",381731,162081706,111364485
85013300,"Oth DC motors; DC generators, other than photovoltaic generators >75 Kw But <=375 Kw",477,512582,214252
85013400,"Oth DC motors; DC generators, other than photovoltaic generators >375 kW",192,270962,228781
85014010,"Ac motors, single-phase.. Of an output not exceeding 750 W",302428,163643618,141431376
85014020,"Ac motors, single-phase...Of an output exceeding 750 W but not exceeding 75 KW",243131,107718977,80855264
85014090,"Ac motors, single-phase...Excl. Of an output not exceeding 750 W",1166,493083,476257
85015100,"Ac Motors, Multi-Phase, Of An Output =<750 W",1933,4548876,4474298
85015200,"Ac motors, multi-phase, of an output >750 W-<=75 kW",79906,44395019,35858141
85015300,"Ac Motors, Multi-Phase, Of An Output >75 Kw",11665,15329113,14931869
85016100,"AC generators (alternators), other than photovoltaic generators :<=75 Kva",25310,10464832,7454390
85016200,"AC generators (alternators), other than photovoltaic generators=>75 Kva But <=375 Kva",8,40682,40098
85016400,"AC generators (alternators), other than photovoltaic generato >750 Kva",5100,2210185,2166637
85017100,Photovoltaic DC generators : Of an output not exceeding 50 W,39,87616,85890
85017210,Photovoltaic DC generators : Of an output exceeding 50 W :,28,218166,210799
85017220,Photovoltaic DC generators :Of an output exceeding 750 W not exceeding 75 kW,250,823092,806875
85017240,Photovoltaic DC generators : Of an output exceeding 50 W :,71220,28358795,27800016
85018090,Photovoltaic AC generators,55,15644,1841
85021100,"Generating Sets With Compression-Ignition Engines, =<75 Kva",381461,207285381,198614539
85021200,"Generating Sets With Compression-Ignition Engines, >75 Kva But <=375 Kva",167823,200133617,193790536
85021300,"Generating Sets With Compression-Ignition Engines, >375 Kva",215827,343159499,333549581
85022000,Generating sets with spark-ignition internal combustion piston engines,338892,973651031,958512960
85023100,Wind-Powered Generating Sets,75,28163,9203
85023900,"Generating sets (excl. wind-powered), nes",7962,13359551,13003196
85030010,Parts Of Photovoltic Generators Of Heading No 85.01 Or 85.02,1312,1090820,275186
85030020,PARTS OF OTHER GENERATOR,6717,46756485,45234990
85030030,Rotor/Motor bush/Casing for electric motors,338992,132879549,63470257
85030091,Stator with winding wire,294563,129824327,98593222
85030092,STATOR WITHOUT WINDING WIRE,252392,94878160,34968669
85030093,Others parts of motor,9023,4199073,3799996
85030099,Stator other than with/without winding wire,8268,10742440,7714030
85041000,Ballasts For Discharge Lamps Or Tubes,23,48703,43442
85042100,"Liquid Dielectric Transformers, Power Handling Capacity =<650 Kva",927,708818,674496
85042290,Having a power handling capacity exceeding 1000kVA but not exceeding 10000kVA,39750,14928093,14002217
85042310,"Liquid Dielectric Transformers, Power Handling Capacity >10000 Kva",618002,367672994,364032668
85042390,"Liquid Dielectric Transformers, Power Handling Capacity >10000 Kva",57761,59914443,59160862
85043100,"Transformers, Nes, Power Handling Capacity =<1 Kva",42196,35295968,29402684
85043200,"Transformers, Nes, Power Handling Capacity =>1 Kva But <=16 Kva",172,2646566,2584979
85043300,"Transformers, Nes, Power Handling Capacity 16-500 Kva",1048,590278,416444
85043400,"Transformers, Nes, Power Handling Capacity >500 Kva",20693,14605611,14401005
85044010,Mobile battery charger(less than 6V),56248,149092472,131030672
85044020,UPS/IPS (Capacity upto 2000 VA),272636,187494733,167005536
85044030,"Voltage stabilizer (capacity upto 2,000 VA)",10609,7602072,4316931
85044040,Solar Inverter,46217,45935067,40911084
85044090,Other Static converters,519348,559190052,496147456
85045000,"Inductors, Nes",5977,61187559,53098352
85049010,"Electrical transformers, static converters .. Tap Changer",3765,5136304,4547534
85049020,Formed core,3,25033,24540
85049030,"Electrical transformers, static converters .. Parts, Parts of static converter",33439,15580620,12368074
85049090,"Parts Of Transformers, Inductors And Static Converters, Nes",38377,37476638,33364491
85051100,Permanent Magnets And Articles Becoming Permanent Magnets Of Metal,2781,1048630,655378
85051900,Permanent Magnets And Articles Becoming Permanent Magnets (Excl. Metal),23782,21597027,18873651
85052000,"Electro-Magnetic Couplings, Clutches And Brakes",9039,9252849,7396761
85059000,"Other Electro-Magnetic Or Permanent Magnet Chucks,Etc;Incl.Parts Of Magnet",11103,10105682,9269825
85061000,"Primary cells & primary Battery of Manganese dioxide, TV",85,60091,42293
85065000,Primary Cells And Primary Batteries Of Lithium,393,665355,347717
85066090,Primary Cells And Primary Batteries Of Air-Zinc EXCL. Hearing Aid,30,16178,15860
85068000,"Primary Cells And Primary Batteries, Nes",4,1502,1472
85069010,Separator (Parts Of Primary Cells And Primary Batteries),30,11264,3681
85069090,"Parts Of Primary Cells And Primary Batteries,Excl.Separator, Nes",8031,5995479,5524665
85071000,Lead-Acid Accumulators For Starting Piston Engines,89419,120320339,118621409
85072010,Sealed (capacity 85 amp or less),43590,16351712,14064599
85072090,Other Lead Acid Accumulators,67323,35915610,32815420
85073000,"Nickel-Cadmium Accumulators, Separators.",3352,5524919,5419981
85075000,Nickel-metal hydride,1495,895246,629574
85076000,Lithium-ion,754757,993620464,852611814
85078010,"Electric Accumulators,Seperators(Excl.Lead-Acid,Nickel-Cadmium/Nickel-Iron",17849,14117447,5454467
85078090,"Electric Accumulators,Seperators(Excl.Lead-Acid,Nickel-Cadmium/Nickel-Iron",836,1412805,158164
85079010,Battery Separator imported by battery manufacturing industries,122422,66916440,60975450
85079010,Separators,1047,394094,89474
85079090,"Parts Of Electric Accumulators, Nes",167194,52559483,40428375
85081100,"Vacuum Cleaners of a power not >1,500 W and a dust bag or oth recept. Cap. Not",5645,2058318,1754566
85081900,"Vacuum Cleaners of a power >1,500 W and a dust bag or oth recept. Cap. > 20 l",8114,3140754,2534273
85086010,"Other vacuum cleaners, Industrial type",1265,1761098,1726889
85086090,"Other vacuum cleaners, Excluding Industrial type",1995,881663,361545
85087000,Parts,8,41240,40440
85094000,Electro-Mechanical Domestic Food Grinders/Mixers/Juice Extractors,130712,39669586,35935170
85098000,"Electro-Mechanical Domestic Appliances, Nes, With Electric Motor",33388,6107619,4230766
85099000,Parts Of Electro-Mechanical Domestic Appliances,207478,77707942,59571707
85101000,Shavers With Self-Contained Electric Motor,122,305843,116614
85102000,Hair Clippers With Self-Contained Electric Motor,697,1119807,292395
85103000,"Hairremoving Appliances Wth Selfcontained Elec.Motor,(Exc.Shavers/Clippers",1221,1620376,1128683
85109000,Parts Of Shavers And Hair Clippers Etc With Self-Contained Electric Motor,20575,6872640,4366156
85111000,Sparking Plugs,55,24106,9453
85111010,Sparking Plugs,216,185346,91462
85111090,Sparking Plugs,43279,67427552,58655183
85112000,Ignition magnetos; magneto-dynamos; magnetic flywheels,8768,12909075,12525426
85113000,Distributors; Ignition Coils,21619,60934140,57169352
85114000,Starter motors and dual purpose starter-generators,45596,34809190,28287740
85115000,"Generators, Nes, For Internal Combustion Engines",4851,2489574,2129378
85118000,"Ignition/Starting Equipment, Nes, For Internal Combustion Engines",3601,1996834,1274959
85119000,Parts Of Electrical Ignition/Starting Equipment Of 85.11,56468,29173090,15681225
85121000,Lighting Or Visual Signalling Equipment For Bicycles,7916,3125790,1483958
85122000,Lighting Or Visual Signalling Equipment For Motor Vehicles,246363,174203513,129879735
85123000,Sound Signalling Equipment For Cycles Or Motor Vehicles,89152,45723001,33222474
85124000,"Windscreen Wipers, Defrosters And Demisters For Motor Vehicles",10612,5729041,3428158
85129000,"Parts Of Vehicle Lighting/Signalling, Etc, Equipment Of 85.12",10451,4220695,2584745
85131010,Solar powered lantern/lamps having no provision for electrical power,41447,189971106,186227925
85131090,"Lamps, NES",92028,17797267,13920893
85139010,Parts of solar powered lantern/lamps having no provision for electrical power,212,106125,81964
85139090,Parts of portable electric lamps of 85.13,58630,18300259,12160379
85141100,Resistance heated furnaces and ovens : Hot isostatic presses,496,186245,159510
85141900,Resistance heated furnaces and ovens : Excluding Hot isostatic presses,20580,13427675,7923244
85142000,Induction Or Dielectric Industrial Or Laboratory Furnaces And Ovens,169311,99513168,97549410
85143900,"Other furnaces and ovens , NES",3345,8068698,7828550
85144000,Industrial Or Laboratory Inductionor Dielectric Heating Equipment,26739,16596564,16154371
85149000,"Parts Of Industrial Or Laboratory Furnaces And Ovens, Etc, Of 85.14",926,2570298,1977721
85151100,Soldering Irons And Guns,12735,4522104,1763333
85151900,"Brazing Or Soldering Machines And Apparatus, Nes",9769,6260361,3725267
85152100,"Machines For Resistance Welding Of Metal, Fully Or Partly Automatic",2139,3044243,2689633
85152900,"Machines And Apparatus For Resistance Welding Of Metal, Not Automatic",1918,2654201,2563080
85153100,"Machines For Arc (Incl. Plasma Arc) Welding Of Metals, Automatic",7513,4331877,3658268
85153900,"Machines For Arc (Incl. Plasma Arc) Welding Of Metals, Not Automatic",54203,23012791,18832697
85158000,"Machines And Apparatus For Welding/Spraying Of Metals, Nes",11180,17388819,16309190
85159000,"Parts Of Soldering, Brazing, Welding, Etc, Machines/Apparatus Of 85.15",45673,17214473,11463922
85161090,Other than water heater with insulated storage tank,16338,7226386,6392523
85162100,Electric Storage Heating Radiators,3002,316329,303256
85162900,"Electric space heating and soil heating apparatus, nes",3454,479220,257307
85163100,Electro-Thermic Hair Dryers,16026,8156566,6263552
85163200,"Electro-Thermic Hair-Dressing Apparatus, Etc (Excl. Dryers)",10960,7402239,4891221
85163300,Electro-Thermic Hand-Drying Apparatus,524,220789,128768
85164010,Industrial Steam Iron,17661,8885557,6497599
85164090,"Other Electrical Smoothing Irons,Nes",11542,7573619,5276463
85165000,Microwave Ovens,93719,39785667,35004810
85166000,"Electric Ovens, Nes; Cookers, Cooking Plates, Boiling Rings, Grillers...",199536,72716694,57241071
85167100,Electro-Thermic Coffee Or Tea Makers,12501,7970921,6905332
85167200,Toasters,2477,757309,427993
85167910,"Electro-Thermic Domestic Appliances, Nes",5786,972793,821967
85167920,Mosquito/Insect killing bat,16342,7209442,6320783
85167990,"Electro-Thermic Domestic Appliances, Nes",43213,13585413,9823599
85168000,Electric Heating Resistors (Excl. Those Of 85.45),98238,54528734,41670763
85169000,Parts Of Electro-Thermic Appliances Of 85.16,486844,165846016,136754352
85171100,"Telephone set,inclu.telephone for cellu. network line t.phon Sets With ordless Handsets",4497,2656799,2391168
85171300,Smartphones,3259,102430905,88300288
85171400,Other telephones for cellular networks or for other wireless networks,190,438092,184050
85171800,Telephone set for other wireless networks,153,1981383,1953549
85176100,"Other apparatus for transmission or reception of voice, images or other data??b",88749,1467785245,1043764702
85176210,Transmitting and receiving apparatus,370,69650878,67916071
85176230,"Modem; Ethernet interface card; computer network switch, hub and router",168857,473417383,450049895
85176240,G.master clock; modulator; m.plexer; optical fiber platform; network mgmt. system,803,22823286,22337631
85176250,"WI-FI WIMAX LAN Card Access point,Security Dev",2454,32724196,31618816
85176260,ANTENA FOR BASE STATION,3412,8935412,6905265
85176290,"Other reception, transmission app.(excl. modem, telephonic/telegraphic switch.",183400,551526716,513610479
85176900,Other telephone sets (excl. video phone ),171,853654,808898
85177900,Parts : NES,85291,1912978998,1856615175
85181000,Microphones And Stands Therefor,41552,39736788,33996969
85182100,"Single Loudspeakers, Mounted In Their Enclosures",15546,11040378,9519177
85182200,"Multiple Loudspeakers, Mounted In The Same Enclosure",21257,11187095,8434074
85182900,"Loudspeakers, Not Mounted In Encloseurs",243597,157813639,112656469
85183000,"Headphones, Earphones And Combined Microphone/Speaker Sets",166261,52555863,28942794
85184000,Audio-Frequency Electric Amplifiers,12992,6720047,4030306
85185000,Electric Sound Amplifier Sets,68431,27961009,10485991
85189000,Parts Of Apparatus Of 85.18,81312,26102750,11847047
85192000,"Apparatus operated by coins, banknotes, bank cards, tokens ..other means of payment",0,7901,7742
85193000,Turntables (record-decks) :,88,39050,20123
85198110,"Other apparatus, Using magnetic, optical or semiconductor media, In CKD condit",6,9512,5644
85198120,"Other apparatus, Using magnetic, optical or semiconductor media, In CBU condit",68736,23013655,14354703
85198910,"Other Sound recording or reproducing apparatus, In CKD condition, nes",445,170207,123240
85198920,"Other Sound recording or reproducing apparatus, In CBU condition, nes",50560,17201747,9800840
85211010,"Video Recording..Appa.,With/Without Video Tuner,Magnetic Tape-Type In Ckd",8,3900,3900
85211020,"Video Recording..Appa.,With/Without Video Tuner,Magnetic Tape-Type In Cbu",15,6760,6626
85219010,"Video Recording/Reprod,Appara.With/Without Vdo Tuner,Exc,Mag.Tape In Ckd",229,147746,28717
85219020,"Vdo Rcding./Reprod.Appa.,With/Without Vdo Tuner,Exc.Mag.Tape Type In Cbu",91281,39344558,27630532
85229010,OTHER APPARATUS OF THE HEADING 8519,9152,2790406,1946705
85229020,For apparatus of Heading 85.21,1003,1004336,108099
85232100,Cards incorporating a magnetic stripe,5,595772,584052
85232913,Other software for automatic data processing machines,9,4139929,4058354
85232919,"Other recorded media excl. rec. from holy Quran, software, reproduction of spe",1,5319266,5214750
85232990,Other Magnetic Media,63,23408,22331
85234100,Optical media: Unrecorded,933,307234,142138
85234921,Database; os; development tools; productivity; communication or collaboration soft.,0,2128,2085
85234929,Optical media: Incorporating computer software,36,84589184,82790642
85234990,Other Optical media (EXCL. Unrecorded),1,75411,73924
85235110,Flash memory card or similar media,2965,33760071,11149046
85235121,"Database,os, dev. tools, security software ms office internet ... presentation tools",1,2503,1227
85235129,Other software for automatic data processing machines,0,32,32
85235190,"Solid-state non-volatile storage devices, excl flash memory",175,4409243,3896204
85235200,Smart cards,5942,240973405,229688924
85235910,Proximity Cards and tags,1742,14479854,14056512
85235920,RFID TAG,4414,14879447,14002120
85235990,Semiconductor media : Excl. Proximity Cards and tags,0,226455,223393
85238010,Database; os; dev. tools; productivity; commn or collaboration soft.,0,13893456,13619700
85238020,Other software for automatic data processing machines,0,140812054,138037500
85238090,Excl Database; os; dev. tools; productivity; commn or collaboration soft.,21,12925839,12653756
85241110,Panel of apparatus of Heading 85.28,3,28395,28005
85241210,OLED panel of apparatus of Heading 85.28,0,7204,7062
85241210,OLED panel of apparatus of Heading 85.28 Imported by TV manufacturing industry,1113,11320242,11146853
85241910,LED panel of apparatus of Heading 85.28,875,3269586,2240624
85241910,LED panel of apparatus of Heading 85.28 Imported by TV manufacturing industry,15531,58047934,48939018
85241990,"Flat panel display modules, Without drivers or control circuits : NES",40,2312579,2255658
85249100,"Flat panel display modules, whether or not incorporating Of liquid crystals",2372,87227944,85980292
85249900,"Flat panel display modules, whether or not incorporating touch-sensitive screens,NES",67762,1476315431,1373245770
85256020,Walkietalkie,74,329475,313744
85256090,"Other Transmission apparatus incorporating reception apparatus(excl. aircraft,",6,40052,39264
85258090,"TELEVISION CAMERAS, DIGITAL CAMERAS AND VIDEO CAMERA RECORDERS, EXCLU. WEB CAM AND DI",240,311451,305316
85258110,High-speed goods as specified in Subheading Note 1 to this Chapter,3531,1233335,734119
85258190,High-speed goods as specified in Subheading Note 1 to this Chapter,636,692571,373983
85258290,"Other, radiation-hardened or radiation-tolerant goods as specified in Subheading Not2",1235,2517779,1961910
85258310,"Other, night vision goods as specified in Subheading Note 3 to this Chapter",17,79824,78251
85258900,"Flat panel display modules, whether or not incorporating touch-sensitive screens. NES",116437,139401574,60348448
85261000,Radar Apparatus,8,85106,80164
85269110,GPS Vehicle tracking system,239,2382599,2106698
85269200,Radio Remote Control Apparatus,262,1321501,1320866
85272100,Combined with sound recording or reproducing apparatus :,311,116693,113743
85272900,"Radio receivers for motor vehicles, nes",6572,2001829,992232
85279900,"Other sound record. or reproducing apparatus, nes, CBU",464,255339,125154
85284900,"Other Cathode-ray tube monitors, excl. of a kind solely....used in an automati",3,91518,89729
85285210,Computer monitor size not exceeding 30 inch,158398,256196494,168213575
85285290,"Other Monitor, excluding Computer monitor size not exceeding 22 inch",7618,23915585,20946817
85285900,"Other Monitor, excl, of a kind solely or principally?.an automatic data proc..",32811,62716740,46291428
85286200,"Projector, Cpbl.of directly connecting…for use with auto data processing mchn, 8471",1179,10337727,9643836
85286900,"Other Projections, excl. of a kind solely or prin?.an automatic data proc..sys",13119,81400451,74505779
85287110,"Reception apparatus for television,?.,Not designed to incorporate a video disp",22199,9976960,4152624
85287190,"Reception apparatus for television,?.,Not designed to incorporate a video disp",7900,4884915,1437462
85287200,"Other Reception apparatus for television,.,Colour, CKD",6562,5524783,2526468
85287300,"Other, black and white or other monochrome",7251,3873964,503071
85291000,Aerials And Aerial Reflectors Of All Kinds And Parts Thereof,1296,2724839,2664113
85299010,Parts of apparatus of Heading 85.27,3792,2965276,848348
85299021,LED bulb with bar,578,1715173,1663856
85299021,LED bulb with bar imported by television manufacturing industry,3822,22804086,21762618
85299022,"Open Cell for use in manufacturing of LCD,LED panel imported by TV Industry",86638,618718584,583616774
85299022,Open Cell for use in manufacturing of LCD/LED panel,3363,18167744,16017994
85299023,Other Parts,23638,10320638,7960496
85299023,"Parts of apparatus of Heading 85.28, imported by television manufacturing industry",240146,133289498,117545178
85299029,Parts of app. of 85.25-85.28 Excl. Imp. By VAT reg. TV Mfg. including TV card,516,1470604,1443870
85299030,Loaded printed circuit board of Heading 85.27 and 85.28,3168,5889040,4757100
85299030,"Loaded printed circuit board of Heading 85.27 and 85.28, imported by TV industry",22664,45997738,39771783
85299039,"LOADED PRINTED CIRCUIT BOARD OF HEADING 85.27 AND 85.28, EXC.IMP. BY VAT REGISTERED TV",15,37590,36850
85299090,Parts Of Apparatus Of Heading No. 85.25 & 85.26,6228,76945355,73718276
85301000,Electrical Signalling... Equipment For Railways Or Tramways,182,337415,330767
85308000,"Electrical Signalling... Equipment For Roads, Inland Waterways...",7747,13823694,13333156
85309000,"Parts Of Electrical Signalling Equipment For Railways, Etc, Of 85.30",370,13664454,13534443
85311000,Electrical Burglar Or Fire Alarms And Similar Apparatus,7518,74736038,73511242
85312000,ndicator panels incorp. liquid crystal devices (LCD) or light-emitting diodes (LED),8283,43636902,42668708
85318000,"Electrical Apparatus For Sound Or Visual Signalling, Nes",7819,23123099,19839308
85319000,Parts Of Apparatus Of 85.31,10362,8262886,6280719
85321000,Fixed Capacitors For 50/60 Hz Circuits Having Power Capacity >=0.5kvar,40505,22916355,20979562
85322100,Fixed Electrical Capacitors Of Tantalum,0,19474,19090
85322200,Aluminium electrolytic,5550,2763573,2459522
85322300,"Fixed Electrical Capacitors Of Ceramic Dielectric, Single Layer",118,163527,157557
85322500,Fixed Electrical Capacitors Of Dielectric Of Paper Or Plastics,50391,27151880,23801027
85322910,Capacitor,12426,12008822,10999494
85322990,"Fixed electrical capacitors, nes, Excl capacitors imp by VAT reg comp. manu.",94834,131809211,112897811
85323000,Electrical Variable Or Adjustable (Pre-Set) Capacitors,10467,5283757,4925178
85329000,Parts Of Electrical Capacitors Of 85.32,1250,685521,520739
85331000,"Fixed Carbon Resistors, Composition Or Film Types",2344,964517,586835
85332100,Fixed Resistors For A Power Handling Capacity =<20w,281,2137531,2061180
85332900,Other Fixed Resistors For A Power Handling Capacity >20w,5622,28161187,26514019
85333100,Wirewound Variable Resistors For A Power Handling Capacity =<20w,1,200004,195680
85334000,"Variable Resistors, Nes (Incl. Rheostats And Potentiometers)",31191,39391088,31594264
85339000,"Parts Of Electrical Resistors, Rheostats And Potentiometers",915,3420350,3352954
85340000,Printed Circuits,54079,95177745,90258664
85351000,"Fuses, >1000 V",105959,21116491,20708851
85352110,Automatic Circuit Breakers For A Voltage 1.0-72.5 Kv,4593,2114201,1845679
85352190,Automatic Circuit Breakers For A Voltage 1.0-72.5 Kv,27053,33939088,31689077
85352900,Automatic Circuit Breakers For A Voltage >72.5 Kv,11214,3071165,2032108
85353000,"Isolating Switches And Make-And-Break Switches, >1000 V",112268,47773788,46888274
85354010,Lightning arresters,48098,90349472,89247351
85354090,Excl. Lightning arresters,902,680756,668675
85359010,"Other Apparatus For Switching... Electrical Circuits, >1000 V, Nes",15,20117,19746
85359090,"Other Apparatus For Switching... Electrical Circuits, >1000 V, Nes",11135,5248718,4519102
85361000,"Fuses, =<1000 V",2254,1123926,905839
85362000,"Automatic Circuit Breakers, =<1000 V",78812,101685090,90008093
85363010,Motor protector,781,3422170,3354005
85363090,"Apparatus For Protecting Electrical Circuits, Nes, =<1000 V",1823,1462628,667602
85364100,Relays For A Voltage =<60 V,13960,7140913,5858406
85364910,PTC relay,181,6877435,6732116
85364990,Relays For A Voltage 60-1000 V,48980,69330989,62531382
85365000,Other switches,57245,78404597,69715765
85366100,"Lamp-Holders, =<1000 V",11594,32955939,28016563
85366900,Other,3459,12128677,10684233
85366990,Excl. Plug terminal imp. by VAT reg. electric fan motor/water pump motor manf. Ind.,1013,568452,89144
85367000,"Connectors for optical fibres, optical fibre bundles or cables",17356,5538023,3564336
85369010,Connector; Terminal; Electrical apparatus Imported by compressor industry,1217,3513227,3440079
85369010,"Connector, Terminal and Electrical apparatus",14755,25332444,23879982
85369090,"Apparatus For Switching... Electrical Circuits, Nes, =<1000 V",39706,92819957,88276143
85371010,BUSBAR TRUNKING SYSTEM,164754,304080381,291734936
85371020,Electric panel,41568,109807623,107451068
85371090,Other,33652,269691211,260290176
85372000,"Boards...Equipped With Two/More Apparatus Of 85.35/85.36, Voltage > 1000v",331490,1590625332,1574379763
85381000,"Boards... Desks, Cabinets And Other Bases For Goods Of 85.37, Not Equipped",56977,18123146,13395892
85389000,"Other than Parts Of Apparatus Of 85.35 To 85.37, Nes",721044,789037884,639561973
85389090,"Parts Of Apparatus Of 85.35 To 85.37, Nes",18,16265,15427
85391000,Sealed Beam Lamp Units,14168,3387182,1492327
85392110,Tungsten Halogen Lomp For Use In Laboratories Or Operation Theatres,1,390494,382824
85392190,Other Tungsten Halogen Filament Lamps (Excl.Ultra-Violet Or Infra-Red)Nes.,1027,783489,692911
85392200,"Filament lamps of a power =<200w and of a voltage >100v, nes",23,203937,183301
85392910,Indicator pilot lamp 6V-60V/5 Watt,9367,4072503,1262868
85392990,"Elec.filmnt.or discharge lamps,incl. sealed beam..excl.Indicator pilot lamp 6V-60V/5 wa",3567,2003487,1029990
85393110,Energy Saving Lamp having an output of light 3 times or more compared to normal fla.,69,240518,235778
85393120,T5 tube light,629,373647,273007
85393190,"Discharge Lamp other than Ultra-Violet Lamps, Fluorescent, Hot Cathode",1431,882267,122875
85393290,"Other Mercury Or Sodium Vapour Lamps; Metal Halide Lamps, Nes",17964,27840565,27319355
85393990,"Discharge Lamps, Not Ulta-Viilet Lamps,Mercury Or Sodium Vapour Lamps Nes.",390,2628728,2583583
85394100,Arc-Lamps,142,2185157,2089979
85394990,Other Ultra-Violet Or Infra-Red Lamps Nes.,12456,16882892,12819672
85395100,Light-emitting diode (LED) light sources :,30390,12044368,3585076
85395200,Light-emitting diode (LED) light sources :Light-emitting diode (LED) lamps,58801,42443926,34544189
85399010,Base Cap For Lamps,57928,23122956,16608846
85399030,Of Light-emitting diode (LED) lamps,202719,123270379,110974059
85399090,"Parts For Filament Or Discharge Lamps,Excl.Aluminum Base Cap For Lamps,Nes",154278,69744622,49735387
85407100,Magnetrons,4966,2924532,2381678
85407900,"Microwave Tubes (Excl. Magnetrons, Klystrons And Grid-Controlled Tubes)",26,11890,2699
85408100,Receiver Or Amplifier Valves And Tubes,74,33792,6012
85408900,"Other Valves And Tubes, Nes",58,4694961,4608735
85409900,Other Parts Of Tubes And Valves Of 85.40 (Excl.Parts Of Cathode-Ray Tubes),815,322301,126626
85411000,"Diodes, other than photosensitive or light-emitting diodes (LED)",12076,21737923,19429746
85412900,"Transistors (Excl. Phototransistors), With A Dissipation Rate >=1w",6585,11884537,9888065
85413000,"Thyristors, Diacs And Triacs, Other Than Photosensitive Devices",442,2420671,2367327
85414100,"Photosensitive semi-conductor devices, including....Light-emitting diodes (LED)",5468,21716829,20151708
85414200,Photovoltaic cells not assembled in modules or made up into panels,1317,6474903,6327138
85414300,Photovoltaic cells assembled in modules or made up into panels,1028286,378514692,278320257
85414900,"Other --- Photosensitive semi-conductor devices,..light-emitting diodes (LED) NES",4,339309,332308
85415100,"Other semi-conductor devices , Semiconductor-based transducers",90,458109,449082
85415900,Other semi-conductor devices : NES,16,765629,750578
85416000,Mounted Piezo-Electric Crystals,26,13784068,13512247
85419000,Parts Of Devices Of 85.41,5493,3190091,981085
85423110,"Processors & controllers, whet. or not comb.logic ckt, a, SIM module",744,67152992,32163044
85423120,Other module,3928,29263727,28554180
85423120,Other module imported by SIM card or Smart card or Digital card manufacturing industry,13,3668122,3059228
85423190,"Processors & controllers, whet. or not comb.logic ckt, a, Excl. SIM module",339,379687,79984
85423300,Amplifiers,14,623862,611943
85423910,"SIM card, TV",0,71362,69571
85423990,"Electronic integrated circuits,nes",5948,3438582794,3372600460
85429000,Parts,2419,1744219,812173
85432000,Signal Generators,66,426223,369977
85433000,"Machines/Apparatus For Electroplating, Electrolysis Or Electrophoresis",18207,8912223,2445779
85437010,Remote control for electronic and electrical apparatus,17654,26327202,23450550
85437030,Electronic insects repelling devices,9752,9184375,6888169
85437040,Electric/Electronic access control,915,452551,175277
85437090,"Other machines & appa., Excl. Remote control for electronic and electrical appa.",51610,107731442,93090621
85439090,Parts excluding Electronic Cigarattes and Similar personal electric vaporising device,16460,6608020,3622583
85441100,Of copper,197932,303077878,205679015
85441910,Cotton Braided Electric Cables,91,168120,158356
85441990,Other Winding Wire (Excl Wire Of Copper & Cotton Braided Electric Cables),101971,126516857,121514239
85442000,Co-Axial Cable And Other Co-Axial Electric Conductors,87848,207201324,186971289
85443000,"Ignition Wiring Sets And Other Wiring Sets For Vehicles, Aircraft...",43508,27223318,20596195
85444200,"Other electric conductors for a voltage not exceeding 1,000 V: Fitted with conn",204423,180698261,158935431
85444900,"Electric Conductors, Nes, For A Voltage <=80 V, Not Fitted With Connectors",519277,2221057292,2142994603
85446000,"Other electric conductors, for a voltage exceeding 1000V",287728,480970792,472765335
85447000,Optical Fibre Cables Made Up Of Individually Sheathed Fibres,38312,25939534,21172352
85451100,Carbon electrodes for furnaces,254464,87567018,64584243
85451990,"Carbon electrodes (excl. for furnaces), nes",0,10995,10886
85452000,Carbon Brushes,4629,10282351,9635531
85459010,Crabon Block,432,118757,80675
85459020,Carbon rod,5581,1909998,1730031
85459090,"Articles Of Graphite Or Other Carbon, Nes, For Electrical Purposes, Nes",4609,3038894,2855022
85461000,Glass Electrical Insulaters,110,71136,69735
85462000,Ceramic Electrical Insulators,1021592,204241009,141590415
85469000,Electrical Insulators (Excl. Of Glass Or Ceramics),20943,28119952,26949373
85471000,Insulating Fittings Of Ceramics For Electrical Machines...,41059,3451301,2123274
85472000,Insulating Fittings Of Plastics For Electrical Machines...,3785,1327526,1216695
85479000,Other,1806,8700063,8518030
85480000,"Electrical parts of machinery or apparatus, not specified or included elsewhere in th",2310,6193932,5497152
85492900,Of a kind used principally for the recovery of precious metal :NES,1,1001330,981600
86071900,"Axles, Wheels And Parts Of Bogies, Etc, Of Railway.. Locos/Rolling Stock",368043,113492160,111255918
86072900,"Brakes And Parts Thereof, Of Railway... Locomotives/Rolling Stock",3500,1153329,1135314
86073000,"Hooks And Other Coupling Devices, Buffers, And Parts Thereof",278,231308,229018
86079100,"Parts Of Railway Or Tramway Locomotives, Nes",4355,9577074,9388366
86079900,"Parts Of Railway Or Tramway Rolling Stock, Nes",2794,7769403,7391838
86080000,Railway/Tramway Track Fixtures/Fittings; Mechanical Signalling...,150,63081,25031
86090090,"Containers Specially Designed For Transport By One Or More Method, Nes",31451,5912183,5118284
87012100,With only compression-ignition internal combustion piston engn(diesel or semi-diesel,158520,69475705,61472700
87012900,Road tractors for semi-trailers : NES,8498,7271341,6441750
87019210,"Other Tracktor, of an engine power Exceeding 18 kW but not exceeding 37 kW",525163,257427965,241682990
87019310,"Other tracktor, of an engine power Exceeding 37 kW but not exceeding 75 kW",687856,333326937,311422764
87021030,"Built-Up,Having A Seating Capacity >15 but not exceeding 40,incl.the driver",53830,75499451,73936036
87029040,"Built-Up,having a seating capacity not exceeding 15,including the driver",472390,360891785,324953863
87031000,Vehicles specially designed for travelling on snow; golf cars and similar vehicles......,3040,2990222,2871180
87032121,"Recond. Motor cars & oth. vehicles; incl.stn.wagons,CBU, cylinder capacity not>1000 cc",1810,1417272,1114975
87032211,"Recond.Motor Cars & oth. Vehicles,incl.stn. wagons,CBU, cap.>1000cc,but=<1500cc",255710,231857079,209631583
87032215,"Reconditioned Microbus, CBU, capacity >1000cc, but <=1500cc",1250,923606,847205
87032221,"Other Motor Cars & Vehicles,incl.stn. wagons,CBU, cap.>1000cc,but=<1500cc",81511,104717039,100875783
87032331,"Recond. Motor Cars and oth. Vehicle, incl.stn. wagon,CBU, cap. >1600cc,but =<2000cc",132830,154947896,141096771
87032334,"Recond Ambulance fitted with essen. equp. passen cabin leng>9ft Cap >1600cc,<=2000cc",52683,38460626,35105270
87032336,"Recond. Microbus of a cylinder capacity exceeding 1800cc, , CBU",204460,181838484,163828601
87032351,"Recond. Motor Cars and oth. Vehicle, incl.stn. wagon,CBU, cap. >2000cc,but =<3000cc",93330,106346677,95706000
87032353,"Recond Ambulance fitted essen. equp. passen cabin leng>9ft cap.>2000cc, =<3000cc",2010,1447097,1411050
87032361,"Other Motor Cars and oth. Vehicle, incl.stn. wagon,CBU, cap. >2000cc,but =<3000cc",8795,43879465,42957267
87032411,"Recond. Motor cars and oth.vehicles,incl. stn. wagon,CBU cap. >3000cc, <=4000cc",2520,4261057,3926400
87032431,"Recon. Motor car & oth.vehicle incl.stn.Wagon,CBU,capacity >4000CC",4750,10867221,4153100
87033125,"Three wheeled vehicles, not exceeding 1000CC",16878,8711212,8343600
87033321,"Oth.Motor cars & vehi.incl.stn. wagons,CBU, cap.>2500cc, but <=3000cc",19500,43172991,42892741
87033341,"Oth.Motor cars & vehi.incl. stn. wagons, CBU,>3000cc but <=4000cc",96800,203577210,199565934
87034011,Of a cylinder capacity not exceeding 1800 cc,38060,60444269,57105255
87034012,Of a cylinder capacity not exceeding 1800 cc,1276175,1356726764,1238887843
87034013,"Microbus, brand new , cyliner capacity not >1600CC",18780,28339319,26632035
87034014,"Microbus, Reconditioned, cyliner capacity not >1600CC",515550,546137907,497843194
87034022,"Motor cars & oth. vehicles, incl. stn wagons, CBU, recondition, cap. >1600CC, <2000CC",41210,50187386,47544401
87034032,"Motor cars & oth vehicles, incl. station wagons, CBU, Recond. , >2000CC, =<2500CC",160570,219458696,203459071
87034033,"Microbus, brand new, cylinder capacity >2000CC, but not >2500CC",11330,27123444,25619760
87034034,"Microbus, reconditioned, cylinder capacity >=2001CC, but not <=2500CC",47540,72015810,66100287
87034052,"Motor cars and oth vehicles, incl station wagons, CBU, recondition, capa3001CC-4000CC",2200,5893880,5777721
87036011,"Motor cars and oth vehicles, Inc. station wagons, CBU, Brand new,Capacity <1800cc",188169,225014856,210357932
87036021,"Motor cars and other vehicles, incl. stn. wagons, CBU, brand new , >1800cc, <=2000cc",5260,16741390,15951000
87036052,"Motor cars and other vehicles, including station wagons, CBU, recondition,3001-4000cc",2590,16463246,15951000
87038000,"Other vehicles, with only electric motor for propulsion",34290,218146561,204754230
87039011,"CNG operated 3 wheeled vehicle, 4 stroke engine,CBU",72540,35900084,33129000
87039013,Electric Battery operated 3 wheeled Vehicles,1260152,172108931,153507354
87039090,"Other Vehicle, NES",1060,1002717,990839
87042111,"Refer Van & Insulated Road Milk Tanker In Cbu, G.V.W Not >5 Tonnes",22220,15109043,13362030
87042114,"Double cabin pickup,CBU,min.4 doors of a cylinder capacity 2001cc-3000cc",76710,91800269,90307200
87042116,"Double cabin pickup,CBU,min.4 doors of a cylinder capacity >4000cc",7590,11035247,10817809
87042119,"Goods vehicles, with diesel or semi-diesel engines, gvw =<5tonnes, CBU, NES",237367,128419993,120846166
87042121,Truck and pickup in CKD condition,273944,149140068,141848225
87042211,Refrigeration Van in CBU,22550,18143932,17395070
87042219,"Goods vehicles, with diesel or semi-diesel engines, gvw 5-20tonnes, CBU, NES",88718,57441088,55399737
87042221,"Truck, Gvw >5 Toones, Not >20 Tonnes, Ckd",1028838,431982217,415717045
87042312,Truck having more than 2 axles in CBU,445724,151664670,147117979
87042313,Dumper/tipper in CBU,377298,119007331,113890140
87043111,"Refer Van & Insulated Road Milk Tanker, Cbu, Gvw Not >5 Tonnes",7860,4991661,4086189
87043119,"Goods vehicles, with spark-ignition piston engines, gvw =<5tonnes, CBU, NES",16970,13033527,11583210
87051000,Crane Lorries,466156,326006624,322935810
87053000,Fire Fighting Vehicles,370,146707,137625
87059020,ROAD SWEEPER,2025,1315498,1271172
87059090,"Special Purpose Motor Vehicles, Nes (Eg Breakdown Lorries, Etc)",4170,1752328,1717800
87060022,Chassis Fitted With Eng.Heading No.87.02 Buses For Having Seating Cap.>=40,438365,205173011,193303841
87060024,"Chassis fitted with engine,for the notor vehicles of heading 87.02 in CKD Condition",424940,177244046,172069222
87060029,"Chassis Fitted With Engines,For The Motor Vehicles Of 87.02, Nes",10490,5507316,4908000
87060043,Chassis fitted with eng. for motor vehic. 8704. in CKD,15168,7442387,7295742
87060050,"Chassis Fitted With Engines, For The Motor Vehicles Of Heading No.87.05",12,7376,7362
87071000,Bodies (Incl. Cabs) For The Motor Vehicles Of 87.03,38250,26178546,25746229
87079041,"Bodies Including Cabs, For Trucks ( Excl. Multi Axle Trucks), Pickup",36552,15534012,13570620
87079049,"Bodies Incl. Cabs For The Motor Vehicles, Nes",88520,39975559,39375204
87081000,Bumpers and parts thereof,23920,12020813,7572540
87082100,Safety seat belts,313,370741,331304
87082200,"Front windscreens (windshields),rear windows& oth win. specified in S.head Note 1 Ch",27903,13804207,11803361
87082900,"Parts and accessories of bodies (incl. cabs), nes",42332,23904419,12339519
87083000,Brakes and servo-brakes and parts thereof Excl. For tractors,205897,85530036,41085692
87084000,Gear boxes,173468,68782388,46260803
87085000,Drive-axles with differential,292234,114154977,79384475
87087000,Road wheels and parts and accessories thereof,106824,49096281,44376581
87088000,Suspension shock absorbers,205197,87029238,54367481
87089100,Radiators,17748,9437037,7014335
87089200,Silencers and exhaust pipes,6369,6061026,5072619
87089300,Clutches and parts thereof,90201,43986889,32176958
87089400,"Steering wheels, steering columns and steering boxes",8455,5999643,3682128
87089500,Safety airbags with inflater system; parts thereof,457,1840334,1810270
87089900,"Parts and accessories, nes, for vehicles of 87.01 to 87.05",968685,508021796,371046933
87100000,Motorized Tanks And Other Armoured Fighting Vehicles And Parts Thereof,3419,14273062,13988006
87112011,"Piston engine,capacity >50cc not >250cc,Motorcycle, in CBU with four-stroke engine",82126,110270854,103965979
87112021,"Piston Engine,Capacity >50cc not >250cc,Motorcycle,In CKD with four stroke engine",10754,5857842,5134995
87116000,"Motorcycles (including mopeds)...; side-cars., With electric motor for propulsion",65070,33601376,27700856
87119000,Other,1828,642551,164202
87120000,"Bicycles And Other Cycles, Not Motorized",19681,4362510,3179845
87131000,"Invalid Carriages, Not Mechanically Propelled",91161,31627702,26250619
87139000,"Invalid Carriages, Motorised Or Otherwise Mechanically Propelled",6527,1534351,836833
87141010,"Parts and acce. Of Motorcycles, Saddles",1513,766556,603188
87141020,FUEL TANK OF MOTORCYCLE,236920,141672784,131004628
87141090,"Parts and acce. Of Motorcycles, EXCLUDING Saddles",3440651,2862756328,2736902742
87142000,Parts And Accessories Of Invalid Carriages,1065,455384,114111
87149100,"Frames and forks, and parts thereof",200956,57831384,49503556
87149210,"Wheel Rims & Spokes Of Bicycles & Other Cycles, Not Motorised",29953,8504480,6802479
87149290,Wheel Rims & Spokes Of Bicycles & Other Cycles (Excl. Not Motorised),732,391523,363843
87149311,"Hubs, other Than Coaster Braking Hubs & Hub ... Free-wheel sprocket-wheels of bicycle",76518,20849679,17303460
87149319,"Hubs, other Than Coaster Braking Hub excluding Free-wheel sprocket-wheels of bicycle",51413,13662205,12096882
87149390,"Hubs,Other Than Coaster Braking Hubs & ....Of Bicycles (Excl.Not Motorised",1699,425213,309143
87149410,"Brakes,Including Coaster Braking Hubs & Hubs...Of Bicycles, Not Motorised",81504,23760556,18482143
87149490,"Brakes,Including Coaster Braking Hubs &..Of Bicycle (Excl.Not Motorised)",832,669737,638932
87149510,"Saddles Of Bicycles & Other, Not Motorised",36166,9325536,7664919
87149610,"Pedals & Crank-Gear Of Bicycles & Other, Not Motorised",167061,43031967,33785029
87149690,Pedals & Crank-Gear Of Bicycles & Other (Excl. Not Motorised),1,872,859
87149900,"Parts and accessories of cycles, nes",367575,100696066,72475590
87150000,Baby Carriages And Parts Thereof,25342,6718222,3696263
87163900,"Trailers And Semi-Trailers For The Transport Of Goods, Nes",48722,13177360,10509255
87164000,"Trailers And Semi-Trailers, Nes",11390,3097865,3036825
87168000,"Vehicles, Not Mechanically Propelled, Nes",72396,6724116,5098605
87169000,"Parts Of Trailers, Semi-Trailers, Etc, Of 87.16",36926,8060160,6620964
88022000,"Aeroplanes And Other Aircraft, Nes, Of An Unladen Weight =<2000kg",750,28162411,27607500
88062300,"Oth,for rmt-ctrl.flight only: With maximum take-off weight >7 kg but <25 kg",354,12579210,12331350
88071010,Propellers and rotors and parts thereof :,0,191189,187419
88073010,"Other parts of aeroplanes, helicopters or unmanned aircraft :",0,35646,34943
88073090,"Other parts of aeroplanes, helicopters or unmanned aircraft :",43772,709118686,709117656
88079000,"Parts of goods of heading 88.01, 88.02 or 88.06.OTHER",16085,391091654,373831815
89069000,"OTHER VESSELS, EXCLUDING WARSHIPS",56900,419670548,415515394
89071000,Inflatable Rafts,25,1160184,1137429
89079000,"Oth.Floating Structures(Egtanks,Cofferdams,Landingstages,Buoys/Beacons)Nes",3542,3297803,3196949
89080000,Vessels and other floating structures for breaking up.,85344310,4639408447,4469927960
90011010,Imported by optical fibre cable manufacturing industry,2244,14331524,7764554
90011010,Optical fibres and color optical fibres,3331,21770543,15599677
90011090,COLOR OPTICAL FIBRES EXCLUDING IMPORTED BY VAT REGISTERED OPTICAL FIBRE CABLE MFG.INDUS,23,99665,89602
90013000,Contact Lenses,2610,1350868,404625
90014000,Spectacle Lenses Of Glass,1629,2126152,339707
90015000,Spectacle Lenses (Excl. Of Glass),65901,29387636,18240451
90019010,Blanks And Demos Of Plastic,4369,1388732,850135
90019090,"Oth. Prisms, Mirrors And Other Optical Elements, Unmounted, Nes",5974,36532414,34762593
90021100,"Mounted Objective Lenses, Of Any Material, For Cameras, Projectors, Etc",139,10191690,9984685
90021900,"Mounted Objective Lenses, Of Any Material, Nes",903,817082,180038
90022000,"Mounted Filters, Of Any Material",1,104931,102863
90029000,"Oth. Mounted Lenses, Prisms, Mirrors, Etc, Of Any Material, Nes",99,373896,299226
90031100,"Frames And Mountings For Spectacles, Goggles Or The Like, Of Plastics, TV",2154,4382297,3680264
90031900,"Frames And Mountings For Spectacles, Goggles Or The Like, Nes, TV",200,826306,192566
90039000,"Other Parts Of Frames And Mountings For Spectacles, Goggles Or The Like",12004,4192912,2100878
90041000,"Sunglasses, TV",5889,11613969,3947667
90049000,"Spectacles, Goggles And The Like (Excl. Sunglasses), TV",3787,12181078,7273241
90051000,Binoculars,1074,269694,223365
90058000,Other Instruments (Excl. Binoculars) Such As Optical Telescopes,1095,255833,107731
90059000,"Parts And Accessories (Incl. Mountings) Of Binoculars, Etc",5,13511,13497
90063000,"Cameras For Underwater Use, For Aerial Survey, For Medical Purposes...",73,28375,13908
90064000,Instant Print Cameras,2855,1966483,203682
90065900,"Cameras,Nes (Not Cine-)",24461,19052262,4775696
90066100,Discharge Lamp (Electronic) Flashlight Apparatus,1469,532953,127363
90066900,"Photographic Flashlight Apparatus, Nes",121,164107,27488
90069100,Parts And Accessories For Cameras (Not Cine-),4339,2043838,843882
90069900,Parts And Accessories For Photographic Flashlight Apparatus,4772,1746766,464656
90071090,Cameras (Other than For film of less than 16 mm width or for double-8 mm film),553,569361,562702
90072010,Other Of Film Less Than 16mm,220,120158,14724
90072090,Other Cinematographic Projectors Nes.,4,2503,1227
90079100,Parts And Accessories For Cinematographic Cameras,20,10061,2454
90079200,Parts And Accessories For Cinematographic Projectors,321,178998,171789
90085000,"Projectors, enlargers and reducers",7,12518,6135
90105000,"Oth Apparatus & Equipment For Photographic(& Cinema.)Labs,Nes;Negatoscopes",992,560007,447995
90106000,Projection Screens,8308,4265749,2895342
90111000,Stereoscopic Microscopes,8,829852,813501
90112000,"Optical Microscopes, For Microphotography... Or Microprojection",17,15093,14794
90118000,"Other Optical Microscopes, Nes",9018,70596370,67625199
90119000,Parts And Accessories Of Optical Microscopes Of 90.11,9,42949,41178
90121000,Microscopes (Excl. Optical Microscopes) And Diffraction Apparatus,1043,52970997,51926891
90131000,"Telescopic Sights For Fitting To Arms; Periscopes, Etc",8,3129,2086
90132000,"Lasers, Other Than Laser Diodes",12057,4185622,3757189
90138010,"Optical devices, appliances and instruments, nes",600,75100,73620
90138090,"Optical devices, appliances and instruments, nes",256,146483,36854
90139010,"Parts And Accessories Of Lasers And Optical Devices, Nes, Of 90.13",3,46864,45865
90139090,"Parts And Accessories Of Lasers And Optical Devices, Nes, Of 90.13",6,3573,1671
90141000,Direction Finding Compasses,8,3374,3307
90142000,Instruments/Apparatus For Aeronautical/Space Navigation (Excl Compasses),1,8263,1350
90148090,"Instruments And Apparatus For Navigation, Nes",68,10239198,10038424
90151000,Rangefinders,350,545424,510519
90152000,Theodolites And Tacheometers,326,11438282,11200387
90153000,Levels For Surveying,3404,1270851,1003095
90158010,"Other Instruments And Appliances For Meteorological... Purposes, Nes",118,4155997,4104677
90158090,"Other Instruments And Appliances For Meteorological... Purposes, Nes",788,6304023,5943422
90159000,Parts And Accessories Of Surveying... Instruments/Apparatus Of 90.15,73,93992,80801
90160000,"Balances Of A Sensitivity Of 5cg Or Better, With Or Without Weights",398,15735575,15408403
90172000,"Other drawing, marking-out or mathematical calculating instruments:",88535,15179972,10662527
90173000,"Micrometers, Calipers And Gauges",2178,2897487,2654071
90178010,Plotter,4599,3450777,3283351
90178090,Other Instruments,202068,31383803,20896107
90179000,Parts And Accessories Of Drawing/Measuring Instruments Of 90.17,207,299048,256852
90181100,Electro-Cardiographs,2355,11354864,10658545
90181200,Ultrasonic Scanning Apparatus,5079,113424300,110926382
90181300,Magnetic Resonance Imaging Apparatus,8937,92963692,91131940
90181400,Scintigraphic Apparatus,40,10015,7364
90181910,Other Electro-Diagnostic Apparatus Nes,2490,19411288,18332786
90181990,Other Electro-Diagnostic Apparatus Nes,2686,82586695,80494375
90182000,"Ultra-Violet Or Infra-Red Apparatus, For Medical, Surgical... Sciences",201,82624,30432
90183110,"Empty prefilled glass/plastic syringes with needles,.. shield, plunger and stopper",76996,312686046,306453342
90183120,Portable infusion pump (syringe driver),567,4298019,4203515
90183130,Plastic syringe with or without needles,2889,1943572,1735892
90183190,"Syringes, NES",4672,39991418,38944730
90183200,"Tubular Metal Needles And Needles For Sutures, For Medical... Sciences",2897,30141725,29541760
90183911,Infusion set with or without IV fluid bag,13154,6313462,5123822
90183912,Blood transfusion set,12810,26747107,25750662
90183913,Feeding tube,952,707962,544392
90183914,IV cannulae,27370,27323842,20989139
90183915,Scalp vein set,460,1179969,1107245
90183916,Suction catheter,144,269176,263418
90183917,Blood Lancet,0,1241,1227
90183918,Fistula Needle,4650,1216037,1137477
90183919,Infusion set with or without IV fluid bag,4279,9743240,9557728
90183920,Insulin Pen/Insulin cartridge,5944,44244465,43412288
90183930,Urine drainage bag,34621,6940094,5374120
90183940,FISTULA NEEDLE,5847,9354015,9198511
90183950,Spinal needle,2430,8947023,610318
90183990,"Other syringes, needles, catheters, cannulae and the like",78990,59770265,42515493
90184100,Dental Drill Engines......Equipments,47478,18722395,12553698
90184900,Instruments And Appliances Used In Dental Sciences (Excl. Drill Engines),9654,4707686,4124251
90185000,Other Ophthalmic Instruments And Appliances,3129,195383769,191077222
90189010,Biology Boxes,6835,4036372,3815860
90189020,Kidney Dialysis Machines/Baby Incubator,3076,23296576,22242788
90189030,"Angiographic catheter wire, guidy catheter wire....balloons, stents",3210,226388635,205047254
90189090,Other,188123,306428293,284773749
90191010,Mechano-Therapy Appliances,255,335858,295707
90191020,Massage Apparatus,56329,96724026,79659849
90191090,Mechano-Therapy Appliances;Massage Apparatus;Psychological Appatatus Nes.,2014,3321281,2380824
90192010,Oxygen-Therapy And Artificial Respiration Apparatus Incld. Heart/Lung ....,5946,66485047,64990205
90192090,"Ozone Therapy,Oxygen Therapy,Aerosol Therapy,Respiration Apparatus Nes.",78048,64538132,57957479
90200000,Other Breathing Appliances And Gas Masks,4230,1523198,997327
90211000,ORTHOPAEDIC OR FRACTURE APPLIANCES,20017,12538102,11154872
90212100,Artificial Teeth,14,15524,5890
90212900,Dental Fittings (Excl. Artificial Teeth),279,1785020,925734
90213100,ARTIFICIAL JOINTS,1504,10910152,10031014
90213900,"OTHER ARTIFICIAL PARTS OF THE BODY, EXCLUDING ARTIFICIAL JOINTS",1864,81388664,79321725
90214000,Hearing Aids (Excl. Parts And Accessories),271,12366404,9934256
90215000,Pacemakers For Stimulating Heart Muscles (Excl. Parts And Accessories),150,33894971,32655551
90219010,Heart Valve,58,20552390,18782491
90219090,Other Parts And Accessories Of Articles And Apparatus Of 90.21 Nes,489,125186,113375
90221200,"Computed Tomography Apparatus,Based On The Use Of X-Rays",2484,20032593,19637872
90221400,"Apparatus Based On Use Of X-Rays,Nes,For Medical/Surgical/Veterinary Uses",29394,887126774,869334806
90221900,"Apparatus Based On The Use Of X-Rays, Nes",105,2572291,2521608
90222100,"Apparatus Of Alpha, Beta Or Gamma Radiations For Medical... Uses",4843,250407415,245473400
90223000,X-Ray Tubes,1036,84080841,80463858
90229000,"X-Ray Generators..., Screens..., Parts And Accessories Of 90.22",60308,253466086,247931638
90230000,"Instruments, Apparatus And Models Designed For Demonstrational Purposes",11876,101732405,98767408
90241000,"Machines/Appliances For Testing The Hardness, Strength... Of Metals",16889,20610129,19641905
90248010,Other Machines/Appliances For Testing... Materials (Excl. Metals),622,723615,700223
90248090,Other Machines/Appliances For Testing... Materials (Excl. Metals),13732,152369910,148728098
90249000,Parts And Accessories Of Machines For Testing... Materials Of 90.24,50,5328023,5228312
90251100,"Thermometers/Pyrometrs,Not Comb.With Other Instrs,Liquid,For Direct Readng",4390,1352988,834869
90251900,"Thermometers/Pyrometrs,Not Comb.With Other Instrumts,Not Liquid-Filled Nes",3620,10640382,8889168
90258000,"Oth.Instruments Hydrometers,Pyrometers, Hygrometers, Etc, And Combinations",11479,76449059,71423764
90259000,"Parts And Accessories Of Hydrometers... Thermometers, Etc, Of 90.25",23338,9112562,5061449
90261000,"Instruments... For Measuring/Checking The Flow Or Level Of Liquids, Nes",183067,101414498,63805072
90262000,Instruments... For Measuring Or Checking Pressure,9246,20278429,17821858
90268000,Oth.Instruments... For Measuring Or Checking Variables Of Liquids Or Gas,10851,44547379,39852909
90269000,Parts And Accessories Of Instruments For Measuring Flows... Of 90.26,168,2195632,2125424
90271000,Gas Or Smoke Analysis Apparatus,98,6745549,6570928
90272000,Chromatographs And Electrophoresis Instruments,1325,78414154,72011854
90273000,"Spectrometers, Spectrophotometers... Using Optical Radiations",3914,130232636,119912027
90275000,"Instruments And Apparatus Using Optical Radiations, Nes",720,39789977,38890265
90278900,"Other instruments and apparatus, OTHER Excl. Mass spectrometers",38038,527256909,505787079
90279000,Parts And Accessories Of Instruments For Analysis Of 90.27,399,19773913,19383792
90281000,Gas Meters,3750,23740454,23130135
90282000,Liquid Meters,4268,6329739,6250153
90283020,"Pre-payment, programmable m.function elec. programmable multitariff elec. kwh meter",1113,7435959,7289432
90283090,Electricity Meters Nes.,918,5806600,378388
90289010,"Gas, Liquid & Electricity Meters, Of Kilowatthour meter",16419,15471345,14503709
90289020,"Parts of prepayment kwh meter prgrmble,multifuction,kwh mtr,prgmble multitrf,kwh",19497,17041960,16353056
90291010,Fare Meters For Exclusive Use In Taxicabs Or Auto Rickshaws,1331,659156,636574
90291090,"Revolution Or Producton Counters,Taximeters,Mileometers,Pedometers, Nes",26,1073928,1052768
90292000,Stroboscopes; speed indicators and tachometers,42629,69313144,65729749
90299000,"Parts And Accessories Of Revolution Counters, Etc, Of 90.29",9122,8109486,7303150
90301000,Instruments And Apparatus For Measuring Or Detecting Ionising Radiations,422,20102893,18831088
90302000,Cathode-Ray Oscilloscopes And Cathode-Ray Oscillographs,173,551701,460714
90303100,Multimeters,10544,4783497,3224310
90303200,"Other inst and appt, for measr or chking volt, cur., resis.or power : Multim.",489,177991,69200
90303300,"Other inst and appt, for measr or chk volt, cur., resis.or power : Multim. wit",7371,18997733,17664278
90303900,"Instruments... For Measu./Check. Volt.,Current, with a recoding device",1001,117859899,116637355
90304000,Measuring/Checking Instruments/Apparatus For Telecommunications,170,4301739,4134922
90308400,Other instruments & apparatus with a recording device,50,12515,6135
90308900,"Instruments... For Measuring/Checking Electronic Gain Etc, Nes",6494,9674505,8582176
90309000,Parts/Accessories Of Electrical... Measuring... Instruments Of 90.30,388,123970,101007
90311000,Machines for balancing mechanical parts,791,691849,649496
90312000,Test Benches,3312,38448427,37690843
90314900,"Optical Instruments And Appliances For Measuring Or Checking, Nes",6215,59881328,58433698
90318000,"Instruments, Appliances And Machines For Measuring Or Checking, Nes",29485,189639316,184205219
90319000,"Parts And Accessories Of Measuring Instruments... Nes, Of 90.31",3157,9035129,8128253
90321000,Thermostats,15871,45026384,43366533
90328100,"Automatic Regulating... Instruments/Apparatus, Hydraulic Or Pneumatic",102190,90334255,89193960
90328900,"Automatic Regulating Or Controlling Instruments And Apparatus, Nes",68897,77460774,72524942
90329000,Parts And Accessories Of Automatic Regulating Devices Of 90.32,630,1543731,1346172
90330000,"Parts And Accessories, Nes, For Machines, Appliances, Etc, Of Chapter 90",60,102568,5156
90330090,"Parts And Accessories, Nes, For Machines, Appliances, Etc, Of Chapter 90",31326,197949411,187281904
91011190,"Wrist Watches, Electrically Operated (Excl.Use For Blind/In Ckd Condition)",205,13937484,13637027
91011910,"Other Wrist Watches, Specially Designed For The Use Of Blind",4,1158084,1155290
91011990,Other Wrist Watches (Excl.Ckd Condition & Not For The Use Of Blind),2950,6837371,597311
91019190,"Other Electric Operated Pocket Watches,Etc(Ex.Wrist Watches),Nes",0,2503,2454
91019990,"Other Pocket Watches, Etc(Excl. Wrist), Nes, Of Precious Metal",1384,2524935,494240
91021190,"Other Wrist Watches,Mechanical Display(Ex.Use For Blind,Ckd Condition)",2733,60010578,58641658
91022190,"Wrist Watches,With Automatic Winding (Excl.Ckd, Not Use For Blind)",147,246633,240178
91022990,"Wrist Watches,Not Electronic Operated/Automatic Winding,Nes",33064,39646349,15782747
91029910,"Pocket Watches, Etc, Nes, For The Use Of Blind",0,92740,90921
91029990,"Other Pocket Watches, Etc, Nes",1050,2366384,428100
91039000,Clocks With Watch Movements (Excl. Electrically Operated),47,213800,70896
91040090,Instrument Panel Clocks Other Than Use In Aircraft/Helicopter,15,4038,3957
91051100,"Alarm Clocks, Electrically Operated",126,185327,176688
91051900,Alarm Clocks (Excl. Electrically Operated),18030,5520572,3502705
91052100,"Wall Clocks, Electrically Operated",8828,1650900,1168804
91052900,Wall Clocks (Excl. Electrically Operated),32806,9685555,3959066
91059900,"Other Clocks, Nes (Excl. Electrically Operated)",2213,4192021,3066224
91061000,Time-Registers; Time-Recorders,256,123807,34489
91069000,"Other Apparatus For Indicating Time, Nes",721,226487,184186
91070000,Time Switches With Clock Or Watch Movement Or With Synchronous Motor,366,211291,23313
91081100,"Electrically Operated Watch Movements, With Mechanical Display Only",120,180430,66307
91089000,"OTHER WATCH MOVEMENTS,COMPLETE AND ASSEMBLED,EXCLUDING 33.8MM OR LESS",4312,4913594,3323386
91099000,"Clock Movements, Complete And Assembled, Nes",2926,850782,664666
91112000,Watch Cases Of Base Metal (Incl. Plated),1,2506,2454
91119000,Parts Of Watch Cases,1754,466475,145142
91129000,Parts Of Clock Cases And Cases For Other Goods Of Chapter 91,60,30037,6027
91131000,"Watch Straps, Bands And Bracelets, And Parts Thereof, Of Precious Metal",223,111648,24295
91132000,"Watch Straps, Bands And Bracelets, And Parts Thereof, Of Base Metal",35,28785,5522
91139000,"Watch Straps, Bands And Bracelets, And Parts Thereof, Nes",158981,40658875,34096521
91149000,"Clocks Or Watch Parts, Nes",604,1229091,583977
92011000,Upright Pianos,1232,2043224,1979188
92012000,Grand Pianos,55,22528,3681
92019000,"Other Automatic Pianos, Harpsichords And Other Keyboard Instruments, Nes",87,19526,13988
92021000,String Musical Instruments Played With A Bow,7,1252,245
92029000,"Other String Musical Instruments, Nes",8515,5848532,4431551
92051000,"Wind musical instruments, Brass-wind instruments",30,11267,2209
92059000,"Wind musical instruments, (EXCL. Brass-wind instruments)",990,133930,36074
92060000,"Percussion Musical Instruments (Eg Drums, Xylophones, Cymbals, Etc)",532,346548,240676
92071000,Keybrd.Instrmnts.With Elec.Produced Or Amplified Sound Oth.Than Accordions,1073,683222,608224
92079000,"Oth.Musical Instruments,Nes,With Electrically Produced Or Amplified Sound",2707,27380215,25883588
92081000,Musical Boxes,0,868,851
92093000,Musical Instrument Strings,493,369224,118386
92099200,Parts And Accessories For The Musical Instruments Of 92.02,40,25032,17178
92099900,"Parts And Accessories Of Other Musical Instruments, Nes",4093,1270086,523843
93020010,"Arms Forming Part Of The Regular Uniform Of BD.Armies,NAVY,Air Forces & Foreign Armies..",11,294767,288959
93031010,Muzzle-Loading Firearms Imported By Or On Behalf Of The Govi.Of Bangladesh,321312,3582260154,3511675477
93032010,"Sporting,Hunting/Target-Shooting Shotguns, Imp.By/On Behalf Of The Bd.Govt",65010,294916765,289105740
93040090,"Other Arms(Eg Spring,Air Or Gas Guns&Pistols,Truncheons)",5810,48725225,47750822
93052000,Parts and accessories Of shotguns or rifles of heading 9303,580,180865,177302
93069000,"Bombs, Grenades, Torpedos, Mines, Missiles And Similar Munitions, Etc",4842,1775029788,1739880702
94011000,Seats Of A Kind Used For Aircraft,210,78879,55232
94012010,SEATS OF KIND USED FOR MOTORCYLE,60443,35696163,34852710
94012090,SEATS OF KIND USED FOR OTHER THAN MOTORCYCLE,25027,14241019,13477612
94013900,Swivel seats with variable height adjustment :OTHER,8013,3292204,2402958
94015900,"Seats of cane, osier or similar materials : Excl bamboo or rattan",244,88579,31928
94016100,"Upholstered Seats, With Wooden Frames",20858,11526097,6919053
94016900,"Seats With Wooden Frames, Not Upholstered",26179,15033927,10761135
94017100,"Upholstered Seats, With Metal Frames",2847,1541768,1150214
94017900,"Seats With Metal Frames, Not Upholstered",14369,6119196,3228161
94018000,"Seats, Nes",19429,7710526,6021904
94019900,"Seats (Other Then 94.02) Whether or not cnvrt. into beds, and parts :Parts : others",199992,77276561,52215134
94021000,"Dentists', Barbers' or similar chairs and parts thereof",12061,4543137,2119395
94029010,Hospital Beds,58001,27142871,18749264
94029090,"Medical,Surgical Or Veterinary Furniture & Parts Therof (Exc Hosopital Bed",19835,33368961,30927692
94031000,Metal Furniture Of A Kind Used In Offices (Excl. Seats),5883,2347371,1700597
94032010,Other metal furniture specially design to receive apparatus of heading 84.71 and,62061,91096857,85336391
94032020,Racks of a kind used in the pharmaceutical laboratory,178,75363,42463
94032090,Other metal furniture EXCL.specially design to receive apparatus of heading 84.7,46739,23046389,18205417
94033000,Wooden Furniture Of A Kind Used In Offices (Excl. Seats),34031,13597248,7525489
94034000,Wooden Furniture Of A Kind Used In The Kitchen (Excl. Seats),3683,1379538,833450
94035000,Wooden Furniture Of A Kind Used In The Bedroom (Excl. Seats),60807,29483882,21015512
94036010,Furniture of a kind used in pharmaceutical laboratory,352,1005716,990914
94036020,Cutting table of a kind used with cutting machine,3479,3803084,3728148
94036090,"Wooden Furniture, Nes",22354,9479392,5577736
94037000,Furniture (Excl. Seats) Of Plastics,4535,2175196,1734039
94038300,"Furniture of other materials, including cane, osier, bamboo or similar mat..:Of ratta",72,27037,8834
94038900,"Furniture of other material, including cane,osier or similar materials: Excl b",5016,1973718,844931
94039100,"Others Furniture and Parts Thereof :Parts, of wood",60,26287,7362
94039900,"Others Furniture and Parts Thereof :Parts, OTHERS",14108,5570408,3469562
94041000,Mattress Supports,322,114244,24644
94042100,Mattresses Of Cellular Rubber Or Plastics,3505,1622657,728356
94042900,"Mattresses Of Other Materials, Nes",2055,1145228,410457
94043000,Sleeping Bags,2335,377366,163633
94044000,"Quilts, bedspreads, eiderdowns and duvets (comforters)",12800,5070878,3393871
94049000,"Articles Of Bedding, Stuffed, Etc (Excl. Mattresses And Sleeping Bags)",32350,11027845,7600558
94051100,Designed for use solely with light-emitting diode (LED) light sources,3283,4259959,2882423
94051900,"Designed for use solely with light-emitting diode (LED) light sources,NES",4251,2909093,947857
94052100,Designed for use solely with light-emitting diode (LED) light sources,4358,2824474,1598425
94052900,"Electric table, desk, bedside or floor-standing luminaires ,OTHER",6520,5033789,2923183
94053100,Designed for use solely with light-emitting diode (LED) light sources,1,9255,9164
94053900,"Lighting sets of a kind used for Christmas trees,OTHER",6987,4014898,798491
94054110,"Photovoltaic, dsgn. use solely with light-emitting diode (LED) light sources",20314,21586616,17446365
94054190,"Photovoltaic, dsgn. use solely with light-emitting diode (LED) light sources",10326,14414606,12676741
94054200,"Oth.elec.lum. &..Other, designed for use solely light-emitting diode (LED) light sour",5459,6255789,5687536
94054910,Shadowless operation lamps,3457,6771924,6092716
94054920,Energy saving light with balast and fittings,1342,2188204,1567085
94054990,"Other electric luminaires and lighting fittings,NES",32235,27394789,17429790
94055010,"Non-Electrical Lamps And Lighting Fittings, Hurricane Lamps Of Base Metal",20,10012,2454
94055090,"Non -Electrical Lamps & Lighting Fitting, Nes.",6906,4703995,1481746
94056100,Designed for use solely with light-emitting diode (LED) light sources,74,643658,631002
94056900,"Illuminated signs, illuminated name-plates and the like,OTHER",4468,1872338,1656764
94059100,Glass parts for lamps and lighting fittings etc of glass,16404,6325852,5240136
94059200,Luminating and lighting fittings including searchlights .........Parts of Plastic,9559,4278995,3600672
94059900,"Parts, NES",126024,53384075,39092948
94069010,"Prefabricated Buildings,,,, SANDWICH PANEL WITH OR WITHOUT cold room fac.",352428,258607015,179092635
94069090,Prefabricated buildings. nes,4866,1669141,637574
95030010,Puzzles,779,489726,120618
95030090,"Tricycl, scotr, pedal car and simlr whel toy; dolls? carg..Excl puzzles",345281,192971451,120918220
95042000,Articles and accessories for Billiard of all kinds,3454,1388989,1108259
95043000,"Other games, operated by coins, banknotes, bank cards,...of payment, other than..equip.",2295,891446,437008
95044000,Playing Cards,23806,12015043,10461925
95045000,"Video game consoles and machines, other than those of subheading 950430",1234,442980,156566
95049000,"Articles for funfair, table or parlour games, nes",1256,546596,245531
95051000,Articles For Christmas Festivities,2097,1171623,659394
95059000,"Festive, Carnival Or Other Entertainment Articles, Nes",89902,23183539,16957813
95061900,"Snow-Ski Equipment, Nes",5,2503,614
95062900,"Water-Skis, Surf-Boards And Other Water-Sport Equipment",134,59141,42720
95063100,"Golf Clubs, Complete",12,9840,9840
95063200,Golf Balls,404,443675,219274
95063900,"Golf Equipment, Nes",197,167719,69364
95064000,Articles and equipment for table-tennis:,19,11822,4972
95065100,"Lawn-Tennis Rackets, Wheather Or Not Strung",19,6206,4424
95065900,"Other Tennis Or Similar Rackets, Nes",798,541890,118618
95066100,Lawn-Tennis Balls,28000,5318451,4932540
95066200,Inflatable Balls,139158,48916349,42145302
95066900,"Balls (Excl. Golf, Table-Tennis, Tennis And Inflatable)",57261,16127320,8547758
95067000,Ice Skates And Roller Skates,1734,466329,267037
95069100,"Articles And Equipment For General Physical Exercise, Gymnastics/Athletics",249471,74530846,59503948
95069900,"Other articles and equipment for sport and open-air games, nes",72736,15023189,12452561
95071000,Fishing Rods,2074,669966,404395
95072000,"Fish-Hooks, Wheather Or Not Snelled",4578,1773351,625976
95073000,Fishing Reels,888,265962,123559
95079000,"Line fishing tackle, fish landing nets, butterfly and similar nets...",1094,329875,98903
95082200,"Carousels, swings and roundabouts",2502,952478,456714
95082900,Other,96103,36344390,9195968
95083000,Fairground amusements,700,271692,171831
96019000,"Worked Bone, Tortoise-Shell, Horn... And Articles Thereof, Nes",18939,6347893,2028814
96020010,Gelatin Capsules (Empty),27698,117432267,115121370
96020020,"Worked Vegetable Or Mineral......Wax,Sterlin,Nes (Excl.Gelatin Capsules)",8070,110731270,108504120
96031000,"Brooms And Brushes, Of Twigs Or Other Vegetable Material Bound Together",3049,533981,372595
96032100,Tooth Brushes Including Dental-Plate Brushes,21696,20368339,17079953
96032900,"Oth. Brushes For Shaving, Hair, Nail, Eyelash, Toilet Brushes",8740,2731673,1224048
96033000,"Artists', Writing Brushes And Brushes For The Application Of Cosmetics",14478,4308128,2457022
96034000,"Paint, Distemper, Varnish Or Similar Brushes; Paint Pads And Rollers",98767,14175334,11540573
96035000,"Brushes Constituting Parts Of Machines, Appliances Or Vehicles, Nes",31608,9240001,8629285
96039000,"Hand-Operated Floor Sweepers, Mops, Feather Dusters, Etc, Nes",480929,30590086,24949656
96040010,Hand Sieves For Use In Laboratories,180,721061,706853
96050000,"Travel Sets For Personal Toilet, Sewing Or Shoe Or Clothes Cleaning",364,136501,83956
96061000,"Press-Fasteners, Snap-Fasteners And Press-Studs And Parts Therefor",217,188418,148930
96062100,"Buttons Of Plastics, Not Covered With Textile Material",17012,5207036,3430427
96062200,"Buttons Of Base Metal, Not Covered With Textile Material",94295,24322419,19405138
96062900,"Oth. Buttons, Nes",106979,28478396,19330458
96063000,Button moulds and other parts of buttons; button blanks:,21390,7592650,6789458
96071100,Slide Fasteners Fitted With Chain Scoops Of Base Metal,29030,8243589,2161240
96071900,Slide Fasteners Not Fitted With Chain Scoops Of Base Metal,307678,79017430,61389214
96072000,Slide Fastener Parts,26498,7788032,6853446
96081000,Ball-Point Pens,21503,13295706,10711816
96082000,Felt-Tipped And Other Porous-Tipped Pens And Markers,54917,20066071,13875239
96083000,"Fountain pens, stylograph pens and other pens",34037,16548694,13991816
96085000,Sets Of Articles From Two Or More Of The Subheadings,569,309224,299808
96086000,"Refils For Ball-Point Pens, Comprising The Ball-Point And Ink-Reservoir",200,106529,43166
96089910,Ball Points For Ball Point Pen,7421,40203337,39081718
96089990,"Duplicating Stylos; Pen/Pencil Holders; Parts Of Pens, Nes",9063,2984452,2357166
96091000,"Pencils And Crayons, With Leads Encased In A Rigid Sheath",79579,18749709,16542284
96092000,"Pencil Leads, Black Or Coloured",8977,2249202,2013754
96099010,Slate Pencil,274,90798,77178
96099090,"Crayons, Nes; Drawing Charcoals And Chalks (Incl. Tailors'Chalks) Nes.",12548,2766224,2139032
96100010,"Unframed Slates With Writing Surface Only, Thickness not exceeding 5 mm",5000,933677,766875
96100090,"Other Slates And Boards, With Writing Or Drawing Surfaces Nes",19984,3658270,2248014
96110000,"Date, Sealing Or Numbering Stamps, Etc, For Use In The Hand....Sticks",6514,1628823,1166160
96121010,Ribbons (Computer Printers Ribbons),27136,19586829,17557057
96121090,Other Ribbons(excl.computer printer ribbons),6691,16996151,16601383
96122000,Ink-Pads,870,218492,182407
96131000,"Pocket Lighters, Gas Fuelled, Non-Refillable",1,379,375
96132000,"Pocket Lighters, Gas Fuelled, Refillable",3,438,245
96138000,"Other Lighters, Nes",5368,1369969,711552
96139000,Parts Of Lighters (Excl. Flint And Wicks),109832,44688924,31009416
96140000,"Smoking pipes (including pipe bowls) and cigar or cigarette holders, and parts",232,72680,56999
96151100,"Combs, Hair-Slides And The Like Of Hard Rubber Or Plastics",24196,5801995,4080209
96151900,"Combs, Hair-Slides And The Like Of Other Materials, Nes",382731,86011186,69437521
96159000,"Hairpins; Curling Pins, Curling Grips, Etc, And Parts Thereof",91216,21192185,17105994
96161000,"Scent Sprays And Similar Toilet Sprays, And Mounts And Heads Therefor",71310,31801582,28927404
96162000,"Powder-Puffs And Pads For The Application Of Cosmetics, Etc",10494,3744659,2120143
96170000,"Vacuum Flasks, Etc, Complete With Cases; Parts Thereof(Excl. Inners)",109511,41050911,38265560
96180000,"Tailors' Dummies, Etc; Automata And Other Animated Displays",15815,2976470,1918910
96190000,"Sanitary towels (pads) and tampons, napkins and napkin liners for babies and similar",135800,38911348,35462928
96200000,"Monopods, bipods, tripods & similar articles",35861,6526653,5163925
97012100,"Of an age exceeding 100 years : Painting, drawings and pastels",16,1097,1097
97019100,"Painting, drawings and pastels",187,125335,92519
97019900,"Other,nes",6,3166,2357
97039000,"Original sculptures and statuary, in an material, NES",4788,1093197,493464
98010032,"Goods treated as ""Baggage"" Air cond.machine; Split Type UPTO 18000 BTU",105,15000,15000
98010034,"Goods treated as ""Baggage"" Regregerator or Freezers",429,138177,135553
98010039,Air cond.machine; refrigerators or freezers; dish washer/washing machine/clothd Dryer,120,34980,34980
98010041,Music(4/8spkr)/Home theater/CD/VCD/DVD/LD/MD/ Blue redisk set,5,8000,8000
98010053,"Plasma, LCD, TFT, LED and similar technologis TV 37 inch to 42 inch",30,36799,36074
