hscode,description,net_wt_kg,assess_value_bdt
01051110,Fowls Of The Species Gallus Domestic(Parent Stock One Day Chick),5928,317639707
01063900,OTHER BIRDS,250,8015619
01069000,"OTHER LIVE ANIMALS, NES",195,3699379
03011100,"Ornamental fish, Freshwater",57,178486
03021490,Atlantic salmon (Salmo salar) and Danube salmon (Hucho hucho) EXCL. Wrapped/canned up,980,1841087
03021990,"Fish...ruhi,katla,......,pangash, karp & alike, excl. wrapped/canned upto 2.5kg Other",713040,87503192
03023390,"Fresh Or Chilled Skipjack Or Stripe-Bellied Bonito(Ex.Livers & Roes),nes",10,4659
03024310,"Sardines ( Sardina pilachardus), sardinella (Sardinella spp), brisling . sprattus)Wr",20,20038
03024390,"Sardines ( Sardina pilachardus), sardinella (Sardinella spp), brisling . sprattus) E",138,124299
03025190,"Fish of the families Bregmacerotidae, Euclichthyidae,..:, Cod (Gadus morhua, ...), EX",70,69924
03025490,"Hake (Merluccius spp, Urophycis spp), EXCL. Wrapped/canned upto 2.5 Kg",50,49946
03032490,"Other Catfish (Pangasius spp, Silurus spp, Clarias spp, Ictalurus spp)",105450,11798303
03032990,"Fish frozen.. Excl. wrapped/canned upto 2.5kg ruhi, katla,..,karp and alike Other",64000,7149539
03034390,"Frozen Skipjack Or Stripe-Bellied Bonito(Excl.Livers & Roes),nes",58650,6567803
03035190,"Herrings (Clupea harengus,Clupea pallasii), NES",414440,46428609
03035490,"Mackerel (Scomber scombrus, Scomber australasicus, Scomber japonicus), EXCL. Wrapped/can",253070,28344070
03035590,Other Jack and horse mackerel (Trachurus spp),325540,36449038
03035990,Wrapped/canned upto 2.5 kg,298500,74222322
03038990,"Other fish, excluding livers and roes :",1844405,232327240
03046210,"Catfish (Pangasius spp, Silurus spp, Clarias spp, Ictalurus spp), Wrapped/canned upto 2.",33000,6163173
03046290,"Catfish (Pangasius spp, Silurus spp, Clarias spp, Ictalurus spp), EXCL. Wrapped/canned u",256550,49214567
03048690,"Herrings (Clupea harengus, Clupea pallasii), EXCL. Wrapped/canned upto 2.5 Kg",150,150310
03048790,"Tunas (of the genus Thunnus), skipjack or stripe-bellied bonito...pelamis), EXCL. Wrappe",18,18286
03055290,"Tilapias (Oreochromis spp.), catfish (Pangasius spp., Silurus spp., Clarias spp., Ict",4705,1463933
03055990,"OTHER DRIED FISH(EXCL.COD),NES",1692557,426931156
03063610,Other shrimps and prawns,16,2536437
03063690,Other shrimps and prawns,32,7119558
03072110,"Scallops, Live, Fresh Or Chilled Wrapped/Canned Upto 2.5kg",40,40080
03074290,"Live, fresh or chilled",40,39955
03074310,"Cuttle fish and squid , Frozen, Wrapped/canned upto 2.5 kg",9160,2005174
03075190,"Octopus Live, Fresh Or Chilled,Nes",50,49946
03089090,Other than Jellyfish (Rhopilema spp) EXCL. Wrapped/canned upto 2.5 Kg,10,31312
04011010,"Milk And Cream Of <=1% Fat,Not Concentrated Or Sweetened, Wrapped/Canned upto 2.5 kg",12674,1191150
04011090,"Milk And Cream Of <=1% Fat,Not Concentrated Or Sweetened, Nes",3338,2024321
04012010,"Milk & Cream Of>1%But<=6%Fat,Not Concentrated Or Sweetened,Wrap./Cann. upto 2.5 kg",25175,3142449
04015010,"Milk & cream ..added sugar or ..Of a fat content, by weight, >10%, Wrapped./Canned upto",16,10147
04021010,"Milk&Cream In Powder Forms<=1.5%Fat,Con... Or Sweet.,In Reta.Pk.Upto 2.5kg",1269,673493
04021090,Other,2862225,921514937
04021091,MILK AND CREAM IN SOLID FORMS OF =<1.5% FAT IMPORTED BY VAT REG. MILK AND MILK PRODUC,199975,54679215
04022110,"Milk&Cream In Powder Forms >1.5%Fat,Notsweetened R.Pkt.=<2.5kg",1350,823527
04022190,,9228350,4203178643
04029900,Sweetened Milk And Cream (Excl. In Solid Form),13022,864280
04039000,"BUTTERMILK, CURDED MILK AND CREAM.., EXCL. YOGURT",3296,929263
04049000,"Products Consisting Of Natural Milk Constituents, Nes",125120,15609986
04051000,Butter,7241,3916350
04059000,Fats And Oils Derived From Milk (Excl. Butter And Dairy Spreads),50400,40941107
04061000,"Fresh (Unripened Or Uncured)Cheese, Including Whey Cheese And Curd",410,153755
04062000,Grated Or Powdered Cheese,0,125
04063000,"Processed Cheese, Not Grated Or Powdered",53263,27926175
04069000,"Cheese, Nes",53420,25138805
04071900,Birds Fertilised eggs for incubation EXCL. Of fowls of the species Gallus domesticu,188,1290013
04079000,"Birds egg, Excluding Fertilised eggs for incubation",216,94690
04090010,"Naturel honey, wrapped/canned upto 2.5 kg",9690,6031776
04090090,"Naturel honey, Exclu. wrapped/canned upto 2.5 kg",117930,45871281
05010000,"Human Hair And Waste, Unworked",89011,145431300
05021000,"Pigs', Hogs', Or Boars' Bristles Or Hair & Waste There Of",4,1480
05029000,Badger And Other Brush Making Hair & Waste There Of,58,51787
05051000,Raw Feathers For Stuffing; Down,3,3719
05080000,"Coral; Shells Of Molluscs, Crustaceans, Unworked",84000,2099508
05119100,"Products Of Fish, Crus.,Mollus.,Other Aquatic, Invet Dead Anim.Of Chapt. 3",301876,22714757
05119910,"Animal Products, Nes; ...,Unfit For Human Consun. Wrapped/canned upto 2.5 kg",9810,84201218
05119990,"Animal Products, Nes; ...,Unfit For Human Co. Excl. Wrapped/canned upto 2.5 kg",7560,21393600
06012000,"Bulbs, Tubers... Rhizomes In Growth Or Flower; Chicory Plants And Roots",534,478234
06022000,"Trees,Shrubs,Bushes, Grafted Or Not, Of Kind Bearing Edible Fruit Or Nuts",13005,819139
06023000,"Rhododendrons And Azaleas, Grafted Or Not",51268,2731730
06024000,"Roses, Grafted Or Not",39120,2130523
06029010,"Other Live Plants,Cutting And Slips, Mushroom Spawn",500,531706
06029090,"Other Live Plants,Cutting And Slips, Mushroom Spawn",49858,4776621
06031100,Roses,2885,1765661
06031200,Carnations,948,593399
06031300,Orchids,368,230273
06031400,Chrysanthemums,927,580386
06031500,Lilies (Lilium spp),2212,1385346
06031900,Cut flowers & flower buds of a kind suitable for bouquets or for ornamental pur,3295,2063612
06042000,"Foliage, branches and other parts of plants, without flowers .or otherwise prepared, Fr",480,300588
07011090,"Seed Potatoes, Nes",754400,151295076
07020019,"Tomatoes, Fresh, Nes",28609,1899478
07031019,"Onions, Fresh Or Chilled, Nes",49888623,2566018063
07032090,"Garlic, Fresh Or Chilled, Nes",7872664,985653211
07039090,"Leeks And Other Alliaceous Vegetables, Nes, (excl. Wrapped/Canned upto 2.5 kg)",1813,455860
07041090,"Cauliflowers And Headed Broccoli, Fresh Or Chilled, Nes",861,269591
07042090,"Brussels Sprouts, Fresh Or Chilled, Nes",224,70568
07051190,"Cabbage Lettuce, Fresh Or Chilled, Nes",22483,4238956
07061090,"Carrots And Turnips, Fresh Or Chilled, Nes",4190,223346
07069090,"Salad Betroot..Radishes & Similar Edible Roots,Fresh Or Chilled, Nes",792,209330
07070090,"Cucumbers And Gherkins, Fresh Or Chilled, Nes",698,174854
07081090,"Peas, Shelled Or Unshelled,Fresh Or Chilled, Nes",66160,4153456
07082090,"Beans, Shelled Or Unshelled Fresh Or Chilled, Nes",580,181536
07092090,"Asparagus, Fresh Or Chilled, Nes",222,70051
07094090,"Celery Other Than Celeric, Fresh Or Chilled, Nes",413,129278
07095190,"Mushrooms, Fresh Or Chilled, Nes",130,81652
07096019,"Sweet Peppers, Fresh Or Chilled, Nes",251,63443
07096099,"Other Fruits Of Genus Capiscum Or Pimenta,Fresh Or Chilled,Nes,(excl. Wrd/Ca upto 2.5kg)",232220,17548254
07099390,"Pumpkins, squash and gourds (Cucurbita spp), EXCL. Wrapped/canned upto 2.5 Kg",180,55775
07099990,"Other Vegetables NES, EXCL. Wrapped/canned upto 2.5 Kg",1229,239273
07102190,"Shelled Or Unshelled Peas Uncooked/Cooked By Steaming/Boiling Frzn, Nes",3000,540388
07104090,"Sweet Corn Uncooked Or Cooked By Steaming Or Boiling Frozen, Nes",45000,5808533
07108090,"Vegetable Uncooked Or Cooked By Steaming Or Boiling Frozen,Nes,(Excl.Wrap/Can upto 2.5Kg",11940,1061820
07122090,"Dried Onions Cut, Whole, Broken, Powder, Nes",20500,6447674
07123490,Shiitake (Lentinus edodes),1500,225445
07129010,"Dried vegetable, whole ............., Sweet corn",1215,1999024
07129092,DIHYDRATED CHIVES IMPORTED BY VAT REGI.BISCUITS AND BAKERY PRO.MFG,11900,7445341
07129099,"Other Dried Vegetable, Whole, Cut Sliced... Not Further Nes,(Excl.Wrap/Can upto 2.5 kg)",212375,50108662
07131090,"Dried Peas Shelled, Nes",5962472,290688490
07132090,"Dried Chickpeas (Garbanzos) Shelled, Nes",58575980,5048578153
07133190,"Dried Beans Of The Species, Vigna Mungo(L) Hepper/V.Radiata, Shelled, Nes",4082500,565260209
07133290,"Dried Small Red(Adzuki)Beans Shelled, Nes",1,6889
07133990,"Dried Other Beans, Shelled, Nes, (Excl. Wrapped/Canned upto 2.5 kg)",2274850,256440586
07134010,"Dried Lentils, Shelled, Wrapped/Canned upto 2.5 kg",47,6242
07134090,"Dried Lentils, Shelled, Nes",47174414,3895443028
07139090,"Dried Leguminous Vegetables, Shelled, Nes, (Excl. Wrapped/Canned upto 2.5 kg)",11193832,784492912
08011190,"Desiccated Coconuts Fresh Or Dried,Nes",260250,28450998
08011290,Other coconuts in the inner shell (endocarp) EXCL. Wrapped/canned upto 2.5 Kg,159,99704
08011990,"Coconuts, Not Desiccated,Fresh Or Dried,Nes",20840,2610235
08013110,"Cashew Nuts, In Shell, Fresh Or Dried,Wrapped/Canned Upto 2.5kg",6,720
08013190,"Cashew Nuts, In Shell, Fresh Or Dried,Nes",27000,5547105
08013290,"Casweh Nuts, Shelled, Fresh Or Dried, Nes",182780,93721201
08021190,"Almonds In Shell, Fresh Or Dried, Nes",103,51606
08021290,"Almonds Shelled, Resh Or Dried,Nes",259163,128896724
08023290,"Walnuts Shelled Fresh Or Dried, Nes",147000,73209001
08025210,"Pistachios, Shelled, Wrapped/canned upto 2.5 Kg",9,16907
08028090,"Other Areca nuts, EXCL. Wrapped/canned upto 2.5 Kg",78,18600
08029919,Betelnuts,487721,121475787
08041011,"Dates, Fresh,Wrapped/Canned Upto 2.5kg",319826,104012602
08041019,"Dates, Fresh, Nes",6903231,1394360832
08041021,"Dates, Dried, Wrapped/Canned Upto 2.5kg",736,130469
08041029,"Dates, Dried, Nes",83096,20899039
08042021,"Figs, Dried,Wrapped/Canned Upto 2.5kg",129,35636
08042029,"Figs, Dried, Nes",11000,2738888
08044090,"Avocados Fresh Or Dried, Nes",1833,920331
08045029,"Mangosteens, Fresh Or Dried, Nes",172,64665
08045039,"Mangoes Fresh Or Dried, Nes",1462,549355
08051090,"Oranges, Fresh Or Dried, Nes",16585211,1593018403
08052190,Mandarins (including tangerines and satsumas),6864385,598421482
08054090,"GRAPEFRUIT, NES",19702,1723926
08055090,"CITRUS FRUIT,FRESH OR DRIED, LEMONS ,NES",73,22862
08059019,"Citrus Fruit, Fresh Nes, Nes",5958448,515964281
08061090,"Fresh Grapes, Nes",6236805,728223714
08062090,"Dried Grapes, Nes",1193265,296949744
08071190,"Watermelons, Fresh, Nes",23,7207
08071990,"Melons, Fresh, (Excl. Watermelons),Nes",126,39453
08072090,"Papaws (Papayas), Fresh, Nes",140,52599
08081090,"Apples, Fresh, Nes",18002842,1567998740
08083090,"Pears, EXCL. Wrapped/canned upto 2.5 Kg",528750,46063625
08091090,"Apricots, Fresh, NES",13,6511
08092190,"Sour cherries (Prunus cerasus), EXCL. Wrapped/canned upto 2.5 Kg",82,61637
08093090,"Peaches, Including Nectarines, Fresh,Nes",104,39326
08094019,Plums EXCL.Wrapped/canned upto 2.5 kg,571,279783
08094099,Sloes EXCL.Wrapped/canned upto 2.5 kg,240,120245
08101010,"Strawberries, Fresh, Wrapped/Canne Upto 2.5kg",9059,4539359
08102010,"Raspberries,Blackberries,Mulberries & Loganberries,Fresh,Wrapped/Cann Upto 2.5kg",123,78701
08103090,"Other Black, white or red currants and gooseberries, EXCL. Wrapped/canned upto 2.5 Kg",41357,1643866
08105090,"Kiwifruit, Fresh, NES",567,280195
08106090,"DURIANS , NES",180,67632
08107090,"Other persimmons, EXCL. Wrapped/canned upto 2.5 Kg",96670,17989440
08109090,"Other Fruit, Fresh, Nes,(Excl. Wrapped/Canned Upto 2.5kg)",4578407,453614050
08111000,"Fruit and nut, uncooked or cooked.... frozen ..sweetening matter, Strawberries",150,75144
08112000,"Raspberries, blackberries, mulberries, loganberries, b/w or red...gooseberries",60,37572
08131090,"Dried Apricots, NES",25000,7159163
08132010,"Dried Prunes,Wrapped/Canned Upto 2.5KG",903,392850
08132090,"Dried Prunes,NES",336150,96267153
08134010,"Other Dried Fruit, Nes, Wrapped/Canned Upto 2.5KG",500,187311
08134090,"Other Dried Fruit, Nes, (Excl. Wrapped/Canned Upto 2.5KG)",1114982,112881955
08135099,"Mixtures Of Dried Fruit And Nuts, Nes, (Excl. Wrapped/Canned Upto 2.5KG)",770,515701
09011190,"Coffee, Not Roasted Or Decaffeinated",24735,24332026
09012110,"Roasted coffee, not decaffeinated,wrapp/cann upto 2.5kg",2100,2528237
09019090,"Coffee husks and skins,coffee substi contain coffee excl. Wrapped/canned upto 2.5 k",83,98144
09021000,"Green Tea,Whether Or Not Flavoured, In Immediate Packings <=3 Kg",2478,3073025
09022000,"Green Tea,Whether Or Not Flavoured, Nes",3302,2612299
09023000,"Black Tea Fermented/Partly Fermented,Flavoured Or Not,In Packings Of <=3kg",485,188295
09024000,"Black Tea Fermented/Partly Fermented,Flavoured Or Not,In Packings Of >3kg",108,55460
09041190,"Pepper, Neither Crushed Nor Ground, Nes",128350,55478727
09041200,"Pepper, Crushed Or Ground",1011,190885
09042190,"Fruits of the genus Capsicum...,: Dried or neither crushed or ground, EXCL.Wrapped/canne",4755414,1307984561
09042210,"Fruits of the genus Capsicum ...,: crushed or ground, Wrapped/canned upto 2.5 Kg",556,363802
09042290,"Fruits of the genus Capsicum...,: crushed or ground, EXCL. Wrapped/canned upto 2.5 Kg",1,627
09061110,"Neither crushed nor ground:Cinnamon (Cinnamomum zeylanicum Blume), Wr./Can.upt",8,4845
09061190,"Neither crushed nor ground:Cinnamon (Cinnamo. Zeylan. Blume), Excl. Wr./Can.up",1563280,333821823
09071090,"Cloves (whole fruit, cloves and stems), Neither Crushed or ground, EXCL. Wrapped/canned",90530,45081961
09081190,"Nutmeg :Neither Crushed or ground, EXCL. Wrapped/canned upto 2.5 Kg",27100,10124196
09082190,"Mace : Neither Crushed or ground, EXCL. Wrapped/canned upto 2.5 Kg",35750,35614693
09083110,Cardamoms :Neither Crushed or ground. Wrapped/canned upto 2.5 Kg,16,20664
09083190,Cardamoms :Neither Crushed or ground. EXCL. Wrapped/canned upto 2.5 Kg,344871,721485852
09092190,Seeds of coriander : Neither crushed or ground EXCL. Wrapped/canned upto 2.5 Kg,150000,35967875
09092210,Seeds of coriander : Crushed or ground Wrapped/canned upto 2.5 Kg,5,1202
09093110,Seeds of Cumin : Neither crushed or ground Wrapped/canned upto 2.5 Kg,6,1440
09093190,Seeds of Cumin : Neither crushed or ground EXCL. Wrapped/canned upto 2.5 Kg,2238688,970933605
09096110,"Seeds of anise, badian, caraway or fennel; juniper berries : Neither crushed or ground W",4,1002
09096190,"Seeds of anise, badian, caraway...; juniper berries : Neither crushed or ground EXCL. Wr",822740,151416082
09101190,Ginger : Neither Crushed or ground EXCL. Wrapped/canned upto 2.5 Kg,14369406,1711373659
09101290,Ginger : Crushed or ground EXCL. Wrapped/canned upto 2.5 Kg,85,69202
09103010,"Turmeric(Curcuma), Wrapped/Canned upto 2.5 kg",5,1204
09103090,"Turmeric(Curcuma), Nes",1787820,307416256
09109110,MIXTURES REFFERED TO IN NOTE 1(B) TO THIS CHAP WRAP/CAN UPTO 2.5 KG,16285,4080596
09109190,Other,8,8134
09109910,"Other Spices, Nes, Wrapped/Canned upto 2.5 kg",1880,539628
09109990,"Other Spices, Nes, (Excl. Wrapped/Canned upto 2.5 kg)",719459,65789577
10011990,"Durum wheat, Other than Seed, EXCL. Wrapped/canned upto 2.5 Kg",799154597,27592796026
10019990,"Other Seed, NES, EXCL, Wrapped/canned upto 2.5 Kg",35913671,1353805759
10031090,Barley Seed EXCL. Wrapped/canned upto 2.5 Kg,146000,7773985
10039090,Barley other than Seed EXCL. Wrapped/canned upto 2.5 Kg,61750,3325262
10049010,"Oats other than Seed, Wrapped/canned upto 2.5 Kg",1,601
10049090,"Oats other than Seed, EXCL. Wrapped/canned upto 2.5 Kg",15000,1724268
10051010,"Maize Seed, wrapped/canned upto 2.5 kg",441115,224392140
10051090,"Maize Seed, Excl. wrapped/canned upto 2.5 kg",159305,78105261
10059010,"Other Maize, wrapped/canned upto 2.5 kg",10,25050
10059090,"Other Maize, Excluding wrapped/canned upto 2.5 kg",391152801,17319550374
10061010,Rice in the husk (paddy or rough) wrapped/canned upto 2.5 kg,6091,16114604
10061090,Rice in the husk (paddy or rough) Excl. wrapped/canned upto 2.5 kg,4908,16170564
10062000,Husked (Brown) Rice,14,3591
10063019,Semi-Milled Or Wholly Milled Rice,482,60784
10063091,Semi-Milled Or Wholly Milled Rice,293600,57083310
10063099,Semi-Milled Or Wholly Milled Rice,27477485,1428663626
10071090,"Grain sorghum Seed, EXCL. Wrapped/canned upto 2.5 Kg",592000,32502036
11010010,"Wheat Or Meslin Flour, wrapped/canned upto 2.5 kg",4500,422080
11010090,"Wheat Or Meslin Flour, Excl. wrapped/canned upto 2.5 kg",21500,1874793
11022000,Maize (Corn) Flour,288,31189
11029000,"Other Flour Than Of Rye,Maize & Rice Flour",430,151553
11041290,Rolled or flaked grains of oats in bulk,176,26931
11081200,Maize (Corn) Starch,1597675,100747079
11081300,Potato Starch,302030,46095823
11081400,Manioc (Cassava) Starch,324101,27811593
11081900,"Other Starches, Nes",19000,1683650
11090000,"Wheat Gluten, Wheather Or Not Dried",40,10020
12019090,"Soya beans, whether or not broken other than Seed, EXCL. Wrapped/canned upto 2.5 Kg",331368624,18917717883
12024190,"Ground-nuts, not roasted or otherwise cooked, whether in Shell, EXCL. Wrapped/canned up",2729415,273932584
12024290,"Other Ground-nuts, Shelled whether or not broken EXCL. Wrapped/canned upto 2.5 Kg",3655350,389319293
12030000,Copra,3087897,682973495
12051090,"LOW ERUCIC ACID RAPE OR COLZA SEEDS, Nes",78179636,4973750273
12060010,"Sunflower Seeds, Whether Or Not Broken, Wrapped/Canned upto 2.5 kg",226,42537
12060090,"Sunflower Seeds, Whether Or Not Broken, Nes",83000,18606558
12074090,"Sesamum Seeds, Nes",437000,136782532
12075090,"Mustared Seeds, Nes",4982000,375190028
12077010,Melon seeds Wrapped/canned upto 2.5 Kg,957,17257975
12077090,"Other Melon seeds, EXCL. Wrapped/canned upto 2.5 Kg",2572,18769361
12079910,"Other Oil Seeds And Oleaginous Fruits, Nes, Wrapped/Canned upto 2.5 kg",88,53103
12079990,"Other Oil Seeds And Oleaginous Fruits, Nes, (Excl. Wrapped/Canned upto 2.5 kg)",57140,11388252
12093000,Seeds Of Herbaceous Plants Cultivated Principally For Their Flowers,287,161205
12099100,Vegetable Seeds Of A Kind Used For Sowing,87011,211697025
12099990,Other than Tobacco Seeds,6,3724
12119019,"Plants Or Parts,Used In Perfumery, Nes, (Excl. Wrapped/Canned upto 2.5 kg)",50,17652
12119029,"Plants Or Parts, Used In Pharmacy, Nes, (Excl. Wrapped/Canned upto 2.5 kg)",842760,193771080
12119091,"Plants Or Parts, Used In Insecticide..., Similar Purpose,Nes, Wrap./Cann upto 2.5 kg",10582,1830892
12119099,"Plants Or Parts, Used In Insecticide..., Similar Purpose,Nes, Wrap./Cann upto 2.5 kg",2118570,98488265
12122119,Seaweeds and other algae: Fit for human consumption EXCL. Wrapped/canned upto 2.5 Kg,4100,7570860
12122911,Seaweeds and other algae: Other than Fit for human consumption Wrapped/canned upto 2.5,25,6263
12122919,Seaweeds and other algae: Other than Fit for human consumption EXCL. Wrapped/canned upto,144000,12265067
12129990,"Vegetable Products Used Primarily For Human..,Fresh/Drd Nes,(Excl. Wrap/Can upto 2.5 kg)",550,25171483
12130010,"Cereal Straw And Husks, Wrapped/Canned upto 2.5 kg",5,2960
12130090,"Cereal Straw And Husks, Nes",1,627
12149090,"Other Forage Products, Nes, (Excl. Wrapped/Canned upto 2.5 kg)",11,5511
13012000,Gum Arabic,8005,2052684
13019000,"Natural gums, resins, gum-resins,natural oleoresesins and balsams (excl. gum arabic)",401316,134140780
13021900,"Other Vegetable Saps And Extracts,Nes(Exl.Opium,Liquorice,Hops,Pyrethrum).",6258,65678596
13022000,"Pectic Substances, Pectinates And Pectates",64503,65104641
13023200,"Mucilages And Thickeners Of Locust Beans, Bean Seeds And Guar Seeds",16450,16404255
13023900,"Mucilages&Thickeners,Derived From Veg.Prod.(Ex.Locastbeans/Seeds,Guarseeds",6448,1949240
14011000,Bamboos,55004,3445832
14049091,"Vegetable Products, Nes Wraped/Canned upto 2.5 kg",2838,604203
14049099,"Vegetable Products, Nes (Excl. Wrapped/Canned upto 2.5 kg)",93066,67084526
15041000,Fish-Liver Oils And Their Fractions,10714,21080920
15042000,"Fish Fats, Oils And Fractions (Excl. Fish Liver Oils)",134320,39248065
15050000,Wool grease and fatty substances derived therefrom(including lanolin).,2600,4507460
15071000,"CRUDE OIL, WHETHER OR NOT DEGUMMED",37849359,5463445816
15079010,Refined Soya-Bean Oil,15035,11597368
15079090,Other Soya-Bean Oil,210,1105353
15089000,"Ground-Nut Oil (Excl. Crude) And Fractions,Not Che.Modified",1490,886492
15092010,Extra virgin olive oil,20668,16392819
15092090,Extra virgin olive oil,152,75175
15093010,Virgin olive oil,24,15803
15093090,Virgin olive oil,16000,9986012
15094010,Other virgin olive oils,2410,1775950
15099010,Olive oil and fractions (excl. virgin) wrapped/canned upto 2.5kg,26218,10144159
15099090,Olive oil and fractions (excl. virgin) Excl. wrapped/canned upto 2.5kg,1539,3023654
15109000,"Crude olive pomace oil, OTHERS",48,30022
15119011,Rbd Palm Stearin,1402270,216221133
15119019,Solidified Or Hardened By Mechanical Treatment(Excl. Rbd Palm Stearin),2,1254
15119090,Palm Oil(Excl.Cude)&Its Fractns....Nes.Incld.Refiend Palm Oil,155713824,20780676837
15121100,Crude Sunflower-Seed Oil And Safflower Oil,550,313440
15121900,Sunflower-Seed And Safflower Oil (Excl. Crude) And Fractions Thereof,1610413,318615582
15122900,"Refined Cotton-Seed Oil & Its Fractns, Not Chemically Modifd",0,1241
15131100,Crude Coconut (Copra) Oil,618,336840
15131900,"Coconut (copra) oil (excl. crude) & its fractions, refined or not but not chem. modified",119326,27523760
15132100,Crude Palm Kernel Or Babassu Oil,344000,90459955
15132900,"Refined Palm Kernel/Babassu Oil & Fractions,Not Chem.Modifd",508731,111891788
15149900,"RAPE,COLZA OR MUSTARD OIL&FRAC.THEREOF,WHET.OR NOT REF.BUT NOT CHE.MOD.NES",10003,2835796
15151900,"Refined Inseed Oil & Fractions,Not Chemically Modified",3790,1300963
15153000,Castor Oil And Its Fractions,16428,5095304
15155000,Sesame Oil And Fractions,16952,2324444
15159000,"Oth.Fixed Veg.Oil,Fats & Frac.,Nes(Ex.Maize/Castor/Tung/Sesamre/Jojobaoil)",1416,1702869
15161000,"Animal Fats And Oils And Fractions, Hydrogenated, Etc",145,777643
15162000,"Vegetable fats and oils and their fractions, hydrogenated, etc",1409970,314298552
15163000,Microbial fats and oils and their fractions,751,3018527
15171010,"Margarine, excluding liquid margarine in 10kg or above packing",726991,124452156
15179000,"Edible Preparations Of Animal/Veg.Fats And Oils,Nes Incld.Liquid Margarine",66724,17985982
15180000,"Animal Or Vegetable Fats And Oils... Chemically Modified, Nes",555525,83841537
15211000,Vegetable waxes (excl. triglycerides),620,1505913
16010000,"Sausages &Similar Prod.;Of Meat,Meat Offal,Blood,Prep.Based On These Prod.",20960,8043189
16023200,"Prepared/Preserved Meat,Offal/Blood Of Fowls Of Species Gallus Domesticus",97996,19201265
16025000,Preparations Of Meat Of Bovine Animals,36809,18746050
16041400,"Prep./Preserved Tuna,Skipjack & Bonito Ex.Minced Whole/Inpieces",1937,968024
16051000,"Crab, Prepared Or Preserved",50,25048
17011400,Other cane sugar,245888849,12437130082
17019900,"Cane Or Beet Sugar, In Solid Form, Nes Including Chemically Kue Sucoose",6324293,518132610
17021100,Lactose And Lactose Syrup Cont.By Weight>=99% Lactose Calc. On Dry Matter,415300,155532880
17022000,Maple Sugar And Maple Syrup,4853,924233
17023010,"Dextrose, Anhydrous/Monohydrate Bp/Vsp Pyrogen Free",935700,81675184
17023020,"Glucose & Glucose Syrup,Containing <20% Fructose,Liquid Glucose",24000,3920763
17023090,"GLUCOSE AND GLUCOSE SYRUP, NOT CONTAINING FRUCTOSE OR CONTAINING.. EXCL. LIQUID GLUCO",21060,1747239
17029000,"Artificial honey, caramel and other sugars (incl. invert sugar), nes",1291901,96966505
17031000,Cane Molasses Resulting From The Extraction Or Refining Of Sugar,120210,4640007
17041010,"Chewing Gum Not Containing Cocoa, TV",4852,1823166
17041090,Chewing gum excl. Put up for retail sale,10018,3742415
17049010,"Sugar confe (incl. white chocolate), not cont cocoa,nes Put up for retail sale",87860,33022359
17049090,"Sugar confei (incl. whit chocole), not cont cocoa, nes excl. Put up for retail sale",24690,9246416
18010000,"Cocoa Beans, Whole Or Broken, Raw Or Roasted",25003,25024815
18040000,"Cocoa Butter, Fat And Oil",265,956290
18050000,"Cocoa Powder, Not Containing Added Sugar Or Other Sweetening Matter",306938,61249991
18061000,"Cocoa Powder, Containing Added Sugar Or Other Sweetening Matter",2768,923615
18062000,"OTHER PREPARATIONS IN BLOCKS, SLABS OR BARS WEIGHING MORE THAN 2 KG, OR IN LIQUID..",42110,10659263
18063100,"Chocolate, Etc, Containing Cocoa, In Blocks, Slabs Or Bars, Filled, TV",45787,57261374
18063200,"Chocolate, Etc, Containing Cocoa In Blocks, Slabs Or Bars, Not Filled, TV",930,1199779
18069000,"OTHER CHOCOLATE & OTHER FOOD PREPARA. CONTAININGS COCOA, EXCL. FILLED/NOT FILLE, TV",6197,5963647
19011000,"Preparations suitable for infants or young children, put up for retail sale",106782,67452478
19012000,Mixes And Doughs For Preparation Of Bakers' Wares Of 19.05,343205,46951218
19019011,Filled milk powder,2121455,726292683
19019019,food prep's of goods excl. Filled milk powder imp by VAT reg milk products manu ind,20,37572
19019020,Dry mixed ingredients of food preparations,327667,103617533
19019030,Preparations for infant or young children in bulk imported by VAT registered food ind,413280,202878109
19019050,NUTRITIONAL SUPP.FOR PREGNANT WOMEN...BY VAT REG. REG.FODD PROCESSIN INDUSTY.,8,4488
19019090,,207725,40577976
19019099,Imported in bulk by other than VAT registered food processing industries,4,2640
19021900,"Uncooked Pasta, Not Containing Eggs, Not Stuffed",63770,8082696
19023000,"Other Pasta, Nes",181110,21612523
19030000,"Tapioca & Substitutes Prpd.From Starch In Flakes,Grains,Pearls,Sifting Etc",1499383,114912605
19041000,Prepared food obtained by the swelling or roasting of cereals or cereal products,182951,60293246
19042000,Prepared Foods Obtned From Unroasted Cereal Flakes/Mixtures Unroasted/Rstd,2141,1057234
19049000,"Cereals In Grain,Flakes,Worked Grains,Precooked,Otherwise Prepared, Nes",33622,11684648
19051000,Crispbread,2132,1136538
19053100,"SWEET BISCUITS, TV",29923,14985989
19053200,"WAFFLES AND WAFERS, TV",54472,30674924
19054000,"Rusks, Toasted Bread And Similar Toasted Products",730,607195
19059000,"Pastry,Cakes,Other Bread, Etc, Nes; Communion Wafers, Rice Paper, Etc, TV",16250,9271964
20011000,"Cucumbers And Gherkins,Prepared On Preserved By Vinegar Or Acetic Acid",2507,312474
20019000,"Oth.Veg.Fruits,Nuts&Edible Parts Of Plants Preserved By Vinegar/Acetic Aci",83442,12827774
20021000,"Tomatoes, Whole Or In Pieces, Preserved Other Than By Vinegar, Etc",4422,550745
20029000,"Tomatoes,Oth.Than Whole Or Pieces Preserved Otherwise Than By Vinegar,Nes",59344,7736388
20031000,"Mushrooms, Preserved Otherwise Than By Vinegar Or Acetic Acid",39505,3952307
20039000,"OTHER MUSHROOMS&TRUFFLES,PREPARED OR PRESE.OTHERW.THAN BY VINE.ACETIC ACID",55223,5894896
20041000,"Potatoes,Preserved Not By Vinegar/Acetic Acid,Frozen (Excl.Prods. Of 2006)",191748,35069209
20052000,"Potatoes, Preserved Other Than By Vinegar Or Acetic Acid, Not Frozen",10510,7259863
20054000,"Peas, Preserved Other Than By Vinegar Or Acetic Acid, Not Frozen",9499,1282431
20055100,"Shelled Beans, Preserved Other Than By Vinegar, Etc, Not Frozen",150,13112
20055900,"Beans, Unshelled, Preserved Other Than By Vinegar, Etc, Not Frozen",3199,285244
20057000,"Olives, Preserved Other Than By Vinegar Or Acetic Acid, Not Frozen",57116,6522748
20058000,"Sweetcorn, Preserved Other Than By Vinegar Or Acetic Acid, Not Frozen",11726,1064465
20059100,Bamboo shoots,132,16543
20059900,"Other vegetables and mixtures of vegetables:, Excl. Bamboo shoots",4024,2343660
20060000,"Vegetables,Fruit,Nuts,Fruitpeel & Other Parts Of Plants,Preserved By Sugar",324,261145
20079900,"Oth.Jams,Fruit Jellies,Marmalades,Nut Purce/Pastes Oth Than Citrus Fruit..",2833,1380108
20081100,"Ground-Nuts, Prepared On Preserved",37626,20222107
20081900,"Nuts And Seeds Including Mixtures, Other Than Ground Nuts, Preserved",5079,3440338
20083000,"Citrus Fruit,Otherwise Prepared Or Preserved (Excl.Those Of 20.06 & 20.07)",1500,1207783
20086000,"Cherries, Otherwise Prepared Or Preserved (Excl. Those Of 20.06 And 20.07)",8990,6707999
20087000,"Peaches, Otherwise Prepared Or Preserved (Excl. Those Of 20.06 And 20.07)",112,48953
20088000,"Strawberries,Otherwise Prepared Or Preserved (Excl.Those Of 20.06 & 20.07)",695,304665
20089700,Mixture,749,367188
20089900,"Other fruit, etc, prepared or preserved, nes",36127,16225126
20091900,"Unfrzn.Orange Juice,Unfermented,Not Containing Added Spirit,Sweetened/Not",25024,4701546
20093900,OTHER JUICE OF ANY OTHER SINGLE CITRUS FRUIT EXCL. BRIX VAL.NOT EXCEED.20,12800,2404854
20097900,"OTHER, APPLE JUICE EXCL. BRIX VALUE NOT EXCEEDING 20",6660,1251349
20098100,Juice of any other single fruit or vegetable Cranberry Juice,9888,1857790
20098900,Juice of any other single fruit or vegetable other than Cranberry Juice,35677,6699695
20099000,"Mixtures Of Juices,Unfermented,Not Cont. Added Spirit,Sweetened Or Not",11447,2141268
21011100,"Extracts, Essences And Concentrates Of Coffee",77799,122014314
21011200,Preparations With A Basis Of Extract/Essence Etc.Or With A Basis Of Coffee,23110,21715044
21012000,"Extracts, Essences, Concentrates And Preparations Of Tea Or Mate",1896,1656877
21013000,"Roasted Coffee Substitutes (Incl.Chicory),Extracts,Essences & Conc.Thereof",11088,3532126
21021000,Active Yeasts,356443,112073057
21022000,"Inactive yeasts; other single-cell micro-organisms, dead",31000,20982900
21023000,Prepared Baking Powders,4855,1010013
21031000,Soya Sauce,98383,13688411
21032000,Tomato Ketchup And Other Tomato Sauces,10849,1716718
21033000,"Mustard Flour And Meal, And Prepared Mustard",1537,239786
21039010,Mixed seasonings,497747,262747282
21039090,sauce preparations; mixed condiments and seasonings;NES,274089,58460700
21041000,Soups And Broths And Preparations Therefor,81335,38203896
21042000,Homogenized Composite Food Preparations,570,356354
21061000,Protein Concentrates And Textured Protein Substances,65213,20617272
21069020,Beverage concentrate,851909,553266015
21069029,Beverage concentrate,14,5880
21069030,Soya protein-based food preparations,2700,507905
21069050,Creamer in bulk imported by VAT registered milk foodstuffs manufacturers,184526,40087798
21069060,Food supplement,7370,11863600
21069090,Other food preparations not elsewhere specified or incl.(excl. beverage concentrate),542415,174944630
22011000,"Mineral Waters And Aerated Waters, Unsweetened",2120,267451
22019000,"OTHER WATER, EXCL.MINERAL WATERS AND AERATED WATERS",36200,4527938
22021000,"Waters (Incl. Mineral And Aerated), With Added Sugar, Sweetener, Etc",78616,9883757
22029100,Non-alcoholic beer,184,61077
22029900,"Waters, including mineral waters and aerated waters...Excl. Non-alcoholic beer",840,210430
22030000,Beer Made From Malt,830,612190
22041000,Sparkling Wine,1027,896673
22071000,"Undenatured Ethyl Alcohol, Of Alcoholic Strength >=80% By Vol.",102228,34619988
22082000,Spirits From Distilled Grape Wine Or Grape Marc,103,208774
22083000,Whiskeys,9396,7626500
22085000,Gin And Geneva,1200,815538
22086000,Vodka,1242,1139678
22090000,Vinegar And Substitutes For Vinegar Obtained From Acetic Acid,12938,2119768
23012090,"Flours, meals and pellets, of fish or of crustaceansàExcl.wrapped/canned upto 2.5 kg",1,877
23021000,"Brans, Sharps And Other Residues Of Maize(Corn)",30000,1202412
23023000,"Brans, Sharps And Other Residues Of Wheat",28645399,1280432521
23024090,"Brans,Sharps & Oth. Residues Of Oth. Cereals Except Maize,Rice & Wheat",24000,1322608
23025000,"Brans, Sharps And Other Residues Of Leguminous Plants",2243067,107113523
23031000,Residues Of Starch Manufacture And Similar Residues,6957279,599150126
23033000,Brewing Or Distilling Dregs And Waste,21501963,1331164684
23040000,"Oil-Cake And Other Solid Residues, Of Soya-Bean Oil",102964267,6838344321
23061000,Oil-Cake And Other Solid Residues Of Cotton Seeds,103100,8471193
23062000,Oil-Cake And Other Solid Residues Of Linseed,245540,18501993
23064900,"OIL-CAKE AND OTHER SOLID RESIDUES OF RAPE OR COLZA SEEDS, OTHER",12420600,752564250
23066000,Oil-Cake And Other Solid Residues Of Palm Nuts Or Kernels,2141058,98408560
23069000,"Oil-Cake And Other Solid Residues, Of Other Vegetable Fats And Oils",160200,7023426
23091000,"Dog Or Cat Food, Put Up For Retail Sale",486372,62149104
23099011,Vitamin or mineral or amino acid or their combination (feed grade),243566,165341617
23099012,Vitamin premix or mineral premix or amino acid premix or their combination(feed grade,1329117,517957657
23099013,Probiotics or Prebiotics or their combinatioin (feed grade),589820,232094978
23099014,Essential oil or combination of essential oils (feed grade),190170,52148231
23099019,"Oth, Preparations for use in making complete feed or supplementary feed",2818603,860444628
23099021,Vitamin or mineral or amino acid or their combination (feed grade),231,212267
23099022,Vitamin premix or mineral premix or amino acid premix or their combination (feed grad,41750,10768545
23099023,Probiotics or Prebiotics or their combination (feed grade),57235,43640641
23099029,"Preparations for use in making complete feed or supplementary feed for fish,NES",2632551,178631099
23099090,"OTH..Preparations of a kind used in animal feeding. ,OTHER",12589071,2060300074
24012000,"Tobacco, Partly Or Wholly Stemmed/Stripped",23750,32781067
24013000,Tobacco Refuse,8,5261
24022000,Cigarettes Containing Tobacco,8,28332
25010010,Pure Sodium Chloride Bp/Usp Pyrogen Free,400176,12236433
25010020,Salt (other than pure sodium chlo.)...solution ..salt boulder for crushing & salt in bul,53800000,367170836
25010030,"Rock salt, bhit lobon",452000,13179107
25010099,Other Salt,11950,1900602
25020000,Unroasted Iron Pyrites,44000,3024025
25030000,"Sulphur Of All Kinds (Excl. Sublimed, Precipitated And Colloidal Sulphur)",2224270,99274431
25041000,Natural Graphite In Powder Or In Flakes,25200,2144903
25049000,Other Natural Graphite (Excl. In Powder Or In Flakes),15,6560
25051000,Silica Sands And Quartz Sands,2405872,56031685
25059000,Natural Sands(Ex.Silica & Quartz Sands & Metal-Bearing Sands Of Ch.26)Nes,241999,5561326
25061000,Quartz,3692142,98422157
25062000,Quartzite,4197166,107463258
25070010,China clays,9251125,282712861
25070090,"Kaolin And Other Kaolinic Clays, Whether Or Not Calcined",1336850,42329565
25081000,Bentonite,2495521,54035749
25083000,Fire-Clay,96068,8998588
25084010,Ball clays,75971875,573787642
25084090,"Other Clays, Nes",2791,253045
25090000,CHALK,2525,84362
25102000,"NATURAL CALCIUM PHOSPHATES, NATURAL ALUMINIUM CALCIUM PHOSPHATES AND..,GROUD",24015,3717732
25111000,Natural Barium Sulphate (Barytes),245500,12482175
25131000,Pumice stone,200,301077
25132000,"Emery, Natural Corundum, Natural Garnet And Other Natural Abrasives",251000,3756681
25151200,"Merely cut, by sawing or otherwise, into blocks ....a rectan.. (including square) shape",4051960,84354904
25152000,Ecaussine And Other Calcareous Building Stone; Alabaster,0,1254
25161200,"Granite, Merely Cut Into Blocks On Slabs Of A Square Or Rectangular Shape",3323865,74989788
25162000,Sandstone,390,36949
25169010,Boulder stone,532782607,1078041669
25171010,Flint/grinding pebbles,13,6109
25171090,Broken or crushed stone,1433645340,3602179888
25174100,"Marble Granules, Chippings And Powder",320500,4688482
25174900,"GRANULES, CHIPPINGS AND POWDER, OF STONES OF HEADING 2515 OR 2516..,EXCL. MARBLE",20055219,301151786
25181000,Dolomite Not Calcined,1181503,11188188
25182000,Calcined Dolomite,1424120,9573246
25191000,NATURAL MAGNESIUM CARBONATE (MAGNESITE),106000,3285871
25199000,Magnesia And Other Magnesium Oxide,144601,19153484
25201010,Gypsum; Anhydrite,43569780,210657021
25201090,Gypsum; Anhydrite,127482170,554516813
25202000,Plasters,3762309,78197259
25210010,Boulder limestone,518664500,912603373
25210090,Other than Boulder Limestone,245732000,461650537
25210091,Limestone Flux; Limestone And Other Calcareous Stone,108000,171369
25221000,Quicklime,9322801,227461625
25222000,Slaked Lime,21250,2653509
25223000,Hydraulic Lime,166200,4948614
25231000,Cement clinkers,1367338079,8946502803
25232100,White Portland Cement,15890,953629
25232900,"PORTLAND CEMENT, EXCL WHITE CEMENT, WHETHER OR NOT ARTIFICIALLY COLOURED",225000,41172734
25233000,Aluminous Cement,15000,1386097
25239000,Other Hydraulic Cements,275239,6510860
25249010,Chrysolite fibre,2895500,278220723
25251000,Crude Mica And Mica Rifted Into Sheets Or Splittings,0,2483
25252000,Mica Powder,60600,2269703
25261000,"Natural Steatite, Talc, Not Crushed Or Powdered",420501,6004193
25262010,"Natural Steatite, Talc, Crushed Or Powdered",1224541,30776763
25262090,"Natural Steatite, Talc, Crushed Or Powdered",1,627
25291000,Felspar,139025890,1086426390
25292100,Fluorspar Containing By Weight <=97% Of Calcium Fluoride,35140,3445859
25301000,"Vermiculite, perlite and chlorites, unexpanded",3000,187880
25309000,"Other Mineral Substances, Nes",11471000,153776020
26020000,"Manganese Ores/Concentrates(Inc.Ferruginous), With Manganese Cont.Of=>20%",14293702,381555850
26070000,Lead Ores And Concentrates,1000,251745
26100000,Chromium Ores And Concentrates,27000,1241251
26140000,Titanium Ores And Concentrates,162100,30633898
26151000,Zirconium Ores And Concentrates,3,2468
26180000,Granulated Slag (Slag Sand) From The Manufacture Of Iron Or Steel,750522787,2801549109
26190000,"Slag,Dross,Etc,From The Manufacture Of Iron/Steel (Excl.Granulated Slag)",52000,1676606
26209910,FLY ASH,338989000,1254555723
26219090,"OTHER,SLAG&ASH,INCLUDING SEAWEED ASH&RESIDUES FROM THE INCIN.MUNICI.WASTE",21000,652370
27011100,"Anthracite Coal, Not Agglomerated",2938839,164824432
27011200,"Bituminous Coal, Not Agglomerated",532070,7997088
27011900,"Other Coal, Not Agglomerated, Nes",2081600641,29246899149
27040000,"Coke And Semi-Coke Of Coal, Of Lignite Or Of Peat; Retort Carbon",2575680,119585000
27060010,"Crude, Tar",342374,23130223
27073000,Xylole,48728,10152717
27074000,Naphthalene,1235,185631
27075010,Other Aromatic Hydrocarbon Mixtures Of Which >=65% Distils At 250oc,72000,27054853
27075090,Other Aromatic Hydrocarbon Mixtures Of Which >=65% Distils At 250oc,190348,42368105
27079100,Creosote Oils,22600,3057893
27079910,Rubber process oil imp. by VAT reg. tyre & tube manufacturers,152183,22667799
27079990,"Other Oils And Other Products, Of The Distil Of Coal Tar.",13860,3354732
27081000,Pitch Obtained From Coal Tar Or From Other Mineral Tars,500,82658
27090000,"Petroleum Oils And Oils Obtained From Bituminous Minerals, Crude TV",109380214,8339158234
27101231,"White spirit, TV",693615,84275572
27101232,"Naphtha, TV",34999395,2508938424
27101241,"JP1 kerosene type jet fuels, TV",2447825,208529335
27101262,"High speed diesel oils, TV",199474746,16730691329
27101911,"OTHER FUEL OILS FURNACE OILS, TV",34336444,2007316930
27101919,"Fuel oil, NES",1,1504
27101921,Base oil,4147837,628670007
27101929,"LUBRICATING OILS, NES",1129,1407856
27101931,LUBRICATING OIL WHICH HAS ITS FLASHING POINT .. below 220 F b..Jy Abel close test,3199460,1043389616
27101939,"OTHER HEAVY OILS AND PREPARATIONS, NES",13968,4560152
27101949,HEAVY NORMAL PARAFFIN OTHER THAN DRUM,102,57455
27101951,LIQUID PARAFFIN IN DRUM,347120,60275456
27101959,LIQUID PARAFIN OTHER THAN DRUM,1063375,180112434
27101961,LIQUID PARAFFIN IN DRUM,104280,16921667
27101971,Transforme Oil in Drum,107929,16382663
27101979,Transformer Oil Other than in drum,447633,59327710
27101981,Greases (mineral) wrapped/canned up to 2.5kg,98213,31134944
27101989,Greases (mineral) other than wrapped/canned,86073,32098970
27101992,MINERAL OIL FOR THE MANUFACTURE OF INSECTICIDES,44088,13792211
27101999,"OTHER HEAVY OILS AND PREPARATION, NES",17214,4596416
27102000,"Petroleum oils and oils obtained from bituminous minerals , containing biodiesel, othe",17000,3826389
27109900,OTHER WASTE OILS,8,5011
27111100,"Natural Gas, Liquefied",422572871,27979580386
27111200,"Propane, Liquefied",12870041,927318269
27111300,"Butanes, Liquefied",113192342,8152432689
27111410,Ethylene/propylene imp. by VAT reg.PVC/PET resin manf. Ind. in economic zone,2902224,280386434
27121000,Petroleum Jelly,217239,54462635
27122000,"Paraffin Wax, Containing <0.75% Oil By Weight",650351,79826237
27129010,"MICROCRYSTALLINE PETROLEUM WAX, SLACK WAX,OZOKERITE..,EXCL.PETROLEUM JELLY, PARAFFIN WAX",11050,3418821
27129090,"MICROCRYSTALLINE PETROLEUM WAX, SLACK WAX,OZOKERITE..,EXCL.PETROLEUM JELLY, PARAFFIN WAX",26259,3647490
27131200,Calcined Petroleum Coke,100000,16410952
27132010,Petroleum bitumen in Drum,6706235,448153156
27132090,Other Petrolium bitumen,12254127,753983308
27149000,"BITUMEN AND ASPHALT, NATURAL; BITUMINOUS.., EXCL.BITUMINOUS OR OIL SHALE AND TAR SANDS",800,378769
27150000,"Bituminous Mixtures Based On Natural Asphalt, Bitumen...(Eg. Cut-Backs)",10000,3106181
28011000,Chlorine,6451,8443818
28020000,"Sulphur, Sublimed Or Precipitated; Colloidal Sulphur",3,433338
28030000,"Carbon (Carbon Blacks And Other Forms Of Carbon, Nesoi)",872857,175018884
28042100,0Argon,626170,30916451
28042900,Rare Gases (Excl. Argon),177,2590044
28043000,Nitrogen,3051,16485193
28044000,Oxygen,1597310,26177277
28046900,Silicon Containing By Weight <99.99% Silicon,12000,3982873
28048000,Arsenic,5670,1311806
28049000,Selenium,4202,10947136
28051100,Sodium,39302,66412747
28051200,CALCIUM,2,1755
28051900,Alkali Metals (Excl. Sodium),2,2252
28061000,Hydrogen Chloride (Hydrochloric Acid),0,84319
28080000,Nitric Acid; Sulphonitric Acids,449120,22503269
28092000,Phosphoric Acid And Polyphosphoric Acids,9625450,952775939
28100010,Boric Acid,327150,48735984
28111900,"Other Inorganic Acids, Nes",59,208002
28112100,Carbon Dioxide,454500,10282291
28112200,Silicon Dioxide,463518,94918928
28112910,Silica gel,60920,8936391
28112990,Silica gel imported by other than VAT registered motorcycle assembling and manufa,45213,15733129
28129000,"Halides And Halide Oxides Of Non-Metals, Nes",26908,35503609
28142000,Ammonia In Aqueous Solution,225,150068
28151100,"Sodium Hydroxide (Caustic Soda), Solid",1594,1032332
28151200,Sodium Hydroxide In Aqueous Solution (Soda Lye Or Liquid Soda),31000,12326649
28161000,Hydroxide and peroxide of magnesium,28198,10353745
28164000,"OXIDES, HYDROXIDES AND PEROXIDES OF STRONTIUM OR BARIUM",25,11899
28170000,Zinc Oxide; Zinc Peroxide,154264,57352941
28181000,"Artificial Corundum, Whether Or Not Chemically Defined",21000,4051376
28182000,"Aluminium oxide, other than artificial corundum",354269,53745225
28183000,Aluminium Hydroxide,468710,72398720
28201000,Manganese Dioxide,146000,20058009
28209000,Other Manganese Oxides (Excl. Manganese Dioxide),125,771413
28211000,Iron Oxides And Hydroxides,463485,61251512
28212000,Earth Colours Containing >=70% By Weight Of Combined Iron,3,3697
28220000,Cobalt Oxides And Hydroxides; Commercial Cobalt Oxides,0,627
28230000,Titanium Oxides,279347,73179058
28249010,Red Lead,468,173701
28251000,Hydrazine And Hydroxylamine And Their Inorganic Salts,16510,5550126
28252000,Lithium Oxide And Hydroxide,550,910955
28253000,Vanadium Oxides And Hydroxides,1,7502
28255000,Copper Oxides And Hydroxides,4070,6535211
28257000,Molybdenum Oxides And Hydroxides,10,71343
28259000,"Other Inorganic Bases; Other Metal Oxides, Hydroxides And Peroxides, Nes",1250,276930
28261910,Sodium silicon fluoride,164300,21967776
28263000,Sodium Hexafluoro Aluminate (Synthetic Cryolite),1000,208786
28269000,"Fluorosilicates Nes;Fluoroaluminates And Other Complex Fluorine Salts,Nes",5,8651
28271000,Ammonium Chloride,39501,2569559
28272000,Calcium Chloride,5001,1253768
28273100,Magnesium Chloride,74606,1828305
28273200,Aluminium Chloride,646200,17424983
28273500,Nickel Chloride,1510,437528
28273900,"Chlorides, nes",49860,11948266
28274100,Chloride Oxides And Chloride Hydroxides Of Copper,15,16133
28274900,Chloride Oxides And Chloride Hydroxides (Excl. Of Copper),0,627
28275100,Bromides Of Sodium Or Of Potassium,1635,18915580
28275900,Bromides And Bromide Oxides (Excl. Of Sodium And Potassium),6325,1577527
28276000,Iodides And Iodide Oxides,1040,7898383
28281000,Commercial Calcium Hypochlorite And Other Calcium Hypochlorites,3132550,123068992
28289000,Hypochlorites (Excl. Of Calcium) And Chlorites; Hypobromites,5629,1035346
28291900,Chlorates (excl. of sodium),44000,10387904
28299010,POTASSIUM IODATES,1500,9487781
28299090,"CHLORATED AND PERCHLORATE; BROMATES AND PERBROMATES: IODATES AND PERIODATES, NES",10,93938
28301000,Sodium Sulphides,445500,22192059
28311000,Dithionites And Sulphoxylates Of Sodium,627521,57625944
28321000,Sodium Sulphites,959756,46073857
28322000,Other Sulphites (Excl. Sodium),1000,3381784
28323000,Thiosulphates,4000,330635
28331100,Disodium Sulphate,14001500,235632598
28331900,Sodium Sulphates (Excl. Disodium Sulphate),4510,7464186
28332100,Sulphates Of Magnesium,12884501,257409789
28332400,Sulphates Of Nickel,11120,3811722
28332500,Sulphates Of Copper,6270,3145702
28332700,Sulphates Of Barium,47600,5643747
28332910,Zinc sulphate,2644054,442861428
28332990,"Sulphates; alums; peroxosulphates (persulphates), nes",507761,22858183
28333000,Alums,75125,1909299
28334000,Peroxosulphates (Persulphates),5301,1671124
28342100,Nitrates Of Potassium,81000,9638002
28342910,Sodium nitrate,125000,15031228
28342990,Other than Sodium nitrate,200,60747
28351000,Phosphinates (hypophosphites) and phosphonates (phosphites),591,2156989
28352200,Phosphates Of Mono Or Disodium,10610,3289606
28352400,Phosphates Of Potassium,185,271512
28352500,Calcium Hydrogenorthophosphate (Dicalcium Phosphate),2558240,199919760
28352600,"Other Phosphates Of Calcium, Nes",2532270,268853267
28352900,"Phosphates, nes",16238,6568995
28353100,Sodium Triphosphate (Sodium Tripolyphosphates),339500,64097155
28353900,"Polyphosphates, Nes",124451,22697516
28362000,Disodium Carbonate,16004780,639183584
28363000,Sodium Hydrogencarbonate (Sodium Bicarbonate),1200105,80876658
28364000,Potassium Carbonates,173001,30299722
28365000,Calcium Carbonate,18469704,589371439
28366000,Barium Carbonate,85000,14602937
28369100,Lithium Carbonates,100,230467
28369910,Ferrous Carbonate,503,152157
28369990,"Other Carnonates; Peroxocarbonates, Excl. Ferrous Carbonate",1034070,58801444
28371100,Cyanides And Cyanide Oxides Of Sodium,1500,441544
28372000,Complex Cyanides,180,72600
28391100,Sodium Metasilicates,107050,4894134
28391900,"Other Silicates And Com. Alkali Metal Silicates,Of Sodium (Ex.Metasilicate",87010,5615519
28399010,Silicates; commercial alkali metal silicates Of potassium,117315,10542735
28399090,"Silicates; commercial alkali metal silicates, nes",181001,56994598
28401900,"Disodium Tetraborate, Not Anhydrous",639456,65411440
28402010,Solubo boron,183602,40153008
28402090,"Other Borates, Nes",100,2840162
28403000,Peroxoborates (Perborates),1,6388
28415000,"Other Chromates And Dichromates, Peroxochromates",6400,1601902
28416100,Potassium Permanganate,120000,27920311
28417000,Molybdates,39,206005
28419000,"Other Salts Of Oxometallic And Peroxometallic Acids, Nes",1003,355551
28421010,Aluminium sodium silicate; Zeolite,719600,54538173
28429010,"Other Salts Of Inorganic Acids Or Peroxoacids,Excl. Azides",38800,16569468
28429090,"Other Salts Of Inorganic Acids Or Peroxoacids,Excl. Azides",170,92236
28432100,Silver Nitrate,2,47617
28439010,"CISPLATIN BP, OXALIPLATIN BP, CARBOPLATIN BP",9,35608931
28444110,"Tritium its compounds;alloys, dispersions (incl. cermets),ceramic products mixtures",571,19691769
28444210,"Act.225,227,calif-253,curI.240..244,einst.253,254,gad.148,pol.208..210,rad.223,ura230",0,35448
28444310,"Other radioactive elements and isotopes and compounds; other alloys,dispersions etc.",337,16241616
28444390,"Other radioactive elements and isotopes and compounds; other alloys,dispersions etc.",6,828973
28444400,Radioactive residues,0,1315357
28459000,"Other Isotopes And Their Inorganic Or Organic Compounds, Nes",406,925670
28470000,"Hydrogen Peroxide, Whether Or Not Sokidified With Urea",34351,6023908
28491000,Carbides Of Calcium,294000,48593784
28492000,Carbides Of Silicon,190,46665
28500000,"Hydrides,Nitrides,Azides,Silicides&Borides,Chem.Defnd/Not;Ex.Carbds Hd2849",44556,12483906
28521000,"Inorganic or organic compounds of mercury . Chemically defined, excluding amalgams",1,83280
28539000,Other,101,139483
29011000,"Acyclic Hydrocarbons, Saturated",466782,71594147
29012100,Ethylene,480,804488
29012310,Refrigerant (isobutane/R600a),35058,14765874
29012390,Butene excl. Refrigerant isobutane/R600a imp by VAT registered refrigerator manu ind,450,394541
29021910,Cyclopentane,115920,40644942
29023000,Toluene,395923,50688072
29024400,Mixed Xylene Isomers,111675,18619923
29025000,Styrene,408855,76938737
29029010,"Other Cyclic Hydrocarbons, Nes",69000,10409516
29029090,"Other Cyclic Hydrocarbons, Nes",1,1127261
29031200,Dichloromethane (Methylene Chloride),1030080,97580073
29031300,Chloroform (Trichloromethane),741,633226
29032300,Tetrachloroethylene (Perchloroethylene),36000,4812669
29032900,"Other Unsaturated Chlorinated Derivatives Of Acyclic Hydrocarbons , Nes",11600,1554677
29034200,Trifluoromethane(HFC-23),74195,42115581
29034500,"1,1,1,2-Tetrafluoroethane(HFC-134a)and 1,1,2,2.. (HFC-134)",65258,51197874
29034990,,20660,6298735
29036100,Methyl bromide (bromomethane),140,636874
29036900,Other,50,764033
29037100,Chlorodifluoromethane(R-22),295596,75426862
29037200,Dichlorotrifluoroethanes,3000,2348461
29039100,"Chlorobenzene, o-dichlorobenzene and p-dichlorobenzene",17783,4569999
29041090,Hydrocarbon Derivatives Cont.Only Sulpho Grp.Treir Slats(Ex.Methane Sulp..,46481,6224073
29042000,Hydrocarbon Derivatives Containing Only Nitro/Nitroso Groups,5,9990
29049900,Other,13000,2263275
29051110,Methanol (Methyl Alcohol),170824,13841413
29051190,Methanol (Methyl Alcohol),3471541,291619657
29051210,Propan101 (propy1 alcohol) and propan201 (isopropy1 alcohol):,107376,24893784
29051290,Propan101 (propy1 alcohol) and propan201 (isopropy1 alcohol):,128446,31196626
29051300,Butan-1-Ol (N-Butyl Alcohol),113269,27344118
29051400,"Other Butanols, Nes",1,35100
29051600,,1118325,283469390
29051700,"Dodecan-1-Ol, Hexadecan-1-Ol And Octadecan-1-Ol",14825,16879960
29051990,"Other than Pinacolyl alcohol: 3, 3-Dimethylbutan-2-ol",36999,25753498
29052200,Acyclic Terpene Alcohols,145760,33388336
29053100,Ethylene glycol (ethanediol),10105856,767352103
29053200,"Propylene Glycol (Propane-1,2-Diol)",269759,50488340
29053900,"Other Diols, Nes",20666,9671052
29054200,Pentaerythritol,65000,15662017
29054300,Mannitol,250476,105314862
29054400,D-Glucitol (Sorbitol),7500,1815173
29054500,Glycerol,2111695,285424775
29054900,"Other Polyhydric Alcohols, Nes",2000,673852
29055910,"CHLOROBUTOL,CHLOROLOUTANOL,CHLORAL HYDRATE THIOGLYCEROL..TETRANIT.BASUIPHN",1011,3219205
29055990,"HALOGENATED,SULPHONATED,NITRATED OR NITROSATED..ACYCLIC ALCOHOLS, NES",2,2505
29061100,Menthol,5585,11510090
29061200,"Cyclohexanol, Methylcyclohexanols And Dimethylcyclohexanols",1000,249755
29061320,Inositols,4250,65223492
29061990,"Oth.Cyclanic,Cyclenic/Cycloterpenic Alcohols & Derivatives,Nes(Ex.Terpinh.",43195,12970533
29062100,Benzyl Alcohol,72005,24046304
29071100,Phenol (Hydroxybenzene) And Its Salts,25200,4343109
29071200,Cresols And Their Salts,256,1410352
29071500,Naphthols And Their Salts,5002,689805
29071900,"Other Monophenols, Nes",985,4409708
29072100,Resorcinol And Its Salts,1225,1038020
29072300,"4,4-Isopropylidenediphenol (Bisphenol A, Diphenylolpropane) And Salts",1900,1049013
29072900,"Other polyphenols, nes",4572,9653733
29081100,Pentachlorophenol (ISO),5000,1659554
29081990,"Chloroxylenol, Dichlorophene Hexachlorophene, parachlorometaxylenol",1,1252
29089900,"Haloge. sulpho, nitrated or nitro. Derivat. of phenols or phenol-alco. Excl. Do",1,11774
29091900,"Other acyclic ethers and their halogenated... derivatives, nes",4072222,360704215
29093000,"Aromatic Ethers And Their Halogenated... Derivatives, Nes",8560,3391327
29094100,"2,2-Oxydiethanol (Diethylene Glycol, Digol)",582750,59079206
29094300,Monobutyl Ethers Of Ethylene Glycol Or Of Diethylene Glycol,181940,24367883
29094400,Other Monoalkylethers Of Ethylene Glycol Or Of Diethylene Glycol,14,12488
29094900,"Other Ether-Alcohols And Their Halogenated... Derivatives, Nes",22205,16733546
29095000,"Ether-Phenols, Ether-Alcohol-Phenols And Halogenated... Derivatives, Nes",3006,5178364
29096000,"Alcohol, Ether And Ketone Peroxides And Their... Derivatives, Nes",118540,58112703
29109000,"Other Epoxides... With A Three-Membered Ring And Derivatives, Nes",2506,1301576
29121100,Methanal/Formalin (formaldehyde),40191,2902040
29121900,"Other Acyclic Aldehydes, Without Other Oxygen Function, Nes",200,48636
29122900,"Other cyclic aldehydes, without oxygen function, nes",16800,6571573
29124100,"Aldehyde-alcohols,...Vanillin (4-Hydroxy-3-Allthobenzaldehyde)",11300,2815117
29124900,"Oth.Aldehyde-Ether,Aldehyde-Phenols,Aldehydes,With Oth.Oxygen Function,Nes",2,5035
29126000,Paraformaldehyde,1327900,192126516
29130000,"Halogenated, Sulphonated, Nitrated Or Nitrosated Derivatives Of 29.12",0,172278
29141100,Acetone,459200,47622232
29141200,Butanone (Methyl Ethyl Ketone),392274,79423144
29141300,4-Methylpentan-2-One (Methyl Isobutyl Ketone),54860,15754008
29142200,Cyclohexanone And Methylcyclohexanones,248900,31080915
29142900,"Oth.Cyclanic,Cyclenic/Cycloterpenic Ketones Without Oth.Oxy. Function,Nes",16704,4247698
29143900,Other Aromatic Ketones Without Other Oxygen Function (Excl. Phenylacetone),1987,1287094
29144000,Ketone-alcohols and ketone-aldehydes,2400,437880
29145000,Ketone-Phenols And Ketones With Other Oxygen Function,8156,43548723
29146100,Anthraquinone,12000,17921262
29146200,Coenzyme Q10 (ubidecarenone (INN)),1395,39604443
29146900,Other Quinones (Excl. Anthraquinone),225,427360
29147900,Other,219,85822
29151100,Formic Acid,917906,74734664
29151200,Salts Of Formic Acid,2,1241
29152100,Acetic Acid,48541,7988840
29152400,Acetic Anhydride,20,136029
29152910,Sodium acetate,52250,3158802
29152990,"Formic acid, its salts and esters:Excl. Sodium Acetate",49,66648
29153100,Ethyl Acetate,3061150,370464001
29153200,Vinyl Acetate,350880,47120735
29153300,N-Butyl Acetate,187740,40366712
29153900,"Other Esters Of Acetic Acids, Nes",155774,60636358
29154000,"Mono-, Di- Or Trichloroacetic Acids, Their Salts And Esters",35,194774
29155090,"Other Propionic Acid,Its Salts&Esters(Excl.Deoxycortone Phenyel Propionate",114000,15893762
29156000,"Butyric Acids, Valeric Acids, Their Salts And Esters",196000,85417546
29157010,"Stearic Acid,Their Salts And Esters",1405670,213886953
29157020,Ethyl Palmitate And Isopropyl Palmitate,650,1780074
29157031,Soap noodle imported by VAT registered soap manufacturers,1060410,155272153
29157039,Other Palmatic Acid/Salt,9075,1873840
29159000,"Other Saturated Acyclic Monocarboxylic Acids And Their... Derivatives, Nes",98895,40629957
29161200,ESTERS OF ACRYLIC ACID,511940,146352337
29161300,METHACRYLIC ACID AND ITS SALTS,40975,14709926
29161400,ESTERS OF METHACRYLIC ACID,322027,100687874
29161500,"Oleic, Linoleic Or Linolenic Acids, Their Salts And Esters",4680,2513964
29161900,"Other Unsaturated Acyclic Monocarboxylic Acids And Their...Derivatives,Nes",24187,3651704
29162000,"Cyclanic...Cycloterpenic Monocarboxylic Acids, Etc, Their... Derivatives",1380,29550202
29163100,"Benzoic Acid, Its Salts And Esters",80985,24088956
29163200,Benzoyl Peroxide And Benzoyl Chloride,150,153081
29163900,"Aromatic monocarboxylic acids, etc, their... derivatives, nes",3385,11249124
29171100,"Oxalic Acid, Its Salts And Esters",50065,5294790
29171200,"Adipic Acid, Its Salts And Esters",160635,38702075
29171400,Maleic Anhydride,6000,1307623
29171900,"Acyclic polycarboxylic acids, etc, their... derivatives, nes",21644,32751580
29172000,"Cyclanic... Cycloterpenic Polycarboxylic Acids, Etc, Their...Derivatives",2000,526055
29173400,"Other Esters Of Orthophthalic Acid,",2830,1142303
29173500,Phthalic Anhydride,940000,155243698
29173600,,11184000,916922838
29173910,Purified Isophtalic Acid (IPA),2100,462927
29173990,"Other Aromatic Polycarboxylic Acids, Etc, Their... Derivatives, Nes",34505,8441981
29181100,"Lactic Acid, Its Salts And Esters",46300,15443941
29181200,Tartaric Acid,475,1633478
29181300,Salts And Esters Of Tartaric Acid,24400,9640885
29181400,Citric Acid,520450,47559315
29181500,Salts And Esters Of Citric Acid,513907,108652117
29181600,"Gluconic Acid, Its Salts And Esters",238727,61253917
29181990,"Carboxylic Acids With Alcohol Function,Without Oxygen Function..Nes",21557,115068559
29182100,Salicylic Acid And Its Salts,4620,1505445
29182200,"O-Acetylsalicylic Acid, Its Salts And Esters",7350,3660285
29182300,Other Esters Of Salicylic Acid And Their Salts,9075,7235255
29182900,"Oth.Carboxylic Acids With Phenol Function,But Without Derivatives Nes",17131,18201881
29183000,"Carboxylic Acids With Aldehyde,Or Ketone Function...& Their Derivatives",2490,16480245
29189900,"Car. acids with add.Oxy.func.&their.. Excl.2, 4, 5-T (ISO) (2,4,5-trichlo.acid)",29290,185674076
29199000,Phosphoric esters..derivatives.Exclu. Tris phosphate & Tetrasodium fosfertrol a,5,1645177
29209010,"Erythrityl Tetranitrate, Isosorbidedinitate",100,648689
29209090,"Oth.Ester Of Oth.Inorganic Acids(Exl.Of Hdrgn.Halides),Deriv.(Ex.Erythrit.",6203,31816739
29211100,"Methylamine, Di- Or Trimethylamine And Their Salts",6000,1728467
29211990,,1644,11766822
29212110,Ethylenediamine And Its Salts,186000,100064671
29212190,Ethylenediamine And Its Salts,93,79840
29212900,"Other Acyclic Polyamines And Their Derivatives, Salts Thereof, Nes",2796,10205924
29213000,"Cyclanic...Or Cycloterpenic Mono- Or Polyamines, Etc; Salts Thereof",13816,11830611
29214100,Aniline And Its Salts,0,627
29214400,Diphenylamine And Its Derivatives; Salts Thereof,28,86863
29214500,"1-Naphthylamine, 2-Naphthylamine And Their Derivatives; Salts Thereof",1600,18026611
29214900,"Other Aromatic Monoamines And Their Derivatives, Nes; Salts Thereof",8020,30980120
29215100,"O-, M-, P-Phenylenediamine, Diaminotoluenes, Etc; Salts Thereof",6320,6243729
29215900,"Other Aromatic Polyamines And Their Derivatives, Nes; Salts Thereof",2040,2044578
29221100,Monoethanolamine And Its Salts,1751,1013928
29221910,"Amino-alcohols, their ethers and esters with only 1 oxygen function, nes",10,2154405
29221999,"Other than N,N-Dialkyl (Me, Et, n-Pr or i-Pr) aminoethane-2-ols and corresponding proton",4922,53055717
29222910,"Acetaminophen,Methoxyphenamine,P-Acetaminopaenol",1625,827916
29222990,"Other Amino-Naphthols &-Phenols,Etc.. Oxygen Function;Salts, Nes",121430,36582889
29223900,"AMINO-ALDEHYDES,AMINO-KETONES & AMINO-QUINONES,OTH. THAN THOSE CONT.MORE..",230,5896449
29224100,Lysine And Its Esters; Salts Thereof,874231,228332416
29224210,Tasting salts ((monosodium glutamate) in retail pack upto 2.5 kg,83021,13494055
29224220,Tasting salts (monosodium glutamate) in other packing,1978000,336472919
29224290,"Glutamic acid and its salts, NES",846,972578
29224900,"Oth.Amino-Acids&Their Esters,>1 Kind Of Oxygen Function; Salts Thereof,Nes",151029,209217339
29225000,"Amino-alcohol/acid-phenols; amino-compounds with oxygen function, nes",558921,254329100
29231000,Choline And Its Salts,556260,79968292
29232000,Lecithins And Other Phosphoaminolipids,14535,20826040
29239000,"Quaternary Ammonium Salts And Hydroxides, Nes",157331,72415682
29241900,"Acyclic amides (incl. acyclic carbamates) and derivatives; salts thereof,nes",97808,23488708
29242900,"Cyclic amides (incl. carbamates) and derivatives; salts thereof, nes",523722,251505438
29251100,Saccharin And Its Salts,44325,20625831
29251200,GLUTETHIMIDE (INN),1,1254
29251910,Imides And Their Derivatives; Salts Thereof (Excl. Saccharin),0,6556841
29251990,Imides And Their Derivatives; Salts Thereof (Excl. Saccharin),50,1012862
29252910,Paludrine and chloroguayide (projuanil),159107,94731623
29252990,Paludrine and chloroguayide (projuanil),148869,121748590
29262000,1-Cyanoguanidine (Dicyandiamide),2,1241
29264000,alpha-Phenylacetoacetonitrile,2,2465
29269010,"Nitroxinil And Its Solution,Lsaminile",600,4022167
29269020,Acetonitrile HPLC,11249,8963429
29269090,"Other Nitrile-Function Compounds, Nes",11915,19023472
29270000,"Diazo-, Azo- Or Azoxy-Compounds",270689,66166623
29280000,Organic Derivatives Of Hydrazine Or Of Hydroxylamine,2595,15703807
29291000,Isocyanates,298860,97340128
29299090,Other,5,14188
29302000,Thiocarbamates And Dithiocarbamates,182,1997493
29303000,"Thiuram Mono-, Di- Or Tetrasulphides",1000,2505270
29304000,Methionine,1985350,1090711311
29308000,"Aldicarb (ISO), captafol (ISO) and methamidophos (ISO)",0,627
29309010,"Other organo-sulphurcompounds, nesr",5,1321401
29309099,Other,9905,64345852
29314990,Other,47202,8955234
29315400,Halogenated organo-phosphorous derivatives : Trichlorfon (ISO),2000,625321
29319090,"Other organo-inorganic compounds, (EXCL.Tetramethyl lead and tetraethyl lead & Tributylt",18260,14067265
29321100,Tetrahydrofuran,4776,2216267
29321400,Sucralose,6300,16547676
29321900,"Compounds containing an unfused furan ring in the structure, nes",1,45091
29322000,Lactones,2795,71524093
29329900,"Other Heterocyclic Compounds With Oxygen Hetero-Atom(S) Only, Nes",29119,134765599
29331900,"Compounds containing an unfused pyrazole ring in the structure, nes",58,2530226
29332100,Hydantoin And Its Derivatives,9300,3190638
29332900,"Other Compounds Containing An Unfused Imidazole Ring In The Structure, Nes",64363,128053830
29333100,Pyridine And Its Salts,2700,3946872
29333200,Piperidine And Its Salts,1,1255
29333300,"ALFENTANIL(INN),ANILERIDINE(INN)..PROPIRAM(INN)&TRIMEPERIDINE(INN)SAL.T.OF",5,657570
29333990,,223833,867035731
29334900,"Compounds with quinoline or isoquinoline ring-system, not further fused,nes",9351,184086280
29335910,"5-fluorouracil BP, methotrexate BP, capecitabine USP, cytarabin",70,7864480
29335990,"OTHER EXCL. 5-FLUOROURACIL BP, METHOTREXATE BP, CAPECITABINE USP",93198,306822759
29336100,Melamine,316400,57195245
29336900,Other Compounds Containing An Unfused Triazine Ring In The Structure,32056,22973935
29337990,Other Lactams (Excl. Epsilon-Caprolactam),11160,61228052
29339100,ALPRAZOLAM(INN)CAMAZEPAM(INN)CHLO..TETRAZEPAM(INN)&TRIAZOLAM(INN)S.THEREOF,1561,48053701
29339900,"Heterocyclic compounds with nitrogen hetero-atom(s) only,nes",102121,477754169
29341000,Compounds Containing An Unfused Thiazole Ring In The Structure,2785,18218601
29342000,"Compounds Containing A Benzothiazole Ring-System, Not Further Fused",202,1234769
29343000,"Compounds Containing A Phenothiazine Ring-System, Not Further Fused",1700,22396816
29349910,NUCLEIC ACIDS AND THEIR SALTS,5560,7653771
29349920,"GEMCITABINE HCI USP, CYCLOPHOSPHAMIDE BP, IPHOSPHAMIDE BP",3,903063
29349990,"OTH. HETEROCYCLIC COMPOUNDS, NES",102690,1163874651
29359000,Other,30774,129815425
29362100,"Vitamins A And Their Derivatives, Unmixed",26338,166289509
29362200,"Vitamin B1 And Its Derivatives, Unmixed",25861,112359062
29362300,"Vitamin B2 And Its Derivatives, Unmixed",3787,18300359
29362400,D- Or Dl- Pantothenic Acid (Vitamin B3 Or B5) And Its Derivatives,4325,8692067
29362500,"Vitamin B6 And Its Derivatives, Unmixed",36851,97264216
29362600,"Vitamin B12 And Its Derivatives, Unmixed",8692,77139173
29362700,"Vitamin C And Its Derivatives, Unmixed",56705,51135197
29362800,"Vitamin E And Its Derivatives, Unmixed",13670,51762387
29362900,"Other Vitamins And Their Derivatives, Unmixed",45340,105316674
29369000,"Other Vitamins (Incl. Natural Concentrates), Nes",12195,25085819
29371100,"SOMATOTROPIN,ITS DERIVATIVES & STRUCTURAL ANALOGUES",0,3529736
29371200,INSULIN AND ITS SALTS,119,489975903
29371910,"HCG,LEUTINISING HORMONE & RELEASING HORMONE",0,12521252
29371990,"POLY.HORMONES,PROTEIN HORMONES..NES EX.HCG,LEUTINISING HORMONE&RLSNG.HORMO",162,393359836
29372100,"Cortisone, Hydrocortisone... And Predisolone (Dehydrohydrocortisone)",1035,53683355
29372200,Halogenated Derivatives Of Adrenal Cortical Hormones,312,78308294
29372310,DESOGESTREL ETHINYLOESTRADIOL AND LYNESTRENAL,340,113876696
29372399,Other than Medroxy progesterone acetate,4613,148980090
29372900,"Other Adrenal Cortical Hormones And Their Derivatives, Nes",311,111044674
29375000,"PROSTAGLANDINS,THROMBOXANES&TEUKOTRIENES,THEIR DERIVATIVES&STA.ANALOGUES",75,3607236
29379000,"OTHER HORMONES,PROSTAGLANDINS,..USED PRIMARILY AS HORMONES",407,200268318
29381000,Rutoside (Rutin) And Its Derivatives,2500,12603409
29389090,"GLYCOSIDES, NATURAL OR REPRO. BY SYNTHESIS AND... EXCL. RUTOSIDE AND ITS DERIVATIVES RO",7827,61550196
29393000,Caffeine And Its Salts,3700,4631977
29395100,FENETYLLINE (INN) AND ITS SALTS,500,1690892
29395900,OTHER THEOPHYLLINE AND AMINOPHYLLINE..DERIVATIVES;SALTS THEREOF,21650,80266930
29397990,Other,1,522503
29398000,Other,5,657570
29400000,"SUGARS, PURE (EXCL. GLUCOSE, ETC); SUGAR ETHERS AND SALTS, ETC",70520,56177595
29411000,Penicillins And Derivatives With A Penicillanic Acid Structure; Salts,65254,324135190
29412000,Streptomycins And Their Derivatives; Salts Thereof,1550,12112927
29413000,Tetracyclines And Their Derivatives; Salts Thereof,46595,98470364
29414000,Chloramphenicol And Its Derivatives; Salts Thereof,4960,13285067
29415010,ERYTHROMYCIN ETHYL SUCCINATE; ERYTHROMYCIN STEARATE,3000,34945097
29415090,ANTIBIOTICS EXCL.ERYTHROMYCIN ETHYL SUCCINATE; ERYTHROMYCIN STEARATE,7395,75936929
29419011,AZITHROMYCIN,46237,503119590
29419019,AZITHROMYCIN,8725,33381922
29419090,"ANTIBIOTICS, NES",129955,1738388546
29420010,"Daclatasvir HCL, Dasabuvir, Ledipasvir, Ombitasvir, Partitaprevir, Rito...Velpatasvir",35,3733519
29420090,"Other Organic Compounds,Nes",14161,225512257
30012000,Extracts Of Glands Or Other Organs Or Of Their Secretions,165,32040835
30019000,"OTHER GLANDS AND OTHER ORGANS, EXCL.GLANDS AND OTHER ORGANS..,EXCL. EXTRACTS OF GLANDS..",21,20053544
30021200,Antisera and other blood fractions,5259,212258925
30021500,"Immunological products, put up in measured doses or in forms or packings for retail",658,139061345
30024100,Vaccines for human medicine,21646,1568688793
30024200,Vaccines for veterinary medicine,46337,629011759
30024900,"Vaccines, NES",1282,33607030
30029090,Other,520,188156041
30032000,"Medicaments Containing Other Antibiotics, ....Not For Retail Sale",622,56698245
30033990,"Excl..Anti-malaria-TB-cancer...cardiovascular,anti-hepatic drug kidney dialysis solu.",4365,10310268
30039099,"Other medicaments with >=2 constituents, not for retail sale, nes",1,6236164
30041000,"Medicaments Of Penicillins... Or Streptomycins..., For Retail Sale",6170,55334515
30042010,"Mycophenolate mofetil, mycophenolate sodium, ciclosporin",725,61117474
30042090,"Other than Mycophenolate mofetil, mycophenolate sodium, ciclosporin",85042,142538294
30043100,"Medicaments Containing Insulin, For Retail Sale",16265,654883583
30043910,"Anti-malaria-TB-cancer-leprosy,crdvsclr/anti-hepatic encephal opathy drugs/Kidney dls",1134,12491802
30043990,"Excl.Anti-malaria-TB-cancer-leprosy,crdvsclr/anti-hepatic..opathy drugs/Kidney dialys",1723,23703793
30044300,"Other, containing alkaloids or derivatives thereof",2,2758
30044910,Other,1,156565
30044990,Other,6883,12378841
30045000,Other Medicaments Containing Vitamins Or Otr Prod.Of 29.36 For Retail Sale,2051,65519197
30049020,"Homeopathic, Biochemic, Ayurvedic, ......mide, bupivacaine, procaine, kaetamine hydrochl",22563,55815694
30049091,"Antimalaria, antiTB, anticancer, ... Kidney dialysis solution; Drugs for thalassaemia",4971,332867227
30049099,"Other(excl.anti-malaria, anti-TB, anti-leprosy....and kidney dialysis solution",55694,276371133
30051000,ADHESIVE DRESSINGS AND OTHER ARTICLES HAVING AND ADHESIVE LAYER,30298,37393368
30059000,"Wadding, Gauze, Etc With Pharmaceutical Substances For Retail Sale, Nes",36184,16360760
30061000,"Sterile Surgical Catgut,Materrials For Surgi.Sutures;Laminaria;Absor.Haem.",2095,21392235
30063000,Opacifying Preparations For X-Ray Examinations; Diagnostic Reagents...,2559,44867090
30064000,Dental cements and other dental fillings; bone reconstruction cements,2137,6491838
30065000,First-Aid Boxes And Kits,601,538594
30066000,CHEMICAL CONTRACEPTIVE PREPARATIONS BASED ON HORMONES ON OTH. PROD. OF HEADING 29.37..,100,938132
30067000,GEL PREPARATIONS DESIGNED TO BE USED IN HUMAN OR VETE..MEDICAL INSTRUMENTS,2591,1035203
31010000,Animal Or Vegetable Fertilizers,88001,46644327
31021000,"Urea, Whether Or Not In Aqueous Solution",274199714,15131444169
31022100,Ammonium Sulphate,1002024,46940486
31023000,"Ammonium Nitrate, Whether Or Not In Aqueous Solution",80000,9569239
31031110,Superphosphates : Containing by weight 35 % or more ... Triple superphosphates,182000000,14480032081
31042000,Potassium Chloride,154671201,6920891125
31043000,Potassium Sulphate,200,95818
31053000,Diammonium Hydrogenorthophosphate (Diammonium Phosphate),318938000,31206395815
31055100,Mineral Or Chemical Fertilizers Containing Nitrates And Phosphates,10,5010
31059000,"Other Fertilizers, Nes",7,92140
32011000,Quebracho Extract,3600,405814
32019000,"Tanning extracts of vegetable origin; tannins and other derivatives, nes",93027,6748632
32021000,Synthetic Organic Tanning Substances,98850,13209119
32030000,"Colouring Matter Of Vege./Animal Origin,& Prepa..As Spec.In Not 3 Chp.32",444,1819051
32041100,Disperse Dyes And Preparations Based Thereon,327201,78185939
32041200,Acid Dyes And Preparations; Mordant Dyes And Preparations,29301,9780255
32041310,AZO DYES,16,412446
32041390,Other basic dyes and preparation,57202,14943548
32041400,Direct Dyes And Preparations Based Thereon,126318,35102367
32041500,Vat Dyes And Preparations Based Thereon,34006,8177632
32041600,Reactive Dyes And Preparations Based Thereon,1705251,450296634
32041700,Pigments And Preparations Based Thereon,444368,238006956
32041900,Other Synthetic Organic Coloring Matter(Inc.Mixtrs) Of Prods 320411-320419,235054,61347489
32042000,Synthetic Organic Products Used As Fluorescent Brightening Agents,337490,108856175
32049000,Synthetic Organic Products Used As Luminophores,3433,1827356
32050000,Colour Lakes; Preparations Based On Colour Lakes As Specified In Note 3,60022,333726664
32061100,"Pigments & Preparatns Based On Titanium Dioxide,Cont.=>80%Titanium Dioxide",1290138,429314403
32061910,"Pigments/Preparatns Based On Titanium Dioxide, Cont.< 80% Titanium Dioxide",31600,4682554
32061920,Color master batch,294779,104947763
32061990,"Pigments/Preparatns Based On Titanium Dioxide, Cont.< 80% Titanium Dioxide",28718,10793108
32062000,Pigments And Preparations Based On Chromium Compounds,55795,26311014
32064100,Ultramarine And Preparations Based On Other Colouring Matter,34172,5516894
32064200,Lithopone And Other Pigments And Preparations Based On Zinc Sulphide,27,10929
32064900,"Other Colouring Matter; Preparations As Specified In Note 3, Nes",58039,18756934
32065000,Inorganic Products Of A Kind Used As Luminophores,45,28180
32071000,"Prepared Pigments, Opacifiers & Colours... For Ceramics And Glass Ind.Etc",84801,96628872
32072000,"Vitrifiable Enamels And Glazes, Englobes And Similar Preparations",3866949,289656779
32073000,LIQUID LUSTRES AND SIMILAR PREPARATIONS,106,57147999
32074000,"GLASS FRIT AND OTHER GLASS,IN THE FORM OF GRANULES OR FLAKES",5618949,425571557
32081020,Insulating varnish for copper wire,94245,23159648
32081090,"Other Paints Based On Polyesters, In A Non-Aqueous Medium",15393,11098653
32082091,"Other Paints Based On Acrylic Or Vinyl Polymers, In A Non-Aqueous Medium",10088,7051211
32082099,"Other Paints Based On Acrylic Or Vinyl Polymers, In A Non-Aqueous Medium",36912,18171946
32089020,Heat Sealable Lacquers,84,334409
32089030,Coating materials,72228,20216814
32089090,"Other Paints And Varnishes, In A Non-Aqueous Medium, Nes",323819,226724051
32091000,Based on acrylic or vinyl polymers,13970,2865847
32099030,Coating materials imported by VAT registered cookingware manufacturers,39058,18009491
32099090,"Other Paints And Varnishes, In An Aqueous Medium, Nes",48859,16358592
32100020,Prepared Water Pigments Of A Kind Used For Finishing Leather For Cleaning.,1,1502
32100090,Other Paints & Varnishes,17118,5372890
32110000,Prepared Driers,118720,24207163
32121000,Stamping Foils,69551,48333787
32129000,"PIGMENTS(INCL.METALIC..) DISPERSED IN NON AQUEOUS MEDIA..,EXCL. STAMPING FOILS",169320,48905618
32131000,Colours in sets,30226,4434736
32139000,"Artists', Students' Or Signboard Painters' Colours In Packings, Nes",6382,2050633
32141000,"GLAZIERS PUTTY,GRAFTING PUTTY, RESIN CEMENTS, CAULKING COMPOUNDS AND OTHER MASTICS...",524928,88192342
32149000,Non-Refractory Surfacing Preparations,364641,168362567
32151100,"Black printing ink, whether or not concentrated or solid",40527,28770617
32151900,"Printing ink, whether or not concentrated or solid (excl. black)",427630,582364693
32159010,Inkjet Refill In Injectable Form,12517,18267811
32159020,Ink for ball point pen imp by VAT reg ball point pen manf. Ind.,21709,20178682
32159030,Inkjet Refill in injectable form,2000,873748
32159090,"Other Ink,Wheterh Or Not Concentrated Or Solid(Ex.Ink For Ball Points Pens",40666,28921627
33011200,Essential Oils Of Orange (Incl. Concretes And Absolutes),25,293840
33011900,"Essential Oils Of Citrus Fruit (Incl. Concretes And Absolutes), Nes",997,1117280
33012400,Essential Oils Of Peppermint (Incl. Concretes And Absolutes),4815,4431269
33012500,"Essential Oils Of Mints (Incl. Concretes And Absolutes), Nes",900,1596025
33012900,"Essential Oils (Incl. Concretes And Absolutes), Nes",15116,11353523
33019000,"Concentrates of essential oils in fats... aqueous distillates, extracted oleoresins etc",7400,6984049
33021010,Of A Kind Usd.Bvg.manf.&Imp.by VAT Reg.Bev.Inds.Contn.Alchol<0.5%absolute/vlm.Free Al,132116,190486110
33021090,Mix. Of Odoriferous Subs. Excl. Those Used In Bev. Industries,61549,111267673
33029000,Mixtures/With Basis Of Odorifer'S Subst'S Inc.Alc.Sol'S For Use In Ind Nes,351615,472775440
33030000,Perfumes And Toilet Waters,10085,16908428
33041000,Lip Make-Up Preparations,6858,17398362
33042000,Eye Make-Up Preparations,8757,12111404
33043000,Manicure Or Pedicure Preparations,39466,57650222
33049100,"Powders,Whether Or Not Compressed,For Beauty/Makeup/Skin Care/Preparation",18186,11045850
33049900,"Beauty, Make-Up, Skin-Care (Incl. Suntan), Reparations Nes",7203,4936983
33049910,"Powders, wheth er or not compressed, for cosmetic --face and/or skin cream",36377,94678337
33049920,"Beauty, make-up, skin-care (incl. suntan), nes...Moisture Lotion",32283,46616129
33049930,"Beauty, make-up, skin-care (incl. suntan), nes-- Petroleum jelly",180,230237
33049990,"Beauty, make-up, skin-care (incl. suntan), nes-- Petroleum jelly... than other",49961,72037072
33051000,Shampoos,44861,23288053
33052000,Preparations For Permanent Waving Or Straightening,32390,21589019
33053000,Hair Lacquers,13270,8240790
33059000,"Preparations For Use On The Hair, Nes",75866,43842634
33061000,Dentifrices,158718,72038813
33062000,"Yarn Used To Clean Between Teeth (Dental Floss),Individual Retail Packages",1321,758963
33069000,"Preparations For Oral Or Dental Hygiene (Incl. Denture Fixative), Nes",7303,4078358
33071000,"Pre-Shave, Shaving Or After-Shave Preparations",9421,5409194
33072000,Personal Deodorants And Antiperspirants,102566,61152040
33073000,Perfumed Bath Salts And Other Bath Preparations,237,186878
33074100,Agarbatti And Other Odiferous Preparations Which Operate By Burning,87445,14982569
33074900,"Preparations For Deodorizing Rooms, Nes",15207,5820035
33079000,"OTH.PREPARATIONS FOR PERFUMING, EXCL.(PRE-SHAVE..,PERSONAL..,PERFUMED BATH..)",4571,2686609
34011100,"Soap And Organic Surface-Active Products In Bars, Etc, For Toilet Use",35909,18380190
34011900,"Soap And Organic Surface-Active Products In Bars, Etc, Nes",23558,24897202
34012000,SOAP IN OTHER FORMS,5178,4544627
34013000,"ORGNC.SRFC.ACTIVE PROD.&PREPARATION FOR WASHING THE SKIN,IN THE FORM OF ..",90041,52545189
34022000,"Washing And Cleaning Preparations, Put Up For Retail Sale upto 2.5kg",3648,512352
34023100,Anionic organic surface-active ageLinear alkylbenzene sulphonic acids and their salts,1146388,190713690
34023990,Other than Chips of Sodium Isethionate,1517740,308328234
34024100,"Other organic surface-active agents, whether or not put up for retail sale :, Cationi",58204,14059055
34024210,"Other organic surface-active agents, whether or not put up for retail sale :, Non-ion",1191,257742
34024290,"Other organic surface-active agents, whether or not put up for retail sale :, Non-ion",666847,154747964
34024910,"Other organic surface-active agents, NES",33236,7952921
34024990,"Other organic surface-active agents, NES",109602,24120699
34025000,Preparations put up for retail sale,82904,15857922
34029010,Detergents,70605,29095440
34029020,Cleaning preparation for steel industries,8196,5053039
34029090,Washing & Cleaning Preparations (Excl. Detergents),381499,179304597
34031100,Lub.Preparations For Treatement Of Tex.Leather Etc With=<70% Petroleum Oil,213752,35041476
34031900,"Other Lubricating Preparations, With =<70% Petroleum Oil, Nes",121651,26518440
34039100,"Lub.Preparations For Treatement Of Tex. Leather Etc, Nes",23012,3141149
34039910,Compressor oil,8935,16065300
34039920,Semi-synthetic lubricating oil,81634,34712439
34039930,Synthetic lubricating Oil,201555,148609682
34039990,"Other Lubricating Preparations, Nes",240197,93887925
34042000,Artificial Waxes Of Polyethylene Glycol,2057,1544882
34049010,Other Waxes,10552,2904040
34049090,"Artificial Waxes And Prepared Waxes, Nes",346352,73169077
34051000,"Polishes, Creams And Similar Preparations For Footwear Or Leather",12285,4873941
34052000,"Polishes,Cream.&Similar Prepa.For Mainten. Of Woodwork Woden Fur.Flo.&Othr",130,65138
34053000,Polishes And Similar Preparations For Coachwork (Excl. Metal Polishes),5992,1927271
34059010,Polishes and other preparations used in the finishing (including electroplating) of met,173019,39730207
34059090,"Other polishes, creams and similar preparations, nes",66253,15585976
34060000,"Candles, Tapers And The Like",14878,4436555
34070000,"Modelling Pastes; Dental Wax And Impression Compounds, For Retail Sale",205808,18553058
35019000,Caseinates And Other Casein Derivatives; Casein Glues,1803,3075344
35021100,"Egg Albumin,Dried",5053,4496832
35029000,"Albumins (excl. egg albumin and milk albumin), albuminates and other derivatives",140,22652184
35030090,"Gelatin and derivatives; isinglass; glues of animal origin, nes",32255,28571171
35040000,"Peptones/protein substances and derivatives, nes; hide powder",890,8130077
35051000,Dextrin and other modified starches,879615,148515162
35052000,"Glues Based On Starches, Dextrins Or Other Modified Starches",435,284875
35061000,"Products Put Up As Glues Or Adhesives For Retail Sale, =<1kg",132574,48117308
35069110,Adhesives Based On Rubber Or Plastic (Incl. Artificial Resins),289526,98900685
35069190,Adhesives Based On Rubber Or Plastic (Incl. Artificial Resins),409797,172011055
35069900,Stripping chemical,235416,69316544
35071000,Rennet And Concentrates Thereof,7,139762
35079010,Streptokinase,24,85495
35079090,Other than Streptokinase,578893,425858642
36020000,"Prepared Explosives, (Excl. Propellent Powders)",335,15330767
36032000,Detonating cords,10,2379776
36035000,Igniters,0,1127262
36036000,Electric detonators,1,851708
36041000,Fireworks,3,1503
36049000,Signalling Flares... And Other Pyrotechnic Articles (Excl. Fireworks),4,1377766
36069000,"Ferro-Cerium, Pyrophoric Alloys; Articles Of Combustible Materials, Nes",17041,1496107
37011000,"Photographic Plates... For X-Ray, In The Flat, Unexposed",95573,231671282
37012000,"Instant Print Flat Film, Unexposed",8615,3131702
37013000,,346099,160502144
37021000,"Photographic Film In Rolls, For X-Ray, Unexposed",3561,3975902
37024300,"Photo Film, In Rolls, Non-Perforated, Width >610mm And Length =<200m",2151,1570894
37029800,Other Photographic film Of a width exceeding 35 mm,5620,2532941
37032000,"OTHER PHOTOGRAPHIC PAPER, FOR COLOUR PHOTOGRAPHY(POLYCHROME)",45,11270
37039000,"OTHER PHOTOGRAPHIC PAPER..,(EXCL.IN ROLLS..,FOR COLOUR PHOTOGRAPHY(POLYCHROME))",7129,1067892
37040000,"PHOTOGRAPHIC PLATES, FILM, PAPER, PAPERBOARD AND TEXTILES, EXPOSED BUT NOT DEVELOPED",31,10402
37050000,"Photographic plates and film, exposed and developed, other than cinematographic film",1,30008
37071000,Sensitising emulsions,27935,9400989
37079000,"OTH.CHEMICAL PREPARATIONS FOR PHOTOGRAPHIC USES..,EXCL.SENSITISING EMULSIONS",79590,7454539
38011000,Artificial Graphite,44100,9692675
38013010,Graphite or carbon electrode paste imported by VAT registered ferro alloy manu. Ind,205000,17971890
38013090,Carbonaceous Pastes For Electrodes & Similar Pastes For Furnace Linings,14993,2159658
38019000,"Preparations Based On Graphite Or Carbon In The Form Of Pastes..., Nes",518059,30353999
38021000,Activated Carbon,256931,16279389
38029000,Activated Natural Mineral Products; Animal Black,3472509,186810366
38040000,Residual Lyes From The Manufacture Of Wood Pulp (Excl. Tall Oil),37532,12536886
38059000,"Oth.Turpenic Oils,Nes;Crude Dipentene,Sulphite Turpentine&Oth.Crude Parac.",18544,13868369
38061010,Rosin And Rasin Asids,2,1241
38061090,Rosin And Rasin Asids,19700,3122307
38069090,"Derivatives of rosin and resin acids,... NES",20160,5685493
38086900,Other,120339,61161913
38089110,"Insecticides For Dairy, Poultry and Agricultural purposes",3302702,2297171547
38089121,Mosquito coil; aerosol; mosquito repellent,15808,5954103
38089129,"Insecticides, rodenticides... and similar products, for retail sale, nes",4049,4579580
38089210,"Fungicides For Dairy, Poultry and Agricultural purposes",5511711,2734070072
38089220,Fungicides Chromatade copper arsenate,7500,2770808
38089291,"Fungicides, NES In bulk",32000,8806795
38089299,"Fungicides, NES Cxcl.in bulk",404,194057
38089310,"Herbi., anti-sprouting prod.&plant-growth regu.:For Dairy, Poultry and Agricul",2900444,985854355
38089391,"Herbicides, anti-sprouting products and plant-growth regulators: NES in bulk",6000,4358743
38089410,"For Dairy, Poultry, Fishery and Agricultural purposes",45795,26705267
38089491,"Disinfectants Cetrimide In bulk, Excl. For Dairy, Poultry and Agricultural, In bulk",21997,7412736
38089910,"For Dairy, Poultry, Fishery and Agricultural purposes",18,13262
38089991,"Insecticides, rodenticides, fungicides, herbicides,..NES in bulk",76563,37811184
38089999,"Insecticides, rodenticides, fungicides, herbicides,..NES in bulK in retail pac",162,157496
38091000,"Finishing Agents, Etc, With A Basis Of Amylaceous Substances Nes",444,318413
38099100,Finishing Agents Etc. Of A Kind Used In The Textile Or Like Industries Nes,894192,136002914
38099200,"Finishing Agents, Etc, Of A Kind Used In The Paper Or Like Industries Nes",309096,56748775
38099300,Finishing Agents Etc. Of A Kind Used In The Leather Or Like Industries Nes,63220,11961634
38101000,Pickling Preparations For Metal Surfaces;Soldering..Powders&Pastes..Mater.,143871,40465312
38109010,Pickling preparations for metal surface....Submerge welding flux for LPG,20100,2265758
38109090,Pickling preparations for metal surface.... Excl. Submerge welding flux for LPG,156706,42703542
38112100,Additives For Lubrctng.Oils Contng.Ptrlum.Oils/Oils Of Bituminous Minerals,152698,88563790
38112900,Additives For Lubricating Oils (Excl. With Petroleum Oils),91934,23519994
38119000,"OTHER PREPARATIONS, EXCL.ANTI-KNOCK PREPARATIONS, ADDITIVES FOR LUBRICATING OILS",126687,38008611
38121000,Prepared Rubber Accelerators,60850,20991738
38122000,"Compound Plasticisers For Rubber Or Plastics, Nes",682635,77938601
38123100,"Mixtures of oligomers of 2,2,4-trimethyl-1,2-dihydroquinoline (TMQ)",17600,7158549
38123910,Other,31120,18849584
38123990,Other,1028131,256916207
38130000,Preprton.&Charge For Fire-Extinguishers;Charged Fire-Extinguishing Grenade,344037,10836019
38140010,Organic composite solvent,62880,13926971
38140090,"Organic Composite Solvents And Thinners, Nes; Paint Or Varnish Removers",1153929,187180456
38151100,Supportedcatalysts With Nickel Or Its Compounds,10200,15872790
38151200,Supported Catalysts With Precious Metal Or Its Compounds,0,518903
38151900,"Supported Catalysts, Nes",300,187091
38159000,"Reaction Initiators, Accelerators And Catalytic Preparations, Nes",19096,28610393
38160010,"Refractory Cmnts.Mrtrs,Concretes&Similar Compositions,Ex.Prdcts.Of Hd38.01",313252,46369662
38160090,"Refractory Cmnts.Mrtrs,Concretes&Similar Compositions,Ex.Prdcts.Of Hd38.01",6649540,183773208
38170010,"MIXED ALKYLBENZENES AND MIXED ALKYLNAPHTHALENES,OTHER THAN THOSE OF HEADING 2707 OR 2902",605020,119706879
38170090,"MIXED ALKYLBENZENES AND MIXED ALKYLNAPHTHALENES,OTHER THAN THOSE OF HEADING 2707 OR 2902",1999704,347199212
38180000,"Chemcl.Elements In Disk Wafers/Similar From&Compounds,Doped For Electronic",16,9040
38190000,Hydraulic Brake Fluids And Similar Liquids With <70% Petroleum Oil,135704,33827554
38200000,Anti-Freezing Preparations And Prepared De-Icing Fluids,46647,9533241
38210000,Prepared Culture Media For Development or maintenance of Micro-Organisms(incl.viruses..,8773,48508654
38221200,DIAGNOSTIC...For Zika and other diseases transmitted by mosquitoes of the genus Aedes,305,546328
38221300,Diagnostic or laboratory reagents .. for For blood-grouping,3,68261
38221900,"Dignostic or lab. reagent (Exlud For alariam, Zika, blood-grouping)",56872,566083183
38229000,"Dianostic or Lab. Reagent, NES",274127,762637386
38231100,Stearic Acid,1064,850323
38231200,Oleic Acid,2340,629380
38231900,"OTH.INDUST. MONOCARBOXYLIC FATTY ACIDS.., EXCL.ST.ACID,OLEIC ACID,TALL OIL FATTY ACIDS",317830,46315876
38237000,INDUSTRIAL FATTY ALCHOLS,2620,977333
38241000,Prepared Binders For Foundry Moulds Or Cores,128301,11498898
38244000,"Prepared Additives For Cements, Mortars Or Concretes",1205140,149691044
38245000,Non-Refractory Mortars And Concretes,102344,5233998
38246000,Sorbitol (Excl. That Of 2905.44),1202590,84050351
38249100,Mixtures and preparations consisting mainly of (5-ethyl-2-methyl-2-.......,4014,1712381
38249200,Polyglycol esters of methylphosphonic acid,550,668215
38249910,Other,4493,1116604
38249920,Chlorinated paraffin wax,1750,238906
38249930,Barium/strontium ferrite powder imported by VAT registered manufacturers,225065,42876641
38249950,Coated cal.car....Imp by IND.IRC.VAT reg plastic goods_cal.car filler_cable manf.ind,7149920,195979074
38249960,Desiccant,135218,83986404
38249992,Master batch not containing pigments,218102,19767591
38249993,Mould Powder,109000,12259596
38249999,Other,2529866,539536229
38276100,"Mixture, Containing 15 % or more by mass of 1,1,1-trifluoroethane (HFC-143a)",18225,5851646
38276300,"Other, containing 40 % or more by mass of pentafluoroethane (HFC-125)",3164,911478
38276810,"Mixtures containing halogenated derivatives of methane, ethane or propane...",81100,23409509
38276820,"Other containing substances of subheadings 2903.41 to 2903.48, HFC R-404A",40982,15333521
38276830,"Other containing substances of subheadings 2903.41 to 2903.48, HFC R-404A",48432,18131845
38279000,"Mixtures containing halogenated derivatives of methane,, NES",16,9824
39011000,Polyethylene having a specific gravity of less than 0.94,5372310,795833538
39012000,Polyethylene having a specific gravity of 0.94 or more,13101076,1644632863
39013000,"Ethylene-Vinyl Acetate Copolymers, In Primary Forms",1181036,233622778
39014000,"Ethylene-alpha-olefin copolymers, having a specific gravity of less than 0.94",5892150,803308392
39019000,"Other Polymers Of Ethylene, In Primary Forms, Nes",1190165,187366542
39021000,"Polypropylene, In Primary Forms",22752867,2800882899
39023000,"Propylene Copolymers, In Primary Forms",9417767,1206249449
39029000,"Other Polymers Of Propylene Or Of Other Olefins, In Primary Forms, Nes",86490,20422721
39031100,"Expansible Polystyrene, In Primary Forms",1395048,258183407
39031900,"Polystyrene (Excl. Expansible), In Primary Forms",1162544,197473453
39032000,"Styrene-Acrylonitrile (San) Copolymers, In Primary Forms",276000,46597184
39033000,Acrylonitrile-butadiena-styrene(ABS) copolymers,1472363,277664431
39039000,"Polymers Of Styrene, In Primary Forms, Nes",1500832,298472484
39041000,"Polyvinyl Chloride, Not Mixed With Other Substances, In Primary Forms",17366788,1716917036
39042100,"Non-Plasticised Polyvinyl Chloride, In Primary Forms",2297800,326073022
39042200,"Plasticised Polyvinyl Chloride, In Primary Forms",734234,133689640
39043000,"Vinyl Chloride-Vinyl Acetate Copolymers, In Primary Forms",15481,11966710
39044000,"Vinyl Chloride Copolymers, Excl. Vinyl Acetate, In Primary Forms",35901,15060546
39046100,"Polytetrafluoroethylene, In Primary Forms",34009,46788791
39046900,"Fluoro-Polymers (Excl. Polytetrafluoroethylene), In Primary Forms",500,1127218
39049000,"Polymers Of Halogenated Olefins, In Primary Forms, Nes",209857,56626192
39051200,Polyvinyl Acetate In Aqueous Dispersion,503137,37736157
39051900,"Polyvinyl Acetate, Excl. That In Aqueous Dispersions, In Primary Forms",3,1855
39052100,Vinyl Acetate Copolymers In Aqueous Dispersion,43565,7926527
39052900,"Vinyl Acetate Copolymers, Excl.That In Aqueous Dispersion, In Primary Form",11000,2658345
39053000,"Polyvinyl Alcohol, Whether Or Not Containing Unhydrolysed Acetate Groups",140742,30001206
39059900,Polymers Of Other Vinyl Esters & Other Vinyl Polymers In Primary Forms Nes,65388,72440032
39061000,"Polymethyl Methacrylate, In Primary Forms",1770,1184654
39069000,"Acrylic Polymers, In Primary Forms, Nes",5096747,1006157643
39071000,"Polyacetals, In Primary Forms",77767,22089722
39072100,Other polyethers : Bis (polyoxyethylene) methylphosphonate,11890,2604474
39072900,Other polyethers :EXLCUDING Bis (polyoxyethylene) methylphosphonate,2063987,471223839
39073000,"Epoxide Resins, In Primary Forms",204855,63601753
39074000,Polycarbonate,333328,100022019
39075000,"Alkyd Resins, In Primary Forms",375009,65927766
39076100,Having a viscosity number of 78 ml/g or higher,6626300,792326624
39076900,Other,5879200,862139162
39079100,"Unsaturated Polyesters, In Primary Forms, Nes",688605,84922282
39079900,"Polysters, In Primary Forms,NES",646850,182268685
39081000,"Polyamide 6,11,12,6,6,6,9,6,10 or 6,12:",295876,74204029
39089000,"Other polymides, in primary forms, nes",76591,31438952
39091000,UREA RESINS; THIOUREA RESINS,1176875,77594457
39092000,Melamine resins,1908775,228341575
39093100,"Poly(methylene phenyl isocyanate) (crude MDI, polymeric MDI)",1661313,564429861
39093900,Other,437007,28203438
39094000,"Phenolic Resins, In Primary Forms",372161,64146669
39095000,"Polyurethanes, In Primary Forms",2833622,720010739
39100000,Silicones Inprimary Forms,520383,174000653
39111000,"Petroleum Resins... Other Resins And Polyterpenes, In Primary Forms",397126,50412230
39119000,"Polysulphides, Polysulphones And Other Products..., In Primary Forms",139406,32206863
39121100,"Non-Plasticised Cellulose Acetates, In Primary Forms",14,14533
39121200,"Plasticised Cellulose Acetates, In Primary Forms",200,42077
39122000,"Cellulose Nitrates (Incl. Collodions), In Primary Forms",12900,5742088
39123100,"Carboxymethylcellulose And Its Salts, In Primary Forms",420065,141126337
39123900,"Other Cellulose Ethers, In Primary Forms, Nes",391121,211045864
39129000,"Cellulose And Its Chemical Derivatives, In Primary Forms, Nes",85740,112687193
39131000,"Alginic Acid, Its Salts And Esters, In Primary Forms",434200,121649341
39139000,"Natural and modified natural polymers, in primary forms",53682,143730682
39140000,"Ion-Exchangers Based On Polymers Of 39.01 To 39.13, In Primary Forms",941788,82816268
39159000,"Waste, Parings And Scrap, Of Other Plastics, Nes",219922,10044379
39161000,"Monofilament Dimenson>1mm,Rods..&Prof.Sha.,Polym. Of Ethylene",26,1191889
39162000,"Monofil..>1mm,..Of Vinyl Chloride For door, window and photo frame",19128,3979810
39169010,"Monofil.Dimension>1mm,Rods..&Profile Shapes,Of Other Plastics",140214,68674680
39169020,Fibre reinforced polymer (FRP) sticks and profile shapes,6534,2585693
39169090,"Monofil.Dimension>1mm,Rods..&Profile Shapes,Of Other Plastics",20630,7126046
39171000,Artificial Guts Of Hardened Proteins Or Of Cellulosic Materials,2348,1199837
39172100,"Tubes, Pipes And Hoses, Rigid, Of Polymers Of Ethylene",572674,165379676
39172200,"Tubes, Pipes And Hoses, Rigid, Of Polymers Of Propylene",15910,4221812
39172310,Pvc Shrinkable Tube(Plain),55114,24241113
39172390,"Tubes,Pipes And Hoses, Rigid, Of Polymers Of Vinyl Chloride, Nes",124351,40060654
39172910,SILICON TUBING FOR LABORATORY USE;HOSES PIPE FOR GAS CYLINDER,739,207173
39172991,"Tubes, Pipes And Hoses, Rigid, Of Other Plastics, Nes",100,98563
39172999,"Tubes, Pipes And Hoses, Rigid, Of Other Plastics, Nes",93840,27854405
39173110,"Fiexible Silicone Tubing For Laboratory Use,With A Burst Pressure>=27.6mpa",2,234972
39173190,"Other Flexible Tubes,Pipes And Hoses,With A Burst Pressure >=27.6 Mpa",4440,1976665
39173210,"Silicone Tubing With Fitting For Lab.Use,Not Reinforced Or Otherwise Comb.",66,614986
39173220,"Tubes Upto 10"" Dia For Packing Iv Fluid",220363,83911110
39173290,"Tubes, Pipes And Hoses, Not Reinforced, Without Fittings, Nes",5977,8036347
39173390,"Other Tubes,Pipes&Hoses With Fittings",13855,3001186
39173910,Other Silicone Tubing For Laboratory Use,334,1639638
39173990,"Other Tubes, Pipes And Hoses, Nes",99494,22525535
39174000,"Fittings, For Tubes, Pipes And Hoses, Of Plastic",216370,103262950
39181000,"Floor... Coverings Of Polymers Of Vinyl Chloride, In Rolls Or Tiles",33513,9680406
39189000,"Floor, Wall Or Ceiling Coverings Of Plastics, Nes, In Rolls Or Tiles",37978,11766891
39191000,"Self-Adhesive Tape, Plates, Strip..., In Rolls, Width =<20cm",59764,34770970
39199010,"OTHER SELF-ADHESIVE PLATES, TAPE, STRIP, FOIL... OF PLASTICS, NES",540366,114519752
39199020,Performance Tape/Closure/Side Tape,9354,3751115
39199030,Scratch off label imp. by IND_IRC_VAT reg. SIM_Smart card or Gypsum Boad manf. ind,1,627
39199091,Re-seal/Self adhesive tape,25514,10916381
39199099,"OTHER SELF-ADHESIVE PLATES, TAPE, STRIP, FOIL... OF PLASTICS, NES",475116,208554737
39201010,Stretch Wrapping Film,51573,13828811
39201030,Mulch film,60610,17327783
39201090,"Plates..,Of Polymers Of Ethylene, Laminated.. Not Reinforced,Etc.,Nes",338803,98878050
39202010,Polymers of propylene in printed form,87828,31649936
39202020,Non-printed cast polypropylene film,71379,19568332
39202090,Other polymers of propylene(excl printed form),377063,102806645
39203000,"Plates..., Of Polymers Of Styrene, Laminated..Not Reinforced, Etc",8537,3837444
39204300,CONTAINING BY WEIGHT NOT LESS THAN 6% OF PLASTICISERS,3334,909431
39204910,PVC FILM & PVDC FILM FOR BLISTER PACK FOR MEDICINE,439356,150354777
39204920,Printed PVC sheet,44955,12327458
39204930,PVC film imp. by Ind. IRC_VAT compliant medicine pack. Industries,36300,9480117
39204940,Unprinted PVC sheet,34204,24730077
39204950,PVC FILM IMP. BY IND. IRC VAT COMPLI. GYPSUM BOARD MFG IND.,23318,6231053
39204990,"Other plates...,of polymers of vinyl chloride other than not<6% of plasticisers",210634,91997598
39205100,"Plates..., Of Polymethyl Methacrylate, Laminated Not Reinforced, Etc",68652,17125745
39205900,"Plates..., Of Other Acrylic Polymers, Laminated Not Reinforced, Etc, Nes",53055,14355861
39206100,"Plates..., Of Polycarbonates,Laminated Not Reinforced, Etc",15938,4733882
39206210,poly(ethylene terephthalate in printed form,103896,27121732
39206290,Other poly(ethylene terepthalate) excl printed form,588772,151997772
39206310,"Plates..., Of Unsaturated Polyesters, Laminated Not Reinforced, Etc",180,45032
39206390,"Plates..., Of Unsaturated Polyesters, Laminated Not Reinforced, Etc",2694,674875
39206910,Other polyester in printed form,2822,706947
39206920,Unprinted in roll form imported by VAT registered plastic products manufacturing indu,25066,6722330
39206991,"Other polyesters, Nes (excl. printed form)",1500,664953
39206999,"Other polyesters, Nes (excl. printed form)",6261,1673841
39207300,"Plates..., Of Cellulose Acetate, Not Reinforced, Etc",6104,1551173
39207900,"Plates..., Of Other Cellulose Derivatives, Not Reinforced, Etc, Nes",15,342201
39209100,"Plates..., Of Polyvinyl Butyral, Not Reinforced, Etc",89,304937
39209220,Unprinted in roll form imported by VAT registered plastic products manufacturing indu,36961,10035242
39209230,"Unprinted nylon film in roll form imp.by Ind.IRC.VATcompliant medicine packaging ind,",22508,5613406
39209290,"Other plastics polymides, Nes (excl. printed form)",114,71326
39209910,Film For Blister Packing Of Other Plastics,852,247334
39209990,"Plates..., Of Other Plastics, Not Reinforced, Etc, Nes",27612,8304746
39211100,"Cellular Plates, Strips... Of Polymers Of Styrene",1048,405002
39211200,"Cellular Plates, Strips... Of Polymers Of Vinyl Chloride",1107,1130994
39211300,"Cellular Plates, Strips... Of Polymers Of Polyurethanes",37093,39610396
39211400,"Cellular Plates, Strips... Of Polymers Of Regenerated Cellulose",74,628125
39211910,Microcellular PET light sheet having a power saving capacity of 20% or more,3794,2879692
39211990,"Microcellular PET light sheet having a power saving capa.of 20% or more, NES",13651,5039890
39219020,Multilayer extruded sheet for plastic.. imported by VAT regtd. plastic tube manufactu,199071,84731828
39219091,"Other cellular plates, strips in printed form..., of plastics",23169,14448227
39219092,Coating materials imported by VAT registered cookingware manufacturers,779,1216500
39219093,Tarpaulin,62198,15961218
39219099,"Other cellular plates, strips ..., of plastics, nes",539525,194558249
39221000,"Baths, Shower-Baths And Wash-Basins, Of Plastics",3981,2592344
39222000,Lavatory Seats And Covers Of Plastics,43096,28805038
39229000,"Bidets, Lavatory Pans... And Other Sanitary Ware Of Plastics, Nes",92223,59815938
39231000,"Boxes, Cases, Crates And Similar Articles Of Plastics",44175,14525611
39232100,Sacks and bags (incl. cones) of polymers of ethylene,3412,2879624
39232910,AIRTIGHT STORAGE BAGS WITH ZIPPER,1696,581238
39232990,Article for the conve..of polymers of ther plastic excl.airtght storage bag with zipp,10719,2914633
39233010,"Sachet For Medicin,Inhaler Container,Actuators and Dust Caps for Inhaler",13801,36653922
39233090,"Other Carboys, Bottles, Flasks And Similar Articles Of Plastics",107891,190930040
39234010,Bobbins; Sliver/spinning can,134151,84328185
39234020,Autoconer Spare Parts,0,3123
39234090,"Spools, Cops And Similar Supports Of Plastics",2356,1286107
39235000,"Stoppers, Lids, Caps And Other Closures Of Plastics",107656,110246874
39239010,"Trays For Transportation And Keeping For Chicks And Eggs, Of Plastics",5106,2542144
39239020,"Nursery Trays For Seedlings, Of Plastics",278,78344
39239090,"Articles for the packing of goods, of plastics, nes",20999,18905159
39241000,Tableware And Kitchenware Of Plastics,32704,16671963
39249010,Feeding Bottles,13435,3892876
39249090,"Other Household Articles And Toilet Articles, Of Plastics, NES",169091,38686008
39251000,"Reservoirs... And Similar Containers, Capacity >300 L, Of Plastics",8833,2578994
39252000,"Doors, Windows And Their Frames And Thresholds For Doors, Of Plastics",3731,2585687
39253000,"Shutters, Blinds And Similar Articles And Parts, Of Plastics",3604,1484981
39259000,"Builders' Ware Of Plastics, Nes",119889,43916158
39261000,Office Or School Supplies Of Plastics,86585,14295274
39262010,Gloves (Surgical) Of Plastics & Materials Of Heading 39.01-39.04,308,192850
39262090,Art.Of App.&Clothing Accessories(Exl.Gloves)Of Plastics Hd.No.39.01-39.04,34722,17620106
39263000,"Fittings For Furniture, Coachwork Or The Like Of Plastics",2327,875454
39264000,Statuettes And Other Ornamental Articles Of Plastics,152050,44281748
39269010,Plastic Coil Used As Contraceptive And Coil Inserter,14371,8860733
39269030,"Parts And Fittings For Infusino Set, Of Plastics",573,5351568
39269050,Taflon tape/PTFE tape,949,1685145
39269060,Cot and Apron,31,5940418
39269091,Conveyor or transmission belts of belting,20174,24987097
39269093,PLASTIC FRAME WORKS IMP. BY INDUS. IRC VAT COMPLI CABLE MFG. INDU.,1352,545073
39269099,"PVC scrn.having intrnl.dia.from 4-8 Mulch and strct.thereof used in agri.& hoti.,nes",433892,604876784
40012100,Natural rubber imported by VAT registered tyre manufacturing industries,175000,40470172
40012200,"Technically Specified Natural Rubber, In Primary Forms Or In Plates, Etc",183120,46783068
40012900,"Other Natural Rubber, In Primary Forms Or In Plates, Etc, Nes",402,114138
40021100,Latex Of Styrene-Butadiene Or Carboxylated Styrene-Butadiene Rubber,190140,34086342
40021900,"Styrene-Butadiene Rubber; Carboxylated Styrene-Butadiene Rubber, Nes",659463,184737819
40022000,"Butadiene Rubber, In Primary Forms Or In Plates, Sheets Or Strip",378712,110455949
40023100,Isobutene-Isoprene (Butyl) Rubber,103680,32206208
40023900,Halo-Isobutene-Isoprene Rubber,300,298359
40024900,Chloroprene (Chlorobutadiene) Rubber (Excl. Latex),106395,75812652
40025900,Acrylonitrile-Butadiene Rubber (Excl. Latex),20640,6835640
40026000,Isoprene Rubber,5228,7109923
40027000,Ethylene-Propylene-Non-Conjugated Diene Rubber,48425,16607213
40029100,"Latex Of Synthetic Rubber, Nes",41810,16542727
40029900,"Other Synthetic Rubber (Excl. Latex), Nes",244427,71950061
40030000,"Reclaimed Rubber In Primary Forms Or In Plates, Sheets Or Strip",391269,39962434
40040000,"Waste,Parings & Scrap Of Rubber(Ex.Hard Rubber)&Powders Gran.Obt.Therefrom",38000,4042882
40051000,"Rubber Compounded With Carbon Black Or Silica, Unvulcanized",6500,3581674
40052000,"Rubber Solutions; Dispersions, Unvulcanized, Nes Excl Hs 40051000",690,284946
40059100,"Plates, Sheets And Strip Of Unvulcanized, Compounded Rubber, Nes",10,1
40059900,"Compounded Rubber, Unvulcanized, In Primary Forms",8573,4554821
40069000,"Other Forms And Articles Of Unvulcanized Rubber, Nes",12,162719
40070000,Vulcanized Rubber Thread And Cord,15386,4355657
40081100,"Plates, Sheets And Strip Of Cellular Vulcanized Rubber",29102,6229497
40081900,"Rods And Profile Shapes Of Cellular Vulcanized Rubber, Nes",75,163038
40082100,"Plates, Sheets And Strip Of Non-Cellular, Vulcanized Rubber(Excl. Hard)",6614,1779200
40082900,"Rods And Profile Shapes Of Non-Cellular, Vulcanized Rubber (Excl. Hard)",11931,5351513
40091100,NOT REINFORCED OR OTHERWISE COBINED WITH OTH.MATERIAL WITHOUT FITTINGS,35609,13021843
40091200,"TUBES,PIPES & HOSES ..NOT REINFORCED OR OTHERWISE COMB.WITH MAT.WITH FITT.",7701,16848740
40092100,REINFORCED OR OTH.WISE COMBINED ONLY WITH METAL-WITHOUT FITTINGS,88642,16892814
40092200,REINFORCED OR OTHERWISE COMBINED ONLY WITH METAL WITH FITTING,19054,5934557
40093100,REINFORCED OR OTH.WISE COMBINED ONLY WITH TEXTILE MTRLS.WITHOUT FITTINGS,40523,7922712
40093200,REINFORCED OR OTHERWISE COMBINED ONLY WITH TEXTILE MATERIALS-WITH FILLINGS,10100,3303844
40094100,REINFORCED OR OTHERWISE COMBINED WITH OTHER MATERIALS-WITHOUT FITTINGS,4772,2466298
40094200,REINFORCED OR OTHERWISE COMBINED WITH OTHER MATERIALS-WITH FILLINGS,15390,14874605
40101100,"Conveyor Belts Or Belting,Of Vulcanized Rubber Reinforced Only With Metal",634,363861
40101200,Conveyor Belts/Belting Of Vulcanised Rubber Reinf'D Only With Textile Mats,48086,26180298
40101900,"Conveyor Belts Or Belting, Of Vulcanised Rubber, Nes",4696,5220919
40103100,"ENDLESS TRNSMSN.BELTS OF TRPZDL.CROSS-SEC.(V-BLT),V-RIBBED OF..>60CM,<180",20056,14345756
40103200,"ENDLESS TRNSMSN.BELTS OF TRPZODL.CROS-SECTION(V-BELTS),OTHER..>60CM<180CM",80870,16895059
40103300,"ENDLESS TRNSMSN.BELTS OF TRZDL.CROSS-SECTION(V-BELTS)V-RIBED..>180CM,<240",24155,7123995
40103400,"ENDLES TRNSMSN.BETLS OF TRPZDL.CROSS-SECTION(V BELTS)OTH.THAN..>180CM,<240",38694,7194376
40103500,"ENDLESS SYNCHRONOUS BELTS,OF AN OUTSIDE CIRCUMFERENCE EXCEEDING >60CM,<150",6142,1103006
40103600,"ENDLESS SYNCHRONOUS BELTS,OF AN OUTSIDE CIRCUMFERENCE >150CM,<198CM",821,148074
40103910,RUBBER BELT ROUND NOT EXCEEDING 10 in DIA/FLAT,4006,9397740
40103990,"TRANSMISSION BELTS OR BELTING,NES OTHER THAN RUBBER BELT ROUND<10"" dia/Flat",188860,59665995
40111000,"New Pneumatic Tyres, Of Rubber Of A Kind Used On Motor Cars, TV",440804,253829473
40112010,"New pneumatic tyres, of rubber of a kind used on buses or lorries",480345,183318207
40112090,"New pneumatic tyres, of rubber of a kind used on buses or lorries",3016700,1130854240
40114000,"New Pneumatic Tyres, Of Rubber Of A Kind Used On Motorcycles, TV",256632,144434462
40115000,"New Pneumatic Tyres, Of Rubber Of A Kind Used On Bicycles",17173,6534619
40117010,Of a kind used on agricultural tractors,292571,110708769
40117090,Of a kind used on agricultural tractors,26726,10065356
40118000,"Of a kind used on construction, mining or industrial handling vehicles and machines",69647,31694906
40119000,"Other Tyre, excl. construction, mining or industrial handling vehicles and machines",83594,41816665
40121200,OF A KIND USED ON BUSES OR LORRIES,461,120242
40121900,"RETREADED OR USED PNMATIC.TYRES OF RUBBER;SOLID OR CUSHION TYRES,TYRE..NES",110,65628
40129010,Tyre flaps of rubber of a kind used on tructor and aircraft,492,308112
40129090,"Solid... tyres, interchangeable tyre treads and flaps, of rubber, nes",9099,3971944
40131000,"INNER TUBES, OF RUBBER, OF A KIND USE ON MOTOR CARS(INCL.STN.WAGON..),BUSES OR LORRIE",9883,3432941
40132000,"Inner Tubes, Of Rubber Of A Kind Used On Bicycles",13071,4205440
40139010,"Inner Tubes, of rubber Of a kind used on tractors and aircraft",8237,3103773
40139020,"Inner tube of rubber, of a kind used on motorcycles",3240,1288879
40141000,Sheath Contraceptives Of Rubber,46391,44910139
40149000,"Hygienic Or Pharmaceutical Articles Of Vulcanized Rubber, Nes",69133,12353903
40151200,"Gloves, mitteens..Of a kind used for medical, surgical, dental or veterinary purposes",120013,93282079
40151900,Gloves Of Vulcanized Rubber (Excl. Surgical Gloves),34827,18517767
40159000,"Articles Of Apparel And Clothing Accessories Of Vulcanized Rubber, Nes",1068,568068
40161000,Articles Of Vulcanized Cellular Rubber,4461,2450570
40169100,"Floor Coverings And Mats Of Vulcanized Rubber, Non-Cellular",20191,5523830
40169200,"Erasers, Of Vulcanized Rubber",39505,7033847
40169300,"Gaskets, Washers And Other Seals, Of Vulcanized Rubber",316905,269033642
40169400,"Boat Or Dock Fenders, Of Vulcanized Rubber",20361,5794510
40169500,"Inflatable Articles, Of Vulcanized Rubber, Nes",20297,13235477
40169910,"ARTICLES OF VULCANIZED RUBBER, RUBBER CO /APRON",28157,66941646
40169920,Rubber bearing,103495,28399110
40169990,"ARTICLES OF VULCANIZED RUBBER,NES EX.RUBBER COT/APRON",402428,226789942
40170000,"HARD RUBBER(FOR EX.,EBONITE) IN ALL FORMS,INCL.WASTE AND SCRAP; ARTICLES OF HARD RUBBER",11206,3264420
41015000,"WHOLE HIDES AND SKINS, OF A WEIGHT EXCEEDING 16KG",19,11907
41021000,"Raw Skins Of Sheep Or Lambs, With Wool On",177,139075
41033000,OF SWINE,4139,2648721
41039000,"Other Raw Hides And Skins, Fresh Or Preserved, Not Tanned, Nes",339,306709
41041110,"Tanned or...,in the wet state (including wet-blue) full grains,.......Split leather",64,51795
41041190,"Tanned or...,in the wet state (inclu wet-blue) full grains, .....excl. Split leather",137,84158
41041990,"Tanned..wet-blue other than full grains unsplit, grain splits , excl split leather",0,627
41044110,Tanned or crust hieds. in the dry state full grains..Split leather,285,207506
41044190,Tanned or crust hieds. in the dry state full grains..Excl Split leather,1,626
41044990,"Tanned or crust. in the dry state other than full grains..., Excl Split leather",61,108630
41062110,"without hair, Split leather In the wet state of goats or kids",40,22803
41062210,Split leather In the dry state (crust) of goats or kids,1,5170
41071100,"WHOLE HIDES AND SKINS,FULL GRAIN,UNSPLIT",2,1881
41071900,"WHOLE HIDES AND SKINS, NES",9,8713
41079900,"OTHER,INCLUDING SIDES,NES",10318,24711524
41120000,"LEATHER FURTHER PREPARED AFTER TANNING OR CRUSTING,INC.PARCHMENT DRESSED..",334,169526
41131000,OF GOATS OR KIDS,3,2101
41139000,"LEATHR FUTHER PREPARED AFTER TUNNING OF CRUSTING,INCL PARCHMETN-DRSED..NES",5,15416
41151000,"COMPOSITION LEATHER WITH A BASIS OF LEAHTER OR LEATHER FIBR,IN SLABS...",1,1252
42010000,"Saddlery And Harness For Any Animal, Of Any Material",6824,2209790
42021100,"Trunks, Suit-Cases..., Etc, With Outer Surface Of Leather,Or Of composition leather",116,50540
42021200,"Trunks, Suit-Cases..., Etc, With Outer Surface Of Plastic Or Textiles",16873,9564425
42021900,"Trunks, Suit-Cases..., Etc, Nes",378859,132655487
42022100,"Handbags With Outer Surface Of Leather, Or Composition Leather",1435,803183
42022200,Handbags with outer.. with outer surface of sheeting of plastics or of tex.. material,1144,1293642
42022900,"Handbags, Nes",67229,26182305
42023100,With outer surface of leather or of composition leather,15,19037
42023200,Articles.... in pocket or handbag.. With outer surface of sheeting of plastics or....,1,751
42023900,"Articles Normally Carried In Pocket Or Handbag, Nes",14897,3698893
42029100,With Outer Surface Of Leather or of composition leather,17,11915
42029200,With outer surface of sheeting of plastics or of textile materials,54518,9748420
42029900,"Cases And Containers, Nes, With Outer Surface Of Other Materials, Nes",19110,9728645
42031000,Articles Of Apparel Of Leather Or Of Composite Leather,744,334386
42032100,"Gloves,Mittens & Mitts For Use In Sports,Of Leather Or Of Composite Leathr",3815,1061859
42032900,"Gloves, Mittens And Mitts Nes, Of Leather Excl. For Sports",5781,1907702
42033000,Belts And Bandoliers Of Leather Or Of Composition Leather,11445,3512697
42034000,OTHER CLOTHING ACCESSORIES,248,173492
42050010,Of a kind used in machinery or mechanical appliances or for other technical uses.,1,7615
42050090,"Other articles of leather or of composition leather, NES",1619,1422642
42060010,Catgut,230,144037
42060090,"Articles of gut (excl. silk-worm), goldbeater's skin, bladders, nes",105,953131
44013100,Wood pellets,24,10272
44013200,"Sawdust and wood, Wood briquettes",445,278669
44014900,"Sawdust and wood waste and scrap, not agglomerated : Excluding Sawdust",80,21043
44022000,Wood charcoal ( including sheell or nut char..) ....Of shell or nut,7,4385
44029010,"Wood charcoal (including shell or nut charcoal), whether or not agglomerated E",12,7392
44029090,"Wood charcoal (including shell or nut charcoal), whether or not agglomerated E",157,37236
44034900,"Other Tropical Wood Spec'D In Subhd Note 1 To Ch40,In The Rough,Exc.440341",2240868,110555314
44039900,"Wood, Nes In The Rough..., (Excl. Treated)",893171,43544449
44042000,"Non-Coniferous Hoopwood; Split Poles, Etc; Wooden Sticks, Etc; Chipwood",46,26344
44050000,Wood Wool; Wood Flour,3501,1909041
44071900,"Wood sawn or chipped lengthwise, slic -- of a thickness exce 6 mm. Coniferous Other",49400,3440901
44072300,Wood sawn or chipped lengthwise of tropical wood Teak,101519,15445567
44079200,Beech Wood (Fagus Spp.) Sawn/Chipped Lengthwise Sliced Or Peeled >6m Thick,246075,25172994
44079900,"Wood, Nes Sawn Or Chipped Lengthwise, Sliced Or Peeled, >6mm Thick",19,8975
44083900,"Other Trpcl.Wood Specf'd Subhd Note2 to this Chap,execl.Dark Red Meranti..Bakau",412215,52587862
44089000,"Veneer Sheets And Sheets For Plywood Of Other Wood, =<6mm Thick, Nes",286656,49539517
44092100,Non-coniferous Of bamboo,1,627
44092900,Non-coniferous Excl. Of bamboo,6,4510
44101900,"Particle board, ori. strand board (OSB) and si. board, Exclu.Particle&Oriented",5018,4469882
44111200,Medium density fiberboard (MDF) of a thickness not exceeding 5 mm,252892,9493662
44111300,Medium density fiberboard (MDF) of a thickness exceeding 5 mm but not exceedin,31945,3141931
44111400,Medium density fiberboard (MDF) of a thickness exceeding 9 mm,64760,5144003
44119200,Fibreboard of wood or other lign.mat.Excl. Med.den. f.board (MDF)of a den.exce,46194,2660714
44119300,F.board of wood or other .mat. Excl.Med.den. F.board (MDF)of a den.>0.5 g/cm3,5743,323726
44119400,F.board of wood or other .mat. Excl.Med.den. F.board (MDF)of a den.<0.5 g/cm3,43000,2420921
44123900,"Other, with both outer plies of coniferous wood",312760,13549227
44129900,"Plywood, veneered panels and similar laminated wood, nes",17142,1199444
44130090,"Other Densified Wood In Blocks, Plates Strips Or Profile Shapes",33320,11759742
44141000,"Wooden frames for paintings, photographs, mirrors or similar .... Of tropical wood",10,10019
44149000,"Wooden frames for paintings, photographs, mirrors or.... Excluding Of tropical wood",868,325457
44151000,"CASES,BOXES,CRATES,DRUMS AND SIMILAR PACKING;CABLE-DRUMS",2084,940167
44152010,Pallet Collars Of Wood,2922,526770
44152090,"Pallets,Box Pallets&Other Load Boards Of Wood,Excl.Pallet Collars, Nes",78,29685
44170000,"Tools, tool bodies, tool handles, broom or brush bodies.lasts and trees, of wood.",14367,749797
44181900,"Windows, French-windows and their frames : excluding Of tropical wood",13140,1965640
44182100,Doors and their frames and thresholds : Of tropical wood,4757,1216818
44182900,Doors and their frames and thresholds : excluding Of tropical wood,9371,2338101
44187900,"Other Assembled flooring panels, excl. bamboo, mosaic, multilayers",51582,3806387
44188900,Engineered structural timber products : NES,69000,4700196
44189900,"Other panels, not of bamboo, not Assembled flooring panels",24546,2669111
44191100,"Bread boards, chopping boards and similar boards",2070,536993
44191200,Chopsticks,3384,428967
44191900,"Other, excl. Bread boards, chopping boards and similar boards & Chopsticks",28377,2146595
44199000,"Other, excl. Bamboo",5178,1299319
44201100,Statuettes and other ornaments : Of tropical wood,21,1551
44201900,Statuettes and other ornaments : Excluding Of tropical wood,17365,3584685
44209000,"Wood Marquetry, Inlaid Wood; Caskets & Cases For Jewellery/Cutlery Of Wood",1535,275096
44211000,Clothes Hangers Of Wood,16754,3265710
44219090,"Articles Of Wood(Excl. Match Splints), Nes",1,329
44219100,Of bamboo,72465,8033207
44219910,Other,0,627
44219990,Other,21791,6884057
45031000,CORKS AND STOPPERS,2,1002
45049000,"OTH, AGGLOMERATED CORK(WITH OR WITHOUT A BINDING SUB-STANCE) AND ARTICLES OF AGG. CORK",3257,1849454
46012100,"Mats, matting and screens of vegetable materials Of bamboo",394,82413
46012900,"Mats, matting and screens of vegetable materials, Excl. materials of bamboo &",8,4008
46019900,"OTH, PLAITS AND SIMILAR PRODUCTS OF PLAITING MATERIALS...(EXCL. OF VEGETABLES MATERIALS)",8,4008
46021100,"Basketwork, wickerwork and other articles?Of vegetable materials Of bamboo",29,18989
46021200,"Basketwork, wickerwork and other articles?Of vegetable materials Of rattan",807,202060
46021900,"Basketwork, wickerwork and other articles?Of vegetable materials Excl. bamboo",180,183173
47032100,"Semi-Bleached Or Bleached Coniferous Chemical Wood Pulp, Soda..., Nes",3848937,557629577
47032900,"Semi- Or Bleached Non-Coniferous Chemical Wood Pulp, Soda..., Nes",16569064,1777929875
47042900,"Semi- Or Bleached Non-Coniferous Chemical Wood Pulp, Sulphite, Nes",2,2505
47062000,Pulps Of Fibres Derived From Recovered (Waste And Scrap) Paper/Paperboard,3,9268
47071000,"Recovered (Waste/Scrap) Unbleached Kraft Paper,Paperboard, Of...Paperboard",3306420,136879405
47072000,Recovered (Waste/Scrap) Other Paper/Paperboard Of Bleached Chemical Pulp,2035230,150561773
47073000,"Paper or paperboard made mainly ...newspapers, journals and similar printed matter):",384835,15869288
48010000,"Newsprint, In Rolls Or Sheets",351414,24740459
48025510,ECG and ultrasonogram recording paper,496,540943
48025600,"OTHER PAPER OR PAPERBOARD, NOT CONTAINING...,WEIGHING 40 G/M2 OR MORE...",17702,2577439
48025700,"OTHER,WEIGHING 40 G/M2 OR MORE BUT NOT MORE THAN 150G/M2",292621,80402875
48025800,WEIGHING MORE THAN 150G/M2,104389,9710368
48026900,"OTH. PAPER & PAPER BOARD, IN ROLL, NES",911767,68118897
48030000,"Toilet,Facial Tissue,Towel,Napkin Stock & Similar Paper, In Rolls Or Sheet",62464,11551089
48041100,"Unbleached Kraftliner, Uncoated Paper & Paperboard In Rolls Or Sheets",115715,10144993
48041900,"Kraftliner,Uncoated(Excl.Unbleached),Paper & Paperboard,In Rolls Or Sheets",811,572553
48043100,"Unbleached Kraft Paper..., Weighing =<150g/M2",128619,10208151
48043900,"Kraft Paper... (Excl. Unbleached), Weighing =<150g/M2",218,54079
48044100,"Unbleached Kraft Paper..., Weighing >150g/M2 But <225g/M2",74620,6542740
48045100,"Unbleached Kraft Paper..., Weighing >=225g/M2",412909,36441905
48051100,"FLUTING PAPER, SEMI-CHEMICAL FLUTING PAPER",23108,2083977
48051900,"FLUTING PAPER,NES",23,13151
48052400,"TESTLINER(RECYCLED LINER BOARD),WEIGHING 150G/M2 OR LESS",263563,23340956
48052500,TESTLINER(RECYCLED LINER BOARD)WEIGHING MORE THAN 150G/M2,25119,2233938
48053000,"Sulphite Wrapping Paper, Uncoated In Rolls Or Sheets",3920,707522
48054000,"Filter Paper And Paperboard, Uncoated In Rolls Or Sheets",21653,5321627
48059390,"Fluting paper, NES weighing 225 g/m2 or more",12,4937
48063000,"Tracing Papers, In Rolls Or Sheets",3735,798989
48064000,"Glassine And Other Glazed Transparent Or Translucent Papers, Nes",69920,13752161
48081000,"Corrugated Paper And Paperboard, In Rolls Or Sheets",6,5087
48084000,"Kraft paper, creped or crinkled, whether or not embossed or perforated",300,60121
48089000,"Paper And Paperboard, Corrugated, Creped, Etc, In Rolls Or Sheets, Nes",672,231209
48092000,"Self-Copy Paper, In Rolls Or Sheets",93956,6149188
48099010,Carbon or similar copying papers,2203,155244
48099090,"Carbon or similar copying papers, nes",55798,7067831
48101300,"MECHANICL OR CHEMICAL-MECHANICAL, IN ROOLS",554076,65933268
48102200,LIGHT-WEIGHT COATED PAPER,700,138529
48102900,"Paper... For Writing, Etc, >10% Mechanical Fibres, Coated...",13000,3332956
48109200,"OTHER PAPER & P.BOARD,MULTIPLY PAPER & PAPERBOARD",3921331,389835261
48109910,Single/double side coated relse. paper Imp. by VAT reg. Refrigtr. or freez manf. Ind,63772,15519373
48109990,"Single/double side coated relse. paper Imp. by VAT reg. Refrigtr./freez manf. Ind,Nes",4295346,350571422
48111000,"Tarred, Bituminized Or Asphalted Paper And Paperboard",15,13643
48114100,Self-adhesive,1116041,230128809
48114900,"SELF ADHESIVE,PAPER & PAPER BOARD, NES",80613,20753407
48115100,"Bleached, weighing more than 150 g/m2",52231,10600886
48115910,"PAPER & P.BOARD,PACK/ASCEPTIC PACK",278555,131958828
48115920,Melamine impregnated decorative paper,164633,31755548
48115990,"PAPER,PAPERBOARD,CELLULOSE WADDING AND ...EXCL.TETRAPACK/ASCEPTIC PACK",368370,46480486
48116010,Ultrasonogram recording paper,960,240815
48116020,Paraffin wax or stearin covered or lates coated or waterproof paper and paperboard by,26077,9425206
48116090,"Paper and paperboard, coated...parafin wx, stearing oil,(excl. ultrasonograme rec.paper)",192679,37510289
48119010,,111638,35214564
48119021,Insulated paper imp. by VAT reg. electric fan motor or water pump motor manf. Ind.,29889,9816898
48119029,Excl. Insulated paper imp. by VAT reg. electric fan/water pump motor manf. Ind.,63812,12386298
48119030,Base paper for melamine,734841,206931046
48119090,"Other Paper,Paperboard,Cellulose Wadding And Webs Of Cellulose Fibres,Nes",67943,28072299
48131000,,46265,7100340
48132000,,386618,117463369
48139000,,140465,46964304
48142000,"Wallpaper,Etc Of Paper Coated On The Face Side With A.. Layer Of Plastics",25229,4623777
48149000,"Wallpaper And Other Wall Coverings; Window Transparencies Of Paper, Nes",1511,747269
48169000,"Copying Or Transfer Paper, Nes; Offset Plates, Of Paper (Excl.Heading 4809",250347,31499354
48172000,"Letter Cards, Plain Postcards And Correspondance Cards Of Paper...",90,45194
48173000,"Boxes, Etc, Of Paper Or Paperboard Containing Paper Stationery",11522,5064241
48181000,Toilet Paper,476,149285
48182000,Handkerchiefs And Cleansing Or Facial Tissues & Towels,5359,2257489
48183000,Tablecloths And Serviettes Of Paper,74,34065
48185000,Articles Of Apparel And Clothing Accssories Of Paper,2,1732
48189000,"Household, Sanitary Or Hospital Articles Of Paper..., Etc, Nes",21209,5850458
48191000,"Cartons, Boxes And Cases, Of Corrugated Paper Or Paperboard",402115,97775809
48192010,"Folding Cartons, Boxes And Cases, Of Non-Corrugated Paper Or Paperboard",311,65964
48192090,"Folding Cartons, Boxes And Cases, Of Non-Corrugated Paper Or Paperboard",128205,50946977
48193000,"Sacks And Bags, Having A Base Of A Width Of >=40cm Of Paper, Paperboard",1334,377126
48194010,Fruit Bag,12650,2047443
48194090,Other than Fruit Bag,26220,10470672
48195000,"Packing Containers, Including Record Sleeves, Of Paper..., Nes",2083,1206144
48196000,"Box Files,Letter Trays,Storage Boxes,Etc,Of Paper Used In Office,Shops Etc",11331,4428525
48201000,"Registers,Acc.Books,Diaries,Similar Articles,Order & Receipt Books,Of ....",105236,26823669
48203000,Binders (Other Than Book Covers) Folders & File Covers Of Paper/Paperboard,1750,528582
48204000,Manifold Business Forms And Interleaved Carbon Sets,442,115288
48205000,Albums For Samples Or For Collections Of Paper Or Paperboard,2446,510052
48209000,"Blotting Pads, Book Covers And Other Articles Of Stationery Of Paper...Nes",4351,2210971
48211000,Printed Paper Or Paperboard Labels Of All Kinds,41434,25958880
48219010,Sticker,2373,1131923
48219090,Excl. Sticker imp. by VAT reg. electric fan or water pump motor manf. Ind.,36363,8304497
48221000,"Bobbins, Spools..., Of Paper Or Paperboard For Winding Textile Yarn",32800,6275126
48229000,"Bobbins, Spools,Cops And Similar Supports Of Paper Or Paperboard, Nes",98170,17929173
48232000,"Filter Paper And Paperboard, Cut To Shape",18072,17177730
48234000,"Rolls, sheets and dials, printed for self recording apparatus",626,651447
48236900,"Trays, dishes, plates, cups and the like, of paper and paperboard Excl. Of bam",45155,16058478
48237090,"Moduled or pressed articles of paper pulp, Excl Gasket imp by VAT reg. comp. manu.",5730,2049833
48239010,"Paper And Paperboard, Cut To Size And Articls Of Paper",117,54480
48239091,Paper Separator,11,5779
48239092,Wrappers for confectionery,240,74520
48239093,Surface coloured or printed paper or paper board,23584,14509728
48239094,Air laid paper,132016,41625055
48239099,"Paper And Paperboard, Cut To Size And Articles Of Paper, Etc, Nes",34459,9866823
49011000,"Printed Books, Brochures, Leaflets, Etc, In Single Sheets",3574,4457860
49019100,"Dictionaries And Encyclopaedias, And Serial Instalments Thereof",158,93848
49019910,"Religious,Reference,Scientific,Medical,Engg,Agril. & Oth.Books for higher education",54523,21310019
49019920,Text books for primary and secondary education.,71,44485
49019930,Other books,25865,13034125
49019990,"Printed Books,Brichures,Leaflets&Similar Printed Metter, Nes",12107,8319511
49021000,"Newspapers, Journals And Periodicals, Appearing At Least 4 Times A Week",275,510854
49029000,"Newspapers, Journals And Periodicals, Appearing < Four Times A Week",1760,3346703
49030000,"Children'S Picture, Drawing Or Colouring Books",2146,747209
49040000,"Music, Printed Or In Manuscript",366,55011
49059000,"Maps and hydrographic or similar charts of all kinds, including atlases,...NES",975,247448
49060000,Plans...For Archit...Purposes;Handwitten Texts;Photogr.Of Repo.Of The ....,6,19802121
49070010,Stock Share And Bond Certificates&Similar Documents Of Title Cheque Forms,28,21240
49070090,"New Stamps,Stamp-Impressed Paper,Cheque Forms,Banknotes,Nes",123482,271093970
49081090,"Transfers(Decalcomanias), Vitrifiable, Nes",76153,32412279
49089000,Transfers (Decalcomanias) (Excl. Vitrifiable),24,20926
49090000,"Printed Or Illustrated Postcards; Printed Cards Bearing Greetings, Etc",42,34989
49100000,"CALENDER OF ANY KIND, PRINTED, INCLUDING CALENDER BLOCKS",5551,2382348
49111000,"Trade Advertising Material, Commercial Catalogues And The Like",10279,6845818
49119100,"Pictures, Designs And Photographs",7272,1655412
49119910,"Scratch card, TV",1,3616
49119990,"Other printed matter, including printed pictures and photographs., NES",22188,39769755
50020000,Raw Silk (Not Thrown),99,296094
50030000,"Silk waste (including cocoons unsuitable for reeling, yarn waste and garnetted",5000,814108
50072000,"Woven Fabrics Of Silk, Containing >=85% Silk Or Of Silk Waste",2,1252
51011100,"Greasy Shorn Wool, Not Carded Or Combed",5917,3621189
51011900,"Greasy Wool (Excl. Shorn), Not Carded Or Combed",0,31940
51013000,"Carbonised Wool, Not Carded Or Combed",951,1595671
51040000,Garnetted stock of wool or of fine or coarse animal hair,1567,882332
51052100,Combed Wool In Fragments,1608,502466
51053100,"FINE ANIMAL HAIR,CARDED OR COMBED , OF KASHMIR (CASHMERE) GOATS",4,2506
51061000,"Yarn Of Carded Wool, Not Put Up For Retail Sale, With >=85% Wool",512,320533
51071000,"Yarn Of Combed Wool, Not Put Up For Retail Sale, With >=85% Wool",30,22543
51072000,"Yarn Of Combed Wool, Not Put Up For Retail Sale, With <85% Wool",210,120288
51091000,"Yarn, with >=85% wool or of fine animal hair, put up for retail sale",14,7773
51112000,"Woven Fabrics Of Carded Wool, Mixed With Man-Made Filaments",56,35450
51113000,"Woven Fabrics Of Carded Wool, Mixed With Man-Made Staple Fibres",4,2507
51119000,"Other Woven Fabrics Of Carded Wool Or Carded Fine Animal Hair, Nes",1470,684612
51121900,"Woven Fabrics With >=85% Combed Wool Or Of Fine Animal Hair, >200g/M2",0,898
52010000,"Cotton, Not Carded Or Combed",125436504,31487334595
52029100,Garnetted Stock Of Cotton,6,3821
52029910,Cotton waste,81,198454
52029990,"Cotton waste, nes",1,9540
52030000,"Cotton, Carded Or Combed",1100,1281320
52041100,"Cotton Sewing Thread, With >=85% Cotton, Not Put Up For Retail Sale",486,321875
52041900,"Cotton Sewing Thread, With <85% Cotton, Not Put Up For Retail Sale",927,379383
52042000,"Cotton Sewing Thread, Put Up For Retail Sale",36,25800
52051100,"Uncombed Sin.Cot.Yarn,With>=85%Cot.,Nprs,=>714.29 Decitex (<=14mn).",646,404477
52051200,"Uncom.Sin.Cot.Yarn,With>=85%Cot.Nprs,<714.29de(>14mn)But(>=232.56de)<=43mn",21181,6694612
52051500,"Uncombed Single Cotton Yarn, With >=85% Cotton, Nprs,<125 Decitex (>80mn)",5,1241
52052100,"Combed Single Cotton Yarn, With >=85% Cotton, Nprs,>=714.29 Decitex(<=14mn",601,383310
52052200,"Combed Sin.Cot.Yarn,With>=85%Cot.,Nprs,<714.29(>14mn)But>=232.56de.(<=43mn",16,8628
52052300,"Com.Sin.Cot.Yarn,With>=85%Cot.,Nprs,<232.56deci(>43mm)But>=192.31de(<=52mn",17900,7891941
52052400,"Com.Sin.Cot.Yarn,With>=85%Cot.,Nprs,<192.31de.But>=125de>52mn But<=80mn",98,61250
52052700,"Com.Sin.Cot.Yarn,With>=85%Cot.Nprs,<106.38de But>=83.33de>94mn But<=120mn",15,8138
52053100,"Mul.Unco.Cabled Cotton Yarn,With >=85% Cot.,Nprs,<=14mn Per Single Yarn",50,25048
52053200,"Mul. Unco.Cabled Cotton Yarn,>=85%Cot.,Nprs,>14mn But<=43mn P.Single Yarn",9,5638
52054100,"Combed Cabled Cotton Yarn, With >=85% Cotton, Nprs, <=14mn Per Single Yarn",3,1593
52054200,"Combed Cabled Cotton Yarn,With>=85%Cotton,Nprs,>14mn But<=43mn P.Sing.Yarn",472,660074
52054400,"Combed Cabled Cotton Yarn,>=85% Cotton,Nprs,>52mn But<=80mn Pr.Single Yarn",6,3508
52054800,"Combed Cabled Cotton Yarn, With >=85% Cotton, Nprs, >120mn Per Single Yarn",456,214907
52061100,"Uncombed Single Cotton Yarn, With <85% Cotton, Nprs, <=14mn",180,87374
52061200,"Uncombed Single Cotton Yarn, With <85% Cotton, Nprs, >14mn But <=43mn",7,4445
52063500,"Uncombed Cabled Cotton Yarn, With <85% Cotton, Nprs, >80mn Per Single Yarn",3,2155
52064200,"Combed Cabled Cotton Yarn,<85% Cotton,Nprs,>14mn But<=43mn Per Single Yarn",1253,520412
52071000,"Cotton Yarn (Excl. Sewing), Put Up For Retail Sale, With >=85% Cotton",249,95515
52079000,"Cotton Yarn (Excl. Sewing), Put Up For Retail Sale, With <85% Cotton",2182,1099009
52081100,"Unbleached Plain Woven Fabrics Of Cotton With>=85%Cotton, =<100g/M2",4429,2792293
52081200,"Unbleached Plain Woven Fabrics Of Cotton>=85%Cotton,>100g/M2 But<200g/M2",286,204590
52081300,"Unbleached 3 Or 4-Thread Twill, With >=85% Cotton, <200g/M2",1,753
52081900,"Unbleached Woven Cotton Fabrics, Nes, With >=85% Cotton",2192,863893
52082100,"Bleached Plain Woven Fabrics Of Cotton With >=85% Cotton, =<100g/M2",158,112745
52082200,"Bleached Plain Woven Fbrcs.Of Cotton With>=85%Cotton,>100g/M2 But<200g/M2",8,6070
52082900,"Bleached Woven Cotton Fabrics, Nes, With >=85% Cotton",181,118699
52083100,"Dyed Plain Cotton Woven Fabrics With >=85% Cotton, =<100g/M2",14684,6472228
52083200,"Dyed Plain Cotton Woven Fabrics With >=85% Cotton, >100g/M2",19485,8197200
52083900,"Dyed Woven Cotton Fabrics, With >=85% Cotton, Nes",7135,3080235
52084100,"Coloured Plain Cotton Woven Fabrics With >=85% Cotton, =<100g/M2",2897,1270297
52084200,"Coloured Plain Cotton Woven Fabrics With >=85% Cotton, >100g/M2",463,287360
52084300,"Coloured 3 Or 4-Thread Twill (Incl. Cross Twill), With >=85% Cotton",5,2878
52084900,"Coloured Woven Cotton Fabrics, With >=85% Cotton, Nes",10945,5244724
52085100,"Printed Plain Cotton Woven Fabrics With >=85% Cotton, =<100g/M2",9272,4625781
52085200,"Printed Plain Cotton Woven Fabrics With >=85% Cotton, >100g/M2",3455,1764972
52085900,"Printed Woven Cotton Fabrics, With >=85% Cotton, Nes",53634,25782152
52091100,"Unbleached Plain Cotton Woven Fabrics With >=85% Cotton, >=200g/M2",0,57865
52091900,"Unbleached Cotton Fabrics, With >=85% Cotton, >=200g/M2, Nes",0,1882
52092200,"Bleached 3 Or 4-Thread Twill, >=85% Cotton, >=200g/M2",3,1880
52092900,"Bleached Woven Cotton Fabrics, With >=85% Cotton, >=200g/M2, Nes",347,217937
52093100,"Dyed Plain Cotton Woven Fabrics With >=85% Cotton, >=200g/M2",10,7542
52093200,"Dyed 3 Or 4-Thread Twill (Incl. Cross Twill), With >=85% Cotton",62,39463
52093900,"Dyed Woven Cotton Fabrics, With >=85% Cotton, >=200g/M2, Nes",96,47157
52094200,"Denim, With >=85% Cotton, >=200g/M2",5487,2823843
52094300,"Coloured 3 Or 4-Thread Twill (Incl.Cross Twill)With>=85% Cotton,>=200g/M2",8,3211
52095900,"Printed Woven Cotton Fabrics, With >=85% Cotton, >200g/M2",5,3131
52103100,"Dyed Plain Cotton Woven Fabrics With <85% Cotton, =<200g/M2",6,2630
52104900,"Coloured Woven Cotton Fabrics, Nes, With <85% Cotton, =<200g/M2",2,2506
52105900,"Printed Woven Cotton Fabrics, Nes, With <85% Cotton, =<200g/M2",0,855
52111900,"Unbleached Woven Cotton Fabrics, Nes, With <85% Cotton, >200g/M2",3,1880
52113200,"Dyed 3 Or 4-Thread Twill (Incl. Cross Twill) With <85% Cotton, >200g/M2",8,5010
52114200,"Coloured Denim, With <85% Cotton, >200g/M2",5593,2598663
52121100,"Unbleached Woven Fabrics Of Cotton, =<200g/M2, Nes",6,3691
52121300,"Dyed Woven Fabrics Of Cotton, =<200g/M2, Nes",544,203607
53012100,"Flax, Broken Or Scutched, But Not Spun",101540,86307104
53012910,"Flax, Hackled Or Otherwise Processed, But Not Spun",151777,110780237
53021000,"True Hemp, Raw Or Retted",384,263572
53031000,"Jute and other textile bast fibres, raw or retted",745,365234
53050010,"Coconut, avaca.... Coco substrate; coco pellet; growing media",24000,1653316
53050090,"Coconut, avaca.... Excl. Coco substrate; coco pellet; growing media",3001,56442
53071000,Single yarn of jute or of other textile bast fibres of 53.03,26,7538
53089000,"Yarn Of Vegetable Textile Fibres, Nes",0,627
53091900,"Woven Fabrics Of Flax, With >=85% Flax, Printed, Dyed Or Coloured",23,13282
53092900,"Woven Fabrics Of Flax, With <85% Flax, Printed, Dyed Or Coloured",4,2469
53101000,Unbleached woven fabrics of jute or of other textile bast fibre,76,46725
53109000,Woven fabrics of jute or other textile bast fibres (excl. unbleached),2090,692828
53110000,Woven fabrics of other vegetable textile fibres; woven fabrics of paper yarn.,2,1254
54011000,Sewing Thread Of Synthetic Filaments,13171,5007131
54012000,Sewing Thread Of Artificial Filaments,1181,242991
54021100,Synthetic filament yarn?High tenacity of nylon or other polyamides Of aramids,3,2257
54021900,"Synthetic filament yarn?High tenacity of nylon or other polyamides, Excl.Of ar",4833,1213310
54022000,"High tenacity yarn of polyesters, whether or not textured",282420,56390251
54023100,"Textured Yarn, Of Nylon Or Other Polyamides, =<5tex, Nprs",62,21884
54023200,"Textured Yarn, Of Nylon Or Other Polyamides, >50tex, Nprs",8812,2997865
54023300,TEXTURED YARN OF POLYESTER,127706,41135971
54023400,Textured yarn Of polypropylene,8010,2575885
54023900,"Synthetic Textured Yarn, Nes, Nprs",5147,3077742
54024400,"Other yarn, single, untwisted or with a twist not exceeding 50 turns per metre",52619,27597734
54024700,"Other yarn,single,untwisted or with a twist <=50 turns per metre Other, of pol",188,138254
54024800,"Other yarn,single,untwisted or with a twist <=50 turns per metre Other, of pol",7,4811
54024900,"Single Synthetic Yarn, Nes,Untwisted With =<50turns/M, Nprs",35,21670
54025100,"Single Yarn Of Nylon Or Other Polyamides, With >50turns/M, Nprs",3,1880
54025200,"Single Yarn Of Polyesters, With >50turns/M, Nprs",1151,404019
54025900,"Single Synthetic Yarn, Nes, With >50turns/M, Nprs",67,27780
54026100,"Multiple Or Cabled Yarn Of Nylon Or Other Polyamides, Nprs",1,627
54026200,"Synthetic Multiple Or Cabled Yarn Of Polyesters, Nprs",22206,6918789
54026900,"Synthetic Multiple Or Cabled Yarn, Nes, Nprs",8958,3127192
54031000,"High Tenacity Yarn Of Viscose Rayon, Nprs Excl. Sewing Thread",25,14042
54033100,"Single Yarn Of Viscose Rayon,Untwisted Or With =<120turns/M, Nprs",213260,49883039
54033200,"Single Yarn Of Viscose Rayon, With >120turns/M, Nprs",24,20688
54033900,"Single Artificial Yarn, Nes, Nprs",7,5370
54034100,"Multiple Or Cabled Yarn Of Viscose Rayon, Nprs",1,627
54034900,"Multiple Or Cabled Artificial Yarn, Nes, Nprs",2482,1182640
54041100,Monofilament Elastomeric,26112,18382457
54041900,Monofilament Excl. Elastomeric & other of polypropylene,55621,15487841
54049000,OTH. SYNTHETIC MONOFILAMENT OF 67 DECITEX OR MORE... (EXCL. MONOFILAMENT),1500,848305
54060000,"Manmade filament yarn (other than sewing thread), put up for retail sale.",242,60622
54071010,Rejected fabrics generated during manu.of garments or processing of fabrics,111,51101
54071090,"Rejected fabrics generated during manu.of garments or processing of fabrics, nes",18794,12494184
54072000,Woven Fabrics Obtained From Synthetic Strip Or The Like,3630,1686386
54074100,"Unbleached Or Bleached Woven Fabrics, >=85% Nylon...",0,627
54074200,"Dyed Woven Fabrics Of Synthetic Filament Yarn, >=85% Nylon...",18,14042
54075200,"Dyed Woven Fabrics Of Synthetic Filament Yarn, >=85% Textured Polyester",91144,50930560
54075400,"Printed Woven Fabrics Of Synthetic Yarn, >=85% Textured Polyester",90949,51310179
54076100,Other Woven Fabrics Of Synthetic Yarn>=85% Nontextured Polyester Filaments,43822,24634557
54076900,Other Woven Fabrics Of Synth'C Yarn >=85% Textrd/Non-Textrd Polystr Filmnt,257179,134591903
54077200,"Dyed Woven Fabrics, >=85% Synthetic Filaments, Nes",1213206,677863444
54077400,"Printed Woven Fabrics, >=85% Synthetic Filaments, Nes",5366,3597197
54078200,"Dyed Woven Fabrics, <85% Synthetic Filaments, Mixed With Cotton",136329,68188611
54078300,"Coloured Woven Fabrics, <85% Synthetic Filaments, Mixed With Cotton",396225,198718696
54079200,"Dyed Woven Fabrics <85% Synthetic Filament Yarn, Nes",9217,4618072
54082300,"Coloured Woven Fabrics, >=85% Artificial Filaments Or Strip",1,627
54083200,"Dyed Woven Fabrics Of Artificial Filament Yarn, Nes",3,1892
55011900,Synthetic filament tow Of nylon or other polyamides : Excluding Of aramids,13,7810
55012000,Synthetic Filament Tow Of Polyesters,1,627
55021000,Artificial filament tow of cellulose acetate,928563,706584733
55031100,"Syn.Sta.fibres, not carded,combed or otherwise proce.for spin.Of nylon or othe",4,6390
55032000,"Synthetic Staple Fibres, Of Polyesters, Not Carded, Combed Or Processed",6036494,928253334
55033000,"Acrylic Or Modacrylic Synth. Staple Fibres,Not Carded,Combed Or Processed",163846,56555012
55034000,"Synthetic Staple Fibres,Of Polypropylene,Not Carded,Combed Or Processed",1204156,233718585
55041000,"Artificial Staple Fibres,Of Viscose Rayon,Not Carded,Combed Or Processed",2359769,766970371
55049000,"Artificial Staple Fibres, (Excl. Viscose), Not Carded,Combed Or Processed",5505616,2121302026
55061000,"Synt.Staple Fibres,Of Nylon Or Other Polyamides,Carded,Combed Or Processed",40,73156
55062000,"Synthetic Staple Fibres, Of Polyesters, Carded, Combed Or Processed",1711295,257346953
55063000,"Acrylic Or Modacrylic Synthetic Staple Fibres,Carded,Combed Or Processed",21653,7462229
55064000,"Synthetic staple fibres, carded, combed or otherwise processed for spinning",8,5197
55069000,"Syn.Staple Fibres,Nes,Carded,Combed Or Processed(Exl.Nyl./Polester/Acry.)",5,10759
55081000,Sewing Thread Of Synthetic Staple Fibres,1040,351041
55082000,Sewing Thread Of Artificial Staple Fibres,6,3880
55091100,"Single Yarn, With >=85% Staple Fibres Of Nylon Or Other Polyamides, Nprs",5216,2010346
55092100,"Single Yarn, With >=85% Polyester Staple Fibres, Nprs",106,65956
55092200,"Multiple Or Cabled Yarn, With >=85% Polyester Staple Fibres, Nprs",760,343280
55093200,"Multiple Or Cabled Yarn, >=85% Acrylic Or Modacrylic Staple Fibres, Nprs",8,4476
55094200,"Multiple Or Cabled Yarn, With >=85% Synthetic Staple Fibres, Nes, Nprs",699,218367
55095100,"Yarn,<85% Polyester Staple Fibres,Mixed With Artificial Staple Fibres,Nprs",6,3761
55095200,"Yarn,<85% Polyester Staple Fibres,Mixed With Wool Or Fine Animal Hair,Nprs",41,25689
55095900,"Yarn,<85%Polyester Staple Fibres,Nes,Nprs(Exl.Arti/Wool/Cotton Staplefibre",62,36448
55096900,"Yarn, <85%Acrylic Or Modacrylic Staple Fibres, Nes, Nprs(Exl. Wool/Cotton)",1299,598909
55099900,"Yarn, Synthetic Staple Fibres,Nes, Nprs (Exl. Wool/Cotton)",25,15790
55101100,"Single Yarn, With >=85% Artificial Staple Fibres, Nprs",1352,570425
55101210,WATER BLOCKING YARN IMPORTED BY VAT REGISTERED OPTICAL FIBRE CABLE MANUFACTURING INDU,2,1487
55101290,"YARN OF ARTIFICIAL STAPLE FIBRES, .. EXCL. WATER BLOCKING YARN IMP BY VAT REG. OPTICAL F",22,13464
55109000,"Yarn, Artificial Staple Fibres, Nes, Nprs (Exl. Wool/Cotton)",4171,1684104
55111000,"Yarn, With >=85% Synthetic Staple Fibres, Put Up For Retail Sale",15,9925
55121990,"Woven Fabrics, >=85% Polyester Staple Fibres, Excl.Unbleached Or Bleached",10,17747
55129100,"Unbleached or bleached woven fabrics, >=85% synthetic staple fibres, nes",3,2506
55131100,"Plain weave fabrics, <85% polyester fibres + cotton, =<170g/m2 fibres, plain weave",3,1753
55131900,Other woven fabrics,3,2005
55132100,"Dyed Plain Weave Fabrics, <85% Polyester Fibres + Cotton, =<170g/M2",136,74355
55132300,"Dyed Woven Fabrics, Nes, <85% Polyester Fibres + Cotton, =<170g/M2",32,19979
55133100,"Coloured Plain Weave Fabrics, <85% Polyester Fibres + Cotton, =<170g/M2",1,627
55143000,"Unbleached or bleached Of polyester staple fibres, plain weave: dyed Of yarns",13,8142
55144200,"Printed 3 Or 4-Thread Twill, <85% Polyester Fibres + Cotton, >170g/M2",2,1254
55151100,Mixed mainly or solely with viscose rayon staple fibres,2,1254
55151900,"Woven fabrics of polyester staple fibres, nes",4,2506
55161200,"Dyed Woven Fabrics, >=85% Artificial Staple Fibres",914,427866
55161400,"Printed Woven Fabrics, >=85% Artificial Staple Fibres",36757,15398409
55162400,"Printed Woven Fabrics, <85% Artificial Fibres, With Man-Made Filaments",2443,1147458
55164300,"Coloured Woven Fabrics, <85% Artificialstaple Fibres, Mixed With Cotton",60,61622
55169100,"Woven fabrics, <85% artificial staple fibres, nes Unbleached or bleached",1239,620749
56012100,Cotton Wadding And Articles Thereof,32516,12810171
56012200,Wadding Of Man-Made Fibres And Articles Thereof,98448,123601648
56012900,"Wadding and articles of wadding, nes",2765,701414
56013000,Textile Flock And Dust And Mill Neps,16046,7184891
56021000,,14,50077
56022100,"Felt Of Wool Or Fine Animal Hair (Excl. Impregnated, Coated, Etc)",3067,1183997
56022900,"Felt of textile materials (excl. impregnated, coated, etc) Of other textile materials",19677,5598607
56029000,"Felt, Nes (Exl. Needleloom, Wool, Text Material, Jute, Other Than Jute)",22630,37355345
56031110,"Nonwovens, Of Man-Made Filaments, Weighing <=25g/M2",1303294,385795476
56031190,"Nonwovens, Of Man-Made Filaments, Weighing <=25g/M2",8631,7921268
56031210,"Nonwovens, Of Man-Made Filaments, Weighing >25g/M2 But <=70g/M2",72355,22414294
56031290,"Nonwovens, Of Man-Made Filaments, Weighing >25g/M2 But <=70g/M2",37,41539
56031310,Elastic back ear,15924,16947163
56031390,"Nonwovens, Of Man-Made Filaments, Weighing >70g/M2 But <=150g/M2",69,223051
56031400,"Nonwovens, Of Man-Made Filaments, Weighing >150g/M2",3248,1172008
56039100,"Nonwovens, Not Of Man-Made Filaments, Weighing <=25g/M2",1,1327
56039210,"Dry web, Weighing more than 25 g/m2 but not more than 70 g/m2",76636,22207170
56039290,"Nonwovens, Not Of Man-Made Filaments, Weighing >25g/M2 But <=70g/M2",13882,4137672
56039300,"Nonwovens, Not Of Man-Made Filaments, Weighing >70g/M2 But <=150g/M2",1111,355225
56039400,"Nonwovens, Not Of Man-Made Filaments, Weighing >150g/M2",14695,5432904
56041000,"Rubber Thread And Cord, Textile Covered",833,262140
56049000,"Textile Yarn And Strip, Etc, Impregnated Or Coated",7377,2312506
56050090,Other metalized yarn,2778,709892
56060000,"Gimped yarn, & strip & the like .... (including flock chenille yarn); loop wale-yarn.",1506,528977
56072900,"Twine,Cordage,Rope & Cables,Of Sisal,Etc. Of The Genus Agave,Nes,Ex.Binder",121,43792
56074990,"Twine, Cordage,Rope & Cables, Of Polyethylene Or Polypropylene, Other",70592,14542840
56075000,"Twine, Cordage, Rope And Cables, Of Synthetic Fibres, Nes",18931,14884773
56079000,"Twine, cordage, ropes and cables, whether or not plaited .. with rubber or pla",50229,13338648
56081190,"Other Made Up Fishing Nets, Excl, For Fishing Trawler",20,10019
56081910,Knotted netting of man-made textile materials (excl. fishing nets),784,2011808
56089000,"Knotted netting of twine, cordage or rope of textile materials, nes",9407,2539542
56090010,"Twine,Cordage,Rope Or Cables For Fishing Trawler And Factory Ships, Nes",7,3507
56090090,"Articles Of Yarn,Strip,Etc,Twine,Cordage, Rope Or Cables, Nes",14685,3145866
57011000,"Carpets And Other Textile Floor Coverings, Of Wool..., Knotted",65,59534
57019000,"Carpets & other textile floor coverings, ...textiles, knotted Of other textile material",20735,3484972
57023200,"Floor Coverings Of Man-Made Textiles, Of Pile Construction Not Made Up",2,1224
57023900,"Pile floor coverin....textiles, woven, not made up Of other textile materials, nes",1647,358582
57024200,"Pile Floor Coverings Of Man-Made Textiles, Woven, Made Up",19570,2252320
57029900,"Non-pile floor coverings of textile materials, ....... up Of other textile materials, ne",427,106934
57032900,Carpet and other textile floor Covering Of nylon or other polyamides : Excluding Turf,1317,780199
57033100,Carpet and other textile floor covering ...Of other man-made textile materials :Turf,8661,2439859
57033900,Carpet other textile floor covering ...Of other man-made textile materials : Exl.Turf,3732,1142068
57039000,Carpet and other textile floor covering..of other textile materials of jute,115129,17033578
57041000,"Carpet Tiles =<0.3m2, Of Felt, Not Tufted Or Flocked",1700,425845
57049000,"Floor coverings of felt, not tufted or flocked, nes",88,16159
57050000,"Other carpets and other textile floor coverings, whether or not made up.",449623,55085949
58011000,Woven Pile Fabrics And Chenille Fabrics Of Wool Or Fine Animal Hair,0,627
58012200,Cut Corduroy Of Cotton,301,189323
58012600,"Chenille Fabrics, Of Cotton",16075,8870124
58013600,"Chenille Fabrics Of Man-Made Fibres, Nes",365600,195212148
58019000,"Floor coverings of felt, not tufted or flocked Of other textile materials nes,",9166,4879234
58021000,"Terry towelling and similar woven terry fabrics, of cotton",7,5693
58023000,Tufted textile fabrics,2,1498
58041000,Tulles And Other Net Fabrics,51810,26067592
58042100,"Mechanically Made Of Lace Of Man-Made Fibres In Piece,In Strips/In Motifs",6584,2658977
58042900,"Mechanically Made Of Lace Of Oth.Textiles In Piece,In Strips Or In Motifs",73188,30037841
58043000,"Hand-Made Lace In Pieces, In Strips Or In Motifs",83443,31385706
58061000,Narrow Woven Pile Fabrics And Chenille Fabrics,6,2885
58062000,"Narrow Woven Fabrics, Width >=5% Elastomeric Yarn Or Rubber Thread",47223,15449204
58063100,OTHER WOVEN FABRICS OF COTTON,1147,619563
58063200,,17396,5565538
58063900,"Narrow Woven Fabrics Of Other Textiles, Nes",28311,9560416
58064000,Fabrics With Warp Without Weft Assembled By An Adhesive (Bolducs),3600,1391489
58071000,"Labels, Badges... Of Textiles, Woven, In Piece..., Not Embroidered",5953,5054642
58079000,"Labels, Badges... Of Textiles, Unwoven, In Piece..., Not Embroidered",14243,3268850
58089000,"Ornamental Trimmings In The Piece; Tassels, Pompons, Etc, Nes(Excl.Braids)",141,46771
58090000,"Woven Fabrics Of Metal Thread And Woven Fabrics Of Metallized Yarn, Nes",144,67643
58101000,Embroidery Without Visible Ground,79,60351
58109100,"Cotton Embroidery, In The Piece, In Strips Or In Motifs",8,8143
58109200,"Embroidery Of Man-Made Fibres, In The Piece, In Strips Or In Motifs",16,11275
58109900,"Embroidery Of Other Textiles, In The Piece, In Strips Or In Motifs",1347,1351486
58110000,Quilted Tex.Produ.In The Piece(Excl.Embroi.Of 58.10)One Or More Layers Tax,5415,2373858
59011000,Tex.Fab.Coated With Gum/Amyla.. Substances For Other Convers Or Books Etc,21178,57321614
59019000,"Tracing Cloth; Prepared Painting Canvas; Buckram, Etc",103,19246
59021000,Tyre Cord Fabric Of High Tenacity Yarn Of Nylon Or Other Polyamides,233015,88029068
59022000,Tyre Cord Fabric Of High Tenacity Yarn Of Polyesters,690495,86128616
59029000,Tyre Cord Fabric Of High Tenacity Yarn Of Viscose Rayon,51502,6412526
59031010,Fusing Interlining Mate.(Tex.Mat.For Stiffening Cuffs&Col.With Poly V.Chlo,357,161829
59031090,Other Fabrics Impregnated...With Polyvinyl Chloride,135803,41200424
59032010,Fusing Interlining Mat.(Tex.Mat.For Stiffening Cuffs&Col. With Poly Ureth.,1112,480080
59032090,Other Textile Fabrics Impregnated....With Polyurethane,94175,29517842
59039010,"Textile fabrics impregnated... with plastics, nes",1905,1709416
59039090,"Textile fabrics impregnated... with plastics, nes",36286,107695674
59050000,Textile Wall Coverings,81,29176
59061000,Adhesive Tape Of A Width =<20cm,1833,1650781
59069100,Knitted Or Crocheted Rubberized Textile Fabrics (Excl. Adhesive Tape),1347,338362
59069910,REFLECTIVE TAPE,5945,1507357
59069990,"RUBBERIZED TEXTILE FABRICS EXCLUDING REFLECTIVE TAPE, KNITTED OR CROCHETED & ADHESIVE TA",963,709395
59070000,Textile Fabrics Otherwise Impregnated... ; Painted Canvas...,4251,1265559
59090000,"Textile... Tubing, With Or Without Lining, Etc, Of Other Materials",5840,2660865
59100000,"Transmission Or Conveyor Belts Or Belting, Of Textile Material",66497,24697910
59111010,Narrow Fab. Made Of Velvet Impregna. With Rubber For Cover Weaving Spindle,1747,769772
59111090,Other,12970,6873439
59112000,Bolting Cloth Whether Or Not Made Up,24472,15617023
59113100,"Textile Fabrics And Felts, For Paper-Making Machines, <650g/M2",1754,15378334
59113200,"Textile Fabrics And Felts, For Paper-Making Machines, >=650g/M2",6685,27536309
59114000,"Straining Cloth Of A Kind Used In Oil Presses, Etc",16981,6351082
59119000,"Textile Articles For Technical Uses, Nes, As Specified In Chapter Note 7",41716,39909795
60011000,"Long Pile Fabrics, Knitted Or Crocheted",109816,61833111
60012100,"Looped Pile Fabrics Of Cotton, Knitted Or Crocheted",2,1002
60012200,"Looped Pile Fabrics Of Man-Made Fibres, Knitted Or Crocheted",8,5137
60012900,"Looped Pile Fabrics Of Textile Materials, Knitted Or Crocheted",27047,13551106
60019100,"Pile Fabrics Of Cotton, Nes, Knitted Or Crocheted",444,287511
60019200,"Pile Fabrics Of Man-Made Fibres, Nes, Knitted Or Crocheted",26164,14978620
60019900,"Pile Fabrics Of Textile Materials, Nes, Knitted Or Crocheted",56168,31846175
60024000,CONTAINING BY WEIGHT 5%OR MORE ELASTOMERIC YARN BUT NOT CONTNG.RUBER THRED,0,3176
60029000,"KNITTED OR CROCHETED FABRICS OF A WIDTH <30CM,CONTAINING BY WEIGHT 5%..NES",67,41884
60032000,KNITTED OR CROCHETED FABRICS OF A WIDTH <30CM.. OF COTTON,110,20226
60039000,"KNITTED/CROCTD.FBRCS.OF A WIDTH <30CM,OTH THAN THOSE OF HD60.01/60.02,NES",3,1628
60041000,CONTING. BY WEIGHT 5%OR MORE OF ELASTOMERIC YARN BUT NOT CONT.RUBER THRED,382,337792
60052200,"WRAP KNIT FABRICS OF COTTON,DYED",4,3132
60052400,"WRAP KNIT FABRICS,OF COTTON PRINTED",4094,1866467
60053700,Of synthetic fibres other dyed,14637,6362500
60053800,Synthetic fibres Other of yarns of different colours,1,2505
60054400,WARP KNIT FABRICS OF ARTIFICIAL FIBRES PRINTED,55,20666
60059010,"WARP KNIT FABRICS OF ARTIFICIAL FIBRES, NES",24,12023
60059090,"WARP KNIT FABRICS OF ARTIFICIAL FIBRES, NES",164386,63728930
60062200,OTH.KNITTED OR CROCHETED FABRICS OF COTTON DYED,110,74490
60062300,"OTH.KNITTED OR CROCHETED FABRICS OF COTTON, OF YARNS OF DIFFERENT COLOURS",6,4135
60063200,"OTH.KNITTED OR CROCHETED FABRICS OF SYNTHETIC FIBRES,DYED",30829,14298032
60064200,"OTH.KNITTED OR CROCHETED FABRICS OF ARTIFICIAL FIBRES,DYED",0,627
60069000,"OTH.KNITTED OR CROCHETED FABRICS OF ARTIFICIAL FIBRES,NES",107,79144
61012000,"Men'S Or Boys' Over/Car Coats, Etc, Of Cotton, Knitted Or Crocheted",4,9743
61013000,"Men'S Or Boys'Over/Car Coats, Etc, Of Man-Made Fibres,Knitted Or Crocheted",1,2506
61019000,"Men'S Or Boys' Over/Car Coats, Etc, Of Other Textiles,Knitted Or Crocheted",861,306514
61022000,"Woman'S Or Girls' Over/Car Coats, Etc, Of Cotton, Knitted Or Crocheted",26,11502
61031000,"Men's or boys' Suits, Excl. Sports out fit for sports shooting",24,35515
61032200,"Men'S Or Boys' Ensembles Of Cotton, Knitted Or Crocheted",7,9649
61032300,"Men'S Or Boys' Ensembles Of Synthetic Fibres, Knitted Or Crocheted",1,1002
61032900,"Men'S Or Boys' Ensembles Of Other Textiles, Nes, Knitted Or Crocheted",813,209754
61033100,"Men'S Or Boys' Jackets And Blazers Of Wool..., Knitted Or Crocheted",4,16361
61033200,"Men'S Or Boys'Jackets And Blazers Of Cotton, Knitted Or Crocheted",14,16913
61033300,"Men'S Or Boys' Jackets... Of Synthetic Fibres, Knitted Or Crocheted",21,32893
61033900,"Men'S Or Boys' Jackets... Of Other Textiles, Nes, Knitted Or Crocheted",20441,10342530
61034100,"Men'S Or Boys' Trousers, Etc, Of Wool..., Knitted Or Crocheted",4,5639
61034200,"Men'S Or Boys' Trousers, Etc, Of Cotton, Knitted Or Crocheted",657,320989
61034300,"Men'S Or Boys' Trousers, Etc, Of Synthetic Fibres, Knitted Or Crocheted",2021,1190033
61034900,"Men'S Or Boys' Trousers, Etc, Of Other Textiles, Knitted Or Crocheted",1738,851155
61042300,"Women'S Or Girls' Ensembles, Of Synthetic Fibres, Knitted Or Crocheted",5,5011
61042900,"Women'S Or Girls' Ensembles, Of Other Textiles, Knitted Or Crocheted",3757,1106649
61043200,"Women'S Or Girls' Jackets, Of Cotton, Knitted Or Crocheted",2,1241
61043300,"Women'S Or Girls' Jackets, Of Synthetic Fibres, Knitted Or Crocheted",3,4134
61043900,"Woman'S Or Girls' Jackets, Of Other Textiles, Knitted Or Crocheted",98,47394
61044200,"Dresses Of Cotton, Knitted Or Crocheted",8002,3278785
61044300,"Dresses Of Synthetic Fibres, Knitted Or Crocheted",75,62996
61044400,"Dresses Of Artificial Fibres, Knitted Or Crocheted",0,627
61044900,"Dresses Of Other Textile Material, Nes, Knitted Or Crocheted",143,272712
61045100,"Skirts And Divided Skirts Of Wool Or Fine Hair, Knitted Or Crocheted",1,753
61045200,"Skirts And Divided Skirts Of Cotton, Knitted Or Crocheted",0,1020
61045900,"Skirts And Divided Skirts Of Other Textiles, Nes, Knitted Or Crocheted",24,52062
61046100,"Women'S Or Girls' Trousers, Etc, Of Wool..., Knitted Or Crocheted",18,27181
61046200,"Women'S Or Girls' Trousers, Etc, Of Cotton, Knitted Or Crocheted",103,171342
61046300,"Women'S Or Girls' Trousers, Etc, Of Synthetic, Knitted Or Crocheted",1,7740
61046900,"Women'S Or Girls' Trousers, Etc, Of Other Textile, Knitted Or Crocheted",1257,626969
61051000,"Men'S Or Boys' Shirts Of Cotton, Knitted Or Crocheted",127,397355
61052000,"Men'S Or Boys' Shirts Of Man-Made Fibres, Knitted Or Crocheted",837,777615
61059000,"Men'S Or Boys' Shirts Of Other Textiles, Nes, Knitted Or Crocheted",823,868784
61061000,"Women'S Or Girls' Blouses, Etc, Of Cotton, Knitted Or Crocheted",83,188527
61062000,"Women'S Or Girls' Blouses, Etc, Of Man-Made Fibres, Knitted Or Crocheted",3,14105
61069000,"Women'S Or Girls' Blouses Etc. Of Other Textiles Nes, Knitted Or Crocheted",12,9549
61071100,"Men'S Or Boys' Underpants And Briefs Of Cotton, Knitted Or Crocheted",5323,3300593
61071200,"Men'S Or Boys' Underpants, Etc, Of Man-Made Fibres, Knitted Or Crocheted",2034,1314240
61071900,"Men'S Or Boys' Underpants Etc. Of Other Textiles Nes, Knitted Or Crocheted",7010,5687675
61072100,"Men'S Or Boys' Night Shirt Pyjamas Of Cotton, Knitted Or Crocheted",135,34528
61072200,"Men'S Or Boys' Night Shirt Pyjamas Of Man-Madefibres, Knitted Or Crocheted",1,1952
61072900,"Men'S Or Boys'Night Shirt Pyjamas Of Other Textiles,Nes,Knitted Or Croched",76,120587
61079100,"Men'S Or Boys' Dressing Gowns, Etc, Of Cotton, Knitted Or Crocheted",2315,1955147
61079900,"Men'S Or Boys' Dressing Gowns, Of Other Textiles,Nes, Knitted Or Crocheted",13,10019
61081900,"Women'S Or Girls' Slips, Etc, Of Other Textiles,Nes, Knitted Or Crocheted",118,106371
61082100,"Women'S Or Girls' Briefs And Panties Of Cotton, Knitted Or Crocheted",75,34257
61082200,"Women'S Or Girls' Briefs, Etc, Of Man-Made Fibres, Knitted Or Crocheted",1,9268
61082900,"Women'S Or Girls' Briefs, Etc, Of Other Textiles,Nes, Knitted Or Crocheted",581,345267
61083100,"Women'S Or Girls' Night Dresses, Pyjama Etc, Of Cotton, Knitted Or Croched",100,92275
61083200,"Women'S Or Girls' Pyjamas,Night Dresses Of Man-Made Fibres,Knitted/Croched",183,46711
61083900,"Women'S Or Girls' Night Dresses & Pyjamas Of Other Tex.,Knitted Or Croched",989,456864
61089200,"Women'S Or Girls'Negliges Dressing Gowns Of Man-Made Fibre,Knitted/Croch.",7,2004
61089900,"Women'S/Girls' Negliges Dressing Gowns.. Of Other Tex.,Nes,Knitted/Croche.",559,404727
61091000,"T-Shirts, Singlets And Other Vests, Of Cotton, Knitted Or Crocheted",5382,6213858
61099000,"T-Shirts, Singlets, Etc, Of Other Textiles, Nes, Knitted Or Crocheted",15872,12910953
61101100,OF WOOL OR FINE ANIMAL HAIR. OF WOOL,1,1881
61101200,OF KASHMIR(CASHMERE)GOATS,1,2326
61101900,"OF WOOL OR FINE ANIMAL HAIR,NES",11,30009
61102000,"JERSEYS, PULLOVERS, CARDIGANS, WAISTCOATS & SIMILAR ART., KNITTED OR CROCHETED OF COT",3951,3518279
61103000,"JERSEYS,PULLOVERS,CARDIGANS,WAISTCOATS.., KNITTED OR CROCHETED OF MAN-MADE FIBRE",2136,1572988
61109000,"JERSEYS, PULLOVERS, CARDIGANS, WAISTCOATS.. ,KNITTED OR CROCHETED OF OTH. TEXT. MATER",27840,10502784
61112000,"Babies' Garments, Etc, Of Cotton, Knitted Or Crocheted",455,379997
61119000,"Babies' Garments, Etc,Of Other Textiles Materials,Nes Knitted Or Crocheted",16967,5117715
61121100,"Track-Suits Of Cotton, Knitted Or Crocheted",3204,1207226
61121200,"Track-Suits Of Synthetic Fibres, Knitted Or Crocheted",3,2715
61121900,"Track-Suits Of Other Textiles,Nes, Knitted Or Crocheted",54,48737
61122000,SKI SUITS,22,8392
61123100,"Men'S Or Boys' Swimwear Of Synthetic Fibres, Knitted Or Crocheted",73,23803
61123900,"MEN'S OR BOY'S SWIMWEAR, OF OTHER TEXTILE MATERIALS",57,23755
61124100,"Women'S Or Girls' Swimwear Of Synthetic Fibres, Knitted Or Crocheted",25,21609
61124900,Women's or girls swimwear of other textile material,70,66248
61130000,"GARMENTS, MADE UP OF KNITTED OR CROCHETED FABRICS OF HEADING 5903,5906 OR 5907",1,627
61142000,"Garments Of Cotton, Knitted Or Crocheted, Nes",0,627
61149000,"Garments Of Other Textiles, Knitted Or Crocheted, Nes",470,8945261
61151000,"Graduated compression hosiery (for example, stockings for varicose veins)",5,4626
61152900,Other panty hose and tights Of other textile materials,300,237089
61159400,"Panty hose,tights,stockings,sock..., inclu.grad.Comp.hos.Of wool/fine animal h",4,2506
61159500,"Panty hose,tights,stockings,sock..., inclu.grad.Comp.hos.Of Cotton, NES",1976,1004497
61159600,"Panty hose,tights,stockings,sock..., inclu.grad.Comp.hos.Of synthetic fibres",2224,760140
61159900,"Hosiery And Footwear Without Soles Of Other Tex., Knitted Or Crochete, Nes",14289,5320603
61161000,"IMPREGNATED, COATED OR COVERED WITH PLASTICS OR RUBBER",2163,932892
61169100,"Gloves, Mittens And Mitts, Of Wool..., Knitted Or Crocheted",2,51572
61169200,"Gloves, Mittens And Mitts, Of Cotton, Knitted Or Crocheted",1586,516037
61169300,"Gloves, Mittens And Mitts, Of Synthetic Fibres, Knitted Or Crocheted",820,286861
61169900,"Gloves, Mittens And Mitts, Of Other Textiles, Knitted Or Crocheted",9037,4051063
61171000,"SHAWLS, SCARVES, MUFFLERS, MANTILLAS, VEILS AND THE LIKE",781,247446
61178090,"Other clothing accessories, knitted or crocheted, nes",730,262556
61179000,"Parts Of Garments Or Clothing Accessories, Knitted Or Crocheted",414,467352
62013000,"overcoat, rain-coat, of cotton",451,187109
62014000,Other Of man-made fibres,83,823618
62019000,"Mens or boys overcoat, car-coats, cloaks excludin Of other textile materials",3213,726939
62022000,"Womens or girls overcoat , car-coad ...Of wool or fine animal hair",2,1755
62023000,"Womens or girls overcoat , car-coad capes, cloaks, anoraks ...Of cotton",2,4999
62024000,"Womens or girls overcoat , car-coad capes, cloaks, anoraks ...Of man-made fibres",2,4349
62029000,"Woent or gilrs overcoat, raincot car-coat capes, ......Of other textile materials",594,255889
62032200,Men'S Or Boys' Ensembles Of Cotton,519,1822060
62032300,Men'S Or Boys' Ensembles Of Synthetic Fibres,49,209116
62032900,"Men'S Or Boys' Ensembles Of Other Textiles, Nes",122,115860
62033100,Men'S Or Boys' Jackets And Blazers Of Wool Or Fine Animal Hair,935,487630
62033200,Men'S Or Boys' Jackets And Blazers Of Cotton,2825,1645220
62033300,Men'S Or Boys' Jackets And Blazers Of Synthetic Fibres,1937,1048929
62033900,"Men'S Or Boy'S Jackets And Blazers Of Other Textiles,(Exl.Wool,Syn.Fab,Cot",14876,6367989
62034100,"Men'S/Boy'S Bib&Brace Trousers,Breeches,Shorts Of Wool Or Fine Animalhar",67,54237
62034200,"Men'S Or Boys' Bib & Brace Trousers, Breeches, Shorts, Of Cotton",5751,5890642
62034300,"Men'S Or Boys' Bib & Brace Trousers, Breeches & Shorts Of Synthetic Fibres",17170,7578475
62034900,"Men'S Or Boys' Bib&Brace Trousers,Breeches & Shorts Of Other Textiles,Nes",6149,5085736
62041100,Women'S Or Girls' Suits Of Wool Or Fine Animal Hair,104,125094
62041200,Women'S Or Girls' Suits Of Cotton,208,193204
62041900,"Women'S Or Girls' Suits Of Other Textiles, (Exl.Wool,Cotton,Syn.Fibre)",11,6732
62042200,Women'S Or Girls' Ensembles Of Cotton,14,8015
62042300,Women's or girls' ensembles of synthetic fibres,160328,114159309
62042900,"Women'S Or Girls' Ensembles Of Other Textiles, (Exl.Wool,Cotton,Syn.Fibre)",56896,37980532
62043100,Women'S Or Girls' Jackets And Blazers Of Wool Or Fine Animal Hair,100,70968
62043200,Women'S Or Girls' Jackets And Blazers Of Cotton,77,101478
62043300,Women'S Or Girls' Jackets And Blazers Of Synthetic Fibres,3242,1313964
62043900,"Women'S Or Girls' Jackets&Blazers Of Oth.Tex.,(Exl.Wool,Cotton,Syn.Fibre)",536,227219
62044100,Dresses Of Wool Or Fine Animal Hair,2,1855
62044200,Dresses Of Cotton,49,88983
62044300,Dresses Of Synthetic Fibres,113236,96454697
62044900,"Dresses Of Other Textiles, (Exl.Wool,Cotton,Syn./Arti.Fibre)",21429,15250915
62045200,Skirts And Divided Skirts Of Cotton,228,147137
62045300,Skirts And Divided Skirts Of Synthetic Fibres,46,115481
62045900,"Skirts And Divided Skirts Of Other Textiles, (Exl.Wool,Cotton,Syn.Fibre)",80,44470
62046100,"Women'S Or Girls' Trousers, Breeches, Etc, Of Wool Or Fine Animal Hair",116,163101
62046200,"Women'S Or Girls' Trousers, Breeches, Etc, Of Cotton",758,1117669
62046300,"Women'S Or Girls' Trousers, Breeches, Etc, Of Synthetic Fibres",3,6003
62046900,"Women'S/Girl'S Trousers,Breeches,Etc,Of Oth.Tex.,(Exl.Wool,Cotton,Syn.Fib.",1115,423721
62052000,Men'S Or Boys' Shirts Of Cotton,15994,2428129
62053000,Men'S Or Boys' Shirts Of Man-Made Fibres,19,42919
62059000,"Men'S Or Boy'S Shirts Of Other Textiles,(Exl.Wool,Cotton,Man Made Fibre)",3858,1895620
62061000,"Women'S Or Girl'S Blouses, Shirts/Blouses Of Silk Or Silk Waste",106,45556
62062000,"Women'S Or Girl'S Blouses, Shirts/Blouses Of Wool Or Fine Animal Hair",45,45139
62063000,"Women'S Or Girls' Blouses, Shirts/Blouses Of Cotton",1225,2072140
62064000,"Women'S Or Girl'S Blouses, Shirts/Blouses Of Man-Made Fibres",21,41651
62069000,"Women/Girl'S Blouses,Shirts/Blouses Of Oth.Tex.(Exl.Silk,Wool,Of Man M.Fib",2985,1231314
62071100,Men'S Or Boys' Underpants And Briefs Of Cotton,2752,2005871
62071900,"Men'S Or Boys' Underpants And Briefs Of Textile Materials, (Exl. Cotton)",459,128612
62072100,Men'S Or Boys' Nightshirts And Pyjamas Of Cotton,875,158521
62072900,"Men'S Or Boy'S Nightshirts & Pyjamas Of Tex.Mate.(Exl.Cotton,Man Made Fib.",1741,629704
62079100,"Men'S Or Boys' Singlets,Vests Dressing Gowns, Etc, Of Cotton",1069,1337080
62079900,"Mens/Boy'S Singlets,Vests Dressing Gowns,Etc,Of Oth.Tex.(Exl.Cot.Man M.Fib",991,888067
62081900,"Slips And Petticoats Of Other Textiles, (Exl. Man Made Fibre)",407,149788
62082100,Women'S Or Girls' Nightdresses And Pyjamas Of Cotton,3,8241
62082200,Women'S Or Girls' Nightdresses And Pyjamas Of Man-Made Fibres,2,1855
62082900,"Womens/Girl'S Nightdresses & Pyjamas Of Tex.Mat.(Exl.Cotton, Man Made Fib.",3106,1425424
62089100,"Women'S Or Girls' Dressing Gowns, Panties, Etc, Of Cotton",5502,2009173
62089900,"Womens/Girl'S Dressing Gowns,Panties,Etc,Of Oth.Tex.(Exl.Cotton Man M.Fib.",14521,6539932
62092000,Babies' Garments And Clothing Accessories Of Cotton,10714,2898505
62093000,Babies' Garments And Clothing Accessories Of Synthetic Fibres,17447,8549462
62099000,"Babies Garments&Clothing Accessories Of Oth.Tex.(Exl.Wool,Cotton,Syn.Fib)",73175,31175500
62101000,"GARMENTS, MADE UP..OF HEAD.5602,5603,5903, 5906 OR 5907 OF FABRICS OF HEAD.5602 OR 5603",231,953473
62104000,"Men'S Or Boys' Garments Made Up Of Fabrics Of 59.03, 59.06 Or 59.07",1357,332572
62105000,"Women'S Or Girls' Garments Made Up Of Fabrics Of 59.03, 59.06 Or 59.07",9,24166
62111100,Men'S Or Boys' Swimwear,505,339916
62111200,Women'S Or Girls' Swimwear,49,45972
62112000,Ski Suits,89,65279
62113200,"Men's or boys' garments of cotton, nes",1480,6089193
62113300,"Men's or boys' garments of man-made fibres, nes",2,3507
62113900,"Men's or boys' garments of other textiles, nes",1227,485157
62114200,"Women's or girls' garments of cotton, nes",148,129711
62114300,"Women's or girls' garments of man-made fibres, nes",13,25518
62114900,"Women's or girls' garments of other textiles, nes",78,75206
62121000,Brassisres,8938,3478482
62122000,Girdles And Panty-Girdles,762,541350
62129000,"Corsets, Braces, Garters, Suspenders And Similar Articles",4832,2723463
62132000,Handkerchiefs Of Cotton,2219,528968
62139000,"Handkerchiefs Of Other Textiles, (Exl. Silk/Silk Waste,Cotton).",77,29013
62141000,"Shawls,Scarves,Mufflers,Mantillas,Veils,& The Like Of Silk Or Silk Waste",2851,1076648
62142000,"Shawls,Scarves,Mufflers,Mantillas,Veils & The Like Of Wool/Finearri Hair",6952,2898534
62143000,"Shawls,Scarves,Mufflers,Mantillas,Veils,Etc & The Like Of Synthetic Fibres",15689,2156897
62144000,"Shawls,Scarves,Mufflers,Mantillas,Veils & The Like Of Artificial Fibre",374,194543
62149000,"Shawls,Scrvs.,Mflrs.,Mntls.,Veils,Etc,Of Oth.Textls.(Exl.Silk/Wool,Syn/Art",146296,53838474
62151000,"Ties, Bow Ties And Cravats Of Silk Or Silk Waste",2,2251
62152000,"Ties, Bow Ties And Cravats Of Man-Made Fibres",41,393744
62159000,"Ties, Bow Ties And Cravats Of Other Textiles,Nes(Excl.Silk Man Made Fibre)",1381,652237
62160000,"Gloves, Mittens And Mitts",528,870326
62171000,"Clothing Accessories, Nes",16206,12036321
62179000,"Parts Of Garments Or Clothing Accessories, Nes",2703,2836851
63011000,Electric Blankets,13,25389
63012000,"Blankets (Excl. Electric Blankets) And Travelling Rugs, Of Wool...",3844,1862277
63013000,"Blankets (Excl. Electric Blankets) And Travelling Rugs, Of Cotton",2567,1947944
63014000,"Blankets (Excl. Electric Blankets), Etc, Of Synthetic Fibres",491,382944
63019000,"Blankets And Travelling Rugs, Nes",2346,1324552
63021000,"Bed Linen, Knitted Or Crocheted",897,426174
63022100,Printed Bed-Linen Of Cotton (Excl. Knitted Or Crocheted),2260,1091313
63022900,Printed Bed-Linen Of Other Textiles (Excl. Knitted Or Crocheted),1949,900928
63023100,"Bed Linen Of Cotton (Excl. Printed, Knitted Or Crocheted)",82,59073
63023900,"Bad Linen Of Other Textiles (Excl. Printed, Knitted Or Crocheted)",4078,2034242
63024000,"Table Linen, Knitted Or Crocheted",2464,1138134
63025100,Table Linen Of Cotton (Excl. Knitted Or Crocheted),6,4009
63025300,Table Linen Of Man-Made Fibres (Excl. Knitted Or Crocheted),1723,656377
63025900,"Table Linen Of Other Textiles, Nes (Excl. Knitted Or Crocheted)",12050,4989882
63026000,"Toilet Linen And Kitchen Linen, Of Terry Fabrics, Of Cotton",22426,5972605
63029100,"Linen Of Cotton, Nes",310,126147
63029300,"Linen Of Man-Made Fibres, Nes",678,337438
63029900,"Linen Of Other Textiles, Nes",3902,1525125
63031200,"Curtains, Etc; Bed Valances Of Synthetic Fibres, Knitted Or Crocheted",611,312374
63031900,"Curtains, Etc; Bed Valances Of Textile Materials, Knitted Or Crocheted",254,206722
63039100,Curtains&Interior Blinds;Curtain/Bed Vlncs.Of Cotton(Exl.Knitted/Crocheted,18,15780
63039900,Curtains&Intror.Blinds;Curtain/Bed Valances Of Oth.Txtls.(Exl.Knitted/Croc,1587,941087
63041100,Knitted Or Crocheted Bedspreads,628,251189
63041900,Bedspreads (Excl. Knitted Or Crocheted),1020,349386
63042000,Bed nets specified in Subheading Note 1 to this Chapter,282378,124790587
63049200,"Furnishing Articles, Nes, Of Cotton (Excl. Knitted Or Crocheted)",437,178555
63049300,Furnishing Articles Of Synthetic Fibres (Excl. Knitted Or Crocheted),3846,2101387
63049900,Furnishing Articles Of Other Textiles (Excl. Knitted Or Crocheted),8872,3817689
63051000,"Sacks And Bags, Used For Packing Goods, Of Jute, Etc",1264,646272
63052000,"Sacks And Bags, Used For Packing Goods, Of Cotton",1,2360
63053200,"Flexible Intermediate Bulk Containers, Of Man-Made Textile Materials",4006,1016941
63053900,"Sacks And Bags, Used For Packing Goods, Of Man-Made Textile Fibres, Nes",709,184253
63059000,"Sacks And Bags, Used For Packing Goods, Of Other Textiles, Nes",6204,2924414
63061200,"Tarpaulins, Awnings And Sunblinds, Of Synthetic Fibres",2,1241
63061900,"Tarpaulins, Awnings And Sunblinds, Of Other Textiles, Nes",42,20791
63062200,Tents Of Synthetic Fibres,12947,4025428
63062900,"Tents Of Textiles, (Excl. Cotton Or Synthetic Fibres)",2949,1042574
63069000,Other camping goods,1078,212854
63071000,"Floor-Cloths, Dish-Cloths, Dusters And Similar Cleaning Cloths",12345,4819276
63072000,Life-Jackets And Life-Belts,11225,3038915
63079000,"Made Up Articles (Incl. Dress Patterns), Nes",275095,88576599
63090000,,746597,24524739
63090090,Worn clothing & other worn articles excl. Imported by VAT reg. blanket mfg. Indus.,1178,282720
63109000,"USED OR NEW RAGS, SCRAP TWINE, CORDAGE, ROPE AND CABLES AND WORN OUT ART..,EXCL. SORTED",3186,294487
64011000,Waterproof Footwear Incorporating A Protective Metal Toe-Cap...,2108,516037
64019900,Waterproof Footwear Nes.,148828,22905983
64021900,"Sport Footwear, Nes, Of Rubber Or Plastics",63,20391
64022000,"Footwear With Upper Straps/Thongs Plugged Into Soles,Of Rubber Or Plastics",1461,710488
64029100,"Footwear, Nes, Covering The Ankle Of Rubber Or Plastics",344,974384
64029900,"Footwear, Nes, Exl. Covering The Ankle, Of Rubber Or Plastics",495669,136257160
64031900,"Sports Footwear, With Rubber, Plastics, Leather...Soles, Leather Uppers",2156,1778322
64032000,"Footwear With Leather Soles And Straps (Over Instep, Around Big Toe)",36,22543
64034000,"Footwear, With A Metal Toe-Cap, Leather Uppers",17710,8031936
64035100,"Footwear With Leather Soles And Uppers, Covering The Ankle",1,16791
64035900,"Footwear With Leather Soles And Uppers, Not Covering The Ankle",34354,71864453
64039100,"Footwear With Rubber... Soles And Leather Uppers, Covering The Ankle,Nes",2199,4868859
64039900,"Footwear With Rubber... Soles, Leather Uppers, Not Covering The Ankle",21059,8447829
64041100,"Sports Shoes, Etc, With Rubber Or Plastic Soles And Textile Uppers",6012,3405826
64041900,"Sports Footwear, With Rubber Or Plastic Soles And Textile Uppers",820,1931357
64042000,Footwear With Leather Or Composition Leather Soles And Textile Uppers,517,474540
64051000,"Footwear, Nes, With Leather Or Composition Leather Uppers",132616,49154810
64052000,"Footwear, Nes, With Textile Uppers",17956,7237955
64059000,"Footwear, Nes",39322,13627937
64061000,,462571,167526975
64062000,"Outer soles and heels, of rubber or plastics",759045,216617226
64069000,Other Parts of footwear,129275,40381449
65010000,"Hat-Forms, Hat Bodies And Hoods Of Felt; Plateaux And Manchons Of Felt",1629,539707
65020000,"Hat-Shapes, Plaited Or Made By Assembling Strips Of Any Material",26,1957
65040000,"Hats And Other Headgear, Plaited Or Assembled By Strips Of Any Material",30,18107
65050000,"Hats and other headgear, knitted or crocheted, . trimmed; hair-nets of any material, wh",62994,13046469
65061000,Safety Headgear,116549,42198985
65069100,"Hats And Other Headgear, Of Rubber Or Plastics",2159,611258
65069900,"Hats And Other Headgear, Nes",128,176629
65070000,"Head-Bands, Linings, Covers, Hat Foundations, Etc, For Headgear",3515,1229539
66011000,Garden Or Similar Umbrellas,28902,3659103
66019100,"Umbrellas And Sun Umbrellas, Having A Telescopic Shaft",1139,751411
66019900,"Umbrellas And Sun Umbrellas, Nes",1694,705328
66020000,"Walking-Sticks, Seat-Sticks, Whips, Riding-Crops And The Like",604,505453
66032000,"Umbrella Frames, Including Frames Mounted On Shafts (Sticks)",681871,72578223
66039000,"Parts, Trimmings And Accessories Of Articles Of 66.01 Or 66.02",41449,6774289
67010000,"Skins Of Birds With Feathers Or Down, Feathers, Etc",744,139986
67021000,"Artificial Flowers, Foliage And Fruit And Articles Thereof Of Plastics",89824,33839549
67029000,"Artificial Flowers, Foliage, Etc And Articles Thereof Of Other Materials",96318,36050134
67030000,"Human Hair, Dressed, Etc; Animal Hair And Synthetic Materials For Wigs",1416,2126531
67041100,Complete Wigs Of Synthetic Textile Materials,158,164116
67041900,"False Beards, Eyebrows And Eyelashes, Etc, Of Synthetic Fibres",507,1172343
67042000,"Wigs, False Beards, Eyebrows, Etc And Articles, Nes, Of Human Hair",19,25042
67049000,"Wigs,False Beards,Eyebrows,Etc Of Animal Hair Or Text,Material",2295,1188899
68022100,"Marble, Travertine, Alabaster, Cut/Sawn, With Flat/Even Surface",39984,2865130
68022990,Silex/lining/abrasive/polishing disc imported by other than VAT regi.ceramic prod,2977,280221
68029100,"Marble, Travertine And Alabaster, Worked",90030,6329291
68029300,Worked Granite,5,2726
68029900,"Monumental/Building Stone, Nes, Worked",2176136,15235030
68030000,Worked Slate And Articles Of Slate Or Of Agglomerated Slate,6480,427044
68041000,"Millstones And Grindstones For Milling, Grinding Or Pulping",94610,56378882
68042100,"Millstones, etc, of agglomerated synthetic or natural diamond",21013,20070158
68042200,"Millstones, etc, of other agglomerated abrasives or of ceramics",659124,221481053
68042300,"Millstones, etc, of natural stone",10215,3563228
68043000,Hand Sharpening Or Polishing Stones,140614,21757791
68051000,"NATURAL OR ARTIFICIAL ABRASIVE POWDER OR GRAIN..,ON A BASE OF WOVEN TEXTILE FABRIC ON",87824,49492545
68052000,"Natural Or Artificial Abrasive Powder/Grain, On Paper/Paperboard",45138,27404527
68053000,"Natural Or Artificial Abrasive Powder/Grain, On A Base Of Materials, Nes",75144,49703361
68061000,"Slag Wool, Rock Wool, Etc (Incl. Intermixtures) In Bulk, Sheets Or Rolls",194635,35358539
68062000,"Exfoliated Vermiculite, Expanded Clays, Etc (Incl. Intermixtures)",82,89288
68069000,"OTH. WOOL,EXCL.SLAG WOOL,ROCK WOOLAND SIMILAR, EXFOLIATED VERMICULITE, EXPANDED CLAYS..",161382,41386854
68071000,"Articles Of Asphalt Or Of Similar Material, In Rolls",54522,6739200
68080000,"Panels, Boards..., Of Wood Waste, Etc, Agglomerated With Cement, Etc",79313,7853884
68091900,"Boards..., Of Plaster Or Compositions Based On Plaster, Nes",2,1504
68101100,"Building Blocks And Bricks, Of Cement Or Artificial Stone Or Concrete",870,361483
68101910,Railway Sleepers,1314040,32752171
68109900,"Articles Of Cement, Concrete Or Artificial Stone, Nes",1094312,35434657
68114000,"Articles of asbestos-cement, of cellulose fibre-cement or the like. Containing",1460,284968
68118200,"Arti.of asbestos-cement, of cellu...Not cont.asbestos.Ottr sheets, panels, tile",22757,1140147
68129900,Fabricated asbestos fibres;mixtures with a basis of asbestos or with a basis of,40008,7484614
68132010,Friction material and articles containing asbestos Unfinished,272,67858
68132090,Friction material ans articles Exlcuding unfinished,74463,28507629
68138100,Friction material and articles thereof ..not Containing asbestos Brake linings,159437,34164205
68138900,Friction material and articles thereof ..not Containing asbestos Excl. Brake l,3918,4201442
68141000,"Plates, Sheets And Strips Of Agglomerated Or Reconstituted Mica",1,10376
68149000,"Worked Mica And Articles Of Mica, Nes",11,296217
68151900,Articles of stone or of other mineral substance .. NES,455,3225760
68159900,"Articles Of Stone Or Other Mineral Substances, Nes",7924,1912191
69021000,"Refractory Bricks, Blocks, Tiles..., >50% Mgo, Cao, Cr2o3",2036219,369456924
69022000,"Refractory Bricks, Blocks..., >50% Silica (Sio3) Or Alumina (Al2o3)",636250,175343531
69029000,"Refractory Bricks, Blocks, Tiles, Etc, Nes",25295,5529190
69031090,"Other Refactory Ceramic Goods,Nes,>50% Of Graphite (Excl.Lab.Articles)....",23719,1744573
69032010,"Laboratory Articles, >50% Of Alumina (Al203) Or Silica (Sio2)",1300,1006229
69032020,Ceramic roller and alumina ball,942541,139561530
69032030,Alumina liner...Containing by weight more than 50% of alumina (Al2O3) or of a mixture of,51318,10335622
69032090,"Refactory Ceramic Goods,Nes,>50% Of Alumina(Al203) Or Silica(Ex.Lab.Articl",109718,56731476
69039010,Ceramic Ingot Moulds,49,1397183
69039020,Kiln furniture,45383,29474946
69039090,"Refactory Ceramic Goods, Nes",10464,11756696
69049000,"Ceramic Flooring Blocks, Support Or Filler Tiles And The Like",917,245441
69051000,Ceramic Roofing Tiles,212650,3984526
69059000,"Ceramic Chimney-Pots... And Ceramic Constructional Goods,Nes",28,974953
69060000,"Ceramic Pipes, Conduits, Guttering And Pipe Fittings",46748,11630809
69072100,Of a water absorption coefficient by weight not exceeding 0.5 %,75032,3456530
69072200,Of a water absorption coefficient by weight not exceeding 0.5 %,17410,840726
69073000,"Mosaic cubes and the like, other than those of subheading 6907.40",301,106986
69074000,Finishing ceramics,4817699,199777485
69091100,"Ceramic Wares For Laboratory... Use, Of Porcelain Or China",737,779751
69091200,"Ceramic Wares For Laboratory...Use, Having A Hardness >=9 On The Mohsscale",1,86119
69091910,Ceramic Wares For Lab.Use(Excl.Porcelain Or China)Having A Hardness <9mohs,12532,6991934
69091990,Ceramic Wares For Lab.Use(Excl.Porcelain Or China)Having A Hardness <9mohs,164,462932
69099000,"Ceramic (Agricultural) Troughs, Tubs...; Ceramic Pot, Jars..., Nes",22,912016
69101000,"Ceramic Sinks... And Other Sanitary Fixtures, Of Porcelain Or China",454206,45465697
69109000,"Ceramic Sinks, Wash Basins, Baths... And Other Sanitary Fixtures, Nes",377110,37475145
69111000,"Tableware And Kitchenware, Of Porcelain Or China",179,84868
69119000,"Household And Toilet Articles, Nes, Of Porcelain Or China",32,14963
69120000,Ceramic Tableware... Other Household Articles (Excl. Porcelain Or China),1155,639366
69131000,Statuettes And Other Ornamental Articles Of Porcelain Or China,11073,2610811
69139000,Statuettes And Other Ornamental Articles (Excl. Porcelain Or China),669,222387
69141000,"Ceramic Articles, Nes, Of Porcelain Or China",522,113784
69149000,"Ceramic Articles, Nes (Excl. Porcelain Or China)",169,1223376
70010000,Cullet And Other Waste And Scrap Of Glass; Glass In The Mass,1465940,34790107
70021000,"Balls Of Glass, Unworked",926,304293
70023110,Neutral Glass Tubes For The Manufacture Of Ampoules And Vials,15920,2005968
70023190,Tubes Of Fused Quartz Or Other Fused Silica (Excl.Neutral Glass Tubes),409,169553
70023910,Neutral Glass Tubes For The Manufacture Of Ampoules And Vials,186799,45890594
70023990,"Tubes Of Glass, Unworked, Nes",31998,4840386
70031200,"Nonwired Unworked Sheets Cast/Rolled Glass,Coloured,Opacified,Flashed Or..",60061,1951704
70031900,"Non-Wired Unworked Sheets Of Cast/Rolled Glass, Nes",188358,5484477
70049000,"Unworked Drawn/Blown Glass (Excl. Coloured, Opacified, Etc)",242833,9640791
70051000,"Nonwired Unworked Sheets Of Float/Ground/Polished Glass,Wth Absorbnt Layer",25500,1203874
70052100,"Non-Wired Unworked Sheets Of Float/Ground/Polished Glass, Coloured...",38503,1771562
70052910,Ultra clear glass imported by VAT registered refrigerator or freezer manf. ind.,1436161,59376645
70052990,Excl. Ultra clear glass imported by VAT registered refrigerator or freezer manf. ind.,253632,8694333
70060000,"Glass Of 70.03, 70.04 Or 70.05, Bent, Edge-Worked, Engraved, Etc",87495,9971302
70071100,"Toughened (tempered) safety glass for use in v..., aircraft, spacecraft or vessels:",107597,24850916
70071990,"Toughened (Tempered) Safety Glass, Nes",917794,215052702
70072100,"Laminated safety glass for vehicles, aircraft, etc ...., aircraft, spacecraft or vessels",200598,48885737
70072900,"Laminated Safety Glass, Nes",50415,8138823
70080000,Multiple-Walled Insulating Units Of Glass,161719,28640865
70091000,"Rear-View Mirrors For Vehicles, Of Glass",86322,36171469
70099190,Unframed Glass Mirrors (Excl.Spherical & Cylinderical Only For Lab Use),182834,13880306
70099290,Framed Glass Mirrors (Excl. Spherical & Cylindrical Only For Lab.Use),26838,4197768
70101000,Glass Ampoules,28413,25607969
70102000,"Stoppers, Lids And Other Closures Of Glass",228134,43221859
70109000,"Carboys, bottles, flasks, jars, pots...nes, excl.jar of glass, glass bottles, jar",1217241,286955942
70111000,"GLASS ENVELOPES (INCL.BULBS AND TUBES),OPEN AND GLASS PARTS..,FOR ELECTRIC LIGHTING",20,10019
70132200,Glassware...Stemware drinking glasses other than of glass-ceramics of lead crys,15,3761
70132800,Glassware...Stemware drinking glasses other than of glass-ceramics Excl. of lea,2083,551314
70133300,"Glassware..Other drinking glasses, other than of glass ceramics Of lead crysta",2,1252
70133700,"Glassware..Other drinking glasses, other than of glass ceramics Excl. Of lead",30890,9764664
70134900,Glassware ...(othr than dri.glasses) or kit.purposes other than of glass-cerami,112477,35346891
70139100,"Glassware For Toilet, Office, Indoor Decorations, Etc, Of Lead Crystal",2,22169
70139910,"Glassware For Toilet, Office, Indoor Decorations, Etc, Nes",21692,6840819
70139990,"Glassware For Toilet, Office, Indoor Decorations, Etc, Nes",52323,13917978
70140000,"Signalling Glassware And Optical Elements Of Glass, Not Optically Worked",1,125780
70151000,"Glasses For Corrective Spectacles, Not Optically Worked",36,17435
70161010,"Glass Cubes And Other Glass Smallwares, For Decorative Purposes",1,750
70161090,"Glass Cubes And Other Glass Smallwares, For Decorative Purposes",601,63461
70169000,"Paving Blocks... Of Glass, For Building Or Construction Purposes, Nes",104397,8634002
70171000,"Laboratory, Hygienic Or Pharmaceutical Glassware, Of Fused Quartz...",1340,301568
70172000,"Laboratory, Hygienic Or Pharmaceutical Glassware, Lce =<5x10-6/K",6074,10595054
70179000,"Laboratory, Hygienic Or Pharmaceutical Glassware, Nes",24461,10289468
70181000,"Glass Smallware (Incl. Beads, Imitation Pearls/Stones, Etc)",391962,87295248
70182000,Glass Microspheres =<1mm In Diameter,54006,13446892
70189000,"Glass Statuettes And Other Ornaments Of Lamp-Worked Glass, Nes",5149,1467455
70191200,Rovings Of Glass Fibres,126308,19843544
70191400,"Silvers, rovings, yarn ....Imd by Industrial IRC holder VAT compliant bio-gas plant",2,56497
70191500,Chemically bonded mats,39540,5225547
70191900,"OTH. YARN AND STRANDS, EXCL.(CHOPPED STRANDS, OF A LENGTH OF NOT >50MM, ROVINGS)",14972,2194438
70196190,Closed woven fabrics of roving,41443,6863626
70196400,"Closed woven fabrics, plain weave, of yarns, coated or laminated",4400,824224
70196690,Open woven fabrics of a width exceeding 30 cm,4560,988429
70196990,Other,1583,2615871
70197110,Glass fiber in sheet form imp. by Ind.IRC VAT compliant,6464,3919798
70197190,Chemically bonded fabrics : Veils (thin sheets)(Excl Glass Fib..),37,10053
70198000,Glass wool and articles of glass wool,236331,29790146
70199010,ARTICLES OF GLASS FIBRE,0,9270
70199030,Biogas digester,22,300107
70199090,"GLASS FIBRES (INCL. GLASS WOOL) AND ARTICLES THEREOF (EG WOVEN FABRICS), NES",19236,15077313
70200010,"Other articles of glass, Glass inners for vacuum flasks or for other vacuum ves",80222,22510210
70200090,"Other articles of glass, Excl. Glass inners for vacuum flasks or for other vac",3525,3444842
71039900,"Precious Or Semi-Precious Stones, Worked But Not Set..., Nes",5,3133
71131900,Articles Of Jewellery And Parts Thereof Of Precious Metal (Excl. Silver),31,34317
71132000,Articles Of Jewellery... Of Base Metal Clad With Precious Metal,3759,1663275
71159000,"OTH. ARTICLES OF PRECIOUS METAL OR OF.., EXCL. CATALYSTS IN THE FORM OF WIRE CLOTH..",114,21359
71162000,Articles Of Precious Or Semi-Precious Stones (Excl. Pearls),41,34119
71171100,Cuff-Links And Studs Of Base Metal (Incl. Plated),7,12995
71171900,"Imitation Jewellery Of Base Metal (Incl. Plated), Nes",237540,148670534
71179000,Imitation Jewellery (Excl. Of Base Metal),21185,10849052
72011000,"Non-Alloy Pig Iron Containing, =<0.5% Phosphorus, In Pigs, Blocks",331200,25546159
72021900,"Ferro-Manganese, Containing By Weight =<2% Carbon",50000,37925687
72022100,"Ferro-Silicon, Containing By Weight >55% Silicon",430500,74421346
72023000,Ferro-Silico-Manganese,2385000,326414010
72024100,"Ferro-Chromium, Containing By Weight >4% Carbon",3500,1227462
72029900,"Ferro-Alloys, Nes",3118,1335320
72031000,"Ferrous Products Obtained By Direct Reduction Of Iron Ore, In Lumps...",30775650,1509746623
72041000,Waste and scrap of cast iron,31000,1552218
72043000,Waste and scrap of tinned iron or steel,619264,29584482
72044900,"Ferrous waste and scrap, nes",441028571,21933197915
72051000,"Granules, Of Pig Iron, Spiegelelsen, Iron Or Steel",115941,14954943
72052100,Powders Of Alloy Steel,5017,2584299
72052900,"Powders Of Pig Iron, Spiegeleisen, Iron Or Steel (Excl. Alloy Steel)",10000,1841012
72061000,"Ingots Of Iron And Non-Alloy Steel, Nes",3610,171563
72071900,"Semi-Products Of Iron Or Non-Alloy Steel, <0.25% Carbon, Nes",100000,5511086
72081000,,1920892,148590192
72082500,,481324,34658901
72082600,,566944,42704396
72082700,Flat/hot-rolled iron/steel of a thickness of less than 3 mm,21991343,1503095588
72083600,,2969140,194790894
72083700,,10082420,645204238
72083800,,5180290,331257295
72083900,Of a thickness of less than 3 mm,175335815,11029126260
72084000,"Not in coils, not further worked than hot rolled, with patterns in relief",139192,10994536
72085100,,5485322,415588167
72085200,,2774879,203546580
72085300,,469133,42791424
72085400,,2996720,216099174
72089000,Other,8581,2002087
72091610,COLD ROLLED STEEL SHEET..Of a thickness exceeding 1 mm but less than 3 mm,79284,7912652
72091690,"Flat/Cold-Rolled Iron/Steel, In Coils, Width >=600mm, >1mm But <3mm Thick",232846,30286337
72091710,"Flat/Coldrolled Iron/Steel,In Coils,Width >=600mm, >=0.5mm But <=1mm Thick",484725,39284932
72091790,"Flat/Coldrolled Iron/Steel,In Coils,Width >=600mm, >=0.5mm But <=1mm Thick",1385951,119585128
72091800,Flat roll Prod. in coil not Fut. work.. Cold roll thickness <.5mm,9490,1116965
72092500,"Flat/Cold-Rolled Iron/Steel, Not In Coils, Width >=600mm, >=3mm Thick",7750,776596
72092600,"Flat/Cold-Rolled Iron/Steel,Not In Coils,Width>=600mm, >1mm But<3mm Thick",425592,37756765
72092700,"Flat/Coldrolled Iron/Steel,Not In Coils,Wid>=600mm,>=0.5mm But <=1mm Thick",109644,8926788
72099000,"Flat/Coldrolled Iron/Non-Alloy Steel,Wid>=600mm,Not Clad,Plated/Coated Nes",148750,12571800
72101200,"Flat-Rolled Iron/Steel, Width >=600mm, <0.5mm Thick, Plated... With Tin",1531600,223304571
72103000,Electrolytically plated or coated with zinc,39310,4205260
72104910,Flat rolled prod. of a thickness => 0.4 mm Imp.VAT reg. Refri. & Pre. Fab.bu.Industry,13534537,1072849484
72104990,"Flat rolled products, NES",2369808,190906104
72106110,Of a thickness of 0.25mm or more Imp by Ind.IRC VAT Compliant cont. color coating lin,1636321,221624005
72106920,PLATED OR COATED WITH ALUMNIUM Of a thickness of 1.0 mm or more,24280,2327645
72107010,Of a thickness of 0.3 mm or more,1689666,224093849
72107020,"Painted, varnished or coated with plastics a Of a thickness of 1.0 mm or more",281700,39893123
72107091,"Other painted, varnished or coated with plastics",18158,2638223
72107099,"Other painted, varnished or coated with plastics",351790,36768878
72109000,"Rolled Iron/Steel, Width >=600mm, Otherwise Clad,Plated Or Coated Nes",4194,1796500
72111900,"Flat/Hotrolled Iron/Nonalloy Steel,Width<600mm,<4.75mm Thick,Not Clad..Nes",1024327,75804098
72112300,"Flat/Cold-Rolled Iron/Steel,Width <600mm, Contng.By Weight < 0.25% Carbon",68596,8252813
72112990,Width Upto 6mm (Excl. Reed Frame Steel Strips),124742,17631448
72119000,"Flatrolled Iron/Nonalloy Steel,Wid<600mm,Nes(Inc.Furthr Worked Than Rolled",586232,72780327
72121000,"Flatrolled Iron/Nonalloy Steel,Width <600mm, Plated Or Coated With Tin",1719,475139
72122000,Electorlytically plated or coated.. Imp by VAT Reg.Refri and air cond manu. indus.,1512537,166098593
72123000,"Flatrolled Iron/Steel,Width<600mm,Zinc Plated/Coated (Excl.Electro-Plated)",10412349,816929397
72124099,"Other flat-rolled products ..width < 600 mm Painted, varnished or coated with pla",3020665,306350898
72125010,Steel plate of a thickness of 0.25 mm to 0.50 mm,24604,3329823
72125090,Excl. Steel plate imp.by VAT reg. refrigerator manf. industry,1,627
72139110,Wire rod,131730,11952893
72139190,Other of circular cross section measuring less than 14 mm in diameter,5523760,375979090
72139990,"Hot-rolled iron or non-alloy steel bars & rods, in irregularly wound coils, nes",219,54696
72141000,"Iron or non-alloy steel bars and rods, forged,",36386,1817820
72142000,"Iron/steel bars & rods, hot-rolled...,twisted, or with deformations from rolling proc",713282,42303542
72143000,"Bars and rods of free-cutting steel, hot-rolled,hot-drawn or hot-extruded...., nes",305000,15162715
72149900,"Iron/steel bars and rods, hot-rolled, hot-drawn or hot extruded, nes",5,87343
72155000,"Bars and rods of iron/steel, not further worked than cold-formed or cold-finished",26974,2016189
72159000,"Bars and rods of iron/steel, nes (incl. further worked than cold-formed/cold finished",180100,9369245
72162100,"L Sections Of Iron/Steel, Hot-Rolled..., <80mm High",4592,474966
72162200,"T Sections Of Iron/Steel, Hot-Rolled..., <80mm High",26180,2688856
72163100,"U Sections Of Iron/Steel, Hot-Rolled..., >=80mm High",6000,616236
72163200,"I Sections Of Iron/Steel, Hot-Rolled..., >=80mm High",231929,23928402
72163300,"H Sections Of Iron/Steel, Hot-Rolled..., >=80mm High",121688,13313865
72164000,"L Or T Sections Of Iron/Steel, Hot-Rolled..., >=80mm High",57579,5217258
72165000,"Angles/Shapes/Sections Of Iron/Steel,Not Furthr Worked Than Hot-Rolled Nes",1210,401107
72166900,"Angles,Shapes..Of Iron/Steel,Not Further Worked Thn Coldformd/Finished Nes",9156,1055979
72169900,"Angles, Shapes And Sections Of Iron Or Non-Alloy Steel, Nes",345287,41255688
72171000,"Wire Of Iron/Non-Alloy Steel,Not Plated/Coated,Whether Or Not Polished",651136,69114116
72172000,"Wire Of Iron Or Non-Alloy Steel,Plated Or Coated With Zinc",88241,13117330
72173000,"Wire Of Iron/Non-Alloy Steel,Plated Or Coated With Base Metals (Excl.Zinc)",156789,23476266
72179000,"Wire Of Iron Or Non-Alloy Steel, Nes",83055,13857441
72191400,"Hot-Rolled Stainless Steel, In Coils, >=600mm By <3mm",41380,6163910
72192100,"Hot-Rolled Stainless Steel, Uncoiled, >=600mm By >10mm",23217,3374941
72192200,"Hot-Rolled Stainless Steel, Uncoiled, >=600mm By 4.75-10mm",59155,9012566
72192300,"Hot-Rolled Stainless Steel, Uncoiled, >=600mm By 3-4.75mm",20243,2959994
72192400,"Hot-Rolled Stainless Steel, Uncoiled, >=600mm By <3mm",84340,12284654
72193100,"Cold-Rolled Stainless Steel, Uncoiled, >=600mm By >4.75mm",8706,1263798
72193200,"Cold-Rolled Stainless Steel, Uncoiled, >=600mm By 3-4.75mm",77063,12058119
72193300,"Cold-Rolled Stainless Steel, Uncoiled, >=600mm By 1-3mm",3360046,494757560
72193400,"Cold-Rolled Stainless Steel, Uncoiled, >=600mm By 0.5-1mm",5095158,749119286
72193500,"Cold-Rolled Stainless Steel, Uncoiled, >=600mm By <0.5mm",811090,118201855
72199000,"Rolled Products Of Stainless Steel, >=600mm Wide, Nes",70527,10477995
72201100,"Hot-Rolled Stainless Steel, <600mm By >=4.75mm",10,7808
72202010,"Cold-Rolled Stainless Steel,<600mm Wide, Thickness Less Than 0.125mm",23387,18109601
72202090,Not Further Worked Than Cold-Rolled(Cold-Reduced)Excl.Thickness <0.125 Mm,495608,81397945
72209000,"Rolled products stainless steel, <600mm wide, nes",37086,6325455
72210000,"Stainless Steel Bars & Rods, Hot-Rolled, In Irregularly Wound Coils",808,172497
72221100,"Stainlss Steel Bars/Rods,Not Furthr Workd Than Hotrolld,Circular X-Section",330,164612
72222000,"Stainless Steel Bars & Rods, Cold-Formed/Finished",35509,5785163
72223000,"Stainless Steel Bars And Rods, Nes",667,254717
72224000,"Angles, Shapes And Sections Of Stainless Steel",1496318,269636890
72230000,Wire Of Stainless Steel,79628,18602500
72251100,"Flat-Rolled Products Of Silicon-Electric.Steel,>=600mm Wide,Grain-Oriented",595805,178212843
72251900,"Flatrolled Prods Of Siliconelectric.Steel,>=600mm Wide,(Excl.Grainoriented",1027800,95472969
72253000,"Hot-Rolled Steel Alloys, Nes, In Coils, >=600mm Wide",874990,78085128
72259200,"Flat-Rolled Alloy Steel,>=600mm Wide,Zinc Plated/Coated(Excl.Electroplated",721693,117185808
72259900,"Flat-Rolled Products Of Alloy Steel, >=600mm Wide, Nes",101,69336
72261900,"Flatrolled Prods.Of Siliconelectric.Steel,<600mm Wide,Not Grain-Oriented",77575,13223645
72269100,"Flatrolled Prods Alloy Steel,Not Furthr Workd Than Hotrolld,<600mmwide Nes",132058,13208548
72272000,"Bars And Rods, Hot-Rolled, In Coils, Of Silico-Manganese Steel",218606,27210983
72279010,"Bars and rods, hot-rolled, in irregularly wound coils, of other alloy steel...M.S. shaft",5578,1012783
72279090,Excl. M.S. rod/shaft imp.by VAT reg. electric fan or water pump motor manuf. Ind.,1669,552215
72281000,"Bars And Rods, Of High-Speed Steel",2194,596948
72282000,Bars And Rods Of Silico-Manganese Steel,110522,12391480
72283000,"Bars And Rods Of Alloy Steel, Nes, Hot-Rolled, -Drawn Or Extruded",127612,13370324
72284000,Bars And Rods Of Alloy Steel Not Further Worked Than Fooged,81156,8313328
72286000,"Bars And Rods Of Alloy Steel, Nes",843976,76059819
72287000,"Angles, Shapes And Sections Of Alloy Steel",2771272,276526416
72292000,Wire Of Silico-Manganese Alloy Steel,23760,3460472
72299000,"Wire Of Alloy Steel, Nes",65231,11446321
73011000,Sheet Piling Of Iron Or Steel,959100,98232864
73012000,"Angles, Shapes And Sections Of Iron Or Steel",1138,3559195
73021000,Railway Rails Of Iron Or Steel,2548658,496032790
73024000,Railway Fish Plates And Sole Plates Of Iron Or Steel,511,67817
73029000,"Railway Track Construction Material Of Iron Or Steel, Etc, Nes",90064,27499467
73030000,"Tubes, Pipes And Hollow Profiles, Of Cast Iron",1904103,307128340
73041110,"Line pipe of a kind used for oil or gas pipelines : Of stainless steel, Exceed",101000,16380001
73041120,"Line pipe of a kind used for oil or gas pipelines : Of stainless steel, 8 inch",105078,28460014
73041910,"Line pipe of a kind used for oil or gas pipelines:Excl.Of stainless steel, Exc",362,60291
73041920,"Line pipe of a kind used for oil or gas pipelines:Excl.Of stainless steel, 8 in",38818,6492865
73042210,"Casing, tubing and drill pipe..Drill pipe of stainless steel Exceeding 8 inch d",1715003,644508595
73042220,"Casing, tubing and drill pipe..Drill pipe of stainless steel 8 inch dia or less",483544,191935340
73042420,"Casing, tubing and drill pipe..Other, of stainless steel , 8 inch dia or less",13724,2395311
73042920,"Seamless Iron/Steel Casing..(Ex.Drill Pipe),<=8"" Dia,Used In Oil/Gas Drill",442,71968
73043100,"Seamless Iron/Steel Tubes/Pipes/Profiles, Circular, Cold-Drawn/Rolled",0,501
73043900,Other Circular cross section of iron or non alloy steel (Excl cold drawn or cold rol),766331,134790271
73044190,"Capillary Tube (Excl.16 Bwg To 29 Bwg), Of S.Steel, Circular Cross Section",323,114686
73044990,"Other Tubes,Pipes,Profiles,Circular,Nes(Excl.Capillary Tube Of 16 Bwg To..",2188,1005213
73049000,Seamless Iron/Steel Tubes/Pipes/Profiles Of Non-Circular X-Section,283226,372575938
73051900,"Iron/Steel Line Pipe,Spirally Welded,Circular X-Section,>406.4mm Ext.Diam",1480,826700
73053100,Longitudinally welded,100790,15120386
73059000,"Iron/steel tubes, riveted, >406.4mm external diameter",165,61442
73061120,"Line pipe of a kind used for oil/gas pipelines:Welded, of stainless steel, 8 in",44825,8471444
73061910,"Line pipe of a kind used for oil/gas pipelines:Excl. Wel, of stainless steel Ex",58200,8702118
73061920,"Line pipe of a kind used for oil/gas pipelines:Excl.Welded,of stainless steel,",48252,7229479
73063000,"Other, welded, of circular cross-section of iron or non-alloy steel",379363,75773169
73064000,"Other, welded, of circular cross-section, of stainless steel",1685,603768
73065000,"Other, welded, of circular cross-section, of other alloy steel",10019,1736412
73069000,"Tubes, pipes and hollow profiles, riveted, of iron or steel, nes",641050,150894308
73071100,Cast Tube Or Pipe Fittings Of Non-Malleable Cast Iron,35887,10137663
73071900,"Cast Tube Or Pipe Fittings Of Iron,Oth.Than Non-Malleable Steel",227426,52166557
73072100,Flanges Of Stainless Steel,64978,18380549
73072200,"Threaded Elbows, Bends And Sleeves Of Stainless Steel",118804,36461974
73072300,Butt Welding Fittings (Excl. Elbows And Bends) Of Stainless Steel,1350,1794960
73072900,"Tube Or Pipe Fittings Of Stainless Steel, Nes",25778,11433354
73079100,Flanges Of Iron Or Steel (Excl. Stainless),53147,18515915
73079210,Sleeves,530,3547780
73079211,"Threaded Elbows, Bends And Sleeves Of Iron Or Steel (Excl. Stainless)",4,70488
73079290,"Threaded Elbows, Bends And Sleeves Of Iron Or Steel (Excl. Stainless)",48852,12236968
73079300,Lock ring,62065,12457294
73079910,"Tube Or Pipe Fittings Of Iron Or Steel (Excl. Stainless), Nes",4719,4764831
73079990,"Tube Or Pipe Fittings Of Iron Or Steel (Excl. Stainless), Nes",42630,35538400
73081000,Bridges And Bridge-Sections Of Iron Or Steel,199471,53729538
73082000,Towers And Lattice Masts Of Iron Or Steel,1785783,317587261
73083000,"Doors, Window-Frames And Thresholds For Doors Of Iron Or Steel",107129,83032713
73084000,"Equipment For Scaffolding,Shuttering,Propping Or Pitpropping Of Iron/Steel",589462,109982596
73089010,Door co-ordinator,478,190883
73089020,Industrial .. System Imp. by Ind. IRC Holder VAT ... 100% Exp. Oriented Garments ind.,2797,1854941
73089091,"Structures And Parts Of Structures, Nes, Of Iron Or Steel",36051,20042891
73089099,"Structures And Parts Of Structures, Nes, Of Iron Or Steel",2211394,719562879
73090010,"Reservoirs, Tanks... (Excl. For Gas) Of Iron Or Steel, >=300 L",130045,32585810
73090090,"Reservoirs, Tanks... (Excl. For Gas) Of Iron Or Steel, >=300 L",35659,26839365
73101000,"Tanks, Casks, Drums, Cans... (Excl. For Gas) Of Iron Or Steel, 50-300 L",23730,15362036
73102110,"Tin plated cans, bottom not closed by soldering or crimping (e.g. Beverage Can Type)",1897,513273
73102190,Cans Closed By Soldering And Crimping (Excl.Tin Plated Cans),33157,9174132
73102900,"Tanks, Casks, Drums... (Excl. For Gas) Of Iron Or Steel, <50 L",30317,18091457
73110010,"Containers For Compressed Or Liquefied Gas,Of Iron/Steel, >5000l,Ckd",5900,2216847
73110020,LPG GAS CYLINDER CAPACITY BELOW 5000 LITRES,115414,585950
73110090,"Containers For Compressed Or Liquefied Gas (Ex.Capacity >5000l, Ckd)",141187,54025298
73121000,"Stranded Wire, Cables Of Iron Or Steel, Not Electically Insulated",853626,136818086
73129000,"Plaited Bands, Slings, Etc, Of Iron Or Steel, Not Electically Insulated",2275,989382
73130000,"Barbed Wire And Other Fencing Material, Of Iron Or Steel",608,114212
73141400,Woven Cloth Of Stainless Steel (Excl. Endless Bands For Machinery),10366,5407864
73141900,Woven Cloth Of Iron Or Steel Wire (Excl.Endless Bands Or Stainless Steel),1197,993263
73142000,"Wire Iron/Steel Grill,Fencing,Welded @ Intersect,Mesh>=100cm2,X-Sectn>=3mm",1597,3315086
73143100,"Iron/steel grill, netting & fencing, welded at intersection,plated or coated with zinc",40105,13684584
73143900,"Iron/Steel Grill, Netting & Fencing, Welded At Intersection, Nes",99672,19502494
73144100,"Iron/Steel Cloth,Grill, Netting & Fencing, Nes, Plated Or Coated With Zinc",700,133016
73144200,"Iron/Steel Cloth, Grill, Netting & Fencing, Nes, Coated With Plastics",19540,6064216
73144900,"Iron/Steel Cloth, Grill, Netting & Fencing, Nes,",14299,6464171
73151110,"Roller chain of iron or steel Of a kind used exclusively ..or automotive vehicles , nes",113499,35525621
73151120,Roller Chain Of Iron/Steel Of A Kind Used Exclusively In Motor Cycles,159420,75219051
73151190,"Roller Chain Of Iron Or Steel, Nes",303774,60534853
73151200,Articulated Link Chain (Excl. Roller Chain) Of Iron Or Steel,28455,19139893
73151900,Parts Of Articulated Link Chain Of Iron Or Steel,265457,59906929
73152000,Skid Chain Of Iron Or Steel,4,1542
73158100,Stud-Link Of Iron Or Steel,24727,4622456
73158200,Welded Link Chain (Excl. Stud-Link) Of Iron Or Steel,8495,3831438
73158900,"Chain, Nes, Of Iron Or Steel",61599,36200578
73159000,"Parts Of Chains, Nes, Of Iron Or Steel",16970,9868947
73160000,"Anchors, Grapnels And Parts Thereof, Of Iron Or Steel",7760,3963305
73170000,"Nails, tacks, drawing pins, ...erial, but excluding such articles with heads of copper.",57726,11621407
73181100,Threaded Coach Screws Of Iron Or Steel,13795,4379223
73181200,Threaded Wood Screws (Excl. Coach Screws) Of Iron Or Steel,73185,18486546
73181300,Threaded Screw Hooks And Screw Rings Of Iron Or Steel,693,1181358
73181400,Threaded Self-Tapping Screws Of Iron Or Steel Imp by pre-fab. Buil. industry,104598,27936748
73181510,"Threaded Screws&Bolts Of Iron Or Steel,Nes Whether Or Not With Nuts/Washer",516,1890055
73181590,"Threaded Screws&Bolts Of Iron Or Steel,Nes Whether Or Not With Nuts/Washer",423316,199665445
73181600,Threaded Nuts Of Iron Or Steel,287158,92886404
73181900,"Threaded Articles, Nes, Of Iron Or Steel",329188,387519370
73182100,Non-Threaded Spring Washers And Other Lock Washers Of Iron/Steel,1848,1587683
73182200,Other washers,13519,17763384
73182290,Excl.Rotor washers imp. by VAT reg. electric fan motor or water pump motor manf. Ind.,0,486
73182310,Stapple Pin For Tv Cabinet And Rivets For Tv/Radio,1,1086
73182390,"Rivets, Nes",21062,7276954
73182400,Cotters And Cotter-Pins Of Iron/Steel,16654,4909160
73182910,M.S. Nipple,677,244359
73182990,"Screw,bolts,nuts,coach,screws,screw hooks,river,cotters,cotter-pins,washers..,NES",112426,43039002
73194000,Safety pins and other pins,68967,13325455
73199000,"Knitting needles, bodkins, crochet hooks, etc, of iron or steel",25805,15836676
73201000,LEAF SPRINGS AND LEAVES THERE FOR,25901,6496145
73202000,Helical springs of iron or steel,40838,12828161
73209000,"Springs, nes, of iron or steel",103011,75655824
73209090,"Springs, nes, of iron or steel",0,474
73211100,"Cooking Appliances, Plate Warmers, For Gas Fuel... Of Iron Or Steel",68171,8919225
73211200,"Cooking Appliances, Plate Warmers, For Liquid Fuel Of Iron Or Steel",80,14376
73211900,"Cooking appliances & plate warmers: Other, including appliances for solid fuel",6278,496038
73218190,"Appli.(Ex.Cookers)For Gas Fuel/Both Gas&Oth.Fuels,Of Iron/Stell(Ex.Lab Use",6523,2521792
73218290,"Appliances)Ex.Cooking Appliances/Plate Warmers) For Liquid Fuel,Of Iron...",135,23798
73218910,"Stoves,ranges,grates,cookers appliances, Other,including appliances for solid fuel",994,87042
73218990,"Stoves,ranges,grates,cookers appliances, Other,including appliances for solid fuel",488,201399
73219000,"Parts Of Appliances Of 7321.11 To 7321.83, Of Iron Or Steel",569873,146819053
73221900,"Radiators, Not Electrically Heated, And Parts Thereof Of Iron Or Steel",589,251934
73229000,"Air Heaters/Hot Air Distributors..., Nes (Non-Electric) Of Iron/Steel",3919,6355520
73231000,"Iron or steel wool; pot scourers and scouring or polishing pads, gloves and the like",51833,10033727
73239100,"Table, Kitchen Or Household Articles... Of Cast Iron, Not Enamelled",11447,2577515
73239200,"Table, Kitchen Or Household Articles... Of Cast Iron, Enamelled",10151,2378369
73239300,"Table, kitchen or household articles... of stainless steel",277094,73821110
73239400,"Table, kitchen or household articles... of iron or steel, enamelled",259229,50197357
73239910,"Parts of table, kitchen or other household articles",55859,17781231
73239990,"Table, kitchen or household articles... of iron or steel, nes",49608,14041697
73241000,"Sinks And Wash Basins, Of Stainless Steel",90211,29847010
73242900,Baths Of Iron (Excl. Cast) Or Steel,8876,2839965
73249000,Sanitary Ware And Parts Of Sanitary Ware Of Iron Or Steel,178925,68012528
73251000,"Other Cast Articles Of Non-Malleable Cast Iron, Nes",161,456802
73259100,Grinding Balls And Similar Articles For Mills Of Cast Steel,93005,23151206
73259900,"Cast articles of iron or steel, nes",58899,185736909
73261100,"Grinding Balls... For Mills, Forged Or Stamped, Of Iron Or Steel",780,195392
73261900,"Forged Or Stamped Articles Of Iron Or Steel, Nes",4809,1907405
73262010,Bead Wire For Cycle Tyres,100795,18909174
73262090,Other Articles Of Ironor Steel Wire( Excl.Bead Wire For Cycle Tyres),140677,27075092
73269010,Steel bobbin,5740,1616938
73269020,Metallic fittings fo Insulator Imp. by ind IRC holderVAT compliant insulator manu Ind,24,7513
73269090,"Other Articles Of Iron Or Steel, Nes(Excl.S.S.Screen, Burette Stand)",1123437,990418013
74031100,Cathodes And Sections Of Cathodes Of Refined Copper,226584,309369687
74031900,"Refined Copper, Nes, Unwrought",4500,7767428
74032900,"Copper (Excl. Master) Alloys Of Heading No 74.05, Nes, Unwrought",50,122392
74050000,Master Alloys Of Copper,100,300107
74062000,Copper Powders Of Lamellar Structure; Flakes,1400,3011826
74071000,"Bars, rods and profiles of refined copper",2000,3191614
74072110,"Bars,rods and profiles of brass",2,4505
74072900,"Bars, rods and profiles of copper alloys, nes",43,108506
74081100,"Wire Of Refined Copper, Maximum Cross-Sectional Dimension >6mm",350000,526656818
74081900,Other,57,35816
74082100,Wire Of Brass,138,86424
74082200,Wire Of Cupro-Nickel Or Nickel Silver,145,92159
74082900,"Wire Of Copper Alloy, Nes",10,6262
74091100,"Plates, Sheets And Strip, Of Refined Copper, In Coils, >0.15mm Thick",2,13781
74091900,"Plates, Sheets And Strip, Of Refined Copper, Uncoiled, >0.15mm Thick",5319,8855880
74092100,"Plates, sheets and strip, of brass, in coils, >0.15mm thick In coils",25000,36815620
74092900,"Plates, Sheets And Strip, Of Brass, Uncoiled, >0.15mm Thick",3,1629
74093100,"Plates, Sheets And Strip, Of Bronze, In Coils, >0.15mm Thick",385,612408
74099000,"Plates, Sheets And Strip, Of Copper Alloys, Nes, >0.15mm Thick",49,90675
74101100,"Foil, Not Backed, Of Refined Copper, =<0.15mm Thick",6268,13535674
74111000,Tubes And Pipes Of Refined Copper,232568,404214580
74112200,Tubes And Pipes Of Cupro-Nickel Or Nickel Silver,1748,5754403
74112900,"Tubes And Pipes Of Copper Alloys, Nes",36,167844
74121000,Tube Or Pipe Fittings Of Refined Copper,31594,57835548
74122000,Tube Or Pipe Fittings Of Copper Alloys,3771,5492286
74130000,"Stranded Wire, Cables... Of Copper, Not Electrically Insulated",23432,40095653
74151000,"Nails And Tacks, Drawing Pins, Staples, Etc, Of Copper Or Partly Copper",1,59753
74152100,Washers Of Copper (Including Spring Washers),5,400973
74152900,"Non-Threaded Articles Such As Rivets, Cotters, Cotter-Pins... Of Copper",307,931601
74153390,"SCREWS;BOLTS AND NUTS, EXCLUDING SCREWS FOR WOOD",4052,6908912
74153900,"Threaded Articles Of Copper, Nes",2288,4493873
74181000,"Table, kitchen or other household articles and parts thereof; of copper... polishing pad",10267,6414732
74182000,Sanitary Ware And Parts Thereof Of Copper,595,455936
74192000,"Cast, moulded, stamped or forged, but not further worked",94,202853
74198010,Other,244,735665
74198020,"Cloth, grill, and netting of copper wire; expanded metal of copper",22,548761
74198090,Other,14263,15187237
75021000,"Unwrought Nickel, Not Alloyed",1500,3923615
75061000,"Plates, sheets, strip and foil of nickel, not alloyed",93,47570
75062000,"Plates, sheets, strip and foil of nickel alloys",4,4844
75072000,Tubes Or Pipe Fittings Of Nickel,980,481447
75081000,"Cloth, Grill And Netting Of Nickel Wire",16,245493
75089090,Other parts(excl.machinery),2,2894383
76011000,"Aluminium, not alloyed",3026826,1035959990
76012000,"Unwrought Aluminium, Aluminium Alloy",547059,207436149
76020000,Aluminium Waste And Scrap,650036,81262083
76032000,Powders Of Lamellar Structure; Flakes Of Aluminium,425,606451
76041000,"Bars, rods and profiles of aluminium, not alloyed",45672,26640112
76042100,Hollow Profiles Of Aluminium Alloys,83791,48864277
76042900,"Bars, rods and profiles of aluminium alloys",175443,79736811
76051100,"Wire Of Aluminium, Not Alloyed, Maximum Cross-Sectional Dimension > 7mm",185373,81258174
76051900,"Wire of aluminium, not alloyed, maximum cross-sectional dimension =<7mm",46156,20850660
76052100,"Wire Of Aluminium Alloys, Maximum Cross-Sectional Dimension >7mm",788,460166
76052900,"Wire of aluminium alloys, maximum cross-sectional dimension =<7mm",39261,17176938
76061100,"Rectangular (Incl. Square) Plates... Of Aluminium, Not Alloyed, >0.2mm",107206,49577860
76061200,"Of Aluminium, alloys",528459,232184777
76069190,"Plates... (Excl. Rectangular) Of Aluminium, Not Alloyed, >0.2mm Thick",26284,17632274
76069200,"Plates...(Excl. Rec) of aluminium alloys,>0.2mm thick NES Of aluminium alloys",368163,150557819
76071100,Rolled but not further worked,593031,297757707
76071910,Aluminium foil lacquered,201218,117851391
76071990,"Aluminium foil, =<0.2mm thick, not backed (excl. rolled),Nes",101009,136529527
76072010,"Aluminium Foil, Backed By Paper/Paperboard",31364,21092377
76072099,"Aluminium foil backed, NES",748267,514819724
76081000,"Tubes And Pipes Of Aluminium, Not Alloyed",47253,25262186
76082000,Tubes And Pipes Of Aluminium Alloys,62360,711274868
76090000,Aluminium Tube Or Pipe Fittings,11757,10502630
76101000,"Doors, Windows And Their Frames And Thresholds For Doors, Of Aluminium",29412,14995677
76109010,"Aluminium Structure And Parts Of Structures..., Nes",19150,8862732
76109090,"Aluminium Structure And Parts Of Structures..., Nes",122852,89926269
76121000,"Collapsible tubular containers of aluminium, (excl. for gas) <300 l",2,1235
76129010,"Aluminium Can For Inhaler, 19mm",12556,28935408
76129090,"Aluminium casks, drums, etc, nes (excl. for gas), <300 l, nes",75785,73963288
76130000,Aluminium Containers For Compressed Or Liquefied Gas,4054,7967670
76141000,"Cables... of aluminium, with steel core, not electically insulated",71348,56971473
76149000,"Stranded wire, cables... of aluminium alloys, not electrically insulated",0,2497
76151010,"Table, kitchen or other household articles and parts thereof; of aluminium... polishing",29401,13732147
76151090,"Table, kitchen or other household articles and parts thereof; of aluminium... polishing",15747,7386815
76152000,Sanitary Ware And Parts Thereof Of Aluminium,3082,1258966
76161000,"Nails, Tacks, Staples, Screws, Bolts, Nuts... Of Aluminium",6201,3344398
76169100,"Cloth, Grill, Netting And Fencing, Of Aluminium Wire",258,233577
76169900,"Articles of aluminium, nes",110574,54042204
78011000,"Refined Lead, Unwrought",923371,259126629
78019100,"Unwrought Lead, Containing Antimony As The Principale Other Element",418692,144151453
78019900,Unwrought Lead (Excl. Refined And Containing Antimony),60012,20420051
78060090,Other Articles Of Lead Nes,290,151204
79011190,"Zinc, Not Alloyed, >=99.99% Pure, Nes",1629133,655043958
79011210,Zinc ingots,115221,37813442
79012000,Zinc alloys,301434,127390472
79040000,"Zinc Bars, Rods, Profiles And Wire",54053,26336549
79070090,"Other Articles Of Zinc, Nes",398,357053
80011000,"Tin, Not Alloyed, Unwrought",130005,607293826
80030000,"Tin bars, rods, profiles and wire",440,149899
80070090,"Other Articles Of Tin, Nes",1000,224087
81019900,"Other Articles Of Tungsten, Nes",172,6862741
81029600,WIRE,35,335586
81029900,"Other Articles Of Molybdenum, Nes",20,9824
81041100,"Unwrought Magnesium, >=99.8% Pure",28300,10603335
81043000,"Raspings, Turnings..., Graded According To Size; Powders Of Magnesium",1,627
81049090,"Articles Of Magnesium, Nes",32000,4008040
81089000,"Articles Of Titanium, Nes",273,1483796
81126900,Cadmium : Exclduding Waste and scrap,35500,7938303
81129900,"Articles Of Other Metals, Nes",1360,297253
82011000,Spades And Shovels,134875,16911791
82013000,"Mattocks, Picks, Hoes And Rakes",146286,18269717
82014000,"Axes, Bill Hooks And Similar Hewing Tools",660,123999
82015000,Secateurs And Similar One-Handed Pruners And Shears (Incl. Poultry Shears),1646,553900
82016000,"Hedge Shears, Two-Handed Pruning Shears And Similar Two-Handed Shears",1166,219062
82019000,Scythes... Timber Wedges And Other Agricultural/Forestry Hand Tools,2461,631217
82021000,Hand Saws,43632,8333911
82022000,Band Saw Blades,361,877039
82023100,Circular Saw Blades With Working Part Of Stl(Inc.Slittng/Slottng Saw Blade,5834,2101674
82023900,Circular Saw Blades(Inc.Slitting Blades)Excl.With Steel Working Part;Parts,3938,2313590
82024000,Chain Saw Blades,18795,3711732
82029100,"Straight Saw Blades, For Working Metal",35277,10090793
82029910,Hand saws; blades for saws of all kinds....Toothless saw blades,76605,12686874
82029990,Hand saws; blades for saws of all kinds....Excl. Toothless saw blades,13712,8467973
82031010,Files For Cutting Ampoules,1735,374417
82031090,"Files, Raspsand Similar Tools Nes.",30717,5714407
82032000,"Tweezers, Pliers, Pincers And Similar Tools",124959,32395433
82033000,Metal Cutting Shears And Similar Hand Tools,14879,3014804
82034000,"Pipe-Cutters, Bolt Croppers, Perforating Punches And Similar Tools",5552,1847193
82041100,"Non-Adjustable, Hand-Operated Spanners And Wrenches",79857,22824184
82041200,"Adjustable, Hand-Operated Spanners And Wrenches",87777,23263478
82042000,"Interchangeable Spanner Sockets, With Or Without Handles",32228,7910710
82051000,"Drilling, Threading Or Tapping Hand Tools",264,116079
82052000,Hammers And Sledge Hammers,138287,27230599
82053000,"Planes, Chisels, Gouges And Similar Cutting Tools For Working Wood",170,224915
82054000,Screwdrivers,57502,15029651
82055100,Household Hand Tools,35181,7924470
82055990,"HAND TOOLS, NES (INCL. GRAZIERS' DIAMONDS) EXCLUDING FIBRE OPTIC CABLE FUSION SLICER",50060,14238359
82057000,"Vices, Clamps And The Like",28284,8747975
82059000,"Other,incl.sets of articles of two or more of sub-headings of this heading",12673,15270048
82060000,"Tools Of Two Or More Of 82.02 To 82.05, Put Up In Sets For Retail Sale",7042,1894511
82072000,Dies For Drawing Or Extruding Metal,5836,21835071
82073000,"Interchangeable Tools For Pressing, Stamping Or Punching",13443,109043353
82074000,Interchangeable Tools For Tapping Or Threading,5879,2119148
82075000,"Interchangeable Tools For Drilling, Other Than For Rock Drilling",71599,18209456
82076000,Interchangeable Tools For Boring Or Broaching,8641,3350844
82077000,Interchangeable Tools For Milling,4347,2997781
82078000,Interchangeable Tools For Turning,18,389778
82079000,"Other Interchangeable Tools For Hand Or Machine-Tools, Nes",3901,15592816
82081000,"Knives And Cutting Blades, For Metal Working Machines",21332,13026120
82082000,"Knives And Cutting Blades, For Wood Working Machines",8126,3354657
82083000,"Knives And Cutting Blades, For Kitchen Appliances Used For Food",223,621690
82084000,"Knives And Cutting Blades, For Agricultural, Horticultural... Machines",3424,895829
82089000,"Knives And Cutting Blades, For Machines Or Mechanical Appliances Nes",66870,75647753
82090000,"Plates, Sticks... For Tools, Unmounted, Of Metal Carbides Or Cermet",473,7132448
82100000,"Hand-Operated Machanical Appliances, =<10kg, Used For Food Or Drink",18246,3739669
82111000,"Sets Of Assorted Knives, Nes",1092,294107
82119100,Table Knives With Fixed Blades,7669,1865974
82119200,Other Knives With Fixed Blades (Excl. Table Knives),28408,7380870
82119300,Knives(Excl. With Fixed Blades),665,172964
82119400,Blades For Knives (Excl. Those Of 82.08),14382,2538849
82119500,Knife Handles Of Base Metal,4321,1228446
82121000,Razors (Non-Electric),20360,11665929
82122011,Perforated blade blanks in strips or pieces width not exceeding half Inch.,2290,1262565
82122019,Stainless Steel Blade,12440,34528480
82122090,Safety Razor Blades (Incl. Razor Blades Blanks In Strips) Nes.,2325,4561656
82129000,"Parts Of Razors, Nes",10251,3861086
82130000,"Scissors, Tailors' Shears And Similar Shears, And Blades Therefor",88397,24043777
82141000,"Paper Knives, Letter Openers, Erasing Knives, Pencil Sharpeners...",23740,6814957
82142000,Manicure Or Pedicure Sets And Instruments (Incl. Nail Files),80206,14499959
82149000,Other Articles Of Cutlery,10208,1745203
82151000,"Sets Of Spoons,Forks, Etc (One Or More Article Plated With Precious Metal)",6901,2138646
82152000,"Sets Of Assorted Spoons, Forks, Etc... (Excl. Plated)",54046,13567444
82159900,"Spoons, Forks, Ladles, Skimmers... Or Similar Tableware, Nes",91656,23429525
83011000,Padlocks Of Base Metal,223760,84089388
83012000,Locks of a kind used for motor vehicle,86863,34167615
83013000,Locks For Furniture Of Base Metal,34392,16504661
83014010,Other locks,151,90418
83014090,Other locks,32107,34080072
83015000,"Clasps And Frames With Clasps, Incorporating Locks Of Base Metal",7112,2698869
83016000,Parts Of Padlocks And Locks Of Base Metals,164089,61785390
83017000,Keys Presented Separately Of Base Metal,4892,1863603
83021000,Hinges Of Base Metal,305734,99837883
83022000,Castors Of Base Metal,92783,25421582
83023000,"Mountings, Fittings, Etc, For Motor Vehicles, Of Base Metal, Nes",16826,5620768
83024100,"Mountings, Fittings, Etc, Suitable For Buildings, Of Base Metal, Nes",255711,63837459
83024210,Magnatic door holder....Suitable for furniture,149,102786
83024290,"Mountings, Fittings, Etc, Suitable For Furniture, Of Base Metal, Nes",435006,112256581
83024910,"OTHR MOUNTING, FIT.&SIMILAR ARTICLES, DEV. /FITTINGS FOR BARR.WIND. & OR PANIC EXIT DOOR",11688,3051049
83024991,OTR MOUNTING FITTINGS &SIMILAR ARTI.EXCL. DEVICE/FIT.FOR BARRED WINDOWS & OR PANIC EXIT,38467,9768061
83024999,OTR MOUNTING FITTINGS &SIMILAR ARTI.EXCL. DEVICE/FIT.FOR BARRED WINDOWS & OR PANIC EXIT,48347,13336424
83025000,"Hat-Racks, Hat-Pegs, Brackets And Similar Fixtures Of Base Metal",24083,8726349
83026000,Automatic door closers,48598,13138145
83026090,Automatic Door Closers Of Base Metal,277,53544
83030000,"Armoured Or Reinforced Safes, Strong-Boxes And Doors... Of Base Metal",25373,10146205
83040000,Filing Cbnts.Card-Index Cbnes../Desk Eqpmnt.Of Base Mtl.Oth.Than Hs 94.03,5217,960909
83051000,Fittings For Loose-Leaf Binders Or Files Of Base Metal,25630,3834790
83052000,"Staples In Strips, Of Base Metal",92168,15874348
83059000,"Office Artcls.Such As Ltr.Clips,Ltr.Corners..Of Base Metal Incldng.Parts",35614,6666749
83061000,"Bells, Gongs, Etc, Non-Electric, Of Base Metal Containing more than 99.99 % of bismut",14552,3742776
83062100,"Statuettes And Other Ornaments Of Base Metal, Plated With Precious Metal",200,98678
83062900,Statuettes and other ornaments of base metal (excl. plated),61314,13821902
83063000,"Photograph, Picture Or Similar Frames; Mirrors Of Base Metal",3748,1108707
83071000,Flexible Tubing Of Iron Or Steel,35832,13760372
83079000,Flexible Tubing Of Other Base Metal (Excl. Iron Or Steel),1856,1115750
83081000,"Hooks, Eyes And Eyelets Of Base Metal",29232,11332661
83082000,Tubular Or Bifurcated Rivets Of Base Metal,21824,6850554
83089000,"Clasps, Buckles... Beads Andspangles Of Base Metal (Incl. Parts)",127862,41821171
83091000,Crown Corks Of Base Metal,28,45465
83099010,Lug Caps,8354,2718927
83099020,Container Seal,26208,18296442
83099030,Combination seal for vials,15953,36893441
83099091,"Stoppers, caps and lids.. excl.Crown corks nes,",13667,2485802
83099099,"Stoppers, caps and lids.. excl.Crown corks nes,",14917,8630859
83100000,"Sign-Plates, Name-Plates, Address-Plates, Etc, Of Base Metal(Ex.Hsno-94.05",561,318838
83111010,"Coated electrodes of base metal, for electric arc-welding......Welding wire",13568,4285368
83111090,"Coat electrode of base metal, for elec arc-weld, ExWeld wire imp by VAT reg com. manu",187913,38072850
83112000,"Cored Wire Of Base Metal, For Electric Arc-Welding",132569,25564523
83113000,"Coated rods and cored wire of base metal, for soldering, brazing...",18063,36885902
83119000,"Wires, Rods... Of Base Metal, Coated/Cored (Incl. Powder For Sprays) Nes",4990,1302741
84021100,Watertube Boilers With A Steam Production >45t/Hour,70936,117264223
84021200,Watertube Boilers With A Steam Production =<45t/Hour,108883,44153129
84021900,"Other Vapour Generating Boilers, Nes (Incl. Hybrid Boilers)",334634,195041219
84029000,Parts Of Sheam On Oth.Vapour Genrtng.Boilers & Super-Heated Water Boiles,76341,96534717
84031000,Central Heating Boilers For Oth.Than Hs Code No-84.02,25331,17805392
84039000,Parts Of Central Heating Boilers,32,54509
84041000,Auxiliary Plant For Use With Boilers Of 84.02 Or 84.03,1590,2479975
84042000,Condensers For Steam Or Other Vapour Power Units,1762,677737
84051000,"Producer Gas Or Water Gas Generators; Acetylene Gas Generators, Etc",29096,32418210
84059000,Parts Of Producer Gas Or Water Gas Generators Etc,8858,85213647
84069000,Parts Of Steam And Other Vapour Turbines,2677,113279002
84072100,Outboard Motors For Marine Propulsion Engines,5460,24611401
84072900,Other Marine Propulsion Spark-Ignition Piston Engines (Excl. Outboard),7758,3506088
84073290,"Oth.Spark-Ignition..,For Vehicles,Of Cy..Capacity >50 Cc, Not >250c",489417,590374318
84073390,"Spark-Igni...For Vehicles, Of Cylinder Capacity 250-1000 Cc",31419,51493630
84073490,"Cylinder capacity >1,000 cc exlc. Bus or Truck engine with inbuilt CNG mechanism",398889,77264192
84081000,Marine propulsion engines,41387,25474465
84082039,Other diesel engine>=2600cc,481809,53710213
84089010,Diesel Engines of capacity 3 to 45 HP,1905795,399724790
84089020,"Compre.-Ignition Internal Combustion Pisotn Engi. For Fishing Trawler,Nes",7000,2630206
84089090,"Other Engine, Nes",5719,1574140
84091000,Parts For Aircraft Engines Of 8407.10,10,10019
84099110,For Engines of Industrial use and fishing trawler,6257,25292505
84099190,"Parts For Spark-Ignition Internal Combustion Engines(Excl.Aircraft),Nes",307318,282625812
84099910,For Engines of Industrial use and fishing trawler,4327,65369344
84099990,"Parts For Compression-Ignition Internal Combustion Engines, Nes",920953,338655812
84109000,"Parts Of Hydraulic Turbines, Water Wheels Including Regulators",19352,30367539
84119100,Parts Of Turbo-Jets Or Turbo-Propellers,7,888946
84119900,Oth. Parts Of Gas Turbines (Excl. Of Turbo-Jets And Turbo-Propellers),21947,1319538472
84122100,"Hydraulic Power Engines And Motors, Linear Acting (Cylinders)",13167,113074089
84122900,Hydraulic Power Engines And Motors (Excl. Linear Acting),14735,15577905
84123100,"Pneumatic Power Engines And Motors, Linear-Acting (Cylinders)",18742,42564856
84123900,Pneumatic Power Engines And Motors (Excl. Linear Acting),614,2845175
84128000,"Engines and motors, nes",73,57743
84129090,"Parts Of Engines And Motors Of 8412.10 To 8412.80, Nes",7865,61698223
84131100,"Pumps For Dispensing Fuel Or Lubricants, For Filling-Stations Or Garages",17643,14321757
84131900,"Pumps For Liquids, With Or Designed To Be Fitted With A Measuring Device",58261,35369898
84132000,Hand Pumps For Liquids (Excl. Those Of 8413.11 Or .19),2820,2871504
84133000,Fuel/Lubricating/Cooling-Medium Pumps For Internal Combustion Engines,127650,83262264
84134000,Concrete Pumps,21154,31381708
84135000,Reciprocating Positive Displacement Pumps,10361,26651847
84136000,Rotary Positive Displacement Pumps,119558,84562998
84137000,Other Centrifugal Pumps,2561130,1200805982
84138100,Other Liquid Elevatos Pumps,601443,330043952
84138200,Liquid Elevators,57,541699
84139100,Parts of Pumps for liq. whts or not fitted with fitted with meas. dev.liquied elev.,37791,80307308
84139200,Parts Of Liquid Elevators,345,1276295
84141000,Vacuum Pumps,22991,29811894
84142000,Hand Or Foot-Operated Air Pumps,21856,5138523
84143010,Compressors For Refrigerating Equipment For Industrial Use,9149,13011740
84143090,"Other Compressors For Refrigerating Equipment, Nes",645914,459726410
84144000,Air Compressors Mounted On A Wheeled Chassis For Towing,119943,46656521
84145100,"Table, floor, wall, window, ceiling or roof fans, with a....output not exceeding 125W",86270,15083053
84145910,Venlating exhaust fan with blade rotating diameter of 24 inch or mere,183192,111722662
84145920,"Laminar air flow equipment, industrial type",5133,8872494
84145990,"Otherv Fans, Nes",97812,36929031
84146000,Hoods Incorporating A Fan Having A Maximum Horizontal Side =<120cm,118992,29274141
84147000,Gas-tight biological safety cabinets,3433,18702039
84148010,Air Compressors,324442,310400773
84148020,"Pumps & Compressors; Hodds With A Fan, Blowers For Use In Piciculture Only",25026,84149129
84148030,Pumps and compressors,16944,6166598
84148041,Industrial Type,9379,10940917
84148049,Compressor Excl Industial and VAT MFG AIRCON,563732,573251544
84148090,"Other Air Pumps; Air Or Gas Compressors; Hoods With A Fan, Nes",61314,99473638
84149010,Parts Of Fan,68527,17974912
84149020,Parts...Of compressor,4330,9513247
84149090,"Parts Of Air/Vacum Pumps, Of Air/Gas Compressors, Nes",9297,161780003
84151010,"A/C, Window/wall self contained Requiring more than 300,000 BTU or equivalent",190989,239830268
84151020,"A/C Machines, window/wall type >90,000 BTU, BUT <3,00,000 BTU",74445,47592286
84151090,"Window or wall air conditioning machines, self-contained, nes",44883,85160379
84152020,"AIR CON.MCH >200,000BTU,OR EQV.USE FOR PRSN IN MOTOR VEHI.IMP.BY VAT REG.BUS BDY BLD.",21087,11879370
84152090,"MOTOR VEHICLE A/C, EXCLUDING VAT REG. BUS BUIDLING IND.",90,43834
84158120,"Air handling unit or HVAC system imp by VAT reg pharma ind req >= 2,00,000 BTU",64805,57430444
84158130,"A/C Machine , with refrigerating unit and valve requiring > 90,000 BTU <3,00,000 BTU",10437,14281454
84158210,"Requiring more than 3,00,000 BTU or equivalent",86933,95739923
84158220,"Air handling unit or HVAC system imp by VAT reg pharma ind req more than 2,00,000 BTU",255425,510529018
84158230,"A/C Machine with ref. unit requiring >90,000 BTU not exceeding 3,00,000 BTU",640,591578
84158290,"Air conditioning machines, with refrigerating unit, no valve, nes",2638,1776375
84158330,Stability/Humidity chamber imported by pharmaceutical industries,15094,22873601
84158390,"Air conditioning machines, without refrigerating unit, nes",757,3054635
84159010,Indoor or outdoor unit,9977,11281906
84159090,Parts of other Air Conditioning Machine,313322,145958529
84161000,Furnace Burners For Liquid Fuel,3020,2050460
84162000,Other Furnace Burners For Solid Fuel Or Gas (Incl. Combination Burners),4942,38490823
84169000,Parts Of Furnace Burners For Liquid/Solid/Gas Fuel; Mechanical Grates...,196,702303
84171000,"Furnaces And Ovens For Roasting, Melting... Of Ores/Pyrites/Metals",24745,9553953
84172000,Bakery Ovens (Incl. Biscuit Ovens),117159,48926853
84178000,Industrial Or Laboratory Furnaces (Incl. Incinerators),44311,31161563
84179000,Parts Of Industrial Or Laboratory Furnaces And Ovens,65192,23381563
84181000,"Combined refrigerator-freezers, fitted with separate external doors",14522,6886180
84182100,Compression-type household refrigerators,3051,2478213
84182900,"Household refrigerators, nes",104469,53290503
84183000,"Freezers of the chest type, not exceeding 800 L capacity",154159,61699830
84184000,"Freezers of the upright type, not exceeding 900 L capacity",8720,6880196
84185000,"Other furniture (chests, cabinets, display counters, show-cases and",35289,24155988
84186110,"Indstrl.Refrigeration/Freezing Equipment,Compression Type..Heat Excharger)",2525,3656585
84186190,Oth.Re/Freg.Compres.Type Units Whose Cndnsrs.Are Heat Exchngrs.Ex.Indstrl.,6264,2629573
84186910,"Refrigerating Or Freezing Equipment,Heat Pumps, Industrial",203327,148797658
84186994,Of compressor imported by VAT registered compressor manufacturers,480,59940
84186995,Special type laboratory refrigerator imported by pharmaceutical industries,809,2720668
84186997,"Chiller, capacity 50 tons or above",71367,70887475
84186999,"Freezers of the upright type, (Excl.) exceeding 900 L or 800L capacity",27645,32672359
84189900,Parts for imported by VAT registered refrigerator and freezer manufacturers,438399,209494142
84191200,Solar water heaters,400,150393
84191900,"Other Instantaneous Or Storage Water Heaters, Non-Electric, Nes",3,209350
84192000,"Medical, Surgical Or Laboratory Sterilizers",12714,49218466
84193300,"Lyophilisation apparatus, freeze drying units and spray dryers",13323,124992030
84193400,"Other, for agricultural products",7400,4008040
84193900,"Non-Domestic Dryers, Nes",114993,102540506
84194010,Water Distillation Equipment Up To 20 Litres,26,45016
84194090,Water Rectifying Plant,378,141535
84195000,Heat Exchange Units,76037,56935636
84198100,"Non-Domestic Equipment, For Cooking Or Heating Food",15519,12562976
84198911,Evaporator or condenser or both exceeding 200000 BTU,2453,2519273
84198919,Other,1038,2434866
84198990,Other,1270870,960399586
84199000,Parts Of Non-Domestic Heating/Cooling Equipment,5361,10859202
84201000,Calendering Or Other Rolling Machines (Excl. For Metal/Glass),68707,19823437
84209100,Cylinders For Calendering Or Other Rolling Machines,1289,8175147
84209900,"Parts Of Calendering Or Other Rolling Machines, Nes",4495,4497003
84211100,Centrifugal Cream Separators,1365,526677
84211200,Centrifugal Loundry -Dryers Of 1bhp Or More,580,1190949
84211910,"Other Centrifuges,Including Contrifugal Dryers Nes, For Laboratory Use",7039,22044779
84211990,"Oth. Centrifuges, incl. Centrifugal dryers; filtering.. Excl.laboratory, industrial type",7091,11892259
84212110,Water Filtering Or Purifying Machines Of Sterilisers For Laboratory Use,281,1581638
84212120,Domestic type water purifying apparatur and machine.,132186,67307418
84212191,Filtering Or Purifying Machinery & Apparatus To Be Used With Swimm. Pools,937,359957
84212192,Water purifying machine (Industrial type),309630,403289424
84212193,Effluent (waste water) Treatment Plant,90900,236497808
84212194,"CARBON FILTER, FILTER HOUSING DIFFUSER IMP. BY VAT REG. WATER PURI.G MACH/APP.MGF.IND",32964,19002622
84212195,Sewage treatment plant (STP) imported by VAT complaint water purifying machine/apparatus,15493,10031588
84212199,Other (excl. effluent waste water treatment plant),56601,22165403
84212200,Machinery And Apparatus For Filtering/Purifying Beverages (Excl. Water),10,4311
84212300,Oil Or Petrol-Filters For Internal Combustion Engines,75488,80609415
84212910,Cartrdg./Membr. filt. imp. by VAT reg. pharma. & water purif. mach./apprts. manf. ind,12617,75559631
84212920,Haemodialyser (Artificial Kidney),13187,31096157
84212930,Dialysis filter,4801,1814347
84212990,"Filtering or purifying machinery and apparatus for liquids, NES",58191,69257727
84213100,Intake Air Filters For Internal Combustion Engines,111983,82173651
84213290,Filtering or purifying machinery and apparatus for gases,304,578461
84213920,Industrial filter for air or other gases; overhead travelling .. cyclone of industria,103610,116536410
84213930,Leucocyte filter,10,349760
84213990,Other,17124,52599853
84219100,"Parts Of Centrifuges, Including Centrifugal Dryers",250,3027224
84219910,Parts Of Machinery... For Filtering/Purifying Liquids Or Gases,16000,6192494
84219990,Parts Of Machinery... For Filtering/Purifying Liquids Or Gases,19311,32238310
84221100,"Dish Washing Machines, Of The Household Type",2825,2621692
84221900,"Other Dish Washing Machines, Of The Industrial Type",998,642984
84222000,Machinery For Cleaning Or Drying Bottles Or Other Containers,3631,23221753
84223000,"Machinery For Filling,Closing...Etc.Bottles,Cans Etc,& Aerating Drinks",261948,553525895
84224000,"Oth.Packing/Wrapping Machinery, (Incl. Heat-Shrink Wrapping Machinery)Nes",221909,420297486
84229000,Parts Of Machinery Of 8422.11 To 8422.40,22485,88361365
84231010,"Personal wt. machines (incl. baby scales), h/hold scales... Neonatal scale with spring",368,302806
84231090,"Personal wt. Machine .., h/hold scales... Excl. Neonatal scale with spring",33343,12589391
84232000,Scales For Continuous Weighing Of Goods On Conveyors,70867,43759689
84233000,Constant Weight Scales And Scales For Discharging A Predetermined Weight,109,24064
84238100,"Weighing Machinery, Nes, Of Weighing Capacity =<30kg",130026,36932865
84238210,Weighting Capacity Exceeding 200KG,93789,43534566
84238290,"Weighing Machinery,Nes,..Capacity 30-5000kg(Excl.Capacity Excd. 200kg)",171958,50389404
84238900,"Weighing Machinery, Nes, Of Weighing Capacity >5000kg",3242,2372806
84239000,Weighing Machine Weights Of All Kinds; Parts Of Weighing Machinery,10695,8373594
84241000,"Fire Extinguishers, Whether Or Not Charged",254424,37988650
84242010,Spray Guns And Similar Appliances Of Industrial Use,15579,21972552
84242020,Metered valves for inhaler,7765,76930728
84242030,SPRINKLER SYSTEM AND EQUIPMENTS,622,4868708
84242090,Spray Guns And Similar Appliances (Excl. Of Industrial Use),59132,39633027
84243000,Steam Or Sand Blasting Machines And Similar Jet Projecting Machines,2113,2009587
84244110,Agricultural or horticultural sprayers Portable sprayers,275965,75294403
84244190,Agricultural or horticultural sprayers Portable sprayers,60657,23350138
84244900,Oth. Agricultural or horticultural sprayers,61519,23087315
84248900,Mechanical Appliances For Projecting/Dispersing/Spraying Liquids/Powders,17105,31261747
84249000,Parts Of Machinery And Apparatus Of 8424.10 To 8424.89,37612,22782043
84251100,"Pulley Tackle And Hoists..., Powered By Electric Motor",15385,5792671
84251900,"Pulley Tackle And Hoists..., Nes (Excl. Skip Or Vehicle Hoists)",25300,10183522
84253100,"Winches, Capstans, Powered By Electric Motor",20129,10355468
84253900,"Winches, Capstans, Nes",15042,10176433
84254100,Built-In Jacking Systems Of A Type Used In Garages,12660,5308447
84254200,Hydraulic Jacks And Vehicle Hoists,55558,13194138
84254900,"Jacks And Vehicle Hoists, Nes",5600,1536148
84261100,Overhead Travelling Cranes On Fixed Support,229584,98019295
84261200,Mobile Lifting Frames On Tyres And Straddle Carriers,141320,103494050
84261900,"Transporter Cranes,Gantry Cranes/Bridge Cranes,Overhd Travellng Cranes Nes",8,3757
84262000,Tower Cranes,91099,34230113
84263000,Portal Or Pedestal Jib Cranes,1466,546098
84264190,"Other machinery, self propelled",54000,19403056
84264900,"Derricks, Cranes, Etc, Nes, Self-Propelled (Excl. On Tyres)",193673,120688455
84271000,Self-Propelled Works Trucks Powered By An Electric Motor,384590,193866304
84272000,Self-Propelled Works Trucks (Excl. Electic),193783,103294588
84279000,"Other Works Trucks Fitted With Lifting Or Handling Equipment, Nes",94008,38671029
84281000,Lifts And Skip Hoists,1837505,855557608
84282000,Pneumatic Elevators And Conveyors,1850,1295920
84283200,"Continuous-Action Elevators And Conveyors, Bucket Type, Nes",31937,15560608
84283300,"Continuous-Action Elevators And Conveyors, Belt Type, Nes",50241,35779533
84283900,"Continuous-Action Elevators And Conveyors, Nes",69072,49273612
84284000,Escalators And Moving Walkways,58063,27873574
84286000,"Teleferics, Chair-Lifts...; Traction Mechanisms For Funiculars",25534,10779395
84287000,Industrial robots,940,760269
84289000,"Lifting, Handling, Loading Or Unloading Machinery, Nes",121279,55077235
84291100,"Self-Propelled Bulldozers And Angledozers, Track Laying",117500,170848673
84291900,"Self-Propelled Bulldozers And Angledozers, (Excl. Track Laying)",80080,39493696
84292000,Self-Propelled Graders And Levellers,3750,1029605
84293000,Self-Propelled Scrapers,113,1320181
84294000,Self-Propelled Tamping Machines And Road-Rollers,40775,33328753
84295100,Self-Propelled Front-End Shovel Loaders,406182,155709575
84295200,Self-Propelled Bulldozers... With A 360o Revolving Superstructure,58051,23993766
84295900,"Self-Propelled Bulldozers, Excavators..., Nes",2402982,814287110
84301000,Pile-Drivers And Pile-Extractors,15335,19564514
84303900,Coal Or Rock Cutters And Tunnelling Machinery (Not Self-Propelled),18000,4918969
84305000,"Self-Propelled Earth Moving, Grading, Excvating... Machinery, Nes",12500,7903354
84306130,Soil anchoring/Grounting apparatus,81,146794
84306190,"Tamping Or Compacting Machinery, Not Self-Propelled",240,89637
84311000,Parts Of Machinery Of 84.25,347,702685
84312000,Parts Of Machinery Of 84.27,6962,3264780
84313100,"Parts Of Lift, Skip Hoists Or Escalators",340432,95222994
84313900,"Parts Of Machinery Of 84.28 (Excl. Lift, Skip Hoists Or Escalators)",67140,46022157
84314100,"Buckets, Shovels, Grabs And Grips Of Machinery Of 84.26, 84.29 And 84.30",3444,879308
84314300,Parts For Boring Or Sinking Machinery Of Subheading 8430.41 Or 8430.49,42997,193390021
84314900,"Parts of machinery of 84.26, 84.29 and 84.30, nes",95760,32418382
84321000,Ploughs,26770,2682487
84322900,"Harrows (Excl. Disc Harrows), Scarifiers, Cultivators, Weeders And Hoes",474674,182363027
84323100,"Seeders, planters and transplanters No-till direct seeders, planters and transplanter",2981,1127051
84323900,"Seeders, planters and transpl Excl. No-till direct seeders, planters and transplanter",12762,8139082
84328000,"Soil preparation/cultivation machinery; lawn/sports-ground rollers , nes",2495429,689898774
84329000,Parts Of Soil Preparation/Cultivation Machinery...,826681,91122210
84331100,"Mowers..., Powered, The Cutting Device Rotating In A Horizontal Plane",9214,9880248
84331900,"Mowers For Lawns, Parks Or Sports Grounds, Nes",3964,1414810
84332000,"Mowers (Incl. Cutter Bars For Tractor Mounting), Nes",125,50802
84333000,Haymaking Machinery,30221,11284377
84335100,Combine Harvester-Threshers,86860,71299867
84335200,"Threshing Machinery For Agricultural Produce, Nes",8550,3212757
84335910,Harvesting machinery,4416,2464634
84335990,"Harvesting Machinery, Nes",7292,5330660
84336000,"Machines For Cleaning, Sorting Or Grading Eggs, Fruit Or Other Produce",74,30057
84339000,Parts Of Harvesting... Machinery,19489,5734095
84341000,Milking Machines,31630,22265278
84342000,Dairy Machinery,8,125250
84349000,Parts Of Milking Machines And Dairy Machinery,69,242698
84361000,Machinery For Preparing Animal Feeding Stuffs,562076,459484766
84362100,Poultry Incubators And Brooders,136628,104489193
84362900,"Other Poultry-Keeping Machinery, Nes",598584,251468758
84368000,"Agricultural... Forestry Or Bee-Keeping Machinery, Nes",1649,618233
84369100,Parts Of Poultry-Keeping Machinery Or Poultry Incubators And Brooders,860,1313325
84369900,"Parts Of Agricultural... Machinery, Nes",130767,80402962
84371000,"Machines For Cleaning/Sorting/Grading Seed, Grain Or Dried Vegetables",198190,162620267
84378010,Rice Huller And Rice/Wheat Crusher,19375,7270561
84378090,Other Machinery For Milling Or Working Cereals Or Dried Vegetables,28414,41175704
84379010,Parts For Rice Huller And Wheat Crusher,141365,35254780
84379090,"Other Parts Of Milling Etc, Machinery",87406,25480536
84381000,"Bakery Machinery And Machinery For Making Macaroni, Spaghetti, Etc",14950,39333994
84382000,"Machinery For The Manufacture Of Confectionery, Cocoa Or Chocolate",128343,497105996
84385000,Machinery For The Preparation Of Meat Or Poultry,29799,56278716
84386000,"Machinery For The Preparation Of Fruits, Nuts Or Vegetables",3824,6440974
84388000,"Machinery for the preparation or manufacture of food or drink, nes",782462,1544144027
84389000,"Parts Of Industrial Machinery For Food And Drink Manufacture, Nes",15162,13205408
84392000,Machinery For Making Paper Or Paperboard,516241,521611935
84393000,Machinery For Finishing Paper Or Paperboard,2050,847970
84399100,Parts Of Machinery For Making Pulp Of Fibrous Cellulosic Material,2645,3959780
84399900,Parts Of Machinery For Making/Finishing Paper Or Paperboard,50820,31968148
84401000,Book-Binding Machinery (Incl. Book-Sewing Machines),87496,131897172
84409000,Parts Of Book-Binding Machinery,3,1804141
84411000,Cutting Machines,194241,115268709
84412000,"Machines For Making Bags, Sacks Or Envelopes Of Paper Or Paperboard",11008,5426910
84413000,"Machines For Making Cartons, Boxes, Etc, Of Paper Or Paperboard",60047,31547431
84414000,"Machines For Moulding Articles In Paper Pulp, Paper Or Paperboard",20526,6070384
84418000,"Machinery For Making Up Paper Pulp, Paper Or Paperboard, Nes",149884,114465469
84419000,"Parts Of Machinery For Making Up Paper Pulp, Paper Or Paperboard, Nes",18152,39602758
84423000,"Machinery, apparatus and equipment for pre. or making plates, ..comp. Machiner",13870,26219718
84425010,"Printing Type, Prepared For Printing Purpose",1840,8244199
84425020,PRINTING PLATES,93,1158023
84425090,"Other Printing Type,Blocks,Plates,Cylinders...Other Printing Components",1714,4555472
84431100,"Offset Printing Machinery, Reel Fed",42509,16184329
84431300,Other offset printing machinery,304570,251277038
84431400,"Letterpress printing machinery, reel fed, excluding flexographic printing",650,1095949
84431600,Flexographic printing machinery,24190,28323529
84431700,Gravure printing machinery,71640,20346785
84431900,"Other printing components(excl.Offset printing machinery, Letterpress printing",349723,478764650
84433100,"Machines which perform two or more of the functions of printing, copying or fa",130262,161414537
84433210,Computer printer,70139,83599199
84433290,Other printer (excl. computer printer),10687,25630229
84433910,Inkjet printer,15996,66668974
84433991,Copying machine & fax machine,8021,5241025
84433999,"Other printing machine,nes",32515,50486594
84439100,"Parts & acces.of printing m/c used for print. by means of plates, cylinders an",11417,16622003
84439910,Toner cartridge/Inkjet cartridge,212272,166081562
84439920,Other parts for Computer Printer,3696,4478905
84439990,Parts & accessories other than compuet printer,29316,90829952
84440000,"Machines For Extruding, Drawing... Or Cutting Man-Made Textile Materials",83603,90871064
84451100,"Carding Machines, For Preparing Textile Fibres",251617,380248044
84451200,"Combing Machines, For Preparing Textile Fibres",3,24374
84451300,"Drawing Or Roving Machines, For Preparing Textiles Fibres",267962,181446919
84451900,"Other Machines For Preparing Textile Fibres, Nes",191280,174119644
84452000,Textile Spinning Machines,106828,37221599
84453000,Textile Doubling Or Twisting Machines,78249,25224936
84454000,Textile Winding (Incl. Weft-Winding) Or Reeling Machines,55703,128014542
84459000,"Machinery For Producing Or Preparing Textile Yarns, Nes",51628,42694595
84461000,"Weaving Machines For Weaving Fabrics, =<30cm Wide",25299,72151000
84462100,"Power Looms For Weaving Fabrics, >30cm Wide, Shuttle Type",1414028,404246411
84462900,"Weaving Machines For Weaving Fabrics, >30cm Wide, Shuttle Type, Nes",133076,128959752
84463000,"Weaving Machines For Weaving Fabrics, >30cm Wide, Shuttleless Type",865506,307908320
84471200,"Circular Knitting Machines, With Cylinder Diameter >165mm",349803,442975577
84472000,Flat Knitting Machines; Stitch-Bonding Machines,675166,773807167
84479000,"Machines For Making Gimped Yarn, Tulle, Lace, Embroidery, Trimmings, Etc",1145823,569364966
84481900,"Auxiliary Machinery For Machines Of 84.44, 84.45, 84.46, 84.47",59986,42570020
84482090,Parts And Accessories Of Machines Of 84.44 Or Their Auxiliary Machinery,865,1111617
84483100,Card Clothing,29943,86710555
84483200,"Parts And Accessories Of Machines For Preparing Textile Fibres, Nes",7068,14377064
84483300,"Spindles, spindle flyers, spinning rings and ring travellers",80044,129962901
84483900,"Parts And Accessories Of Machines Of 84.45, Etc, Nes",38868,74668409
84484210,"Reeds And Wire Healds, For Loom",52172,17415160
84484290,Other Reeds For Looms Healds And Heald-Frames,1416,5215837
84484900,"Parts And Accessories Of Weaving Machines (Looms), Nes",95736,75733762
84485100,"Sinkers, needles and other articles used in forming stitches",7546,197655044
84485900,"Other Parts And Accessories Of Machines Of 84.47, Etc, Nes",64247,57141516
84490000,Machinery For The Manufacture Or Finishing Of Felt Or Nonwovens,7703,5613185
84501100,"Fully-Automatic Washing Machines, Capacity=<10kg",387568,246991642
84501200,"Washing Machines With Built-In Centrifugal Drier, Capacity =<10kg",11836,9651861
84501900,"Washing Machines, Nes, Of A Dry Linen Capacity =<10kg",1714,889973
84502010,"Washing Machines, Household/Laundry Type, Capacity <18kg",95422,59850463
84502090,"Washing Machines, Household/Laundry Type, Capacity >10kg",33101,12552454
84509000,Parts Of Household/Laundry-Typewashing Machines,281032,120333976
84511000,Dry-Cleaning Machines,10145,10896858
84512100,"Drying Machines, Of A Dry Linen Capacity =<10kg",2381,1413557
84512900,"Drying Machines, Of A Dry Linen Capacity >10kg",129316,151896553
84513000,Ironing Machines And Presses (Incl. Fusing Presses),63458,65163496
84514000,"Washing, Bleaching Or Dyeing Machines, Nes",564736,1175679579
84515000,"Machines For Reeling, Unreeling, Folding, Cutting... Textile Fabrics",74611,124252170
84518000,"Machines For Wringing, Dressing, Finishing... Textile Yarns, Fabrics...",686235,618801600
84519000,"Parts Of Machines For Cleaning, Drying, Ironing, Etc",19030,47846401
84521000,SEWING MACHINES OF THE HOUSEHOLD TYPE,300016,86301520
84522100,Automatic Sewing Machines,1272520,1755532804
84522910,Sewing Machines Of Industrial Type(Excl.Automatic Units) Non Electric,3240,102269
84522990,Sewing Machines Of Industrial Type (Excl. Automaic Units ) Nes.,18633,21396852
84523000,Sewing Machine Needles,11850,100744182
84529010,"Furniture, bases and covers for sewing machines and parts thereof",5257,1346703
84529090,Other parts of sewing machines,184923,94883974
84531000,"Machinery For Preparing, Tanning Or Working Hides, Skins Or Leather",8903,4586269
84532000,Machinery For Making Or Repairing Footwear,180373,110998286
84538000,"Machinery For Making/Repairing Articles Of Hides, Skins Or Leather, Nes",64834,42445857
84539000,"Parts Of Machinery For Preparing ... Leather, Making Footware, Etc",592,2897776
84541000,Converters Of A Kind Used In Metallurgy Or In Metal Foundries,70,56358
84543000,Casting Machines Used In Metallurgy Or In Metal Foundries,206784,96498472
84549000,"Parts Of Converters, Ladles... Casting Machines",1149,1859929
84552100,Hot Or Combination Hot And Cold Metal-Rolling Mills,2111362,1766600406
84552200,Cold Metal-Rolling Mills,51500,22609991
84553000,Rolls For Rolling Mills,148128,90071695
84559000,Parts Of Metal-Rolling Mills (Excl. Rolls),5450,19647382
84561100,"Operated by laser or other light or photon beam processes,Operated by laser",91271,172125088
84562000,Machine-Tools Operated By Ultrasonic Processes,2,112435
84563000,Machine-Tools Operated By Electro-Discharge Processes,7021,7729561
84564000,Operated by plasma arc processes,130,48826
84565000,Water-jet cutting machines,9,3362
84569000,"Other m/c-tools(excl. laser or other light or photon beam, ultra-sonic, electr",2415,2042993
84572000,Unit Contruction Machines (Single Station) For Working Metal,2524,7079492
84573000,Multi-Station Transfer Machines For Working Metal,3150,54060908
84581100,"Horizontal Lathes For Removing Metal, Numerically Controlled",24332,14606148
84581900,Horizontal Lathes For Removing Metal (Excl. Numerically Controlled),4706,1842295
84589900,"Other Lathes For Removing Metal, Nes (Excl. Numerically Controlled)",68396,22944618
84591000,"Way-Type Unit Head Machines For Drilling, Boring... By Removing Metal",290,417086
84592100,"Drilling Machines For Removing Metal, Numerically Controlled, Nes",237,93864
84592900,"Drilling Machines For Removing Metal, Nes",25075,10150394
84593900,"Boring-Milling Machines For Metal, Nes",440,182716
84594900,"Numerically controlled, nes",3160,916689
84595900,"Milling Machines, Knee-Type, For Metal (Excl. Numerically Controlled)",8490,4698007
84596900,"Other Milling Machines For Metal, Nes",11384,3262929
84597000,"Threading Or Tapping Machines For Metal, Worked By Removing Metal, Nes",90126,41427388
84601200,Flat-surface grinding machines Numerically controlled,3580,986588
84601900,"Flat-Surface Grinding Machines, 0.01mm Accuracy, Nes",9290,5892605
84602200,"Centreless grinding machines, numerically controlled",3878,1456558
84602300,"Other cylindrical grinding machines, numerically controlled",3646,1004638
84602400,"Other, numerically controlled",340,126990
84602900,"Grinding Machines, Nes, Accurate To 0.01mm",2791,1372114
84603900,"Sharpening (Tool Or Cutter Grinding) Machines, Nes",8563,3351990
84604000,"Honing Or Lapping Machines, For Working Metal",770,1248755
84609000,"Other Machines For Deburring, Grinding, Polishing, Etc, Metal, Nes",98666,41556654
84612000,Shaping Or Slotting Machines For Working Metal Or Cermets,7150,2365739
84613000,Broaching Machines For Working Metal Or Cermets,1310,489936
84615000,Sawing Or Cutting-Off Machines For Working Metal Or Cermets,24372,10331610
84619000,"Other Machine Tools Working By Removing Metal Or Cermets,Nes",5676,3434533
84621100,Closed die forging machines,600,225500
84621900,Other Than Closed die forging machines,974,3052236
84622300,Numerically controlled press brakes,60340,22606310
84622600,"Other numerically controlled bending, folding, straightening or flattening machines",8375,2880731
84622900,"Bending, Folding, Straightening Or Flattening Machines (Incl. Presses)",115504,60552615
84623200,Slitting lines and cut-to-length lines,79208,247974445
84623300,Numerically controlled shearing machines,15550,5547407
84623900,"Shearing Machines (Incl. Presses), Nes",39261,14279042
84624900,"Punching Or Notching Machines (Incl. Presses), Nes",76233,71760395
84625900,"Machines for working tube, pipe, hollow section Excluding Numerically controlled",950,748978
84626100,Cold metal working presses : Hydraulic presses,30449,12022513
84626200,Cold metal working presses :Mechanical presses,51308,14741770
84626900,"Cold metal working presses :, NES",3946,1476697
84629000,Machine-tools (Including presses) for working metal by... not specified above NES,37406,23519089
84632000,"Thread Rolling Machines For Working Metal, Without Removing Material",510,235155
84633000,"Machines For Working Wire, Without Removing Material",17546,7934246
84639000,"Other Machine-Tools For Working Metal, Without Removing Material, Nes",15964,22965369
84641000,"Sawing Machines, For Workingstone, Ceramics, Concrete, Etc",22046,8872901
84642000,"Grinding Or Polishing Machines, For Working Stone, Ceramics, Etc",17739,8187057
84649000,"Machine-Tools For Working Stone, Ceramics, Concrete, Etc",20175,8702458
84651000,Machines Which Can Change Operation Without Changing Tools,30,6262
84652000,Machining centres,7250,12140475
84659100,"Sawing Machines For Working Wood, Cork, Bone, Hard Rubber, Etc",14528,9328889
84659200,"Planing, Milling Or Moulding Machines For Working Wood, Cork, Bone, Etc",63516,27384272
84659300,"Grinding, Sanding Or Polishing Machines For Working Wood, Cork, Etc",26076,10706915
84659400,"Bending Or Assembling Machines For Working Wood, Cork, Bone, Etc",24960,25889842
84659500,"Drilling Or Morticing Machines For Working Wood, Cork, Bone, Etc",727,238773
84659600,"Splitting, Slicing Or Paring Machines For Working Wood, Cork, Bone, Etc",28942,10844310
84659900,"Other Machine-Tools, Nes, For Working Wood, Cork, Bone, Hard Rubber, Etc",192126,110020170
84661000,Tool Holders And Self-Opening Dieheads,763,913979
84662000,Work Holders For Machine-Tools,12360,3630725
84663000,Dividing Heads And Other Special Attachments For Machine-Tools,889,511130
84669100,Parts And Accessories For Machines Of 84.64,87,32074
84669200,Parts And Accessories For Machines Of 84.65,3349,2083640
84669300,Parts And Accessories For Machines Of 84.56 To 84.61,2113,3307089
84669400,Parts And Accessories For Machines Of 84.62 To 84.63,4478,5353764
84671100,"Pneumatic Tools, Rotary Type, For Working In The Hand",69,809774
84671900,"Pneumatic Tools (Excl. Rotary Type), For Working In The Hand",658,1354022
84672100,DRILLS OF ALL KINDS;WITH SELF CONTAINED ELECTRIC MOTOR,109091,43594668
84672200,SAWS; WITH SELF-CONTAINED ELECTRIC MOTOR,16471,6511618
84672900,TOOLS FOR WORKING IN THE HAND;EXCLUDING DRILLS AND SAWS,73904,30160734
84678100,Chain Saws With Non-Electric Motor,4027,1402222
84678900,"Tools for working in the hand, with non-electric motor, nes",15519,7529433
84679100,Parts Of Chain Saws,32005,8272441
84679200,Parts Of Pneumatic Tools,164,244970
84679900,"Parts Of Hand-Tools, With Non-Electric Motor, Nes",45651,12511117
84681000,"Hand-Held Blow Pipes For Soldering, Brazing Or Welding",16,3006
84682000,"Gas-Operated Machinery And Apparatus, For Soldering, Brazing...",3287,1441359
84688000,"Machinery And Apparatus For Soldering, Brazing Or Welding, Nes",30926,22170283
84689000,"Parts Of Soldering, Brazing Or Welding Machinery And Apparatus",1580,1108902
84701000,Electronic calculators capable of operation ... machines with calculating functions,58141,57385592
84702100,"Electronic Calculating Machines, Nes, With A Printing Device",95,60120
84702900,"Electronic Calculating Machines, Nes, Without A Printing Device",2316,5210557
84703000,Calculating Machines (Excl. Electronic),1462,1506380
84705000,Cash Registers,2784,15876440
84709000,"Postage-Franking Machines, Ticket-Issuing Machines, Etc",775,739281
84713000,"Portable Digital Adp Machines,Wt<=10 Kg,Comp.At Least Cpu,Keyboard&Display",61832,636578278
84714100,"Nonportable Adp Machines,Comprisng At Least Cpu & I/O Unit In Same Housing",3159,4638887
84714900,"Non-Portable Adp Machines, Nes, Presented In The Form Of Systems",40343,240769767
84715000,"Processing units other than those of subheading 8471.41 or 8471.49, whether or",31694,288209902
84716010,Adp Input/Output Units Whether/Not Containg. Storage Units In Same Housing,2264,6233643
84716090,Adp Input/Output Units Whether/Not Containg. Storage Units In Same Housing,131110,140435669
84717000,Automatic Data Processing Machine Storage Units,31097,202917750
84718000,Other Units Of Automatic Data Processing Machines Nes,4411,75839460
84719000,Magnetic or optical readers; machines for transcribing data onto data media...nes,4975,21598800
84729010,"Office machines (incl. coin-sorting/counting/wrapping machines...) , nes",22272,36813219
84729090,"Office machines (incl. coin-sorting/counting/wrapping machines...) , nes",96393,25240596
84732100,"Parts & Accessor. Of The Electronic Calculating Of 8470.10,8470.21,8470.29",23798,3134966
84732900,Parts And Accessories Of Machines Of 8470.30 To 8470.90,20397,3356329
84733000,Parts And Accessories Of The Machines Of 84.71,188545,422561687
84734000,Parts And Accessories Of The Machines Of 84.72,37018,47688782
84735000,Parts/acss equally suitable for use with the mach of >2= of hdgs 84.70 to 84.72,63,1545271
84741000,"Sorting, Screening, Separating Or Washing Machines For Earth, Stone...",3628,1588311
84742000,"Crushing Or Grinding Machines For Earth, Stone, Ores, Etc",77731,75338637
84743100,Concrete Or Mortar Mixers,48561,26057473
84743200,Machines For Mixing Mineral Substances With Bitumen,19960,13262854
84743900,"Mixing Or Kneading Machines For Earth, Stone, Ores, Etc",54774,43628072
84748000,"Other Machinery For Earth, Stone, Ores, Etc, Nes",816365,495595817
84749000,Parts Of Machinery Of 84.74,50747,44741241
84752900,Machines For Manufacturing/Hot Working Glass/Glassware(Exc.Optical Fibres),448192,594915100
84759000,Parts Of Machines Of 84.75,268,2831411
84762900,"Automatic Beverage-Vending Machines,Without Heating/Refrigerating Devices",1846,1645650
84768100,Automatic Vending Machines Wth Heatng/Refrigertng Devices(Exc.Bev.Machines,1088,650754
84768900,"Automatic Vending Machines Without Heating/Refrigerating Devices,Nes",42,15782
84769000,Parts For Automatic Goods-Vending Machines,7,4676
84771000,"Injection-Moulding Machines For Working Rubber Or Plastics, Etc",1582001,725639961
84772000,Extruders For Working Rubber Or Plastics And Making Products Thereof,330291,248896953
84773000,"Blow Moulding Machines For Working Rubber Or Plastics, Etc",140163,344673258
84774000,Vacuum Moulding Machines And Other Thermoforming Machines For Rubber...,41988,27268163
84775900,"Machinery For Moulding Or Forming Rubber Or Plastics, Etc, Nes",7476,2842976
84778000,"Other Machinery For Working Rubber/Plastics Or Making Products Thereof,Nes",451932,421964035
84779000,"Parts Of Machinery For Working Rubber Or Plastics, Etc",45614,40527335
84781000,"Machinery For Preparing Or Making Up Tobacco, Nes",64864,197405496
84789000,Parts Of Machinery Preparing Or Making Up Tobacco,8920,193294898
84792000,Machinery For The Extraction/Preparation Of Animal/Vegetable Fats Or Oil,243621,142237727
84793000,"Machinery For Treating Wood Or Cork, Having Individual Functions",771,33069533
84794000,Rope Or Cable-Making Machines,44891,29079605
84795000,"Industrial Robots, Nes",5933,12157853
84796000,Evaporative Air Coolers,2632,2034990
84797900,Other Passenger boarding bridges:,4452,789863
84798100,"Machines For Treatng Metal,Inc.Elec.Wire Coilwinders,Individual Functions",200238,280596964
84798200,"Machines For Mixing,Kneading,Crushing,Grinding,Having Individual Functions",113709,139053553
84798900,"Machines, having individual functions, nes",1543875,1248084965
84799000,Parts Of Machines Having Individual Functions Of Hs Heading 8479,15396,47803011
84801000,Moulding Boxes For Metal Foundry,1874,2723355
84802000,Mould Bases,95030,143654405
84803000,Moulding Patterns,1337,2001253
84804100,Injection Or Compression Type Moulds For Metal Or Metal Carbides,11773,22627759
84804900,Moulds For Metal Or Metal Carbides (Excl. Injection Or Compression),67390,119654178
84805000,Moulds For Glass,8411,23664926
84806000,Moulds For Mineral Materials,44705,77854149
84807100,Injection Or Compression Type Moulds For Rubber Or Plastics,433629,760772036
84807900,Moulds For Rubber Or Plastics (Excl. Injection Of Compression),145156,269632185
84811011,"Pressure-reducing valves,... not exceeding 1 inch Pressure regulator/valve for LPG",117229,32516481
84811019,"Pressure-reducing valves,... not exceed 1 inch, Excl. Press. regulator/valve for LPG",7128,14480716
84811090,Exclu. Inner Diameter not exceeding 1 inch,7490,16387464
84812010,"Valves for oleohydraulic or pneumatic transmission, inner diameter not exceeding 1 inch",65324,43800144
84812090,"Valves for oleohydraulic or pneumatic transmissions,Excl.Inner diameter not excee. 1 inc",5120,9748725
84813019,"Check (nonreturn) valves, inner diameter <= 1 inch.",32818,15386890
84813090,"Check (nonreturn) valves, Excl. Inner Diameter <= 1 inch.",132445,69587519
84814011,"Safety or relief valves, Inner diameter <= 1 inch., Safety or relief valve for LPG",94111,115298051
84814019,"Safety or relief valves, Inner dia. <= 1 inch., Excl. Safety or relief valve for LPG",8647,18207502
84814090,"Safety or relief valves, Excl. diameter <= 1 Inch",12526,9714153
84818010,Inner-Tube Valves For motorized or non-motorized vehicles,24591,23031558
84818021,Hand diaphragm valve,105,1075694
84818029,Hand diaphragm valve,267051,232527236
84818090,"Inner Diameter <1 inch,nes",262220,284690746
84819010,Parts of taps and cocks,139073,59165028
84819090,"Parts of taps and cocks, NES",36261,187393644
84821000,Ball Bearings,1232446,683636452
84822000,"Tapered Roller Bearings, Including Cone And Tapered Roller Assemblies",122670,69744145
84823000,Spherical Roller Bearings,52469,44092949
84824000,Needle Roller Bearings,4209,4449195
84825000,Other Cylindrical Roller Bearings (Excl. Needle),5286,14376475
84828000,"Ball Or Roller Bearings (Incl. Combined Ball/Roller Bearings), Nes",17643,57128917
84829100,"Balls, Needles And Rollers",40899,26769662
84829900,"Parts Of Ball Or Roller Bearings (Excl. Balls, Needles And Rollers)",17635,13006493
84831000,Transmission shafts (incl. cam and crank shafts) and cranks,264869,148516795
84832000,"Bearing housings, incorporating ball or roller bearings",46987,29388231
84833000,"Bearing Housings, Nes; Plain Shaft Bearings",47294,83237461
84834000,Gears and gearing; ball or roller screws; gear boxes and other speed changers...,432233,347782266
84835000,Flywheels And Pulleys (Incl. Pulley Blocks),124609,77698212
84836000,Clutches And Shaft Couplings (Incl. Universal Joints),80873,59719544
84839000,"Parts Of Transmission Shafts, Cranks, Bearing Housings, Gears, Etc",22832,23793776
84841000,Gaskets... Of Metal Combined With Other Materials Or >1 Metal Layer,34280,25846186
84842000,Mechanical Seals,21818,59782091
84849000,Sets Or Assortments Of Gaskets And Similar Joints,432,16787973
84858000,"Machines for additive manufacturing, NES",431,269928
84859000,Machines for additive manufacturing. Parts,176,44089
84863000,Machines and apparatus for the manufacture of flat panel displays,3787,1488355
84869000,Parts and accessories,10,3932
84871000,Ships' or boats' propellers and blades therefore,1506,846159
84879000,Machinery Parts other than ships' or boats' propellers and blades therefore,159602,343198695
85011010,Fan motor fitted with revolving mechanism,103999,50574298
85011090,Motors Of An Output =<37.5 W,63684,46510451
85012010,Fan motor fitted with revolving mechanism,23399,10920378
85012091,Motors of an output not exceeding 37.5 W but not exceeding 750 W,115057,57189853
85012099,Excluding Motors of an output not exceeding 37.5 W but not exceeding 750 W,2014,2639292
85013100,"Oth DC motors; DC generators, other than photovoltaic genera <=750 W",39353,40059249
85013200,"Oth DC motors; DC generators, other than photovoltaic generators : >1200 W But <=75 Kw",787114,335500981
85013300,"Oth DC motors; DC generators, other than photovoltaic generators >75 Kw But <=375 Kw",471,415505
85013400,"Oth DC motors; DC generators, other than photovoltaic generators >375 kW",534,455732
85014010,"Ac motors, single-phase.. Of an output not exceeding 750 W",166067,84753259
85014020,"Ac motors, single-phase...Of an output exceeding 750 W but not exceeding 75 KW",273337,108632410
85014090,"Ac motors, single-phase...Excl. Of an output not exceeding 750 W",24621,10010074
85015100,"Ac Motors, Multi-Phase, Of An Output =<750 W",3253,8810206
85015200,"Ac motors, multi-phase, of an output >750 W-<=75 kW",32201,45073804
85015300,"Ac Motors, Multi-Phase, Of An Output >75 Kw",5745,6506858
85016100,"AC generators (alternators), other than photovoltaic generators :<=75 Kva",35115,13381788
85016200,"AC generators (alternators), other than photovoltaic generators=>75 Kva But <=375 Kva",16,137150
85016300,"AC generators (alternators), other than photovoltaic generato >=375 Kva But <=750 Kva",1459,1240210
85016400,"AC generators (alternators), other than photovoltaic generato >750 Kva",31,13588
85017100,Photovoltaic DC generators : Of an output not exceeding 50 W,21419,10731510
85017210,Photovoltaic DC generators : Of an output exceeding 50 W :,60,51974
85017220,Photovoltaic DC generators :Of an output exceeding 750 W not exceeding 75 kW,3421,2713721
85017240,Photovoltaic DC generators : Of an output exceeding 50 W :,483263,189769592
85018010,Photovoltaic AC generators,19515,7610420
85018090,Photovoltaic AC generators,374,20368108
85021100,"Generating Sets With Compression-Ignition Engines, =<75 Kva",233752,108264682
85021200,"Generating Sets With Compression-Ignition Engines, >75 Kva But <=375 Kva",191198,156529135
85021300,"Generating Sets With Compression-Ignition Engines, >375 Kva",130830,187678162
85022000,Generating sets with spark-ignition internal combustion piston engines,80503,90162952
85023100,Wind-Powered Generating Sets,637,795785
85023900,"Generating sets (excl. wind-powered), nes",7976,10047357
85024000,Electric Rotary Converters,2,26303
85030010,Parts Of Photovoltic Generators Of Heading No 85.01 Or 85.02,22,269421
85030020,PARTS OF OTHER GENERATOR,9249,35579751
85030030,Rotor/Motor bush/Casing for electric motors,267820,102107860
85030091,Stator with winding wire,231114,104008000
85030092,STATOR WITHOUT WINDING WIRE,93241,35361916
85030093,Others parts of motor,34187,21717621
85030099,Stator other than with/without winding wire,16140,37734714
85041000,Ballasts For Discharge Lamps Or Tubes,130,55524
85042100,"Liquid Dielectric Transformers, Power Handling Capacity =<650 Kva",29714,17947081
85042210,Having a power handling capacity exceeding 650kVA but exceeding 1000kVA,7,54660
85042290,Having a power handling capacity exceeding 1000kVA but not exceeding 10000kVA,5084,9281895
85042310,"Liquid Dielectric Transformers, Power Handling Capacity >10000 Kva",4,5153
85042390,"Liquid Dielectric Transformers, Power Handling Capacity >10000 Kva",1049,387733
85043100,"Transformers, Nes, Power Handling Capacity =<1 Kva",103172,69435565
85043200,"Transformers, Nes, Power Handling Capacity =>1 Kva But <=16 Kva",1115,2776721
85043300,"Transformers, Nes, Power Handling Capacity 16-500 Kva",14776,8916545
85043400,"Transformers, Nes, Power Handling Capacity >500 Kva",21626,37659008
85044010,Mobile battery charger(less than 6V),44693,114377988
85044020,UPS/IPS (Capacity upto 2000 VA),197314,154541311
85044030,"Voltage stabilizer (capacity upto 2,000 VA)",21128,13101203
85044040,Solar Inverter,13981,18148815
85044090,Other Static converters,750735,906984839
85045000,"Inductors, Nes",177169,173632905
85049010,"Electrical transformers, static converters .. Tap Changer",17512,148480262
85049020,Formed core,95,26679
85049030,"Electrical transformers, static converters .. Parts, Parts of static converter",31729,54264062
85049090,"Parts Of Transformers, Inductors And Static Converters, Nes",50540,25928035
85051100,Permanent Magnets And Articles Becoming Permanent Magnets Of Metal,133,544741
85051900,Permanent Magnets And Articles Becoming Permanent Magnets (Excl. Metal),42842,23519072
85052000,"Electro-Magnetic Couplings, Clutches And Brakes",16025,11375378
85059000,"Other Electro-Magnetic Or Permanent Magnet Chucks,Etc;Incl.Parts Of Magnet",19051,13942547
85061000,"Primary cells & primary Battery of Manganese dioxide, TV",1763,3658463
85064000,Primary Cells And Primary Batteries Of Silver Oxide,373,140167
85065000,Primary Cells And Primary Batteries Of Lithium,1520,4552541
85069010,Separator (Parts Of Primary Cells And Primary Batteries),300,131515
85069090,"Parts Of Primary Cells And Primary Batteries,Excl.Separator, Nes",4074,3553756
85071000,Lead-Acid Accumulators For Starting Piston Engines,66411,34289129
85072010,Sealed (capacity 85 amp or less) imported by VAT registered manufacturing industries,50777,19481637
85072090,Other Lead Acid Accumulators,98829,41604142
85073000,"Nickel-Cadmium Accumulators, Separators.",46501,70481481
85075000,Nickel-metal hydride,6154,4064635
85076000,Lithium-ion,743311,1078540482
85078010,"Electric Accumulators,Seperators(Excl.Lead-Acid,Nickel-Cadmium/Nickel-Iron",17241,12832714
85078090,"Electric Accumulators,Seperators(Excl.Lead-Acid,Nickel-Cadmium/Nickel-Iron",1960,1826364
85079010,Separators,102593,49703673
85079090,"Parts Of Electric Accumulators, Nes",300645,74782116
85081100,"Vacuum Cleaners of a power not >1,500 W and a dust bag or oth recept. Cap. Not",990,1287820
85081900,"Vacuum Cleaners of a power >1,500 W and a dust bag or oth recept. Cap. > 20 l",7707,2142157
85086010,"Other vacuum cleaners, Industrial type",4538,1606662
85086090,"Other vacuum cleaners, Excluding Industrial type",737,345521
85087000,Parts,6,9244
85094000,Electro-Mechanical Domestic Food Grinders/Mixers/Juice Extractors,100390,25180296
85098000,"Electro-Mechanical Domestic Appliances, Nes, With Electric Motor",39558,10964593
85099000,Parts Of Electro-Mechanical Domestic Appliances,107043,39935799
85101000,Shavers With Self-Contained Electric Motor,184,235223
85102000,Hair Clippers With Self-Contained Electric Motor,861,2165683
85103000,"Hairremoving Appliances Wth Selfcontained Elec.Motor,(Exc.Shavers/Clippers",532,426423
85109000,Parts Of Shavers And Hair Clippers Etc With Self-Contained Electric Motor,14725,4890187
85111010,Sparking Plugs,363,1959526
85111090,Sparking Plugs,30878,46092681
85112000,Ignition magnetos; magneto-dynamos; magnetic flywheels,3115,5497464
85113000,Distributors; Ignition Coils,19818,37872966
85114000,Starter motors and dual purpose starter-generators,42131,26651192
85114090,Other starter motors and dual purpose starter-generators,9,4243
85115000,"Generators, Nes, For Internal Combustion Engines",7577,7939081
85118000,"Ignition/Starting Equipment, Nes, For Internal Combustion Engines",435,411686
85119000,Parts Of Electrical Ignition/Starting Equipment Of 85.11,39460,17663531
85121000,Lighting Or Visual Signalling Equipment For Bicycles,4590,2189057
85122000,Lighting Or Visual Signalling Equipment For Motor Vehicles,315764,199907887
85123000,Sound Signalling Equipment For Cycles Or Motor Vehicles,98724,45045436
85124000,"Windscreen Wipers, Defrosters And Demisters For Motor Vehicles",9786,5465616
85129000,"Parts Of Vehicle Lighting/Signalling, Etc, Equipment Of 85.12",8438,5395955
85131010,Solar powered lantern/lamps having no provision for electrical power,899,1253991
85131090,"Lamps, NES",122178,33094571
85139010,Parts of solar powered lantern/lamps having no provision for electrical power,240,120200
85139090,Parts of portable electric lamps of 85.13,28898,7236843
85141100,Resistance heated furnaces and ovens : Hot isostatic presses,392,150301
85141900,Resistance heated furnaces and ovens : Excluding Hot isostatic presses,2816,5160594
85142000,Induction Or Dielectric Industrial Or Laboratory Furnaces And Ovens,13449,8890283
85143900,"Other furnaces and ovens , NES",5189,10298999
85144000,Industrial Or Laboratory Inductionor Dielectric Heating Equipment,238,8483310
85149000,"Parts Of Industrial Or Laboratory Furnaces And Ovens, Etc, Of 85.14",13103,15151891
85151100,Soldering Irons And Guns,10392,4721191
85151900,"Brazing Or Soldering Machines And Apparatus, Nes",19686,18979033
85152100,"Machines For Resistance Welding Of Metal, Fully Or Partly Automatic",715,1324531
85152900,"Machines And Apparatus For Resistance Welding Of Metal, Not Automatic",3706,4735986
85153100,"Machines For Arc (Incl. Plasma Arc) Welding Of Metals, Automatic",26226,13085585
85153900,"Machines For Arc (Incl. Plasma Arc) Welding Of Metals, Not Automatic",55379,31236665
85158000,"Machines And Apparatus For Welding/Spraying Of Metals, Nes",9826,11367938
85159000,"Parts Of Soldering, Brazing, Welding, Etc, Machines/Apparatus Of 85.15",46212,17427297
85161010,Solar water heater with insulated storage tank,14,64498
85161090,Other than water heater with insulated storage tank,255137,70024162
85162100,Electric Storage Heating Radiators,625,43549
85162900,"Electric space heating and soil heating apparatus, nes",34158,16727951
85163100,Electro-Thermic Hair Dryers,8949,5891905
85163200,"Electro-Thermic Hair-Dressing Apparatus, Etc (Excl. Dryers)",5407,2546985
85163300,Electro-Thermic Hand-Drying Apparatus,1339,1031969
85164010,Industrial Steam Iron,24484,14049499
85164090,"Other Electrical Smoothing Irons,Nes",1788,1007477
85165000,Microwave Ovens,13739,4537900
85166000,"Electric Ovens, Nes; Cookers, Cooking Plates, Boiling Rings, Grillers...",77290,34077024
85167100,Electro-Thermic Coffee Or Tea Makers,22991,10311823
85167200,Toasters,4279,3045253
85167910,"Electro-Thermic Domestic Appliances, Nes",83,27554
85167920,Mosquito/Insect killing bat,31148,15303047
85167990,"Electro-Thermic Domestic Appliances, Nes",154848,55076521
85168000,Electric Heating Resistors (Excl. Those Of 85.45),21764,16379616
85169000,Parts Of Electro-Thermic Appliances Of 85.16,697208,257774784
85171300,Smartphones,3440,52568842
85171400,Other telephones for cellular networks or for other wireless networks,29,60758
85171800,Telephone set for other wireless networks,23330,9616760
85176100,"Other apparatus for transmission or reception of voice, images or other data??b",47054,612687772
85176210,Transmitting and receiving apparatus,13457,161287018
85176220,Telephonic or telegraphic switching apparatus,4109,3050491
85176230,"Modem; Ethernet interface card; computer network switch, hub and router",288595,864384425
85176240,G.master clock; modulator; m.plexer; optical fiber platform; network mgmt. system,2570,131995924
85176250,"WI-FI WIMAX LAN Card Access point,Security Dev",3573,24984336
85176290,"Other reception, transmission app.(excl. modem, telephonic/telegraphic switch.",138838,549352669
85176900,Other telephone sets (excl. video phone ),4,432809
85177000,Parts,1540,12409632
85177900,Parts : NES,94200,1853479975
85181000,Microphones And Stands Therefor,38608,23574418
85182100,"Single Loudspeakers, Mounted In Their Enclosures",5885,2388041
85182200,"Multiple Loudspeakers, Mounted In The Same Enclosure",3679,1627613
85182900,"Loudspeakers, Not Mounted In Encloseurs",142156,156342102
85183000,"Headphones, Earphones And Combined Microphone/Speaker Sets",148055,54303314
85184000,Audio-Frequency Electric Amplifiers,6503,3181463
85185000,Electric Sound Amplifier Sets,67086,47516333
85189000,Parts Of Apparatus Of 85.18,49965,22217561
85192000,"Apparatus operated by coins, banknotes, bank cards, tokens ..other means of payment",0,1255
85193000,Turntables (record-decks) :,935,502296
85198120,"Other apparatus, Using magnetic, optical or semiconductor media, In CBU condit",34512,11309816
85198910,"Other Sound recording or reproducing apparatus, In CKD condition, nes",627,227359
85198920,"Other Sound recording or reproducing apparatus, In CBU condition, nes",76272,25511875
85211010,"Video Recording..Appa.,With/Without Video Tuner,Magnetic Tape-Type In Ckd",16,1692
85211020,"Video Recording..Appa.,With/Without Video Tuner,Magnetic Tape-Type In Cbu",52,20291
85219020,"Vdo Rcding./Reprod.Appa.,With/Without Vdo Tuner,Exc.Mag.Tape Type In Cbu",56005,22928786
85229010,OTHER APPARATUS OF THE HEADING 8519,20083,6402693
85229020,For apparatus of Heading 85.21,464,577118
85232100,Cards incorporating a magnetic stripe,15,176370
85232912,Database; os; dev tools; productivity; communication or collaboration soft.,32,21930
85232919,"Other recorded media excl. rec. from holy Quran, software, reproduction of spe",2,118994
85232990,Other Magnetic Media,0,1736
85234100,Optical media: Unrecorded,213,100819
85234921,Database; os; development tools; productivity; communication or collaboration soft.,0,26857
85234929,Optical media: Incorporating computer software,224,978448919
85234990,Other Optical media (EXCL. Unrecorded),4,215273
85235110,Flash memory card or similar media,1162,18206077
85235121,"Database,os, dev. tools, security software ms office internet ... presentation tools",0,134268966
85235129,Other software for automatic data processing machines,1,1233192
85235190,"Solid-state non-volatile storage devices, excl flash memory",83,116690214
85235200,Smart cards,13851,446758957
85235910,Proximity Cards and tags,14,69311
85235920,RFID TAG,180,4234778
85235990,Semiconductor media : Excl. Proximity Cards and tags,13,687268
85238010,Database; os; dev. tools; productivity; commn or collaboration soft.,0,45258334
85238020,Other software for automatic data processing machines,0,4828
85238090,Excl Database; os; dev. tools; productivity; commn or collaboration soft.,64,7790279
85241190,Flat panel display module Without drivers or control circuits :Of liquid crystals :,171,226684
85241290,Flat panel display modules ..:Of liquid crystals :Of organic light-emitting diodes,0,34570
85241910,LED panel of apparatus of Heading 85.28,8337,31641369
85241990,"Flat panel display modules, Without drivers or control circuits : NES",67,2280970
85249100,"Flat panel display modules, whether or not incorporating Of liquid crystals",9354,42437299
85249900,"Flat panel display modules, whether or not incorporating touch-sensitive screens,NES",67858,1566078799
85256020,Walkietalkie,2250,100061492
85256090,"Other Transmission apparatus incorporating reception apparatus(excl. aircraft,",219,4811401
85258110,High-speed goods as specified in Subheading Note 1 to this Chapter,4282,2573915
85258190,High-speed goods as specified in Subheading Note 1 to this Chapter,1618,6104577
85258210,"Other, radiation-hardened or radiation-tolerant goods as specified in Subheading Not2",47,1442318
85258290,"Other, radiation-hardened or radiation-tolerant goods as specified in Subheading Not2",5745,5023486
85258310,"Other, night vision goods as specified in Subheading Note 3 to this Chapter",799,3764673
85258390,"Other, night vision goods as specified in Subheading Note 3 to this Chapter",52,678803
85258900,"Flat panel display modules, whether or not incorporating touch-sensitive screens. NES",101524,166565368
85261000,Radar Apparatus,399,27466813
85269110,GPS Vehicle tracking system,602,3129620
85269190,Radio Navigational Aid Apparatus,103,1394547
85269200,Radio Remote Control Apparatus,14,2081934
85271200,Pocket-size radio cassette-players,1,99
85272100,Combined with sound recording or reproducing apparatus :,498,186568
85272900,"Radio receivers for motor vehicles, nes",8272,6291591
85279100,Combined with sound recording or reproducing apparatus :,45,32564
85279900,"Other sound record. or reproducing apparatus, nes, CBU",0,70488
85284900,"Other Cathode-ray tube monitors, excl. of a kind solely....used in an automati",37,6194083
85285210,Computer monitor size not exceeding 22 inch,170657,373905161
85285290,"Other Monitor, excluding Computer monitor size not exceeding 22 inch",18691,40025453
85285900,"Other Monitor, excl, of a kind solely or principally?.an automatic data proc..",19801,30580662
85286200,"Projector, Cpbl.of directly connecting…for use with auto data processing mchn, 8471",1363,5331889
85286900,"Other Projections, excl. of a kind solely or prin?.an automatic data proc..sys",8309,8163450
85287110,"Reception apparatus for television,?.,Not designed to incorporate a video disp",21663,14128683
85287190,"Reception apparatus for television,?.,Not designed to incorporate a video disp",5839,4275677
85287200,"Other Reception apparatus for television,.,Colour, CKD",8663,32868325
85287300,"Other, black and white or other monochrome",7977,3579738
85291000,Aerials And Aerial Reflectors Of All Kinds And Parts Thereof,441,793053
85299010,Parts of apparatus of Heading 85.27,1849,1087369
85299021,LED bulb with bar imported by VAT registered television manufacturing industry,7223,38485496
85299022,"Open Cell for use in manu of LCD,LED panel import by IND.IRC.VAT reg. TV manf. Ind",127063,880002448
85299023,Other Parts,317036,229432659
85299029,Parts of app. of 85.25-85.28 Excl. Imp. By VAT reg. TV Mfg. including TV card,1651,1631123
85299030,,39995,70833699
85299090,Parts Of Apparatus Of Heading No. 85.25 & 85.26,4159,2730183
85301000,Electrical Signalling... Equipment For Railways Or Tramways,4352,112569788
85308000,"Electrical Signalling... Equipment For Roads, Inland Waterways...",1674,1621119
85309000,"Parts Of Electrical Signalling Equipment For Railways, Etc, Of 85.30",163,36313341
85311000,Electrical Burglar Or Fire Alarms And Similar Apparatus,13011,100219557
85312000,ndicator panels incorp. liquid crystal devices (LCD) or light-emitting diodes (LED),3855,27017640
85318000,"Electrical Apparatus For Sound Or Visual Signalling, Nes",17930,20682904
85319000,Parts Of Apparatus Of 85.31,11176,13460603
85321000,Fixed Capacitors For 50/60 Hz Circuits Having Power Capacity >=0.5kvar,18028,17634526
85322200,Aluminium electrolytic,12714,6319192
85322300,"Fixed Electrical Capacitors Of Ceramic Dielectric, Single Layer",178,89299
85322500,Fixed Electrical Capacitors Of Dielectric Of Paper Or Plastics,39445,19700294
85322910,"Fixed electrical capacitors, nes, capacitors imp by VAT reg comp. manu.",18530,14314626
85322990,"Fixed electrical capacitors, nes, Excl capacitors imp by VAT reg comp. manu.",107918,150590421
85323000,Electrical Variable Or Adjustable (Pre-Set) Capacitors,20409,10297352
85329000,Parts Of Electrical Capacitors Of 85.32,9,5636
85331000,"Fixed Carbon Resistors, Composition Or Film Types",3536,1371897
85332100,Fixed Resistors For A Power Handling Capacity =<20w,175,1695367
85332900,Other Fixed Resistors For A Power Handling Capacity >20w,4209,33568451
85333100,Wirewound Variable Resistors For A Power Handling Capacity =<20w,1,6057
85333900,Wirewound Variable Resistors For A Power Handling Capacity >20 W,704,616590
85334000,"Variable Resistors, Nes (Incl. Rheostats And Potentiometers)",28979,25192189
85339000,"Parts Of Electrical Resistors, Rheostats And Potentiometers",37,300912
85340000,Printed Circuits,31392,128524312
85351000,"Fuses, >1000 V",406573,76392601
85352110,Automatic Circuit Breakers For A Voltage 1.0-72.5 Kv,8701,21265434
85352190,Automatic Circuit Breakers For A Voltage 1.0-72.5 Kv,27828,25508970
85352900,Automatic Circuit Breakers For A Voltage >72.5 Kv,70675,174933836
85353000,"Isolating Switches And Make-And-Break Switches, >1000 V",99463,54393546
85354010,Lightning arresters,407904,133734612
85354090,Excl. Lightning arresters,278,4804723
85359090,"Other Apparatus For Switching... Electrical Circuits, >1000 V, Nes",17035,27641751
85361000,"Fuses, =<1000 V",4666,7243881
85362000,"Automatic Circuit Breakers, =<1000 V",60474,86988234
85363010,"Apparatus For Protecting Electrical Circuits, Nes, =<1000 V",2717,3491485
85363090,"Apparatus For Protecting Electrical Circuits, Nes, =<1000 V",7910,10970135
85364100,Relays For A Voltage =<60 V,12918,8106742
85364910,Relays For A Voltage 60-1000 V,45,1594309
85364990,Relays For A Voltage 60-1000 V,55368,80650807
85365000,Other switches,59673,80482095
85366100,"Lamp-Holders, =<1000 V",6949,42394842
85366900,Other,8144,10220417
85366910,Plug terminal imp. by VAT reg. electric fan motor or water pump motor manf. Ind.,1,11437
85367000,"Connectors for optical fibres, optical fibre bundles or cables",19930,8343131
85369010,"Apparatus For Switching... Electrical Circuits, Nes, =<1000 V",9299,40549893
85369090,"Apparatus For Switching... Electrical Circuits, Nes, =<1000 V",69567,86448577
85371010,BUSBAR TRUNKING SYSTEM,165709,281856439
85371020,Electric panel,32959,125132154
85371090,Other,49050,213214261
85372000,"Boards...Equipped With Two/More Apparatus Of 85.35/85.36, Voltage > 1000v",276346,1732286106
85381000,"Boards... Desks, Cabinets And Other Bases For Goods Of 85.37, Not Equipped",150325,95221123
85389000,"Parts Of Apparatus Of 85.35 To 85.37, Nes",562486,708839016
85391000,Sealed Beam Lamp Units,25199,2765051
85392110,Tungsten Halogen Lomp For Use In Laboratories Or Operation Theatres,6,2054563
85392190,Other Tungsten Halogen Filament Lamps (Excl.Ultra-Violet Or Infra-Red)Nes.,644,959981
85392200,"Filament lamps of a power =<200w and of a voltage >100v, nes",52,28043
85392910,Indicator pilot lamp 6V-60V/5 Watt,8422,4524257
85392990,"Elec.filmnt.or discharge lamps,incl. sealed beam..excl.Indicator pilot lamp 6V-60V/5 wa",9281,4476726
85393110,Energy Saving Lamp having an output of light 3 times or more compared to normal fla.,36,396411
85393120,T5 tube light,2180,2154760
85393190,"Discharge Lamp other than Ultra-Violet Lamps, Fluorescent, Hot Cathode",1249,2849690
85393290,"Other Mercury Or Sodium Vapour Lamps; Metal Halide Lamps, Nes",11547,16287485
85393990,"Discharge Lamps, Not Ulta-Viilet Lamps,Mercury Or Sodium Vapour Lamps Nes.",677,797223
85394100,Arc-Lamps,108,1360476
85394990,Other Ultra-Violet Or Infra-Red Lamps Nes.,12292,23236704
85395100,Light-emitting diode (LED) light sources :,32201,18337344
85395200,Light-emitting diode (LED) light sources :Light-emitting diode (LED) lamps,58246,35819968
85399010,Base Cap For Lamps,29567,12559398
85399030,Of Light-emitting diode (LED) lamps,266344,167001358
85399090,"Parts For Filament Or Discharge Lamps,Excl.Aluminum Base Cap For Lamps,Nes",102805,43849746
85407100,Magnetrons,12608,8175135
85407900,"Microwave Tubes (Excl. Magnetrons, Klystrons And Grid-Controlled Tubes)",60,2451795
85408100,Receiver Or Amplifier Valves And Tubes,131,173646
85408900,"Other Valves And Tubes, Nes",105,6712072
85409900,Other Parts Of Tubes And Valves Of 85.40 (Excl.Parts Of Cathode-Ray Tubes),1245,401545
85411000,"Diodes, other than photosensitive or light-emitting diodes (LED)",13859,30899756
85412900,"Transistors (Excl. Phototransistors), With A Dissipation Rate >=1w",4038,16142399
85413000,"Thyristors, Diacs And Triacs, Other Than Photosensitive Devices",827,7168354
85414100,"Photosensitive semi-conductor devices, including....Light-emitting diodes (LED)",6767,22093406
85414200,Photovoltaic cells not assembled in modules or made up into panels,1,8768
85414300,Photovoltaic cells assembled in modules or made up into panels,1998466,763871224
85414900,"Other --- Photosensitive semi-conductor devices,..light-emitting diodes (LED) NES",11,1053533
85415100,"Other semi-conductor devices , Semiconductor-based transducers",12,1040132
85415900,Other semi-conductor devices : NES,80,50102
85416000,Mounted Piezo-Electric Crystals,78,20321112
85419000,Parts Of Devices Of 85.41,5308,3488667
85423110,"Processors & controllers, whet. or not comb.logic ckt, a, SIM module",208,39355274
85423120,Other module Imp by VAT Reg SIM card or smart card or Dig card manu,1290,47283099
85423200,Memories,1,25156
85423300,Amplifiers,17,2119993
85423910,"SIM card, TV",1,7512
85423990,"Electronic integrated circuits,nes",6683,3923517211
85429000,Parts,1458,2616831
85432000,Signal Generators,160,1168434
85433000,"Machines/Apparatus For Electroplating, Electrolysis Or Electrophoresis",11294,8684572
85437010,Remote control for electronic and electrical apparatus,21169,34685353
85437020,Electronic talking dictionary,15,378260
85437030,Electronic insects repelling devices,8953,10567985
85437040,Electric/Electronic access control,3163,1393045
85437090,"Other machines & appa., Excl. Remote control for electronic and electrical appa.",62019,108062867
85439010,Electronic Cigarattes and Similar personal electric vaporising device,10,3006
85439090,Parts excluding Electronic Cigarattes and Similar personal electric vaporising device,48167,21403806
85441100,Of copper,15781,24686769
85441910,Cotton Braided Electric Cables,16,19400
85441990,Other Winding Wire (Excl Wire Of Copper & Cotton Braided Electric Cables),113331,135203776
85442000,Co-Axial Cable And Other Co-Axial Electric Conductors,35920,45592450
85443000,"Ignition Wiring Sets And Other Wiring Sets For Vehicles, Aircraft...",56616,31490636
85444200,"Other electric conductors for a voltage not exceeding 1,000 V: Fitted with conn",248381,279263580
85444900,"Electric Conductors, Nes, For A Voltage <=80 V, Not Fitted With Connectors",848624,857158314
85446000,"Other electric conductors, for a voltage exceeding 1000V",1752392,2268570475
85447000,Optical Fibre Cables Made Up Of Individually Sheathed Fibres,90699,84470584
85451100,Carbon electrodes for furnaces,187802,65340809
85451990,"Carbon electrodes (excl. for furnaces), nes",119,786045
85452000,Carbon Brushes,3779,5797933
85459010,Crabon Block,27,13162
85459020,Carbon rod,20783,6764773
85459090,"Articles Of Graphite Or Other Carbon, Nes, For Electrical Purposes, Nes",4547,2764063
85462000,Ceramic Electrical Insulators,1999670,459733267
85469000,Electrical Insulators (Excl. Of Glass Or Ceramics),13601,35936681
85471000,Insulating Fittings Of Ceramics For Electrical Machines...,72464,5987963
85472000,Insulating Fittings Of Plastics For Electrical Machines...,3114,16009641
85479000,"Insulating Fittings, Nes, For Electrical Machines...; Conduit Tubing...",1456,2528855
85480000,"Electrical parts of machinery or apparatus, not specified or included elsewhere in th",3368,2223287
85493900,Other electrical and electronic assemblies and printed circuit boards : NES,1,49034
86050000,"Railway/Tramway Passenger Coaches, Not Self-Propelled; Luggage Vans...",560000,1634298504
86071900,"Axles, Wheels And Parts Of Bogies, Etc, Of Railway.. Locos/Rolling Stock",372,111916
86072100,"Air Brakes And Parts Thereof, Of Railway... Locomotives/Rolling Stock",6,21919
86079100,"Parts Of Railway Or Tramway Locomotives, Nes",8236,12179910
86079900,"Parts Of Railway Or Tramway Rolling Stock, Nes",3284,6748712
86090090,"Containers Specially Designed For Transport By One Or More Method, Nes",17070,6799486
87012100,With only compression-ignition internal combustion piston engn(diesel or semi-diesel,175600,81099080
87012900,Road tractors for semi-trailers : NES,12000,4885171
87019210,"Other Tracktor, of an engine power Exceeding 18 kW but not exceeding 37 kW",940198,473815845
87019310,"Other tracktor, of an engine power Exceeding 37 kW but not exceeding 75 kW",956522,486497509
87021030,"Built-Up,Having A Seating Capacity >15 but not exceeding 40,incl.the driver",10250,16370839
87021049,"Built-up, having a seating capacity not >15, incl. the driver, excl. human hauler",3580,3818905
87029011,"Built-up, Double Decker bus, Using CNG/LPG/LNG as fuel",20,12530
87029030,"Built-Up,Having A Seating Capacity exceeding 15 but not exceeding 40,incl Driver",7880,9125607
87029040,"Built-Up,having a seating capacity not exceeding 15,including the driver",515285,450333244
87031000,Vehicles specially designed for travelling on snow; golf cars and similar vehicles......,6810,5721686
87032121,"Recond. Motor cars & oth. vehicles; incl.stn.wagons,CBU, cylinder capacity not>1000 cc",650,512754
87032211,"Recond.Motor Cars & oth. Vehicles,incl.stn. wagons,CBU, cap.>1000cc,but=<1500cc",250082,227833039
87032221,"Other Motor Cars & Vehicles,incl.stn. wagons,CBU, cap.>1000cc,but=<1500cc",42087,52384673
87032331,"Recond. Motor Cars and oth. Vehicle, incl.stn. wagon,CBU, cap. >1600cc,but =<2000cc",127245,151560007
87032334,"Recond Ambulance fitted with essen. equp. passen cabin leng>9ft Cap >1600cc,<=2000cc",90597,72507864
87032336,"Recond. Microbus of a cylinder capacity exceeding 1800cc, , CBU",192620,177231303
87032341,"Other Motor Cars and oth. Vehicle, incl.stn. wagon,CBU, cap. >1600cc,but =<2000cc",4211,11255657
87032351,"Recond. Motor Cars and oth. Vehicle, incl.stn. wagon,CBU, cap. >2000cc,but =<3000cc",21770,24688307
87032361,"Other Motor Cars and oth. Vehicle, incl.stn. wagon,CBU, cap. >2000cc,but =<3000cc",11200,20755037
87032411,"Recond. Motor cars and oth.vehicles,incl. stn. wagon,CBU cap. >3000cc, <=4000cc",12235,12905039
87033241,"Oth. Motor cars & oth vehi.incl. stn..,CBU,cap.>1600cc, but<=2000cc",1950,11885812
87033311,"Recon.Cars & oth. vech,incl.stn. wagon,CBU,cap.>2500cc,but <=3000cc",2130,3989280
87034011,Of a cylinder capacity not exceeding 1800 cc,71990,121632293
87034012,Of a cylinder capacity not exceeding 1800 cc,1095030,1204635297
87034013,"Microbus, brand new , cyliner capacity not >1600CC",22050,33919782
87034014,"Microbus, Reconditioned, cyliner capacity not >1600CC",500794,562120067
87034021,"Motor cars & oth. vehicles, incl. stn wagons, CBU, brand new, cap. >1600CC, <2000CC",11082,23497160
87034022,"Motor cars & oth. vehicles, incl. stn wagons, CBU, recondition, cap. >1600CC, <2000CC",19950,23824067
87034031,"Motor cars & oth vehicles, incl. station wagons, CBU, brand new, >2000CC, = >2500CC",7395,20507244
87034032,"Motor cars & oth vehicles, incl. station wagons, CBU, Recond. , >2000CC, =<2500CC",104610,143494716
87034033,"Microbus, brand new, cylinder capacity >2000CC, but not >2500CC",6830,16824277
87034034,"Microbus, reconditioned, cylinder capacity >=2001CC, but not <=2500CC",22580,31802066
87036011,"Motor cars and oth vehicles, Inc. station wagons, CBU, Brand new,Capacity <1800cc",223635,293139916
87036021,"Motor cars and other vehicles, incl. stn. wagons, CBU, brand new , >1800cc, <=2000cc",6650,27187716
87036041,"Motor cars and oth vehicles, incl. station wagons, CBU,brand new,cap >2500 but<3000cc",2000,19938574
87038000,"Other vehicles, with only electric motor for propulsion",56390,103537336
87039011,"CNG operated 3 wheeled vehicle, 4 stroke engine,CBU",87048,43170654
87039013,Electric Battery operated 3 wheeled Vehicles,1409751,182481096
87042111,"Refer Van & Insulated Road Milk Tanker In Cbu, G.V.W Not >5 Tonnes",26820,18205916
87042114,"Double cabin pickup,CBU,min.4 doors of a cylinder capacity 2001cc-3000cc",2100,2411345
87042119,"Goods vehicles, with diesel or semi-diesel engines, gvw =<5tonnes, CBU, NES",761990,472175157
87042121,Truck and pickup in CKD condition,386012,257119620
87042211,Refrigeration Van in CBU,2440,2166894
87042214,Dumper/tipper in CBU,181230,77932434
87042219,"Goods vehicles, with diesel or semi-diesel engines, gvw 5-20tonnes, CBU, NES",202667,119027220
87042221,"Truck, Gvw >5 Toones, Not >20 Tonnes, Ckd",1478378,649414184
87042312,Truck having more than 2 axles in CBU,843384,309721843
87042313,Dumper/tipper in CBU,96388,32892091
87042319,"Goods vehicles, with diesel or semi-diesel engines, gvw >20tonnes, CBU, NES",15730,9309436
87043111,"Refer Van & Insulated Road Milk Tanker, Cbu, Gvw Not >5 Tonnes",960,546620
87043119,"Goods vehicles, with spark-ignition piston engines, gvw =<5tonnes, CBU, NES",7290,5341691
87046000,Other with only electric motor for propulsion,4320,3397028
87053000,Fire Fighting Vehicles,156,53540
87059090,"Special Purpose Motor Vehicles, Nes (Eg Breakdown Lorries, Etc)",207813,85731647
87060022,Chassis Fitted With Eng.Heading No.87.02 Buses For Having Seating Cap.>=40,364310,174095814
87060024,"Chassis fitted with engine,for the notor vehicles of heading 87.02 in CKD Condition",730828,345521428
87060029,"Chassis Fitted With Engines,For The Motor Vehicles Of 87.02, Nes",16800,7472329
87060035,"Chassis fitted with engines, ....For vehicle of a cylinder capacity =< 1600cc",10812,9288860
87060041,Ches.Fitt.With Eng.H.No.87.04 For Truck(Ex.Multi Axle Truck)Pickup&Del.Van,5150,1592004
87060043,Chassis fitted with eng. for motor vehic. 8704. in CKD,40500,34823809
87071000,Bodies (Incl. Cabs) For The Motor Vehicles Of 87.03,88837,54570339
87079041,"Bodies Including Cabs, For Trucks ( Excl. Multi Axle Trucks), Pickup",45228,24502785
87079049,"Bodies Incl. Cabs For The Motor Vehicles, Nes",132075,57015215
87079050,"Bodies Including Cabs, For The Motor Vehicles Of Heading Nos.87.05",10,6153
87081000,Bumpers and parts thereof,27453,15182316
87082100,Safety seat belts,737,571476
87082200,"Front windscreens (windshields),rear windows& oth win. specified in S.head Note 1 Ch",14867,7488536
87082900,"Parts and accessories of bodies (incl. cabs), nes",74813,48850495
87083000,Brakes and servo-brakes and parts thereof Excl. For tractors,280900,131800687
87084000,Gear boxes,235416,120631758
87085000,Drive-axles with differential,832625,321973069
87087000,Road wheels and parts and accessories thereof,57252,29711054
87088000,Suspension shock absorbers,224157,97389489
87089100,Radiators,38990,27080752
87089200,Silencers and exhaust pipes,18927,13684821
87089300,Clutches and parts thereof,131144,66705586
87089400,"Steering wheels, steering columns and steering boxes",21872,14251227
87089500,Safety airbags with inflater system; parts thereof,1816,2908236
87089900,"Parts and accessories, nes, for vehicles of 87.01 to 87.05",1110181,533308860
87091100,"Electrical vehicles, not fitted with lifting... equipment",2800,1393684
87099000,Parts Of Works Trucks Of 87.09,40,30684
87100000,Motorized Tanks And Other Armoured Fighting Vehicles And Parts Thereof,726,18131586
87112011,"Piston engine,capacity >50cc not >250cc,Motorcycle, in CBU with four-stroke engine",117720,162885640
87112021,"Piston Engine,Capacity >50cc not >250cc,Motorcycle,In CKD with four stroke engine",31682,12576320
87112031,Four Stroke Engine in CBU capacity 50-250cc,1980,1346667
87116000,"Motorcycles (including mopeds)...; side-cars., With electric motor for propulsion",95811,47511011
87119000,Other,938,216200
87120000,"Bicycles And Other Cycles, Not Motorized",6282,1044601
87131000,"Invalid Carriages, Not Mechanically Propelled",48587,17332893
87139000,"Invalid Carriages, Motorised Or Otherwise Mechanically Propelled",4739,1178843
87141010,"Parts and acce. Of Motorcycles, Saddles",564,401495
87141020,FUEL TANK OF MOTORCYCLE,189286,108398328
87141090,"Parts and acce. Of Motorcycles, EXCLUDING Saddles",2394874,1832633303
87142000,Parts And Accessories Of Invalid Carriages,14,6137
87149100,"Frames and forks, and parts thereof",75213,22284545
87149210,"Wheel Rims & Spokes Of Bicycles & Other Cycles, Not Motorised",14069,4146006
87149290,Wheel Rims & Spokes Of Bicycles & Other Cycles (Excl. Not Motorised),1075,542223
87149311,"Hubs, other Than Coaster Braking Hubs & Hub ... Free-wheel sprocket-wheels of bicycle",93654,25578589
87149319,"Hubs, other Than Coaster Braking Hub excluding Free-wheel sprocket-wheels of bicycle",4371,1149533
87149390,"Hubs,Other Than Coaster Braking Hubs & ....Of Bicycles (Excl.Not Motorised",15472,3934042
87149410,"Brakes,Including Coaster Braking Hubs & Hubs...Of Bicycles, Not Motorised",56624,17340585
87149490,"Brakes,Including Coaster Braking Hubs &..Of Bicycle (Excl.Not Motorised)",1388,1069304
87149510,"Saddles Of Bicycles & Other, Not Motorised",37741,9477304
87149590,Saddles Of Bicycles & Other (Excl. Not Motorised),5244,2223213
87149610,"Pedals & Crank-Gear Of Bicycles & Other, Not Motorised",125411,31791735
87149900,"Parts and accessories of cycles, nes",265336,77163107
87150000,Baby Carriages And Parts Thereof,36779,10038325
87163100,Tanker Trailers And Tanker Semi-Trailers,94024,54608359
87163900,"Trailers And Semi-Trailers For The Transport Of Goods, Nes",112200,32064645
87164000,"Trailers And Semi-Trailers, Nes",250,312193
87168000,"Vehicles, Not Mechanically Propelled, Nes",32691,2954203
87169000,"Parts Of Trailers, Semi-Trailers, Etc, Of 87.16",129617,26419319
88062200,"Oth,for rmt-ctrl.flight only: With maximum take-off weight>250g but <7 kg",87,868148
88073090,"Other parts of aeroplanes, helicopters or unmanned aircraft :",572,13756198
88079000,"Parts of goods of heading 88.01, 88.02 or 88.06.OTHER",19781,2414288591
89019030,VESEL CAPACITY >5000 DWT FOR REG. IN BD OPERATING IN OCEAN FOR AT LEAST 3 CONSE. YRS,19458000,2310229600
89039900,"Other Vessels For Pleasure Or Sports, Nes; Rowing Boats And Canoes",760,1367783
89059000,"Oth. Light Vessels, Fire-Floats, Floating Cranes, Etc, Nes",19600,9171769
89079000,"Oth.Floating Structures(Egtanks,Cofferdams,Landingstages,Buoys/Beacons)Nes",25211,14767458
89080000,Vessels and other floating structures for breaking up.,50087650,2555112191
90011010,Optical fibres and color optical fibres,4988,31621234
90011090,COLOR OPTICAL FIBRES EXCLUDING IMPORTED BY VAT REGISTERED OPTICAL FIBRE CABLE MFG.INDUS,241,396275
90013000,Contact Lenses,1598,736254
90014000,Spectacle Lenses Of Glass,516,518581
90015000,Spectacle Lenses (Excl. Of Glass),90388,36051483
90019010,Blanks And Demos Of Plastic,10882,3781066
90019090,"Oth. Prisms, Mirrors And Other Optical Elements, Unmounted, Nes",7796,30863064
90021100,"Mounted Objective Lenses, Of Any Material, For Cameras, Projectors, Etc",414,132305
90021900,"Mounted Objective Lenses, Of Any Material, Nes",1492,2021044
90029000,"Oth. Mounted Lenses, Prisms, Mirrors, Etc, Of Any Material, Nes",541,1512610
90031100,"Frames And Mountings For Spectacles, Goggles Or The Like, Of Plastics, TV",1425,3402763
90031900,"Frames And Mountings For Spectacles, Goggles Or The Like, Nes, TV",56,416592
90039000,"Other Parts Of Frames And Mountings For Spectacles, Goggles Or The Like",28499,8242628
90041000,"Sunglasses, TV",3244,4924216
90049000,"Spectacles, Goggles And The Like (Excl. Sunglasses), TV",4000,4418043
90051000,Binoculars,33,29431
90058000,Other Instruments (Excl. Binoculars) Such As Optical Telescopes,528,1447160
90059000,"Parts And Accessories (Incl. Mountings) Of Binoculars, Etc",1,2505
90063000,"Cameras For Underwater Use, For Aerial Survey, For Medical Purposes...",150,50857
90064000,Instant Print Cameras,1391,819410
90065900,"Cameras,Nes (Not Cine-)",3599,4873364
90066100,Discharge Lamp (Electronic) Flashlight Apparatus,1256,896460
90066900,"Photographic Flashlight Apparatus, Nes",42,12989
90069100,Parts And Accessories For Cameras (Not Cine-),4614,2239506
90069900,Parts And Accessories For Photographic Flashlight Apparatus,5989,1945766
90071010,Cameras For film of less than 16 mm width or for double-8 mm film:,38,14510
90079100,Parts And Accessories For Cinematographic Cameras,120,61367
90085000,"Projectors, enlargers and reducers",23,1555748
90089000,"Parts And Accessories Of Image Projectors, Photo Enlargers/Reducers",150,81714
90101000,Apparatus And Equipment For Automatically Developing Photographic Film,1350,2755527
90105000,"Oth Apparatus & Equipment For Photographic(& Cinema.)Labs,Nes;Negatoscopes",5307,5663321
90106000,Projection Screens,2083,1339840
90111000,Stereoscopic Microscopes,110,1458395
90112000,"Optical Microscopes, For Microphotography... Or Microprojection",44,3292658
90118000,"Other Optical Microscopes, Nes",12033,45228343
90119000,Parts And Accessories Of Optical Microscopes Of 90.11,15,25803
90121000,Microscopes (Excl. Optical Microscopes) And Diffraction Apparatus,2286,91146506
90131000,"Telescopic Sights For Fitting To Arms; Periscopes, Etc",20,14538
90132000,"Lasers, Other Than Laser Diodes",5951,2927662
90138010,"Optical devices, appliances and instruments, nes",803,112116
90138090,"Optical devices, appliances and instruments, nes",32,175352
90139010,"Parts And Accessories Of Lasers And Optical Devices, Nes, Of 90.13",5,57544
90139090,"Parts And Accessories Of Lasers And Optical Devices, Nes, Of 90.13",427,265293
90141000,Direction Finding Compasses,161,10634454
90148010,"Instruments And Apparatus For Navigation, Nes",60,719831
90148090,"Instruments And Apparatus For Navigation, Nes",620,25014804
90149000,Parts And Accessories Of Instruments And Apparatus For Navigation,88,1468945
90151000,Rangefinders,208,528938
90152000,Theodolites And Tacheometers,6,12325
90153000,Levels For Surveying,1978,1839050
90158090,"Other Instruments And Appliances For Meteorological... Purposes, Nes",14502,43939650
90159000,Parts And Accessories Of Surveying... Instruments/Apparatus Of 90.15,2753,132412356
90160000,"Balances Of A Sensitivity Of 5cg Or Better, With Or Without Weights",2368,27491325
90171000,"Drafting Tables And Machines, Wheather Or Not Automatic",711,436442
90172000,"Other drawing, marking-out or mathematical calculating instruments:",172850,34193258
90173000,"Micrometers, Calipers And Gauges",4983,7018173
90178010,Plotter,4059,8784457
90178090,Other Instruments,66123,10979595
90179000,Parts And Accessories Of Drawing/Measuring Instruments Of 90.17,223,221807
90181100,Electro-Cardiographs,2820,14870626
90181200,Ultrasonic Scanning Apparatus,16202,319176081
90181300,Magnetic Resonance Imaging Apparatus,25923,452508412
90181400,Scintigraphic Apparatus,4476,38358165
90181910,Other Electro-Diagnostic Apparatus Nes,4886,41731027
90181990,Other Electro-Diagnostic Apparatus Nes,2419,182338012
90182000,"Ultra-Violet Or Infra-Red Apparatus, For Medical, Surgical... Sciences",234,106658
90183110,"Empty prefilled glass/plastic syringes with needles,.. shield, plunger and stopper",63158,310112888
90183120,Portable infusion pump (syringe driver),293,786726
90183130,Plastic syringe with or without needles,12659,15880556
90183140,Auto disable syringe,4,612889
90183190,"Syringes, NES",4890,6095934
90183200,"Tubular Metal Needles And Needles For Sutures, For Medical... Sciences",9642,125709615
90183911,Infusion set with or without IV fluid bag,15181,15053018
90183912,Blood transfusion set,2447,6727484
90183913,Feeding tube,2022,1539087
90183914,IV cannulae,11258,26626762
90183915,Scalp vein set,8055,13624331
90183916,Suction catheter,400,619993
90183917,Blood Lancet,9690,3843523
90183918,Fistula Needle,24637,7778505
90183919,Infusion set with or without IV fluid bag,194,7792152
90183920,Insulin Pen/Insulin cartridge,5437,89277766
90183930,Urine drainage bag,30070,4810412
90183940,FISTULA NEEDLE,2370,3776936
90183950,Spinal needle,50,250502
90183990,"Other syringes, needles, catheters, cannulae and the like",168653,120650706
90184100,Dental Drill Engines......Equipments,1978,2597719
90184900,Instruments And Appliances Used In Dental Sciences (Excl. Drill Engines),40120,28551664
90185000,Other Ophthalmic Instruments And Appliances,6661,101538268
90189010,Biology Boxes,8912,3334075
90189020,Kidney Dialysis Machines/Baby Incubator,15779,68236470
90189030,"Angiographic catheter wire, guidy catheter wire....balloons, stents",4141,619160164
90189090,Other,215960,522814635
90191010,Mechano-Therapy Appliances,7553,11721373
90191020,Massage Apparatus,147167,55598345
90191090,Mechano-Therapy Appliances;Massage Apparatus;Psychological Appatatus Nes.,1363,1015495
90192010,Oxygen-Therapy And Artificial Respiration Apparatus Incld. Heart/Lung ....,3428,28268534
90192090,"Ozone Therapy,Oxygen Therapy,Aerosol Therapy,Respiration Apparatus Nes.",127110,91120435
90200000,Other Breathing Appliances And Gas Masks,20749,8540447
90211000,ORTHOPAEDIC OR FRACTURE APPLIANCES,9500,18497693
90212100,Artificial Teeth,552,603957
90212900,Dental Fittings (Excl. Artificial Teeth),88,4831698
90213100,ARTIFICIAL JOINTS,2500,50244073
90213900,"OTHER ARTIFICIAL PARTS OF THE BODY, EXCLUDING ARTIFICIAL JOINTS",2146,238984518
90214000,Hearing Aids (Excl. Parts And Accessories),1707,54278903
90215000,Pacemakers For Stimulating Heart Muscles (Excl. Parts And Accessories),134,27032795
90219010,Heart Valve,13,3641058
90219090,Other Parts And Accessories Of Articles And Apparatus Of 90.21 Nes,413,259266
90221200,"Computed Tomography Apparatus,Based On The Use Of X-Rays",8509,81756419
90221300,"Apparatus Based On The Use Of X-Rays,Nes, For Dental Uses",1929,17915229
90221400,"Apparatus Based On Use Of X-Rays,Nes,For Medical/Surgical/Veterinary Uses",27125,108944453
90221900,"Apparatus Based On The Use Of X-Rays, Nes",3633,19689871
90222100,"Apparatus Of Alpha, Beta Or Gamma Radiations For Medical... Uses",14938,559873062
90223000,X-Ray Tubes,469,46425844
90229000,"X-Ray Generators..., Screens..., Parts And Accessories Of 90.22",1287,30602563
90230000,"Instruments, Apparatus And Models Designed For Demonstrational Purposes",10060,20055938
90241000,"Machines/Appliances For Testing The Hardness, Strength... Of Metals",181,4870452
90248010,Other Machines/Appliances For Testing... Materials (Excl. Metals),66,390604
90248090,Other Machines/Appliances For Testing... Materials (Excl. Metals),18481,172112167
90249000,Parts And Accessories Of Machines For Testing... Materials Of 90.24,15,275233
90251100,"Thermometers/Pyrometrs,Not Comb.With Other Instrs,Liquid,For Direct Readng",1628,1370089
90251900,"Thermometers/Pyrometrs,Not Comb.With Other Instrumts,Not Liquid-Filled Nes",3587,19529757
90258000,"Oth.Instruments Hydrometers,Pyrometers, Hygrometers, Etc, And Combinations",8615,68171612
90259000,"Parts And Accessories Of Hydrometers... Thermometers, Etc, Of 90.25",6180,7011747
90261000,"Instruments... For Measuring/Checking The Flow Or Level Of Liquids, Nes",37081,81446933
90262000,Instruments... For Measuring Or Checking Pressure,11072,27609873
90268000,Oth.Instruments... For Measuring Or Checking Variables Of Liquids Or Gas,6241,41382466
90269000,Parts And Accessories Of Instruments For Measuring Flows... Of 90.26,158,1166763
90271000,Gas Or Smoke Analysis Apparatus,273,6972428
90272000,Chromatographs And Electrophoresis Instruments,2488,133083968
90273000,"Spectrometers, Spectrophotometers... Using Optical Radiations",1747,134351799
90275000,"Instruments And Apparatus Using Optical Radiations, Nes",816,3315954
90278100,Other instruments and apparatus : Mass spectrometers,610,14632024
90278900,"Other instruments and apparatus, OTHER Excl. Mass spectrometers",54336,501327840
90279000,Parts And Accessories Of Instruments For Analysis Of 90.27,2135,55044375
90281000,Gas Meters,9632,6976098
90282000,Liquid Meters,23,37729
90283010,Kilowatt-Hour Meter,13739,27464417
90283020,"Pre-payment, programmable m.function elec. programmable multitariff elec. kwh meter",14336,49823630
90283090,Electricity Meters Nes.,1250,2645021
90289010,"Gas, Liquid & Electricity Meters, Of Kilowatthour meter",76121,77028021
90289020,"Parts of prepayment kwh meter prgrmble,multifuction,kwh mtr,prgmble multitrf,kwh",49058,42891647
90289090,"Gas, Liquid & Electricity Meters, Excl. Kilowatthour meter",832,7494689
90291010,Fare Meters For Exclusive Use In Taxicabs Or Auto Rickshaws,76,59180
90291090,"Revolution Or Producton Counters,Taximeters,Mileometers,Pedometers, Nes",664,2912407
90292000,Stroboscopes; speed indicators and tachometers,44852,55031703
90299000,"Parts And Accessories Of Revolution Counters, Etc, Of 90.29",6332,3559447
90301000,Instruments And Apparatus For Measuring Or Detecting Ionising Radiations,1815,44195324
90302000,Cathode-Ray Oscilloscopes And Cathode-Ray Oscillographs,436,1430159
90303100,Multimeters,12429,6655138
90303200,"Other inst and appt, for measr or chking volt, cur., resis.or power : Multim.",1057,1007889
90303300,"Other inst and appt, for measr or chk volt, cur., resis.or power : Multim. wit",35284,12148517
90303900,"Instruments... For Measu./Check. Volt.,Current, with a recoding device",1376,9205151
90304000,Measuring/Checking Instruments/Apparatus For Telecommunications,316,23465714
90308400,Other instruments & apparatus with a recording device,1,607421
90308900,"Instruments... For Measuring/Checking Electronic Gain Etc, Nes",3950,7918143
90309000,Parts/Accessories Of Electrical... Measuring... Instruments Of 90.30,388,242659
90311000,Machines for balancing mechanical parts,254,102738
90312000,Test Benches,2514,23793199
90314100,Instruments For Inspecting Semiconductor Wafers/Devices/Photomasks/Reticls,0,2129
90314900,"Optical Instruments And Appliances For Measuring Or Checking, Nes",4115,23230915
90318000,"Instruments, Appliances And Machines For Measuring Or Checking, Nes",54202,232334287
90319000,"Parts And Accessories Of Measuring Instruments... Nes, Of 90.31",892,22250971
90321000,Thermostats,37596,87699334
90322000,Manostats,1060,609106
90328100,"Automatic Regulating... Instruments/Apparatus, Hydraulic Or Pneumatic",5146,3913169
90328900,"Automatic Regulating Or Controlling Instruments And Apparatus, Nes",133643,107200777
90329000,Parts And Accessories Of Automatic Regulating Devices Of 90.32,224,2531536
90330010,"Parts And Accessories, Nes, For Machines, Appliances, Etc, Of Chapter 90",3,27480
90330090,"Parts And Accessories, Nes, For Machines, Appliances, Etc, Of Chapter 90",40925,194471199
91011190,"Wrist Watches, Electrically Operated (Excl.Use For Blind/In Ckd Condition)",3,8490
91011910,"Other Wrist Watches, Specially Designed For The Use Of Blind",4,431714
91011990,Other Wrist Watches (Excl.Ckd Condition & Not For The Use Of Blind),2806,6778489
91019990,"Other Pocket Watches, Etc(Excl. Wrist), Nes, Of Precious Metal",1133,1921280
91021110,"Wrist Watches, With Mechanical Display Only, Spec.Designed For Blind",2,24676
91021190,"Other Wrist Watches,Mechanical Display(Ex.Use For Blind,Ckd Condition)",5691,73150233
91022190,"Wrist Watches,With Automatic Winding (Excl.Ckd, Not Use For Blind)",89,71837
91022990,"Wrist Watches,Not Electronic Operated/Automatic Winding,Nes",23951,28621416
91029990,"Other Pocket Watches, Etc, Nes",5906,7382991
91039000,Clocks With Watch Movements (Excl. Electrically Operated),127,668468
91040090,Instrument Panel Clocks Other Than Use In Aircraft/Helicopter,20,7514
91051100,"Alarm Clocks, Electrically Operated",71,103375
91051900,Alarm Clocks (Excl. Electrically Operated),26687,7307357
91052100,"Wall Clocks, Electrically Operated",7232,909075
91052900,Wall Clocks (Excl. Electrically Operated),29612,5363351
91059100,"Other Clocks, Nes, Electrically Operated",946,1211982
91059900,"Other Clocks, Nes (Excl. Electrically Operated)",1156,840644
91061000,Time-Registers; Time-Recorders,48,15154
91069000,"Other Apparatus For Indicating Time, Nes",3702,880956
91070000,Time Switches With Clock Or Watch Movement Or With Synchronous Motor,270,95950
91081100,"Electrically Operated Watch Movements, With Mechanical Display Only",229,193389
91089000,"OTHER WATCH MOVEMENTS,COMPLETE AND ASSEMBLED,EXCLUDING 33.8MM OR LESS",5832,5197064
91099000,"Clock Movements, Complete And Assembled, Nes",6540,1827252
91109000,"Complete (Unassembled), Incomplete And Rough Clock Movements",40,25051
91112000,Watch Cases Of Base Metal (Incl. Plated),50,31310
91118000,"Watch Cases, Nes",52,26050
91119000,Parts Of Watch Cases,1608,336616
91131000,"Watch Straps, Bands And Bracelets, And Parts Thereof, Of Precious Metal",131,164076
91132000,"Watch Straps, Bands And Bracelets, And Parts Thereof, Of Base Metal",168,96434
91139000,"Watch Straps, Bands And Bracelets, And Parts Thereof, Nes",115042,27946578
91149000,"Clocks Or Watch Parts, Nes",435,897588
92011000,Upright Pianos,246,420490
92012000,Grand Pianos,548,1328484
92019000,"Other Automatic Pianos, Harpsichords And Other Keyboard Instruments, Nes",679,1312862
92021000,String Musical Instruments Played With A Bow,56,10520
92029000,"Other String Musical Instruments, Nes",7577,4461683
92059000,"Wind musical instruments, (EXCL. Brass-wind instruments)",1114,243612
92060000,"Percussion Musical Instruments (Eg Drums, Xylophones, Cymbals, Etc)",1069,499400
92071000,Keybrd.Instrmnts.With Elec.Produced Or Amplified Sound Oth.Than Accordions,1805,761215
92079000,"Oth.Musical Instruments,Nes,With Electrically Produced Or Amplified Sound",4399,2022612
92093000,Musical Instrument Strings,255,151766
92099200,Parts And Accessories For The Musical Instruments Of 92.02,432,273049
92099900,"Parts And Accessories Of Other Musical Instruments, Nes",8150,3606670
93020010,"Arms Forming Part Of The Regular Uniform Of BD.Armies,NAVY,Air Forces & Foreign Armies..",15,337182
93040090,"Other Arms(Eg Spring,Air Or Gas Guns&Pistols,Truncheons)",443,126504
93059900,OTHER MILITARY WEAPONS EXCLUDING HEADING 9301,619,9944639
93062100,Cartridges For Shotguns,8020,27327005
93069000,"Bombs, Grenades, Torpedos, Mines, Missiles And Similar Munitions, Etc",13472,335741391
94012010,SEATS OF KIND USED FOR MOTORCYLE,39203,22699532
94012090,SEATS OF KIND USED FOR OTHER THAN MOTORCYCLE,29129,30311148
94013900,Swivel seats with variable height adjustment :OTHER,14280,5858503
94014900,"Seats other than garden seats or camping equipment, convertible into beds : OTHER",3,1879
94015200,"Seats of cane, osier, bamboo or similar materials : Of bamboo",15,5637
94016100,"Upholstered Seats, With Wooden Frames",11686,6386548
94016900,"Seats With Wooden Frames, Not Upholstered",13571,6647159
94017100,"Upholstered Seats, With Metal Frames",3191,1262805
94017900,"Seats With Metal Frames, Not Upholstered",13417,5628753
94018000,"Seats, Nes",40727,19988973
94019100,"Seats (Other Then 94.02) Whether or not cnvrt. into beds, and parts :Parts: of wood",22,5456
94019900,"Seats (Other Then 94.02) Whether or not cnvrt. into beds, and parts :Parts : others",178895,67847087
94021000,"Dentists', Barbers' or similar chairs and parts thereof",35255,13289946
94029010,Hospital Beds,79493,37613134
94029090,"Medical,Surgical Or Veterinary Furniture & Parts Therof (Exc Hosopital Bed",45832,43890617
94031000,Metal Furniture Of A Kind Used In Offices (Excl. Seats),5003,2096432
94032010,Other metal furniture specially design to receive apparatus of heading 84.71 and,9168,4012945
94032030,Cutting table of kind used with cutting machine,2393,884696
94032090,Other metal furniture EXCL.specially design to receive apparatus of heading 84.7,42275,22964625
94033000,Wooden Furniture Of A Kind Used In Offices (Excl. Seats),10984,4682587
94034000,Wooden Furniture Of A Kind Used In The Kitchen (Excl. Seats),8833,3302683
94035000,Wooden Furniture Of A Kind Used In The Bedroom (Excl. Seats),41099,18473047
94036010,Furniture of a kind used in pharmaceutical laboratory,3015,1184853
94036090,"Wooden Furniture, Nes",11147,4939851
94037000,Furniture (Excl. Seats) Of Plastics,21791,9262387
94038900,"Furniture of other material, including cane,osier or similar materials: Excl b",20533,8184798
94039100,"Others Furniture and Parts Thereof :Parts, of wood",387,142216
94039900,"Others Furniture and Parts Thereof :Parts, OTHERS",6277,2405210
94041000,Mattress Supports,825,384275
94042100,Mattresses Of Cellular Rubber Or Plastics,1904,1000043
94042900,"Mattresses Of Other Materials, Nes",1924,1045807
94043000,Sleeping Bags,2688,167422
94044000,"Quilts, bedspreads, eiderdowns and duvets (comforters)",40113,15189816
94049000,"Articles Of Bedding, Stuffed, Etc (Excl. Mattresses And Sleeping Bags)",37345,12120757
94051100,Designed for use solely with light-emitting diode (LED) light sources,5162,4220421
94051900,"Designed for use solely with light-emitting diode (LED) light sources,NES",8060,16465478
94052100,Designed for use solely with light-emitting diode (LED) light sources,2922,2139265
94052900,"Electric table, desk, bedside or floor-standing luminaires ,OTHER",6448,4104893
94053900,"Lighting sets of a kind used for Christmas trees,OTHER",7350,3839660
94054090,"Other Elec. Lamps & Lighting Fittings, Nes",3026,1996722
94054110,"Photovoltaic, dsgn. use solely with light-emitting diode (LED) light sources",29082,16522247
94054190,"Photovoltaic, dsgn. use solely with light-emitting diode (LED) light sources",2010,3487095
94054200,"Oth.elec.lum. &..Other, designed for use solely light-emitting diode (LED) light sour",10108,10422317
94054910,Shadowless operation lamps,10338,14926893
94054920,Energy saving light with balast and fittings,69,47630
94054990,"Other electric luminaires and lighting fittings,NES",47697,47629445
94055090,"Non -Electrical Lamps & Lighting Fitting, Nes.",11441,7298196
94056100,Designed for use solely with light-emitting diode (LED) light sources,65,242466
94056900,"Illuminated signs, illuminated name-plates and the like,OTHER",1025,1207688
94059100,Glass parts for lamps and lighting fittings etc of glass,6858,3362636
94059200,Luminating and lighting fittings including searchlights .........Parts of Plastic,42911,17366261
94059900,"Parts, NES",151110,62489351
94062000,"Modular building units, of steel",211630,79209541
94069010,"Prefabricated Buildings,,,, SANDWICH PANEL WITH OR WITHOUT cold room fac.",776577,583274237
94069090,Prefabricated buildings. nes,6941,5429077
95030010,Puzzles,6414,3316785
95030090,"Tricycl, scotr, pedal car and simlr whel toy; dolls? carg..Excl puzzles",369273,203079883
95042000,Articles and accessories for Billiard of all kinds,2662,1011678
95043000,"Other games, operated by coins, banknotes, bank cards,...of payment, other than..equip.",2694,1012290
95044000,Playing Cards,54314,24167528
95045000,"Video game consoles and machines, other than those of subheading 950430",597,321321
95049000,"Articles for funfair, table or parlour games, nes",9316,3497340
95051000,Articles For Christmas Festivities,2794,1633328
95059000,"Festive, Carnival Or Other Entertainment Articles, Nes",181564,46121500
95061900,"Snow-Ski Equipment, Nes",25,14849
95062900,"Water-Skis, Surf-Boards And Other Water-Sport Equipment",1055,1613420
95063100,"Golf Clubs, Complete",1558,488691
95063200,Golf Balls,4865,2095166
95063900,"Golf Equipment, Nes",714,279131
95064000,Articles and equipment for table-tennis:,2565,633684
95065100,"Lawn-Tennis Rackets, Wheather Or Not Strung",1725,1015904
95065900,"Other Tennis Or Similar Rackets, Nes",168749,61116833
95066100,Lawn-Tennis Balls,69765,13395744
95066200,Inflatable Balls,93159,36711462
95066900,"Balls (Excl. Golf, Table-Tennis, Tennis And Inflatable)",11497,4579336
95067000,Ice Skates And Roller Skates,13928,3340243
95069100,"Articles And Equipment For General Physical Exercise, Gymnastics/Athletics",290362,83432307
95069900,"Other articles and equipment for sport and open-air games, nes",53745,26409487
95071000,Fishing Rods,4167,1703217
95072000,"Fish-Hooks, Wheather Or Not Snelled",10686,4882251
95073000,Fishing Reels,4885,1994413
95079000,"Line fishing tackle, fish landing nets, butterfly and similar nets...",2124,941895
95082200,"Carousels, swings and roundabouts",274,102829
95082600,Water park amusements,43074,16186640
95082900,Other,2931,1115638
95083000,Fairground amusements,1120,751507
96019000,"Worked Bone, Tortoise-Shell, Horn... And Articles Thereof, Nes",14220,4328192
96020010,Gelatin Capsules (Empty),59555,238297474
96020020,"Worked Vegetable Or Mineral......Wax,Sterlin,Nes (Excl.Gelatin Capsules)",6048,58483417
96031000,"Brooms And Brushes, Of Twigs Or Other Vegetable Material Bound Together",6767,1204978
96032100,Tooth Brushes Including Dental-Plate Brushes,20196,22486825
96032900,"Oth. Brushes For Shaving, Hair, Nail, Eyelash, Toilet Brushes",14835,3686174
96033000,"Artists', Writing Brushes And Brushes For The Application Of Cosmetics",21387,5952987
96034000,"Paint, Distemper, Varnish Or Similar Brushes; Paint Pads And Rollers",101648,22395061
96035000,"Brushes Constituting Parts Of Machines, Appliances Or Vehicles, Nes",36723,22495500
96039000,"Hand-Operated Floor Sweepers, Mops, Feather Dusters, Etc, Nes",624465,29237859
96040010,Hand Sieves For Use In Laboratories,208,51871
96040090,Other Hand Sieves And Hand Riddles Nes.,60,1384338
96050000,"Travel Sets For Personal Toilet, Sewing Or Shoe Or Clothes Cleaning",381,140396
96061000,"Press-Fasteners, Snap-Fasteners And Press-Studs And Parts Therefor",4331,1383908
96062100,"Buttons Of Plastics, Not Covered With Textile Material",23267,7202569
96062200,"Buttons Of Base Metal, Not Covered With Textile Material",41461,11058280
96062900,"Oth. Buttons, Nes",80611,22155635
96063000,Button moulds and other parts of buttons; button blanks:,18303,5615734
96071100,Slide Fasteners Fitted With Chain Scoops Of Base Metal,13571,4803349
96071900,Slide Fasteners Not Fitted With Chain Scoops Of Base Metal,331366,85764901
96072000,Slide Fastener Parts,47996,12454221
96081000,Ball-Point Pens,2744,3544956
96082000,Felt-Tipped And Other Porous-Tipped Pens And Markers,106482,35857703
96083000,"Fountain pens, stylograph pens and other pens",73137,31160541
96084000,Propelling Or Sliding Pencils,1127,373124
96085000,Sets Of Articles From Two Or More Of The Subheadings,1157,1100255
96086000,"Refils For Ball-Point Pens, Comprising The Ball-Point And Ink-Reservoir",167,196852
96089100,Pen nibs and nib points,12,16339
96089910,Ball Points For Ball Point Pen,15179,82716027
96089990,"Duplicating Stylos; Pen/Pencil Holders; Parts Of Pens, Nes",9426,2954067
96091000,"Pencils And Crayons, With Leads Encased In A Rigid Sheath",162427,43177915
96092000,"Pencil Leads, Black Or Coloured",7441,1871832
96099090,"Crayons, Nes; Drawing Charcoals And Chalks (Incl. Tailors'Chalks) Nes.",42414,9563260
96100010,"Unframed Slates With Writing Surface Only, Thickness not exceeding 5 mm",5719,1111983
96100090,"Other Slates And Boards, With Writing Or Drawing Surfaces Nes",40615,7725902
96110000,"Date, Sealing Or Numbering Stamps, Etc, For Use In The Hand....Sticks",11034,3083166
96121010,Ribbons (Computer Printers Ribbons),16191,12269165
96121090,Other Ribbons(excl.computer printer ribbons),4117,12201309
96122000,Ink-Pads,3679,681000
96131000,"Pocket Lighters, Gas Fuelled, Non-Refillable",457,51052
96132000,"Pocket Lighters, Gas Fuelled, Refillable",3583,760792
96138000,"Other Lighters, Nes",3386,1191222
96139000,Parts Of Lighters (Excl. Flint And Wicks),114620,50150363
96140000,"Smoking pipes (including pipe bowls) and cigar or cigarette holders, and parts",104,32603
96151100,"Combs, Hair-Slides And The Like Of Hard Rubber Or Plastics",23916,5956926
96151900,"Combs, Hair-Slides And The Like Of Other Materials, Nes",253505,57615950
96159000,"Hairpins; Curling Pins, Curling Grips, Etc, And Parts Thereof",97723,23007585
96161000,"Scent Sprays And Similar Toilet Sprays, And Mounts And Heads Therefor",55516,21166372
96162000,"Powder-Puffs And Pads For The Application Of Cosmetics, Etc",11477,4015555
96170000,"Vacuum Flasks, Etc, Complete With Cases; Parts Thereof(Excl. Inners)",129500,48543778
96180000,"Tailors' Dummies, Etc; Automata And Other Animated Displays",7040,2967838
96190000,"Sanitary towels (pads) and tampons, napkins and napkin liners for babies and similar",76674,22246635
96200000,"Monopods, bipods, tripods & similar articles",54457,10159241
97012100,"Of an age exceeding 100 years : Painting, drawings and pastels",583,163887
97019100,"Painting, drawings and pastels",554,251363
97019900,"Other,nes",67,45668
97039000,"Original sculptures and statuary, in an material, NES",22077,6109151
97069000,"Antiques of an age exceeding 100 years,NES",159,70392
98010032,"Goods treated as ""Baggage"" Air cond.machine; Split Type UPTO 18000 BTU",50,7367
98010034,"Goods treated as ""Baggage"" Regregerator or Freezers",140,5000
98010039,Air cond.machine; refrigerators or freezers; dish washer/washing machine/clothd Dryer,132,6555
98010041,Music(4/8spkr)/Home theater/CD/VCD/DVD/LD/MD/ Blue redisk set,240,1228
98010052,"Plasma, LCD, TFT, LED and similar technologis TV 30 inch to 36 inch",20,10000
98010053,"Plasma, LCD, TFT, LED and similar technologis TV 37 inch to 42 inch",32,15000
98010090,"Goods treated as ""Baggage"" - Chandeliers (Jharbatti)",20,4900
