hscode,description,net_wt_kg,assess_value_bdt,invoice_value_bdt
01051110,Fowls Of The Species Gallus Domestic(Parent Stock One Day Chick),12955,787116293,1012943678
01061900,"MAMMALS, NES",35,127918,130489
01063900,OTHER BIRDS,327,1220068,7243390
01069000,"OTHER LIVE ANIMALS, NES",56,128880,363119
03011100,"Ornamental fish, Freshwater",38,111451,119034
03019110,"Live Trout(Salmo Trutta,Onc'Ync'Mykiss,Clarki,Ag'Ab'Ta,Gilae,Apach.) fry",13,10548191,10830312
03021490,Atlantic salmon (Salmo salar) and Danube salmon (Hucho hucho) EXCL. Wrapped/canned up,1272,1825929,2388934
03021990,"Fish...ruhi,katla,......,pangash, karp & alike, excl. wrapped/canned upto 2.5kg Other",1018424,64797783,138697814
03023190,"Fresh Or Chilled Albacore Or Longfinned Tunas(Excl.Livers & Roes),nes",21,10310,10332
03024310,"Sardines ( Sardina pilachardus), sardinella (Sardinella spp), brisling . sprattus)Wr",63,9083,48076
03024390,"Sardines ( Sardina pilachardus), sardinella (Sardinella spp), brisling . sprattus) E",17,2946,12770
03028490,"Seabass (Dicentrarchus spp), EXCL. Wrapped/canned upto 2.5 Kg",61,4173,60696
03028919,Hilsha fish (EXCL.wrapped/canned upto 2.5 kg),9198,1674004,2303262
03032490,"Other Catfish (Pangasius spp, Silurus spp, Clarias spp, Ictalurus spp)",16820,1858088,1884009
03032610,"Eels (Anguilla spp), Wrapped/canned upto 2.5 Kg",21,15613,15926
03032990,"Fish frozen.. Excl. wrapped/canned upto 2.5kg ruhi, katla,..,karp and alike Other",18550,2049199,2283404
03034390,"Frozen Skipjack Or Stripe-Bellied Bonito(Excl.Livers & Roes),nes",63017,6579352,7067696
03035190,"Herrings (Clupea harengus,Clupea pallasii), NES",231030,23754668,25881529
03035490,"Mackerel (Scomber scombrus, Scomber australasicus, Scomber japonicus), EXCL. Wrapped/can",244700,21621039,27435093
03035590,Other Jack and horse mackerel (Trachurus spp),238350,21421480,26742595
03035990,Wrapped/canned upto 2.5 kg,153268,37337113,38150213
03038390,"Toothfish (Dissostichus spp), EXCL. Wrapped/canned upto 2.5 Kg",54,6137,40264
03038990,"Other fish, excluding livers and roes :",2185969,209788632,318914176
03046290,"Catfish (Pangasius spp, Silurus spp, Clarias spp, Ictalurus spp), EXCL. Wrapped/canned u",35196,5795232,6570316
03048690,"Herrings (Clupea harengus, Clupea pallasii), EXCL. Wrapped/canned upto 2.5 Kg",26,2578,26041
03048790,"Tunas (of the genus Thunnus), skipjack or stripe-bellied bonito...pelamis), EXCL. Wrappe",64,14729,63605
03048990,"Tunas (of the genus Thunnus), skipjack or stripe-bellied , NES, EXCL.Wrapped/canned upto",17,4173,17027
03055290,"Tilapias (Oreochromis spp.), catfish (Pangasius spp., Silurus spp., Clarias spp., Ict",4650,989123,1446357
03055490,"Herrings (Clupea harengus, Clupea pallasii), anchovies (Engraulis spp.), sardines (Sa",12,3682,3707
03055990,"OTHER DRIED FISH(EXCL.COD),NES",844130,107069745,213644703
03063610,Other shrimps and prawns,100,20300078,23214533
03072110,"Scallops, Live, Fresh Or Chilled Wrapped/Canned Upto 2.5kg",4,3928,4006
03072190,"Scallops, Live, Fresh Or Chilled,Nes",10,2455,10016
03073190,"Mussels, Live, Fresh Or Chilled,Nes",20,4910,20032
03074310,"Cuttle fish and squid , Frozen, Wrapped/canned upto 2.5 kg",10000,2135733,2177905
03075110,"Octopus Live, Fres Or Chilled, Wrapped/Canned Upto 2.5kg",9,6923,7061
04011010,"Milk And Cream Of <=1% Fat,Not Concentrated Or Sweetened, Wrapped/Canned upto 2.5 kg",2681,329021,334126
04011090,"Milk And Cream Of <=1% Fat,Not Concentrated Or Sweetened, Nes",4045,1712340,2341235
04012010,"Milk & Cream Of>1%But<=6%Fat,Not Concentrated Or Sweetened,Wrap./Cann. upto 2.5 kg",41994,4450794,5298810
04012090,"Milk & Cream Of >1%But<=6% Fat,Not Concentrated Or Sweetened, Nes",4,2455,2468
04015010,"Milk & cream ..added sugar or ..Of a fat content, by weight, >10%, Wrapped./Canned upto",540,185588,188454
04021090,Other,5833800,1737661296,1781330304
04022190,Other,12857400,5225028813,5331076867
04022910,Milk&Cream In Powder Forms >1.5% Fat Sweet Or Conc. In Ret.Pk.=<2.5kg,660,303683,351097
04029900,Sweetened Milk And Cream (Excl. In Solid Form),4918,328495,333419
04032000,yogurt,17,3222,14554
04039000,"BUTTERMILK, CURDED MILK AND CREAM.., EXCL. YOGURT",16050,1895015,2256902
04041000,Whey imported by food processing industry,150000,18227380,18668089
04049000,"Products Consisting Of Natural Milk Constituents, Nes",824975,121934159,124869110
04051000,Butter,13072,6593207,7622227
04052000,Dairy Spreads,2452,1012244,1342451
04059000,Fats And Oils Derived From Milk (Excl. Butter And Dairy Spreads),17395,13879155,14168284
04061000,"Fresh (Unripened Or Uncured)Cheese, Including Whey Cheese And Curd",1485,710868,721850
04062000,Grated Or Powdered Cheese,5805,5615893,6909321
04063000,"Processed Cheese, Not Grated Or Powdered",8191,5070015,5171507
04064000,Blueveined cheese and other cheese containing veins produced by Penicillium ro,135,63796,64781
04069000,"Cheese, Nes",48070,21703154,25843043
04071900,Birds Fertilised eggs for incubation EXCL. Of fowls of the species Gallus domesticu,130,786981,802798
04090010,"Naturel honey, wrapped/canned upto 2.5 kg",7704,2785198,4820345
05010000,"Human Hair And Waste, Unworked",61299,28080841,97912491
05029000,Badger And Other Brush Making Hair & Waste There Of,15,35540,35889
05079000,"Tortoise-Shell,Whalebone Hair Horns,Antlers,Hooves,Nails,Claws,Beaks",6120,300476,371794
05080000,"Coral; Shells Of Molluscs, Crustaceans, Unworked",201000,1090083,3652102
05111000,Bovine Semen,15,2818923,3856667
05119100,"Products Of Fish, Crus.,Mollus.,Other Aquatic, Invet Dead Anim.Of Chapt. 3",465255,25336958,36984767
06022000,"Trees,Shrubs,Bushes, Grafted Or Not, Of Kind Bearing Edible Fruit Or Nuts",25200,748734,1502477
06029010,"Other Live Plants,Cutting And Slips, Mushroom Spawn",25000,1210681,1898668
06029090,"Other Live Plants,Cutting And Slips, Mushroom Spawn",1218,411702,510963
06031100,Roses,1506,425210,943138
06031200,Carnations,494,142800,309113
06031300,Orchids,305,83742,190956
06031400,Chrysanthemums,477,112899,298801
06031500,Lilies (Lilium spp),2152,683195,1347322
06031900,Cut flowers & flower buds of a kind suitable for bouquets or for ornamental pur,1327,364100,830638
06042000,"Foliage, branches and other parts of plants, without flowers .or otherwise prepared, Fr",920,338772,575946
06049000,"Foliage, branches and other parts of plants, without flowers .or otherwise prepared, EX",32,7815,8557
07020019,"Tomatoes, Fresh, Nes",773,143004,194823
07031019,"Onions, Fresh Or Chilled, Nes",1880,432167,472152
07032090,"Garlic, Fresh Or Chilled, Nes",7594035,849855544,862909558
07039090,"Leeks And Other Alliaceous Vegetables, Nes, (excl. Wrapped/Canned upto 2.5 kg)",2264,433496,566873
07041010,"Cauliflowers And Headed Broccoli, Fresh Or Chilled, Wrapped/Canned upto 2.5 kg",100,12262,31275
07041090,"Cauliflowers And Headed Broccoli, Fresh Or Chilled, Nes",3177,739930,978914
07042090,"Brussels Sprouts, Fresh Or Chilled, Nes",254,56045,68959
07051190,"Cabbage Lettuce, Fresh Or Chilled, Nes",28678,3197372,6096131
07052990,"Chicory Excl. Witloof, Fresh Or Chilled, Nes",80,6874,20039
07061090,"Carrots And Turnips, Fresh Or Chilled, Nes",171,33888,42772
07069090,"Salad Betroot..Radishes & Similar Edible Roots,Fresh Or Chilled, Nes",399,88228,114190
07070090,"Cucumbers And Gherkins, Fresh Or Chilled, Nes",290,70209,72616
07082010,"Beans,Shelled Or Unshelled, Fresh Or Chilled, Wrapped/Canned upto 2.5 kg",90,14902,28155
07082090,"Beans, Shelled Or Unshelled Fresh Or Chilled, Nes",680,138049,206163
07092090,"Asparagus, Fresh Or Chilled, Nes",465,129639,145650
07094010,"Celery Other Than Celeriac, Fresh Or Chilled, Wrapped/Canned upto 2.5 kg",30,3679,9384
07094090,"Celery Other Than Celeric, Fresh Or Chilled, Nes",1223,332156,382853
07095190,"Mushrooms, Fresh Or Chilled, Nes",1290,370697,788394
07096019,"Sweet Peppers, Fresh Or Chilled, Nes",932,226275,255668
07096099,"Other Fruits Of Genus Capiscum Or Pimenta,Fresh Or Chilled,Nes,(excl. Wrd/Ca upto 2.5kg)",190332,4686709,14462450
07099390,"Pumpkins, squash and gourds (Cucurbita spp), EXCL. Wrapped/canned upto 2.5 Kg",1087,280673,339838
07099990,"Other Vegetables NES, EXCL. Wrapped/canned upto 2.5 Kg",105025,4635235,7408897
07104090,"Sweet Corn Uncooked Or Cooked By Steaming Or Boiling Frozen, Nes",73000,7946401,9248566
07122090,"Dried Onions Cut, Whole, Broken, Powder, Nes",125000,22697498,34825892
07123290,"WOOD EARS (AURICULARIA SPP), Nes",12,42712,52285
07123390,"JELLY FUNGI (TREMELLA SPP), Nes",24,46595,57038
07123490,Shiitake (Lentinus edodes),45,8793,16903
07123990,"MUSHROOMS,WOOD EARS(AURICULARIA SPP),JELLY FUNGI..& TRUF,NES,(Excl.WRAP/CANN upto 2.5kg)",3000,347855,675911
07129010,"Dried vegetable, whole ............., Sweet corn",124,44089,62099
07129092,Dihydrated chives,1200,603897,746733
07129092,Dihydrated chives imported by biscuits and bakery products manufacturing industry,4500,1767504,2800197
07129099,"Other Dried Vegetable, Whole, Cut Sliced... Not Further Nes,(Excl.Wrap/Can upto 2.5 kg)",121000,13020365,27127018
07131090,"Dried Peas Shelled, Nes",27364172,1138719033,1387805879
07132090,"Dried Chickpeas (Garbanzos) Shelled, Nes",3066860,225134494,372849537
07133110,"Dried Beans Of The Species,Vigna Mungo(L) Hepper/V.Radiata,Shelled,Wra/Can upto 2.5kg",60,89307,109322
07133190,"Dried Beans Of The Species, Vigna Mungo(L) Hepper/V.Radiata, Shelled, Nes",2059020,223062880,303130672
07133290,"Dried Small Red(Adzuki)Beans Shelled, Nes",60,20192,24715
07134090,"Dried Lentils, Shelled, Nes",82179040,5695891764,6125950027
07139090,"Dried Leguminous Vegetables, Shelled, Nes, (Excl. Wrapped/Canned upto 2.5 kg)",24851020,1003332531,1155865412
07142090,"Sweet Potatoes, Fresh Or Dried, Chilled Or Frozen, Nes",465,142689,145553
07143090,Yams (Dioscorea spp) excl. Wrapped/canned upto 2.5 Kg,250,21480,62631
07149099,"Roots&Tubers With High Starch Content, Fresh/Dri./Chilled/Frozen Nes,(Exc.W/C upto 2.5kg",260,22339,77650
08011190,"Desiccated Coconuts Fresh Or Dried,Nes",180500,27242512,27708076
08011290,Other coconuts in the inner shell (endocarp) EXCL. Wrapped/canned upto 2.5 Kg,82000,1703566,3091446
08011990,"Coconuts, Not Desiccated,Fresh Or Dried,Nes",144840,14222512,18135478
08013190,"Cashew Nuts, In Shell, Fresh Or Dried,Nes",27000,5368792,5558974
08013290,"Casweh Nuts, Shelled, Fresh Or Dried, Nes",379110,202588829,207886061
08021190,"Almonds In Shell, Fresh Or Dried, Nes",100,27004,50081
08021290,"Almonds Shelled, Resh Or Dried,Nes",202124,99110629,100779337
08025290,"Pistachios, Shelled, EXCL. Wrapped/canned upto 2.5 Kg",22000,21602821,21964499
08029919,Betelnuts,1338432,258923083,333171981
08041011,"Dates, Fresh,Wrapped/Canned Upto 2.5kg",108000,19700300,35112102
08041019,"Dates, Fresh, Nes",1048125,169789967,235924610
08041029,"Dates, Dried, Nes",163182,10492558,35584105
08044090,"Avocados Fresh Or Dried, Nes",4156,1322547,2099716
08045019,"Guavas Fresh Or Dried, Nes",50,16570,16903
08045029,"Mangosteens, Fresh Or Dried, Nes",736,142843,276488
08045039,"Mangoes Fresh Or Dried, Nes",2787,608625,1047040
08051090,"Oranges, Fresh Or Dried, Nes",14443996,1232665911,1259084874
08052190,Mandarins (including tangerines and satsumas),6961939,592876482,607108304
08054090,"GRAPEFRUIT, NES",185,59722,69367
08055090,"CITRUS FRUIT,FRESH OR DRIED, LEMONS ,NES",845,221255,273856
08061090,"Fresh Grapes, Nes",8468954,475911687,842187125
08062090,"Dried Grapes, Nes",256330,62094730,64053388
08071190,"Watermelons, Fresh, Nes",111,26257,34750
08071990,"Melons, Fresh, (Excl. Watermelons),Nes",446,130793,140555
08072090,"Papaws (Papayas), Fresh, Nes",601,177655,225796
08081090,"Apples, Fresh, Nes",16542559,1419148124,1441696194
08083090,"Pears, EXCL. Wrapped/canned upto 2.5 Kg",676908,58154335,58995380
08093090,"Peaches, Including Nectarines, Fresh,Nes",65,20727,24537
08094019,Plums EXCL.Wrapped/canned upto 2.5 kg,1672,207079,380345
08101010,"Strawberries, Fresh, Wrapped/Canne Upto 2.5kg",272,128863,148089
08102010,"Raspberries,Blackberries,Mulberries & Loganberries,Fresh,Wrapped/Cann Upto 2.5kg",297,138475,186561
08102090,"Raspberries,Blackberries,Mulberries & Loganberries,Fresh, Nes",45,21630,28541
08103010,"Black, white or red currants and gooseberries Wrapped/canned upto 2.5 Kg",5,2764,2819
08103090,"Other Black, white or red currants and gooseberries, EXCL. Wrapped/canned upto 2.5 Kg",7430,278155,296396
08105090,"Kiwifruit, Fresh, NES",1265,426918,633982
08106090,"DURIANS , NES",289,79851,108486
08107090,"Other persimmons, EXCL. Wrapped/canned upto 2.5 Kg",2020,245487,413194
08109090,"Other Fruit, Fresh, Nes,(Excl. Wrapped/Canned Upto 2.5kg)",3060624,131900903,306736333
08131090,"Dried Apricots, NES",24100,6505554,6896413
08132090,"Dried Prunes,NES",102693,21587846,29663982
08133090,"Dried Apples, NES",2160,4256540,4344675
08134010,"Other Dried Fruit, Nes, Wrapped/Canned Upto 2.5KG",14400,3639773,5351527
08134090,"Other Dried Fruit, Nes, (Excl. Wrapped/Canned Upto 2.5KG)",2451224,155720308,245859638
09011190,"Coffee, Not Roasted Or Decaffeinated",45670,30696063,37580006
09012110,"Roasted coffee, not decaffeinated,wrapp/cann upto 2.5kg",50,25275,34423
09012190,"Roasted coffee, not decaffeinated,Excl wrapped canned",3000,1084945,1679397
09012210,"Roasted, decaffeinated coffee Wrapped/canned upto 2.5 kg",2,2455,2455
09021000,"Green Tea,Whether Or Not Flavoured, In Immediate Packings <=3 Kg",63,30312,75909
09022000,"Green Tea,Whether Or Not Flavoured, Nes",24000,5096302,18030780
09023000,"Black Tea Fermented/Partly Fermented,Flavoured Or Not,In Packings Of <=3kg",254,63561,96011
09024000,"Black Tea Fermented/Partly Fermented,Flavoured Or Not,In Packings Of >3kg",54,25034,25485
09041190,"Pepper, Neither Crushed Nor Ground, Nes",511719,209544977,214541692
09041200,"Pepper, Crushed Or Ground",3263,780593,1042117
09042110,"Fruits of the genus Capsicum ...,: Dried or neither crushed or ground, Wrapped/canned up",806,55169,70347
09042190,"Fruits of the genus Capsicum...,: Dried or neither crushed or ground, EXCL.Wrapped/canne",8937353,2362987248,2461217374
09042210,"Fruits of the genus Capsicum ...,: crushed or ground, Wrapped/canned upto 2.5 Kg",1770,588955,718874
09061190,"Neither crushed nor ground:Cinnamon (Cinnamo. Zeylan. Blume), Excl. Wr./Can.up",1841580,382199157,393541035
09062000,"Cinnamon And Cinnamon-Tree Flowers, Crushed Or Ground",50000,13762593,14313832
09071090,"Cloves (whole fruit, cloves and stems), Neither Crushed or ground, EXCL. Wrapped/canned",275610,135308897,137319217
09081190,"Nutmeg :Neither Crushed or ground, EXCL. Wrapped/canned upto 2.5 Kg",118300,43431288,44253378
09082190,"Mace : Neither Crushed or ground, EXCL. Wrapped/canned upto 2.5 Kg",26790,26304709,26676097
09082290,"Mace : Crushed or ground, EXCL. Wrapped/canned upto 2.5 Kg",300,1251982,1277063
09083190,Cardamoms :Neither Crushed or ground. EXCL. Wrapped/canned upto 2.5 Kg,495947,945457665,1098287750
09092190,Seeds of coriander : Neither crushed or ground EXCL. Wrapped/canned upto 2.5 Kg,480000,97076374,116576837
09093110,Seeds of Cumin : Neither crushed or ground Wrapped/canned upto 2.5 Kg,10,6396,6396
09093190,Seeds of Cumin : Neither crushed or ground EXCL. Wrapped/canned upto 2.5 Kg,2544380,721341610,1050293649
09096190,"Seeds of anise, badian, caraway...; juniper berries : Neither crushed or ground EXCL. Wr",1291820,189544028,256160443
09101190,Ginger : Neither Crushed or ground EXCL. Wrapped/canned upto 2.5 Kg,14138788,1003521770,1632623038
09101290,Ginger : Crushed or ground EXCL. Wrapped/canned upto 2.5 Kg,10400,2701212,4158916
09103090,"Turmeric(Curcuma), Nes",2345000,384064857,391056073
09109110,MIXTURES REFFERED TO IN NOTE 1(B) TO THIS CHAP WRAP/CAN UPTO 2.5 KG,2202,363627,551445
09109910,"Other Spices, Nes, Wrapped/Canned upto 2.5 kg",3183,549697,707218
09109990,"Other Spices, Nes, (Excl. Wrapped/Canned upto 2.5 kg)",328570,28527039,29858642
10011990,"Durum wheat, Other than Seed, EXCL. Wrapped/canned upto 2.5 Kg",636226978,21421391684,22291274577
10019990,"Other Seed, NES, EXCL, Wrapped/canned upto 2.5 Kg",33598410,1258389271,1284886957
10039090,Barley other than Seed EXCL. Wrapped/canned upto 2.5 Kg,166020,6113353,8938638
10051010,"Maize Seed, wrapped/canned upto 2.5 kg",77555,34774282,45045488
10051090,"Maize Seed, Excl. wrapped/canned upto 2.5 kg",4520,2645732,2698912
10059090,"Other Maize, Excluding wrapped/canned upto 2.5 kg",60578988,1723611964,2928295961
10061010,Rice in the husk (paddy or rough) wrapped/canned upto 2.5 kg,170020,58678048,59695502
10061090,Rice in the husk (paddy or rough) Excl. wrapped/canned upto 2.5 kg,80029,28474501,30055800
10062000,Husked (Brown) Rice,14,5155,5244
10063019,Semi-Milled Or Wholly Milled Rice,50,6137,25045
10063099,Semi-Milled Or Wholly Milled Rice,62873186,2813387378,3534576049
10071090,"Grain sorghum Seed, EXCL. Wrapped/canned upto 2.5 Kg",782540,27006498,41771917
10081090,"Buckwheat, Nes",5000,319133,538390
10082910,"Millet other than Seed, Wrapped/canned upto 2.5 Kg",500,30686,50083
11010010,"Wheat Or Meslin Flour, wrapped/canned upto 2.5 kg",1515,72717,96079
11029000,"Other Flour Than Of Rye,Maize & Rice Flour",1072,106126,231928
11031300,Groats And Meal Of Maize (Corn),30450,1514652,2467144
11041210,Rolled or flaked grains of oats (Wrapped/canned upto 2.5 kg.),10,6137,6262
11063000,"Flour, Meal And Powder Of Products Of Chapter 8",24633,11589559,15370239
11081200,Maize (Corn) Starch,860243,43789122,55160389
11081300,Potato Starch,20,7365,7513
11081400,Manioc (Cassava) Starch,302341,20153720,26063790
11082000,Inulin,700,884667,902449
11090000,"Wheat Gluten, Wheather Or Not Dried",2030,130108,256829
12019090,"Soya beans, whether or not broken other than Seed, EXCL. Wrapped/canned upto 2.5 Kg",253769895,14299210080,15382363636
12024190,"Ground-nuts, not roasted or otherwise cooked, whether in Shell, EXCL. Wrapped/canned up",3351640,327435071,335564696
12024290,"Other Ground-nuts, Shelled whether or not broken EXCL. Wrapped/canned upto 2.5 Kg",2944355,284436904,294844764
12030000,Copra,5279576,919916349,950103033
12040090,"Linseed Whether Or Not Broken, Nes",285000,24015034,24870303
12051090,"LOW ERUCIC ACID RAPE OR COLZA SEEDS, Nes",41145420,2714668799,2763631192
12074090,"Sesamum Seeds, Nes",195000,35582055,61054107
12075090,"Mustared Seeds, Nes",2752340,225943003,229229940
12077010,Melon seeds Wrapped/canned upto 2.5 Kg,66,1821606,1858220
12077090,"Other Melon seeds, EXCL. Wrapped/canned upto 2.5 Kg",1352,11559831,11866477
12079990,"Other Oil Seeds And Oleaginous Fruits, Nes, (Excl. Wrapped/Canned upto 2.5 kg)",305096,56130490,63292196
12093000,Seeds Of Herbaceous Plants Cultivated Principally For Their Flowers,260,19264684,25366336
12099100,Vegetable Seeds Of A Kind Used For Sowing,126327,180948213,205601255
12099990,Other than Tobacco Seeds,1212356,114756749,319036379
12112090,"Ginseng Roots,Of Fresh Or Dried, Nes",2,3682,7512
12119011,"Plants Or Parts, Used In Perfume...,Nes, Wrapped/Canned upto 2.5 kg",3,13978,17111
12119029,"Plants Or Parts, Used In Pharmacy, Nes, (Excl. Wrapped/Canned upto 2.5 kg)",443207,49467376,58938054
12119091,"Plants Or Parts, Used In Insecticide..., Similar Purpose,Nes, Wrap./Cann upto 2.5 kg",36036,1609458,5840418
12119099,"Plants Or Parts, Used In Insecticide..., Similar Purpose,Nes, Wrap./Cann upto 2.5 kg",3544619,182382016,189705869
12122111,Seaweeds and other algae: Fit for human consumption Wrapped/canned upto 2.5 Kg,460,103391,128813
12122119,Seaweeds and other algae: Fit for human consumption EXCL. Wrapped/canned upto 2.5 Kg,505,1229888,1254608
12122911,Seaweeds and other algae: Other than Fit for human consumption Wrapped/canned upto 2.5,60,14729,15025
12122919,Seaweeds and other algae: Other than Fit for human consumption EXCL. Wrapped/canned upto,122000,10110904,11705090
12129990,"Vegetable Products Used Primarily For Human..,Fresh/Drd Nes,(Excl. Wrap/Can upto 2.5 kg)",850,17201986,17547748
12130090,"Cereal Straw And Husks, Nes",3000,319918,323117
13019000,"Natural gums, resins, gum-resins,natural oleoresesins and balsams (excl. gum arabic)",630907,117261854,135976395
13021900,"Other Vegetable Saps And Extracts,Nes(Exl.Opium,Liquorice,Hops,Pyrethrum).",17687,78943030,80650303
13022000,"Pectic Substances, Pectinates And Pectates",54000,39006593,46837912
13023100,Agar-Agar,10340,5057269,6597786
13023200,"Mucilages And Thickeners Of Locust Beans, Bean Seeds And Guar Seeds",25000,8779640,10278842
13023900,"Mucilages&Thickeners,Derived From Veg.Prod.(Ex.Locastbeans/Seeds,Guarseeds",10328,2890697,3051388
14012000,Rattans,28510,874853,887251
14049099,"Vegetable Products, Nes (Excl. Wrapped/Canned upto 2.5 kg)",102789,16261992,19422849
15041000,Fish-Liver Oils And Their Fractions,16490,30541937,31179912
15042000,"Fish Fats, Oils And Fractions (Excl. Fish Liver Oils)",677796,120935241,169766782
15043000,"Marine Mammal Fats, Oils And Their Fractions",90,55234,56344
15050000,Wool grease and fatty substances derived therefrom(including lanolin).,1200,5329514,5436640
15079010,Refined Soya-Bean Oil,6021,5838167,5991517
15079090,Other Soya-Bean Oil,5100,4189768,4273982
15089000,"Ground-Nut Oil (Excl. Crude) And Fractions,Not Che.Modified",13600,7095480,7238099
15092010,Extra virgin olive oil,13108,10196904,10541837
15092090,Extra virgin olive oil,86420,53760208,54604566
15093010,Virgin olive oil,35,7365,20032
15099010,Olive oil and fractions (excl. virgin) wrapped/canned upto 2.5kg,115,27249,69266
15099090,Olive oil and fractions (excl. virgin) Excl. wrapped/canned upto 2.5kg,42061,30456071,30993855
15109000,"Crude olive pomace oil, OTHERS",59,16939,24667
15111000,Crude oil,18,33101,33230
15119019,Solidified Or Hardened By Mechanical Treatment(Excl. Rbd Palm Stearin),3,1841,1878
15119090,Palm Oil(Excl.Cude)&Its Fractns....Nes.Incld.Refiend Palm Oil,26657980,3912103619,3998574286
15121900,Sunflower-Seed And Safflower Oil (Excl. Crude) And Fractions Thereof,702141,146177174,150502313
15122900,"Refined Cotton-Seed Oil & Its Fractns, Not Chemically Modifd",9,172233,175696
15131100,Crude Coconut (Copra) Oil,675,355517,441045
15131900,"Coconut (copra) oil (excl. crude) & its fractions, refined or not but not chem. modified",133783,32633728,35397069
15132100,Crude Palm Kernel Or Babassu Oil,408680,75597500,76670704
15132900,"Refined Palm Kernel/Babassu Oil & Fractions,Not Chem.Modifd",442910,92426495,95090236
15149900,"RAPE,COLZA OR MUSTARD OIL&FRAC.THEREOF,WHET.OR NOT REF.BUT NOT CHE.MOD.NES",2577,252966,583891
15151100,Crude Linseed Oil,350,17707926,18063857
15151900,"Refined Inseed Oil & Fractions,Not Chemically Modified",3145,1339129,1370668
15153000,Castor Oil And Its Fractions,14508,6590124,6709182
15155000,Sesame Oil And Fractions,16046,4202542,5495940
15159000,"Oth.Fixed Veg.Oil,Fats & Frac.,Nes(Ex.Maize/Castor/Tung/Sesamre/Jojobaoil)",12340,12568190,12771302
15161000,"Animal Fats And Oils And Fractions, Hydrogenated, Etc",26620,3662660,4093134
15162000,"Vegetable fats and oils and their fractions, hydrogenated, etc",1755110,342449761,355345786
15163000,Microbial fats and oils and their fractions,380,825988,901317
15171010,"Margarine, excluding liquid margarine in 10kg or above packing",585677,96912825,101460649
15171090,"Margarine, excl liquid margarine other than 10kg or above packing",12570,1733933,1881668
15179000,"Edible Preparations Of Animal/Veg.Fats And Oils,Nes Incld.Liquid Margarine",164640,33032069,33957461
15180000,"Animal Or Vegetable Fats And Oils... Chemically Modified, Nes",3235818,467522955,478070050
15211000,Vegetable waxes (excl. triglycerides),3550,6747824,6869663
15219000,"Beeswax, other insect waxes and spermaceti",500,61372,81387
16010000,"Sausages &Similar Prod.;Of Meat,Meat Offal,Blood,Prep.Based On These Prod.",46802,7999720,8145049
16023200,"Prepared/Preserved Meat,Offal/Blood Of Fowls Of Species Gallus Domesticus",80284,11822329,11994823
16041400,"Prep./Preserved Tuna,Skipjack & Bonito Ex.Minced Whole/Inpieces",9494,3145385,4157158
16041900,"Prepared Or Preserved Fish (Not Minced), Nes, Whole/Inpieces",6,1227,3005
16042000,"Other Prepared Or Preserved Fish, Including Minced, Nes",308,105410,107528
16043200,Caviar substitutes,105,12373,105182
16051000,"Crab, Prepared Or Preserved",8,7856,8014
17011400,Other cane sugar,12485024,600489381,607023125
17019900,"Cane Or Beet Sugar, In Solid Form, Nes Including Chemically Kue Sucoose",29136479,1769891660,2211882644
17021100,Lactose And Lactose Syrup Cont.By Weight>=99% Lactose Calc. On Dry Matter,349405,128320646,133292968
17022000,Maple Sugar And Maple Syrup,432,46714,56564
17023010,"Dextrose, Anhydrous/Monohydrate Bp/Vsp Pyrogen Free",1271000,93967555,105459309
17023020,"Glucose & Glucose Syrup,Containing <20% Fructose,Liquid Glucose",600,73620,74787
17023090,"GLUCOSE AND GLUCOSE SYRUP, NOT CONTAINING FRUCTOSE OR CONTAINING.. EXCL. LIQUID GLUCO",193001,15405001,19215088
17024000,"Glucose And Glucose Syrup, Containing >=20% But <50% Fructose",64,7856,32056
17025000,Chemically Pure Fructose,200,618408,630839
17026000,"Other Fructose And Fructose Syrup, Containing >50% Fructose",18176,3068930,4666985
17029000,"Artificial honey, caramel and other sugars (incl. invert sugar), nes",1071501,38649674,61602279
17031000,Cane Molasses Resulting From The Extraction Or Refining Of Sugar,4502371,96808396,139165896
17039000,Oth.Molasses Resulting From The Extraction/Refining Of Sugar (Ex.Cane),3000,2209379,2253788
17041010,"Chewing Gum Not Containing Cocoa, TV",8902,2120759,3340594
17049010,"Sugar confe (incl. white chocolate), not cont cocoa,nes Put up for retail sale",83855,28171027,31547900
17049090,"Sugar confei (incl. whit chocole), not cont cocoa, nes excl. Put up for retail sale",50548,15833581,18986924
18010000,"Cocoa Beans, Whole Or Broken, Raw Or Roasted",35,4296,17528
18031000,"Cocoa Paste, Not Defatted",3400,1431682,1486852
18032000,"Cocoa Paste, Wholly Or Partly Defatted",2000,810106,819843
18040000,"Cocoa Butter, Fat And Oil",4508,6187793,6314171
18050000,"Cocoa Powder, Not Containing Added Sugar Or Other Sweetening Matter",420007,109536699,112558574
18061000,"Cocoa Powder, Containing Added Sugar Or Other Sweetening Matter",846,100983,211743
18062000,"OTHER PREPARATIONS IN BLOCKS, SLABS OR BARS WEIGHING MORE THAN 2 KG, OR IN LIQUID..",373239,93541934,99535442
18063100,"Chocolate, Etc, Containing Cocoa, In Blocks, Slabs Or Bars, Filled, TV",29123,22440649,36410001
18063200,"Chocolate, Etc, Containing Cocoa In Blocks, Slabs Or Bars, Not Filled, TV",6717,2397915,8349759
18069000,"OTHER CHOCOLATE & OTHER FOOD PREPARA. CONTAININGS COCOA, EXCL. FILLED/NOT FILLE, TV",17014,9620542,21299579
19011000,"Preparations suitable for infants or young children, put up for retail sale",125301,74779758,82483445
19012000,Mixes And Doughs For Preparation Of Bakers' Wares Of 19.05,166930,27148630,30907951
19019011,Filled milk powder,2859775,924597357,996384401
19019019,food prep's of goods excl. Filled milk powder imp by VAT reg milk products manu ind,25225,10933175,11190838
19019020,Dry Mixed Ingredient of food preparation in bulk imported by food processing industries,283430,73060745,89655611
19019030,Malt extract; food preparations for infant & children in bulk imported by food industry,1068089,615584893,632006650
19019040,"Nutritional supplement for pregnant women and breast feeding mothers, put up for",8680,3454744,4345765
19019090,Other,131707,19675465,24883126
19019090,"Other malt extract, food preparation imported in bulk by food processing industries",146800,15169819,20411243
19021900,"Uncooked Pasta, Not Containing Eggs, Not Stuffed",41891,2525898,5252147
19022000,"Stuffed Pasta, Whether Or Not Cooked/Prepared",9000,1085895,1107721
19023000,"Other Pasta, Nes",151209,13817571,17760162
19024000,Couscous,13,982,6510
19030000,"Tapioca & Substitutes Prpd.From Starch In Flakes,Grains,Pearls,Sifting Etc",2324233,171614286,178927007
19041000,Prepared food obtained by the swelling or roasting of cereals or cereal products,148253,30197102,51354639
19049000,"Cereals In Grain,Flakes,Worked Grains,Precooked,Otherwise Prepared, Nes",28653,14766586,16123293
19051000,Crispbread,969,212246,582993
19053100,"SWEET BISCUITS, TV",6349,2284359,3241096
19053200,"WAFFLES AND WAFERS, TV",14776,7559750,8309141
19054000,"Rusks, Toasted Bread And Similar Toasted Products",658,97704,550796
19059000,"Pastry,Cakes,Other Bread, Etc, Nes; Communion Wafers, Rice Paper, Etc, TV",18047,5652967,9931248
20011000,"Cucumbers And Gherkins,Prepared On Preserved By Vinegar Or Acetic Acid",9874,1090726,1231927
20019000,"Oth.Veg.Fruits,Nuts&Edible Parts Of Plants Preserved By Vinegar/Acetic Aci",38362,3001908,3961235
20029000,"Tomatoes,Oth.Than Whole Or Pieces Preserved Otherwise Than By Vinegar,Nes",75789,6996387,7781952
20031000,"Mushrooms, Preserved Otherwise Than By Vinegar Or Acetic Acid",54725,5214544,5599017
20039000,"OTHER MUSHROOMS&TRUFFLES,PREPARED OR PRESE.OTHERW.THAN BY VINE.ACETIC ACID",6678,499172,671473
20041000,"Potatoes,Preserved Not By Vinegar/Acetic Acid,Frozen (Excl.Prods. Of 2006)",251627,38000952,41148097
20049000,"Vegetables Nes Preserved Not By Vinegar Etc, Frozen (Excl.Prods Of 2006)",115,14115,14399
20052000,"Potatoes, Preserved Other Than By Vinegar Or Acetic Acid, Not Frozen",25721,12279800,15764983
20054000,"Peas, Preserved Other Than By Vinegar Or Acetic Acid, Not Frozen",544,76834,102238
20055900,"Beans, Unshelled, Preserved Other Than By Vinegar, Etc, Not Frozen",7077,417182,750800
20058000,"Sweetcorn, Preserved Other Than By Vinegar Or Acetic Acid, Not Frozen",31680,2183571,2617671
20059100,Bamboo shoots,27,14495,17543
20059900,"Other vegetables and mixtures of vegetables:, Excl. Bamboo shoots",4290,4702619,5005028
20060000,"Vegetables,Fruit,Nuts,Fruitpeel & Other Parts Of Plants,Preserved By Sugar",1826,581760,1012460
20079900,"Oth.Jams,Fruit Jellies,Marmalades,Nut Purce/Pastes Oth Than Citrus Fruit..",9109,7931348,8700289
20081100,"Ground-Nuts, Prepared On Preserved",4728,3404230,3535151
20081900,"Nuts And Seeds Including Mixtures, Other Than Ground Nuts, Preserved",16083,4466611,15591073
20083000,"Citrus Fruit,Otherwise Prepared Or Preserved (Excl.Those Of 20.06 & 20.07)",680,208747,298417
20086000,"Cherries, Otherwise Prepared Or Preserved (Excl. Those Of 20.06 And 20.07)",16732,19536190,22028410
20087000,"Peaches, Otherwise Prepared Or Preserved (Excl. Those Of 20.06 And 20.07)",396,79730,187001
20088000,"Strawberries,Otherwise Prepared Or Preserved (Excl.Those Of 20.06 & 20.07)",5734,1159885,2513520
20089100,"Palm Hearts,Prepared Or Preserved(Excl.Those Of 20.06 And 20.07 & 2008.19)",473,197326,207210
20089700,Mixture,12000,5445125,5554572
20089900,"Other fruit, etc, prepared or preserved, nes",73412,24291182,29953559
20091100,"Frzn.Orange Juice,Unfermented,Not Containing Added Spirit,Sweetened Or Not",7530,4216375,4337957
20091900,"Unfrzn.Orange Juice,Unfermented,Not Containing Added Spirit,Sweetened/Not",118632,11452246,22279786
20093900,OTHER JUICE OF ANY OTHER SINGLE CITRUS FRUIT EXCL. BRIX VAL.NOT EXCEED.20,51175,12905151,17234286
20097100,APPLE JUICE OF A BRIX VALUE NOT EXCEEDING 20,405,43992,81711
20097900,"OTHER, APPLE JUICE EXCL. BRIX VALUE NOT EXCEEDING 20",278095,40625606,57252662
20098100,Juice of any other single fruit or vegetable Cranberry Juice,65480,8323686,12295696
20098900,Juice of any other single fruit or vegetable other than Cranberry Juice,253299,46026711,61937576
20099000,"Mixtures Of Juices,Unfermented,Not Cont. Added Spirit,Sweetened Or Not",18408,3183716,3457355
21011100,"Extracts, Essences And Concentrates Of Coffee",99423,104393843,106590457
21011200,Preparations With A Basis Of Extract/Essence Etc.Or With A Basis Of Coffee,5789,3149569,5059880
21012000,"Extracts, Essences, Concentrates And Preparations Of Tea Or Mate",78954,51204754,69579975
21013000,"Roasted Coffee Substitutes (Incl.Chicory),Extracts,Essences & Conc.Thereof",12161,3480139,3900663
21021000,Active Yeasts,1033414,233946667,237789559
21022000,"Inactive yeasts; other single-cell micro-organisms, dead",45750,26642520,27084245
21023000,Prepared Baking Powders,26026,5513506,6874894
21031000,Soya Sauce,74556,8888149,11036476
21032000,Tomato Ketchup And Other Tomato Sauces,36042,5237532,5608325
21033000,"Mustard Flour And Meal, And Prepared Mustard",99,24867,30484
21039010,Mixed seasonings,14874,6140521,6239539
21039010,Mixed seasonings imported by foodstuffs manufacturing industries,791897,380584211,401688608
21039090,sauce preparations; mixed condiments and seasonings;NES,329246,62786126,73725193
21041000,Soups And Broths And Preparations Therefor,90632,19049947,33519504
21042000,Homogenized Composite Food Preparations,95,52068,62170
21061000,Protein Concentrates And Textured Protein Substances,255714,33381361,61188938
21069020,Beverage concentrate,3004,386633,1203563
21069020,Beverage concentrate imported by beverage manufacturing industry,192571,699558125,728620815
21069030,Soya protein-based food preparations,260,148344,150959
21069040,Stabilizer for milk,2008,1106471,1303913
21069040,Stabilizer for milk imported by milk foodstuffs manufacturing and agro-processing industries,17225,12517946,12769557
21069050,Creamer in bulk,5857,1582021,5088808
21069050,Creamer in bulk imported by milk foodstuffs manufacturing industry,146000,28251704,32696425
21069060,Food supplement,6051,2044456,2931017
21069090,Other food preparations not elsewhere specified or incl.(excl. beverage concentrate),1016034,281982279,311816547
22011000,"Mineral Waters And Aerated Waters, Unsweetened",22631,2229619,2833994
22019000,"OTHER WATER, EXCL.MINERAL WATERS AND AERATED WATERS",5812,443808,609860
22021000,"Waters (Incl. Mineral And Aerated), With Added Sugar, Sweetener, Etc",64450,8984263,10652328
22029900,"Waters, including mineral waters and aerated waters...Excl. Non-alcoholic beer",1588,148398,215817
22041000,Sparkling Wine,1350,726149,824886
22071000,"Undenatured Ethyl Alcohol, Of Alcoholic Strength >=80% By Vol.",3848,3654708,3728167
22083000,Whiskeys,9000,3111543,8022144
22085000,Gin And Geneva,540,157725,314306
22086000,Vodka,1800,392779,1559170
22090000,Vinegar And Substitutes For Vinegar Obtained From Acetic Acid,20176,2072457,3306256
23021000,"Brans, Sharps And Other Residues Of Maize(Corn)",55000,1552703,2203856
23023000,"Brans, Sharps And Other Residues Of Wheat",58644365,1766899476,2650898964
23025000,"Brans, Sharps And Other Residues Of Leguminous Plants",4256720,180871785,207837992
23031000,Residues Of Starch Manufacture And Similar Residues,5677458,254683226,493466856
23033000,Brewing Or Distilling Dregs And Waste,30053621,1074807659,1682526515
23040000,"Oil-Cake And Other Solid Residues, Of Soya-Bean Oil",119559417,6107124503,7926122157
23050000,"Oil-Cake And Other Solid Residues, Of Ground-Nut Oil",10,12643,12657
23061000,Oil-Cake And Other Solid Residues Of Cotton Seeds,230071,19653041,20049181
23062000,Oil-Cake And Other Solid Residues Of Linseed,699009,45679531,52542641
23064900,"OIL-CAKE AND OTHER SOLID RESIDUES OF RAPE OR COLZA SEEDS, OTHER",58220114,1815939652,3515786355
23066000,Oil-Cake And Other Solid Residues Of Palm Nuts Or Kernels,1213090,27984732,57670527
23069000,"Oil-Cake And Other Solid Residues, Of Other Vegetable Fats And Oils",954504,20615427,42553184
23091000,"Dog Or Cat Food, Put Up For Retail Sale",398526,37580133,55002207
23099011,Vitamin or mineral or amino acid or their combination (feed grade),304887,137114373,242823895
23099012,Vitamin premix or mineral premix or amino acid premix or their combination(feed grade,2861884,935356645,1080563208
23099013,Probiotics or Prebiotics or their combinatioin (feed grade),940149,447826698,534245108
23099014,Essential oil or combination of essential oils (feed grade),270331,102989367,113116991
23099019,"Oth, Preparations for use in making complete feed or supplementary feed",3585108,993857680,1062583217
23099021,Vitamin or mineral or amino acid or their combination (feed grade),41,7365,15906
23099022,Vitamin premix or mineral premix or amino acid premix or their combination (feed grad,45373,12194771,12730670
23099023,Probiotics or Prebiotics or their combination (feed grade),128100,40607681,42872658
23099024,Essential oil or combination of essential oils (feed grade),104,42960,52076
23099029,"Preparations for use in making complete feed or supplementary feed for fish,NES",214343,34041678,35149465
23099090,"OTH..Preparations of a kind used in animal feeding. ,OTHER",13845300,1939981207,2242188778
24012000,"Tobacco, Partly Or Wholly Stemmed/Stripped",23102,31555169,32132751
24022000,Cigarettes Containing Tobacco,3,736,11268
24029000,"Cigars, cigarillos, cigarettes, etc, not containing tobacco",2,47787,48744
24039100,Homogenized Or Reconstituted Tobacco,7200,8958082,9116214
24049100,"Other,For oral application",100,356038,363173
25010010,Pure Sodium Chloride Bp/Usp Pyrogen Free,376050,10845803,12083464
25010020,Salt (other than pure sodium chlo.)...solution ..salt boulder for crushing & salt in bul,106800000,561964775,730386302
25010030,"Rock salt, bhit lobon",628650,7902827,10232830
25010091,Denatured salt (coloured),1005,274792,280315
25010099,Other Salt,250,578218,589842
25020000,Unroasted Iron Pyrites,30000,1264012,2056611
25030000,"Sulphur Of All Kinds (Excl. Sublimed, Precipitated And Colloidal Sulphur)",2447280,193430448,196637175
25041000,Natural Graphite In Powder Or In Flakes,31300,3300445,3742635
25051000,Silica Sands And Quartz Sands,973389,19703858,30516422
25059000,Natural Sands(Ex.Silica & Quartz Sands & Metal-Bearing Sands Of Ch.26)Nes,193552,2800935,3563570
25061000,Quartz,7942877,105600321,249228243
25062000,Quartzite,5774321,100980873,148167794
25070010,China clays,4753220,68261857,105898840
25070010,Imported by Tiles or Sanitary or Ceramic or Tableware products manufacturing industry,5471620,137697882,168855521
25070090,"Kaolin And Other Kaolinic Clays, Whether Or Not Calcined",1318909,36038361,47931780
25081000,Bentonite,2192149,36613778,53700921
25083000,Fire-Clay,374000,3776811,4595125
25084010,Ball clays,9128005,53495985,66604899
25084010,Imported by Tiles or Sanitary or Ceramic or Tableware products manufacturing industry,85604060,581553700,683059498
25084090,"Other Clays, Nes",33427,393187,1048966
25090000,CHALK,106885,1774013,1800023
25102000,"NATURAL CALCIUM PHOSPHATES, NATURAL ALUMINIUM CALCIUM PHOSPHATES AND..,GROUD",24016,3607547,3678266
25111000,Natural Barium Sulphate (Barytes),1694103,34217856,83867787
25131000,Pumice stone,979779,10364071,17065414
25132000,"Emery, Natural Corundum, Natural Garnet And Other Natural Abrasives",224000,2891881,4479204
25151100,Marble and travertine imported by Marble & Granite tiles industries,53160,635966,1164358
25151200,Marble and travertine blocks or slabs imported by Marble & Granite tiles industries,3111125,46785221,67175713
25151200,"Merely cut, by sawing or otherwise, into blocks ....a rectan.. (including square) shape",289420,4637475,6103993
25161200,Granite blocks or slabs imported by marble & granite tiles industries,1062100,16304617,23933178
25161200,"Granite, Merely Cut Into Blocks On Slabs Of A Square Or Rectangular Shape",1020690,15929257,22994875
25169010,Boulder stone,556167740,754781342,1077217365
25171010,Flint/grinding pebbles,25024,1375477,1488613
25171090,Broken or crushed stone,1213767972,3138412807,3342226655
25174100,"Marble Granules, Chippings And Powder",557226,5533452,7142197
25174900,"GRANULES, CHIPPINGS AND POWDER, OF STONES OF HEADING 2515 OR 2516..,EXCL. MARBLE",34070176,214396463,502639410
25181000,Dolomite Not Calcined,1538114,10081141,11924103
25191000,NATURAL MAGNESIUM CARBONATE (MAGNESITE),304000,9214936,14103058
25199000,Magnesia And Other Magnesium Oxide,347501,13312670,14663428
25201010,Gypsum; Anhydrite,4064479,43044424,79525918
25201090,Gypsum; Anhydrite,17566541,79152885,81468753
25202000,Plasters,4041700,84929954,106480036
25210010,Boulder limestone,570871270,699903533,1008654003
25210090,Limestone and other calcareous stones imported as raw material by manufecturers,225123000,248665914,421660457
25221000,Quicklime,10084050,173376234,222106346
25223000,Hydraulic Lime,332200,8320637,8435724
25231000,Cement clinkers,8,4908,5007
25231000,Cement clinkers imported by cement manufacturing industry,2339548908,14286591825,15554977889
25231020,"CEMENT CLINKERS,IMPORTED BY VAT REGISTERED MANUFACTURERS OF CEMENT",14001347,70560000,102086002
25232900,"PORTLAND CEMENT, EXCL WHITE CEMENT, WHETHER OR NOT ARTIFICIALLY COLOURED",1,614,627
25233000,Aluminous cement,7200,826581,1261506
25239000,Other Hydraulic Cements,151,1002130,1012536
25249010,Chrysolite fibre,13000,1178336,1264625
25249010,Chrysolite fibre imported by cement sheet manufacturing industry,2971500,232018531,283614152
25252000,Mica Powder,9516,4735692,5068950
25261000,"Natural Steatite, Talc, Not Crushed Or Powdered",488000,5740623,6696996
25262010,"Natural Steatite, Talc, Crushed Or Powdered",3096537,64874041,78332885
25262090,"Natural Steatite, Talc, Crushed Or Powdered",20012,965244,984646
25291000,Felspar,113788052,689768482,900755890
25293000,Leucite Nepheline And Nepheline Syenite,15100,1015637,1348245
25309000,"Other Mineral Substances, Nes",150250,3813053,7627510
26020000,"Manganese Ores/Concentrates(Inc.Ferruginous), With Manganese Cont.Of=>20%",33897341,759572227,772709959
26060000,Aluminium Ores And Concentrates,88000,4934060,5472178
26080000,Zinc Ores And Concentrates,50,122743,125210
26140000,Titanium Ores And Concentrates,172800,21911554,35235335
26179000,"Other Ores And Concentrates, Nes",80,9819,50085
26180000,Granulated Slag (Slag Sand) From The Manufacture Of Iron Or Steel,716221083,2082702777,2673823305
26190000,"Slag,Dross,Etc,From The Manufacture Of Iron/Steel (Excl.Granulated Slag)",10000,655351,661904
26209910,FLY ASH,482410200,696537243,1788989689
26219090,"OTHER,SLAG&ASH,INCLUDING SEAWEED ASH&RESIDUES FROM THE INCIN.MUNICI.WASTE",2000,196320,200266
27011100,"Anthracite Coal, Not Agglomerated",1772050,60761682,99154780
27011900,"Other Coal, Not Agglomerated, Nes",1465118757,18431414679,21337690883
27012000,"Briquettes, Ovoids And Similar Solid Fuels Manufactured From Coal",5,614,3136
27060010,Crude tar imported by tar manufacturering industres,471331,30173580,31742889
27060010,"Crude, Tar",221194,13464940,13811123
27073000,Xylole,99507,13333327,19938896
27074000,Naphthalene,3336,226830,426718
27075090,Other Aromatic Hydrocarbon Mixtures Of Which >=65% Distils At 250oc,193962,45919103,53466782
27079100,Creosote Oils,201516,13933574,14213637
27079910,Rubber process oil,50400,3526170,6881460
27079910,Rubber process oil imported by tyre & tube manufacturing industry,342592,35253075,61108292
27079990,"Other Oils And Other Products, Of The Distil Of Coal Tar.",12600,1924369,3144155
27081000,Pitch Obtained From Coal Tar Or From Other Mineral Tars,54062,4379594,4467622
27090000,"Petroleum Oils And Oils Obtained From Bituminous Minerals, Crude TV",27951970,3503570135,3543381468
27101231,"White spirit, TV",628070,68158786,80090084
27101232,"Naphtha, TV",27999395,1995298472,2017334261
27101262,"High speed diesel oils, TV",42130022,7564900262,7565290960
27101911,"OTHER FUEL OILS FURNACE OILS, TV",69525,4154707,4237699
27101919,"Fuel oil, NES",1110,1751670,1798524
27101921,Base oil in bulk imported by petroleum products processing or lube blending industry,2634056,323368205,394192795
27101929,"LUBRICATING OILS, NES",550,68736,272956
27101931,LUBRICATING OIL WHICH HAS ITS FLASHING POINT .. below 220 F b..Jy Abel close test,3063190,862789052,993210177
27101939,"OTHER HEAVY OILS AND PREPARATIONS, NES",22193,6204796,9154817
27101951,LIQUID PARAFFIN IN DRUM,528595,75361595,90250541
27101959,LIQUID PARAFIN OTHER THAN DRUM,861635,107416428,141674404
27101971,Transforme Oil in Drum,290840,73141204,80133999
27101979,Transformer Oil Other than in drum,312500,40140217,43220088
27101981,Greases (mineral) wrapped/canned up to 2.5kg,55473,45411563,47802458
27101989,Greases (mineral) other than wrapped/canned,141642,75099352,79821361
27101991,MINERAL OIL WHICH HAS ITS FLASIHING POINT =>200D F USED AT JUT OF OTHER FIBER,974,101877,243908
27101992,MINERAL OIL FOR THE MANUFACTURE OF INSECTICIDES,44088,10484826,13918395
27101999,"OTHER HEAVY OILS AND PREPARATION, NES",24890,10046617,11185346
27102000,"Petroleum oils and oils obtained from bituminous minerals , containing biodiesel, othe",1846,970925,971348
27111100,"Natural Gas, Liquefied",805584178,51925407306,51925407306
27111200,"Propane, Liquefied",16181027,1652922718,1671721409
27111300,"Butanes, Liquefied",121069490,11035604172,11418527241
27111410,Ethylene/propylene imported by PVC/PET resin manufacturing industry,5226418,940682989,941585038
27121000,Petroleum Jelly,81725,26783895,27438640
27122000,Paraffin wax containing by weight less than 0.75% of oil,554063,68166278,70787079
27129010,Tube lessening jel imported by optical fibre cable manufacturing industry,18530,4216048,5696025
27129090,"MICROCRYSTALLINE PETROLEUM WAX, SLACK WAX,OZOKERITE..,EXCL.PETROLEUM JELLY, PARAFFIN WAX",16106,7985658,8394293
27131200,Calcined Petroleum Coke,45580,3903752,7322366
27132010,Petroleum bitumen in Drum,7957873,429670515,495444739
28012000,Iodine,1200,13928904,14208875
28030000,"Carbon (Carbon Blacks And Other Forms Of Carbon, Nesoi)",917528,150088241,213127622
28042100,0Argon,545886,23550288,28672416
28042900,Rare Gases (Excl. Argon),931,5009477,5527766
28043000,Nitrogen,23477,1337589,1519985
28044000,Oxygen,1330172,13460073,21566536
28046900,Silicon Containing By Weight <99.99% Silicon,25000,6220306,9071662
28048000,Arsenic,4000,368230,901515
28049000,Selenium,3500,7732828,7826750
28051100,Sodium,3154,4269012,4363851
28051200,CALCIUM,1,614,627
28054000,Mercury,56,3437,21033
28061000,Hydrogen Chloride (Hydrochloric Acid),8768,2432098,2802709
28070000,Sulphuric Acid; Oleum,1852715,69604972,72269085
28080000,Nitric Acid; Sulphonitric Acids,902720,39863931,44918354
28092000,Phosphoric Acid And Polyphosphoric Acids,183020,39356616,51858904
28100010,Boric Acid,138800,18694840,20400207
28100090,OTH..Oxides of boron; boric acids,36650,15581645,19908469
28111100,Hydrogen Fluoride (Hydrofluoric Acid),22000,3240423,3285617
28111900,"Other Inorganic Acids, Nes",1000,159566,162774
28112100,Carbon Dioxide,471000,6132194,11030129
28112200,Silicon Dioxide,255184,49277395,62765771
28112910,Silica gel,17606,7427827,7632306
28112990,Silica gel imported by other than VAT registered motorcycle assembling and manufa,143384,29432828,31312666
28142000,Ammonia In Aqueous Solution,490,109242,147242
28151100,"Sodium Hydroxide (Caustic Soda), Solid",68543,7786136,11292011
28151200,Sodium Hydroxide In Aqueous Solution (Soda Lye Or Liquid Soda),17960,3274506,5542188
28152000,Potassium Hydroxide (Caustic Potash),20769,2257702,2323929
28161000,Hydroxide and peroxide of magnesium,15081,7012745,7177569
28170000,Zinc Oxide; Zinc Peroxide,134868,45188796,52118227
28181000,"Artificial corundum, whether or not chemically defined",7000,816223,1060717
28182000,Aluminium oxide Imported by abrasive paper sand paper manufacturing industry,50000,9357949,13375442
28182000,"Aluminium oxide, other than artificial corundum",492136,44940008,60321804
28183000,Aluminium Hydroxide,522746,28978111,42042457
28191000,Chromium Trioxide,18000,4971104,5043612
28199000,Chromium Oxides And Hydroxides (Excl. Chromium Trioxide),24050,17181853,17768502
28201000,Manganese Dioxide,151300,10805706,14148512
28209000,Other Manganese Oxides (Excl. Manganese Dioxide),27015,3903145,3981598
28211000,Iron Oxides And Hydroxides,318604,40151917,46907179
28220000,Cobalt Oxides And Hydroxides; Commercial Cobalt Oxides,8256,47074427,48020623
28230000,Titanium Oxides,226421,60158229,62938838
28249010,Red Lead,262,23995,98283
28249020,Red lead oxide,40000,10930291,13772265
28251000,Hydrazine And Hydroxylamine And Their Inorganic Salts,63000,11902102,16734711
28252000,Lithium Oxide And Hydroxide,200,706265,720461
28255000,Copper Oxides And Hydroxides,2125,4259315,4329280
28258000,Antimony Oxides,6000,19688025,20083755
28259000,"Other Inorganic Bases; Other Metal Oxides, Hydroxides And Peroxides, Nes",3002,147127,243980
28261910,Sodium silicon fluoride,271000,18659805,34566578
28261990,Other than Sodium silicon fluoride,4,130203,132820
28269000,"Fluorosilicates Nes;Fluoroaluminates And Other Complex Fluorine Salts,Nes",8008,3313847,4415955
28271000,Ammonium Chloride,67675,2986191,3122641
28272000,Calcium Chloride,188005,11040162,29030887
28273100,Magnesium Chloride,1569,1161112,1192880
28273200,Aluminium Chloride,1037500,32031618,32585040
28273500,Nickel Chloride,500,61350,93875
28273900,"Chlorides, nes",147528,8960430,11184862
28275100,Bromides Of Sodium Or Of Potassium,3890,38730510,39878243
28275900,Bromides And Bromide Oxides (Excl. Of Sodium And Potassium),396150,222961337,225235256
28276000,Iodides And Iodide Oxides,325,2968900,3028577
28281000,Commercial Calcium Hypochlorite And Other Calcium Hypochlorites,2875920,75512197,112551638
28289000,Hypochlorites (Excl. Of Calcium) And Chlorites; Hypobromites,9378,950225,986774
28291900,Chlorates (excl. of sodium),1,36137,36864
28299010,POTASSIUM IODATES,2000,12556640,12736790
28301000,Sodium Sulphides,562250,26743999,28024162
28311000,Dithionites And Sulphoxylates Of Sodium,630072,54520331,55329383
28321000,Sodium Sulphites,713370,34273080,34991929
28322000,Other Sulphites (Excl. Sodium),5,5646,5760
28323000,Thiosulphates,9030,635125,771834
28331100,Disodium Sulphate,20753801,262286693,351889934
28331900,Sodium Sulphates (Excl. Disodium Sulphate),4611,7555591,7714377
28332100,Sulphates Of Magnesium,3920250,78172548,79709020
28332200,Sulphates Of Aluminium,417500,10114048,10298998
28332400,Sulphates Of Nickel,13160,4401420,5182795
28332700,Sulphates Of Barium,151675,13498538,17848438
28332910,Zinc sulphate,1865250,282176659,316853415
28332920,CHROMIUM SULPHATE,101750,11737328,13279765
28332990,"Sulphates; alums; peroxosulphates (persulphates), nes",15150,12120266,12499293
28333000,Alums,473830,11299152,11650703
28334000,Peroxosulphates (Persulphates),12800,3810320,4119176
28341000,Nitrites,162700,9981792,11781588
28342910,Sodium nitrate,50001,2823710,6010566
28342990,Other than Sodium nitrate,500,134019,136713
28351000,Phosphinates (hypophosphites) and phosphonates (phosphites),300,29448,37549
28352200,Phosphates Of Mono Or Disodium,17070,12210952,12847204
28352400,Phosphates Of Potassium,1875,1573200,1736277
28352500,Calcium Hydrogenorthophosphate (Dicalcium Phosphate),1612600,130210076,136466830
28352600,"Other Phosphates Of Calcium, Nes",5885600,787728272,803049309
28352900,"Phosphates, nes",18703,4358803,5176392
28353100,Sodium Triphosphate (Sodium Tripolyphosphates),287250,28515352,33773664
28353900,"Polyphosphates, Nes",141751,18573425,20928857
28362000,Disodium Carbonate,39632375,1034092333,1532836406
28363000,Sodium Hydrogencarbonate (Sodium Bicarbonate),3392700,120117567,204759954
28364000,Potassium Carbonates,546000,74207473,111760380
28365000,Calcium Carbonate,24237099,416768385,612637040
28366000,Barium Carbonate,54100,3653454,4336121
28369100,Lithium Carbonates,1350,17858546,19223147
28369990,"Other Carnonates; Peroxocarbonates, Excl. Ferrous Carbonate",1220850,41977549,45881980
28371100,Cyanides And Cyanide Oxides Of Sodium,36000,9942207,10894187
28391100,Sodium Metasilicates,260500,11393559,12408564
28391900,"Other Silicates And Com. Alkali Metal Silicates,Of Sodium (Ex.Metasilicate",46350,3998124,4124007
28399010,Silicates; commercial alkali metal silicates Of potassium,114819,6475461,10489107
28399090,"Silicates; commercial alkali metal silicates, nes",239977,50707901,72734389
28401100,Anhydrous Disodium Tetraborate (Refined Borax),450,59776,118287
28401900,"Disodium Tetraborate, Not Anhydrous",717000,68386894,69686421
28402010,Solubo boron,149600,34627553,38234018
28402090,"Other Borates, Nes",9005,3306552,3358879
28403000,Peroxoborates (Perborates),2000,761008,772832
28413000,Sodium Dichromate,48000,6510041,7306072
28416100,Potassium Permanganate,170000,36324483,39582437
28417000,Molybdates,836,4833564,4880784
28419000,"Other Salts Of Oxometallic And Peroxometallic Acids, Nes",29,564978,574971
28421010,Aluminium sodium silicate; Zeolite,465300,38276736,41314184
28421090,Other salt of inorganic acids .. Excluding aluminium sodium silicate,4400,1616161,1879019
28429010,"Other Salts Of Inorganic Acids Or Peroxoacids,Excl. Azides",55200,22697691,23182964
28429090,"Other Salts Of Inorganic Acids Or Peroxoacids,Excl. Azides",25,455685,469634
28439010,"CISPLATIN BP, OXALIPLATIN BP, CARBOPLATIN BP",1,4602874,4695392
28444110,"Tritium its compounds;alloys, dispersions (incl. cermets),ceramic products mixtures",2240,36058502,36756378
28444310,"Other radioactive elements and isotopes and compounds; other alloys,dispersions etc.",194,6491573,6677471
28461000,Cerium Compounds,0,86010,87739
28469000,"Compounds, Inorganic Or Organic, Of Rare-Earth Metals, Etc(Excl. Cerium)",0,102055,104107
28470000,"Hydrogen Peroxide, Whether Or Not Sokidified With Urea",55297,8071324,12339369
28491000,Carbides Of Calcium,178000,17003322,28942511
28492000,Carbides Of Silicon,7076,1201043,1393664
28539000,Other,146,237811,249300
29011000,"Acyclic Hydrocarbons, Saturated",476041,59995152,62884899
29012310,Refrigerant (isobutane/R600a),32153,11370419,14346036
29012900,"Other Unsaturated Acyclic Hydrocarbons, Nes",475,398314,406320
29021100,Cyclohexane,3040,611733,962687
29021910,Cyclopentane,222390,46528360,80904076
29023000,Toluene,643159,84822714,87610812
29024400,Mixed Xylene Isomers,82698,12801652,13893291
29025000,Styrene,19955,3306039,4166625
29025000,Styrene imported by paint manufacturing industries,189530,26063037,43021867
29027000,Cumene,2,17057,17400
29029010,"Other Cyclic Hydrocarbons, Nes",4025,1121475,1159118
29029090,"Other Cyclic Hydrocarbons, Nes",1,33248,33915
29031200,Dichloromethane (Methylene Chloride),861446,86800856,103651399
29031300,Chloroform (Trichloromethane),222,143646,146533
29031500,"1,2-Dichloroethane (Ethylene Dichloride)",75,83816,85502
29031900,"Other Saturated Chlorinated Derivatives Of Acyclic Hydrocarbons, Nes",399,738338,753177
29032200,Trichloroethylene,30920,3828707,3883139
29032300,Tetrachloroethylene (Perchloroethylene),17600,1612847,2353665
29034200,Trifluoromethane(HFC-23),78081,35310303,35852086
29034500,"1,1,1,2-Tetrafluoroethane(HFC-134a)and 1,1,2,2.. (HFC-134)",33150,47233770,48111749
29034600,"1,1,1,2,3,3,3-Heptafluoropropane (HFC-227ea)..(HFC-236cb),(HFC-236ea)..",795,300844,308393
29034990,"Other than PFIB: 1,1,3,3,3-Pentafluoro-2-(trifluoromethyl)-1-prope",1005,877308,894942
29036900,Other,40,156866,160019
29037900,HFC 134a; R-22,7425,10515265,11855061
29039100,"Chlorobenzene, o-dichlorobenzene and p-dichlorobenzene",25500,12887397,17621065
29041010,Methane Sulphonate,4875,1047398,1068444
29041090,Hydrocarbon Derivatives Cont.Only Sulpho Grp.Treir Slats(Ex.Methane Sulp..,650,333052,375242
29049900,Other,59800,6869538,10534419
29051110,Methanol (Methyl Alcohol),1084968,84107838,93257424
29051190,Other methanol (methyl alcohol),1670868,100393678,141859956
29051210,Isopropyl alcohol,97666,12950816,20383762
29051290,Propan101 (propy1 alcohol) and propan201 (isopropy1 alcohol):,117155,18358652,28112077
29051300,Butan-1-Ol (N-Butyl Alcohol),86219,14140687,19161393
29051400,"Other Butanols, Nes",37125,4836129,10946740
29051600,Octanol (octyl alcohol) and isomers thereof,690,1175085,1185078
29051600,Octanol and isomers imported by dioctyl orthophthalates manufacturing industry,1970200,253337249,368324626
29051700,"Dodecan-1-Ol, Hexadecan-1-Ol And Octadecan-1-Ol",7205,1345775,1401169
29051990,"Other than Pinacolyl alcohol: 3, 3-Dimethylbutan-2-ol",65600,33115536,33791568
29052200,Acyclic Terpene Alcohols,93485,15286727,15779000
29052900,"Other Unsaturated Monohydric Alcohols, Nes",0,42065,42911
29053100,Ethylene glycol (ethanediol),238755,32320609,48388976
29053100,Imported by PET chips/PVC or PET resin/ PSF/POY/FDY/ DTY manufacturers,11999601,1195479998,1199458197
29053200,"Propylene Glycol (Propane-1,2-Diol)",411424,70457249,81596307
29053900,"Other Diols, Nes",58637,18821800,19383393
29054200,Pentaerythritol,151500,32360657,44492888
29054300,Mannitol,74990,39275703,40022597
29054400,D-Glucitol (Sorbitol),80202,6519722,7973834
29054500,Glycerol,1959110,256746225,264345157
29054900,"Other Polyhydric Alcohols, Nes",2000,637038,652041
29061100,Menthol,54970,71582576,73819929
29061320,Inositols,1455,35790369,36508646
29061990,"Oth.Cyclanic,Cyclenic/Cycloterpenic Alcohols & Derivatives,Nes(Ex.Terpinh.",6660,4577834,4640054
29062100,Benzyl Alcohol,18530,8948017,10568659
29062900,"Other Aromatic Alcohols And Their Derivatives, Nes",176,480885,500814
29071100,Phenol (Hydroxybenzene) And Its Salts,889,445453,501568
29071200,Cresols And Their Salts,158,4631002,4724084
29071300,"Octylphenol, Nonylphenol And Their Isomers; Salts Thereof",2,1227,1241
29071500,Naphthols And Their Salts,39150,5508535,5661531
29071900,"Other Monophenols, Nes",10094,8920656,9783526
29072100,Resorcinol And Its Salts,500,327111,355589
29072200,Hydroquinone (Quinol) And Its Salts,105,1138512,1161397
29072300,"4,4-Isopropylidenediphenol (Bisphenol A, Diphenylolpropane) And Salts",2200,694768,703600
29072900,"Other polyphenols, nes",4426,3893571,7587794
29091900,"Other acyclic ethers and their halogenated... derivatives, nes",91866,7633939,7757058
29093000,"Aromatic Ethers And Their Halogenated... Derivatives, Nes",35210,3918271,5080786
29094100,"2,2-Oxydiethanol (Diethylene Glycol, Digol)",103630,10689388,12021866
29094300,Monobutyl Ethers Of Ethylene Glycol Or Of Diethylene Glycol,99151,13225008,18578595
29094900,"Other Ether-Alcohols And Their Halogenated... Derivatives, Nes",115024,30780528,40227382
29096000,"Alcohol, Ether And Ketone Peroxides And Their... Derivatives, Nes",118140,36664774,58258351
29101000,Oxirane (Ethylene Oxide),302,347915,393824
29109000,"Other Epoxides... With A Three-Membered Ring And Derivatives, Nes",4130,2437223,2518419
29110000,Acetals And Hemiacetals And Their Halogenated... Derivatives,13602,2339895,3142264
29121100,Methanal/Formalin (formaldehyde),0,47269,48221
29122900,"Other cyclic aldehydes, without oxygen function, nes",500,245487,249076
29124100,"Aldehyde-alcohols,...Vanillin (4-Hydroxy-3-Allthobenzaldehyde)",9300,2609829,2659827
29124200,Ethyvanillin (3-Ethoxy-4-Hydroxybenzaldehyde),150,55234,56111
29124900,"Oth.Aldehyde-Ether,Aldehyde-Phenols,Aldehydes,With Oth.Oxygen Function,Nes",0,35127,35832
29126000,Paraformaldehyde,1052420,89252658,152374257
29141100,Acetone,177373,24336744,24741946
29141200,Butanone (Methyl Ethyl Ketone),207690,33025150,34642004
29141300,4-Methylpentan-2-One (Methyl Isobutyl Ketone),82045,13080594,22930117
29141900,"Other acyclic ketones, without oxygen function, nes",573,178701,181402
29142200,Cyclohexanone And Methylcyclohexanones,136710,17612820,17928472
29142900,"Oth.Cyclanic,Cyclenic/Cycloterpenic Ketones Without Oth.Oxy. Function,Nes",1075,2519289,2569926
29143900,Other Aromatic Ketones Without Other Oxygen Function (Excl. Phenylacetone),600,2417552,2487555
29144000,Ketone-alcohols and ketone-aldehydes,1950,354237,359045
29145000,Ketone-Phenols And Ketones With Other Oxygen Function,11210,44618816,45917580
29146100,Anthraquinone,10001,8470515,14914856
29146200,Coenzyme Q10 (ubidecarenone (INN)),540,11978764,12219540
29146900,Other Quinones (Excl. Anthraquinone),140,265617,270955
29147900,Other,404,114535,171621
29151100,Formic Acid,429415,26272166,35297338
29151200,Salts Of Formic Acid,600,56150,61608
29151300,Esters Of Formic Acid,540,347977,354970
29152100,Acetic Acid,62112,6796390,9115726
29152400,Acetic Anhydride,334740,35806860,36494160
29152910,Sodium acetate,8485,1094379,1133903
29152990,"Formic acid, its salts and esters:Excl. Sodium Acetate",2483,1932008,1974318
29153100,Ethyl Acetate,5358461,611396144,679394633
29153200,Vinyl Acetate,321380,36107157,42151202
29153300,N-Butyl Acetate,125640,16172925,25644511
29153900,"Other Esters Of Acetic Acids, Nes",461481,74525444,111639920
29155090,"Other Propionic Acid,Its Salts&Esters(Excl.Deoxycortone Phenyel Propionate",146510,14045107,15023226
29156000,"Butyric Acids, Valeric Acids, Their Salts And Esters",223777,45286806,82418872
29157010,"Stearic Acid,Their Salts And Esters",2451684,336024687,353434439
29157020,Ethyl Palmitate And Isopropyl Palmitate,3230,1929893,1978587
29157031,Sodium salt of palmitic acid (soap noodle),20106,2612100,2830376
29157031,Sodium salt of palmitic acid (soap noodle) imported by soap manufacturing industry,2920000,361963582,422518630
29157039,Other Palmatic Acid/Salt,9950,2321487,2415538
29159000,"Other Saturated Acyclic Monocarboxylic Acids And Their... Derivatives, Nes",69110,31259029,33095825
29161100,Acrylic Acid And Its Salts,26800,3720595,8922381
29161200,ESTERS OF ACRYLIC ACID,427360,63110197,100532334
29161300,METHACRYLIC ACID AND ITS SALTS,35951,8722116,13277495
29161400,ESTERS OF METHACRYLIC ACID,385154,83439924,125638770
29161500,"Oleic, Linoleic Or Linolenic Acids, Their Salts And Esters",1637,1531672,1562457
29161900,"Other Unsaturated Acyclic Monocarboxylic Acids And Their...Derivatives,Nes",69481,11193712,15224007
29162000,"Cyclanic...Cycloterpenic Monocarboxylic Acids, Etc, Their... Derivatives",945,13138535,13404776
29163100,"Benzoic Acid, Its Salts And Esters",51022,15917422,17552082
29163200,Benzoyl Peroxide And Benzoyl Chloride,1787,15108858,15449544
29163900,"Aromatic monocarboxylic acids, etc, their... derivatives, nes",1704,5927195,6046335
29171100,"Oxalic Acid, Its Salts And Esters",25001,1609460,1663065
29171200,"Adipic Acid, Its Salts And Esters",177035,29089548,29582832
29171300,"Azelaic Acid, Sebacic Acid, Their Salts And Esters",2,982,1003
29171400,Maleic Anhydride,12000,2119777,2607364
29171900,"Acyclic polycarboxylic acids, etc, their... derivatives, nes",39856,21191185,21835827
29173200,Dioctyl orthophthalates,32000,3142228,3188134
29173400,"Other Esters Of Orthophthalic Acid,",1,97863,99831
29173500,Phthalic Anhydride,1723300,211326165,270730086
29173600,Imported by PET chips/PVC or PET resin/ PSF/POY/FDY/ DTY manufacturers,19744800,1921746031,1970638658
29173600,Terephthalic acid and its salts,4000,392779,400673
29173910,Purified Isophtalic Acid (IPA),2100,414995,462747
29173990,"Other Aromatic Polycarboxylic Acids, Etc, Their... Derivatives, Nes",56105,9460256,10715405
29181100,"Lactic Acid, Its Salts And Esters",76308,13211323,17755670
29181200,Tartaric Acid,750,540069,559590
29181400,Citric Acid,1883106,175650577,180563607
29181500,Salts And Esters Of Citric Acid,220262,84859240,91633665
29181600,"Gluconic Acid, Its Salts And Esters",220262,22810124,25804383
29181910,"Calcium,Lactate,Calcium Livulinate,Calc.Sodium Lactate,Cantharides,Canthr.",19000,3341073,3925042
29181990,"Carboxylic Acids With Alcohol Function,Without Oxygen Function..Nes",9794,101464191,103493211
29182100,Salicylic Acid And Its Salts,19027,6981436,9630977
29182200,"O-Acetylsalicylic Acid, Its Salts And Esters",400,294584,300505
29182300,Other Esters Of Salicylic Acid And Their Salts,24591,4320465,4682990
29182900,"Oth.Carboxylic Acids With Phenol Function,But Without Derivatives Nes",14338,13399816,14768903
29183000,"Carboxylic Acids With Aldehyde,Or Ketone Function...& Their Derivatives",25400,13136970,13567546
29189900,"Car. acids with add.Oxy.func.&their.. Excl.2, 4, 5-T (ISO) (2,4,5-trichlo.acid)",57664,283343078,289867767
29199000,Phosphoric esters..derivatives.Exclu. Tris phosphate & Tetrasodium fosfertrol a,1446,4605242,5082869
29201900,Thiopho. esters... nitrosated derivatives: Excl. Parathion (ISO) &para.-methyl,15000,30213263,30711710
29209090,"Oth.Ester Of Oth.Inorganic Acids(Exl.Of Hdrgn.Halides),Deriv.(Ex.Erythrit.",30513,43780056,44666085
29211100,"Methylamine, Di- Or Trimethylamine And Their Salts",990,115440,148754
29211990,Other,26309,15587804,16291250
29212110,Ethylenediamine And Its Salts,14502,5430580,8569839
29212190,Ethylenediamine And Its Salts,6000,3074720,3267994
29212200,Hexamethylenediamine And Its Salts,200,257761,262942
29212900,"Other Acyclic Polyamines And Their Derivatives, Salts Thereof, Nes",1514,4334955,4514680
29213000,"Cyclanic...Or Cycloterpenic Mono- Or Polyamines, Etc; Salts Thereof",43590,21807984,25445820
29214300,Toluidines And Their Derivatives; Salts Thereof,17000,2503963,3596621
29214400,Diphenylamine And Its Derivatives; Salts Thereof,1000,1215159,1239583
29214500,"1-Naphthylamine, 2-Naphthylamine And Their Derivatives; Salts Thereof",600,6996368,7136995
29214900,"Other Aromatic Monoamines And Their Derivatives, Nes; Salts Thereof",3236,21672997,22112719
29215100,"O-, M-, P-Phenylenediamine, Diaminotoluenes, Etc; Salts Thereof",8755,7834204,8063640
29215900,"Other Aromatic Polyamines And Their Derivatives, Nes; Salts Thereof",4480,9814849,10012126
29221100,Monoethanolamine And Its Salts,9550,6060533,7022642
29221200,Diethanolamine And Its Salts,17600,2257495,2302871
29221500,Triethanolamine,880,2018790,2059367
29221910,"Amino-alcohols, their ethers and esters with only 1 oxygen function, nes",20,613717,626052
29221999,"Other than N,N-Dialkyl (Me, Et, n-Pr or i-Pr) aminoethane-2-ols and corresponding protonated salts",10244,70136442,72153728
29222100,Aminohydroxynaphthalenesulphonic Acids And Their Salts,50,167315,170678
29222910,"Acetaminophen,Methoxyphenamine,P-Acetaminopaenol",20,3902972,3981436
29222990,"Other Amino-Naphthols &-Phenols,Etc.. Oxygen Function;Salts, Nes",250330,103177104,105143528
29223900,"AMINO-ALDEHYDES,AMINO-KETONES & AMINO-QUINONES,OTH. THAN THOSE CONT.MORE..",500,21472500,21904097
29224100,Lysine And Its Esters; Salts Thereof,1379225,173908368,360359603
29224210,Tasting salts ((monosodium glutamate) in retail pack upto 2.5 kg,79876,12745517,12975248
29224220,Tasting salts (monosodium glutamate) in other packing,820406,100455287,140639364
29224290,"Glutamic acid and its salts, NES",25,19946,20347
29224900,"Oth.Amino-Acids&Their Esters,>1 Kind Of Oxygen Function; Salts Thereof,Nes",349702,170210285,279330625
29225000,"Amino-alcohol/acid-phenols; amino-compounds with oxygen function, nes",711635,243533222,316859281
29231000,Choline And Its Salts,618400,52389753,88617922
29232000,Lecithins And Other Phosphoaminolipids,56467,42421993,50830384
29239000,"Quaternary Ammonium Salts And Hydroxides, Nes",455059,119711205,205774942
29241900,"Acyclic amides (incl. acyclic carbamates) and derivatives; salts thereof,nes",97198,27175580,36498716
29242100,Ureines And Their Derivatives; Salts Thereof,100,112924,115195
29242900,"Cyclic amides (incl. carbamates) and derivatives; salts thereof, nes",205314,210696180,215162752
29251100,Saccharin And Its Salts,50952,26104346,28361054
29251990,Imides And Their Derivatives; Salts Thereof (Excl. Saccharin),75,3605721,3678197
29252910,Paludrine and chloroguayide (projuanil),119439,74182040,75701560
29252990,Paludrine and chloroguayide (projuanil),15773,67264402,68657395
29269010,"Nitroxinil And Its Solution,Lsaminile",500,3177930,3241806
29269020,Acetonitrile HPLC,3665,2875219,2957133
29269090,"Other Nitrile-Function Compounds, Nes",19055,31630360,32258952
29270000,"Diazo-, Azo- Or Azoxy-Compounds",312623,70885965,77627220
29280000,Organic Derivatives Of Hydrazine Or Of Hydroxylamine,441,11826685,12064398
29291000,Isocyanates,523980,116946498,170713703
29304000,Methionine,2544000,724892657,1291914568
29309010,"Other organo-sulphurcompounds, nesr",9,2202015,2256186
29309099,Other,23693,48283207,49219573
29314990,Other,130,1209308,1236827
29315400,Halogenated organo-phosphorous derivatives : Trichlorfon (ISO),3000,1638623,1682210
29319090,"Other organo-inorganic compounds, (EXCL.Tetramethyl lead and tetraethyl lead & Tributylt",132947,33077026,40488321
29321100,Tetrahydrofuran,100,151604,154652
29321400,Sucralose,13400,27190756,32342174
29321900,"Compounds containing an unfused furan ring in the structure, nes",900,4961575,5065995
29322000,Lactones,2269,39776915,40717805
29329300,Piperonal,14400,2121004,2884777
29329900,"Other Heterocyclic Compounds With Oxygen Hetero-Atom(S) Only, Nes",38276,123550332,126785268
29331100,Phenazone (Antipyrin) And Its Derivatives,100,331407,338068
29331900,"Compounds containing an unfused pyrazole ring in the structure, nes",1600,4093489,4173854
29332100,Hydantoin And Its Derivatives,3410,883261,1015445
29332900,"Other Compounds Containing An Unfused Imidazole Ring In The Structure, Nes",65679,127911126,130755983
29333100,Pyridine And Its Salts,2400,1435337,2077891
29333990,Other,176116,945973903,972744940
29334900,"Compounds with quinoline or isoquinoline ring-system, not further fused,nes",5884,178699090,182414205
29335910,"5-fluorouracil BP, methotrexate BP, capecitabine USP, cytarabin",865,22366178,22833459
29335990,"OTHER EXCL. 5-FLUOROURACIL BP, METHOTREXATE BP, CAPECITABINE USP",70641,483023894,499177091
29336100,Melamine,231500,25498564,44088965
29336900,Other Compounds Containing An Unfused Triazine Ring In The Structure,29891,16594073,18485732
29337100,6-Hexanelactam (Epsilon-Caprolactam),23500,5982145,7304556
29337910,Other Lactams (Excl. Epsilon-Caprolactam),1,614,626
29337990,Other Lactams (Excl. Epsilon-Caprolactam),17129,57177952,58385911
29339100,ALPRAZOLAM(INN)CAMAZEPAM(INN)CHLO..TETRAZEPAM(INN)&TRIAZOLAM(INN)S.THEREOF,1520,50782572,51830532
29339200,Azinphos-methyl (ISO),0,2455,2504
29339900,"Heterocyclic compounds with nitrogen hetero-atom(s) only,nes",104421,447490623,476522304
29341000,Compounds Containing An Unfused Thiazole Ring In The Structure,541,9209430,9391574
29342000,"Compounds Containing A Benzothiazole Ring-System, Not Further Fused",115,3455960,3541333
29343000,"Compounds Containing A Phenothiazine Ring-System, Not Further Fused",300,2752519,2807845
29349910,NUCLEIC ACIDS AND THEIR SALTS,3500,4532296,4640074
29349920,"GEMCITABINE HCI USP, CYCLOPHOSPHAMIDE BP, IPHOSPHAMIDE BP",10,1472920,1502525
29349990,"OTH. HETEROCYCLIC COMPOUNDS, NES",96662,1113745494,1140318300
29359000,Other,17000,115745759,118062683
29362100,"Vitamins A And Their Derivatives, Unmixed",4541,23655446,24204131
29362200,"Vitamin B1 And Its Derivatives, Unmixed",21525,86860812,88772099
29362300,"Vitamin B2 And Its Derivatives, Unmixed",1026,8173394,8355684
29362400,D- Or Dl- Pantothenic Acid (Vitamin B3 Or B5) And Its Derivatives,1625,4697503,4861241
29362500,"Vitamin B6 And Its Derivatives, Unmixed",26400,76542722,78096073
29362600,"Vitamin B12 And Its Derivatives, Unmixed",8119,82850565,85847688
29362700,"Vitamin C And Its Derivatives, Unmixed",108450,59869418,61157237
29362800,"Vitamin E And Its Derivatives, Unmixed",59700,124841556,127888954
29362900,"Other Vitamins And Their Derivatives, Unmixed",24582,143965207,158691741
29369000,"Other Vitamins (Incl. Natural Concentrates), Nes",32532,43084238,48558851
29371200,INSULIN AND ITS SALTS,124,489899242,499746217
29371910,"HCG,LEUTINISING HORMONE & RELEASING HORMONE",0,43663025,44540652
29371990,"POLY.HORMONES,PROTEIN HORMONES..NES EX.HCG,LEUTINISING HORMONE&RLSNG.HORMO",171,134151462,136985739
29372100,"Cortisone, Hydrocortisone... And Predisolone (Dehydrohydrocortisone)",1309,69403727,70898728
29372200,Halogenated Derivatives Of Adrenal Cortical Hormones,650,87869737,89851308
29372310,DESOGESTREL ETHINYLOESTRADIOL AND LYNESTRENAL,444,107901218,111576783
29372399,Other than Medroxy progesterone acetate,1925,64594113,65920206
29372900,"Other Adrenal Cortical Hormones And Their Derivatives, Nes",539,183520009,192162700
29375000,"PROSTAGLANDINS,THROMBOXANES&TEUKOTRIENES,THEIR DERIVATIVES&STA.ANALOGUES",170,18451230,18827989
29379000,"OTHER HORMONES,PROSTAGLANDINS,..USED PRIMARILY AS HORMONES",1934,134404405,137305771
29381000,Rutoside (Rutin) And Its Derivatives,1500,9831738,10029356
29389090,"GLYCOSIDES, NATURAL OR REPRO. BY SYNTHESIS AND... EXCL. RUTOSIDE AND ITS DERIVATIVES RO",9331,66577631,68061432
29391900,OTHER ALKALOIDS OF OPIUM AND THEIR DERIVATIVES;SALTS THEREOF,70,59264100,60455308
29393000,Caffeine And Its Salts,2602,2950094,3012092
29394100,Ephedrine And Its Salts Excl.Pseudoephedrine (Inn) And Its Salts,25,230144,234770
29394900,Other Ephedrines And Their Salts Nes,2,196389,204505
29395900,OTHER THEOPHYLLINE AND AMINOPHYLLINE..DERIVATIVES;SALTS THEREOF,11428,33086668,33802783
29396900,Other Alkaloids Of Rye Ergot And Their Derivatives; Salts Thereof;Nes,0,2375083,2422823
29397910,Other,0,1104690,1127828
29397990,Other,4,401125,409187
29398000,Other,90,15805655,16833701
29400000,"SUGARS, PURE (EXCL. GLUCOSE, ETC); SUGAR ETHERS AND SALTS, ETC",203442,166221133,170730407
29411000,Penicillins And Derivatives With A Penicillanic Acid Structure; Salts,72009,299218947,305523254
29412000,Streptomycins And Their Derivatives; Salts Thereof,700,5412980,5556902
29413000,Tetracyclines And Their Derivatives; Salts Thereof,48120,82173571,83876083
29414000,Chloramphenicol And Its Derivatives; Salts Thereof,1500,4391142,4479404
29415010,ERYTHROMYCIN ETHYL SUCCINATE; ERYTHROMYCIN STEARATE,1014,7333912,7481324
29415090,ANTIBIOTICS EXCL.ERYTHROMYCIN ETHYL SUCCINATE; ERYTHROMYCIN STEARATE,3400,55396506,56509984
29419011,AZITHROMYCIN,10700,153153887,156361631
29419019,AZITHROMYCIN,13355,80149112,81733221
29419090,"ANTIBIOTICS, NES",142451,1853304309,1894314933
29420010,"Daclatasvir HCL, Dasabuvir, Ledipasvir, Ombitasvir, Partitaprevir, Rito...Velpatasvir",30,11341407,11569370
29420090,"Other Organic Compounds,Nes",12993,253020957,268956019
30019000,"OTHER GLANDS AND OTHER ORGANS, EXCL.GLANDS AND OTHER ORGANS..,EXCL. EXTRACTS OF GLANDS..",85,62259057,63671075
30021200,Antisera and other blood fractions,6013,315725139,322296910
30021400,"Immunological products, mixed, not put up in measured doses or in forms or packings",21,5818,10682
30021500,"Immunological products, put up in measured doses or in forms or packings for retail",153,65755622,67077313
30024100,Vaccines for human medicine,4062,369479829,377024850
30024200,Vaccines for veterinary medicine,59709,854433765,899630121
30024900,"Vaccines, NES",3449,46246685,47182850
30029090,Other,125,244648050,249568418
30031000,"Medicaments Containing Penicillins..Or Streptomycins..,Not For Retail Sale",32,589168,631074
30032000,"Medicaments Containing Other Antibiotics, ....Not For Retail Sale",3108,22721622,25300317
30033100,"Insulin, Not For Retail Sale",18,5729657,5986180
30033990,"Excl..Anti-malaria-TB-cancer...cardiovascular,anti-hepatic drug kidney dialysis solu.",130,1276530,1302190
30034910,"Anti-malaria, anti-TB, anti-cancer, anti-leprosy, cardiovascular and anti-hepatic en",0,19851,19864
30039099,"Other medicaments with >=2 constituents, not for retail sale, nes",6502,30821098,31434588
30041000,"Medicaments Of Penicillins... Or Streptomycins..., For Retail Sale",12977,31656604,34616824
30042010,"Mycophenolate mofetil, mycophenolate sodium, ciclosporin",156,9988236,10189000
30042090,"Other than Mycophenolate mofetil, mycophenolate sodium, ciclosporin",62170,107679959,122872180
30043100,"Medicaments Containing Insulin, For Retail Sale",12448,463762065,478208576
30043200,"Medicaments Containing Adrenal Cortical Hormones, For Retail Sale",16,1153787,1176979
30043910,"Anti-malaria-TB-cancer-leprosy,crdvsclr/anti-hepatic encephal opathy drugs/Kidney dls",3180,72493682,73958896
30043990,"Excl.Anti-malaria-TB-cancer-leprosy,crdvsclr/anti-hepatic..opathy drugs/Kidney dialys",313,40810030,44516499
30044990,Other,3599,10651873,10775974
30045000,Other Medicaments Containing Vitamins Or Otr Prod.Of 29.36 For Retail Sale,19616,25232240,29856933
30049010,Oth.Medicaments Of Mixe...Containing More Than 15% Of Absolute Alcohol,0,614,627
30049020,"Homeopathic, Biochemic, Ayurvedic, ......mide, bupivacaine, procaine, kaetamine hydrochl",27963,84086449,86380808
30049091,"Antimalaria, antiTB, anticancer, ... Kidney dialysis solution; Drugs for thalassaemia",72884,632934188,651884516
30049099,"Other(excl.anti-malaria, anti-TB, anti-leprosy....and kidney dialysis solution",55227,343195278,355952796
30051000,ADHESIVE DRESSINGS AND OTHER ARTICLES HAVING AND ADHESIVE LAYER,26858,36183658,37525110
30059000,"Wadding, Gauze, Etc With Pharmaceutical Substances For Retail Sale, Nes",34793,16050953,17161485
30061000,"Sterile Surgical Catgut,Materrials For Surgi.Sutures;Laminaria;Absor.Haem.",454,7043464,7302788
30063000,Opacifying Preparations For X-Ray Examinations; Diagnostic Reagents...,835,18568975,18942212
30064000,Dental cements and other dental fillings; bone reconstruction cements,2573,7017287,8187197
30065000,First-Aid Boxes And Kits,154,57898,95482
30067000,GEL PREPARATIONS DESIGNED TO BE USED IN HUMAN OR VETE..MEDICAL INSTRUMENTS,262,55357,100297
31010000,Animal Or Vegetable Fertilizers,14,3682,5258
31021000,"Urea, Whether Or Not In Aqueous Solution",72,330596,337241
31022100,Ammonium Sulphate,1099000,32417690,58909661
31031110,Superphosphates : Containing by weight 35 % or more ... Triple superphosphates,74335531,6514159023,7655500208
31042000,Potassium Chloride,83963142,3684909323,3753749934
31049000,"Other Mineral Or Chemical Fertilizers, Potassic, Nes",4,2455,2506
31051000,Fertilizers... In Packages Of A Gross Weight =<10kg,6,7365,7513
31053000,Diammonium Hydrogenorthophosphate (Diammonium Phosphate),39851,3227132700,3415889309
31059000,"Other Fertilizers, Nes",24659,3669684,7436147
32019000,"Tanning extracts of vegetable origin; tannins and other derivatives, nes",116500,4780852,5843871
32021000,Synthetic Organic Tanning Substances,184926,19170193,22856025
32030000,"Colouring Matter Of Vege./Animal Origin,& Prepa..As Spec.In Not 3 Chp.32",5505,20936386,21359363
32041100,Disperse Dyes And Preparations Based Thereon,164531,36469743,38451296
32041200,Acid Dyes And Preparations; Mordant Dyes And Preparations,72740,25428580,26457206
32041310,AZO DYES,7081,3831262,4066009
32041390,Other basic dyes and preparation,67636,15190998,16063716
32041400,Direct Dyes And Preparations Based Thereon,174383,44768214,47517995
32041500,Vat Dyes And Preparations Based Thereon,90313,23146196,24215967
32041600,Reactive Dyes And Preparations Based Thereon,2274678,611003567,635049714
32041700,Pigments And Preparations Based Thereon,431240,218776580,227345369
32041800,Carotenoid colouring matters and preparations based thereon,0,614,627
32041900,Other Synthetic Organic Coloring Matter(Inc.Mixtrs) Of Prods 320411-320419,213443,96584515,105794889
32042000,Synthetic Organic Products Used As Fluorescent Brightening Agents,404551,101064341,120901893
32049000,Synthetic Organic Products Used As Luminophores,2228,2052247,2103141
32050000,Colour Lakes; Preparations Based On Colour Lakes As Specified In Note 3,53747,316505287,323751854
32061100,"Pigments & Preparatns Based On Titanium Dioxide,Cont.=>80%Titanium Dioxide",2509513,677480010,819968482
32061910,"Pigments/Preparatns Based On Titanium Dioxide, Cont.< 80% Titanium Dioxide",76602,9157509,10039395
32061920,Color master batch,235151,90470125,93998123
32061990,"Pigments/Preparatns Based On Titanium Dioxide, Cont.< 80% Titanium Dioxide",34922,18588848,20723289
32062000,Pigments And Preparations Based On Chromium Compounds,71317,29609999,30113490
32064100,Ultramarine And Preparations Based On Other Colouring Matter,55379,4777720,5362927
32064200,Lithopone And Other Pigments And Preparations Based On Zinc Sulphide,24,14422,14714
32064900,"Other Colouring Matter; Preparations As Specified In Note 3, Nes",47613,16511600,17624760
32071000,"Prepared Pigments, Opacifiers & Colours... For Ceramics And Glass Ind.Etc",149967,111821536,119839573
32072000,"Vitrifiable Enamels And Glazes, Englobes And Similar Preparations",6874613,461108260,539843166
32073000,LIQUID LUSTRES AND SIMILAR PREPARATIONS,105,72317594,73544559
32074000,"GLASS FRIT AND OTHER GLASS,IN THE FORM OF GRANULES OR FLAKES",4802129,328145004,345819464
32081020,Insulating varnish for copper wire,60800,19939526,23556287
32081090,"Other Paints Based On Polyesters, In A Non-Aqueous Medium",21668,13631574,14267676
32082091,Cover coat/medium,2430,746565,1444836
32082091,Cover coat/medium imported by ceramic ware manufacturing industry,1549,2482956,2718309
32082099,"Other Paints Based On Acrylic Or Vinyl Polymers, In A Non-Aqueous Medium",48809,19404997,20311615
32089030,Coating materials imported by VAT registered cookingware manufacturers,18,3846,18419
32089030,Coating materials,73618,16986340,20548193
32089030,Coating materials imported by cookingware or sand paper manufacturing industry,7803,10052136,10254180
32089090,"Other Paints And Varnishes, In A Non-Aqueous Medium, Nes",424744,249325291,269631692
32091000,Based on acrylic or vinyl polymers,16581,3827833,3948520
32099030,Coating materials,11879,6421794,6829789
32099090,"Other Paints And Varnishes, In An Aqueous Medium, Nes",65670,14562248,20700569
32100090,Other Paints & Varnishes,22364,9890943,10310918
32110000,Prepared Driers,144750,28487443,31648648
32121000,Stamping Foils,64173,37535944,39311809
32129000,"PIGMENTS(INCL.METALIC..) DISPERSED IN NON AQUEOUS MEDIA..,EXCL. STAMPING FOILS",374032,139981012,142670235
32131000,Colours in sets,20595,4934005,6416249
32139000,"Artists', Students' Or Signboard Painters' Colours In Packings, Nes",7763,5000138,5338567
32141000,"GLAZIERS PUTTY,GRAFTING PUTTY, RESIN CEMENTS, CAULKING COMPOUNDS AND OTHER MASTICS...",345125,43548243,52867479
32149000,Non-Refractory Surfacing Preparations,113916,30331304,34622466
32151100,Black printing ink Imported by SIM card and scratch card manufacturing industry,7920,8697767,8802279
32151100,"Black printing ink, whether or not concentrated or solid",23774,19226540,21936188
32151190,"Black printing ink, whether or not concentrated or solid",30,2928,22399
32151900,"Other printing ink, whether or not concentrated or solid (excl. black)",442052,449259070,488820869
32159010,Inkjet Refill In Injectable Form,23081,9136418,10177972
32159020,For ball point pen imported by ball point pen manufacturing industries,40396,34892928,35597649
32159020,Writing Ink,182,31668,100704
32159030,Inkjet Refill in injectable form,524,341441,854978
32159090,"Other Ink,Wheterh Or Not Concentrated Or Solid(Ex.Ink For Ball Points Pens",61866,30350551,36794005
33011200,Essential Oils Of Orange (Incl. Concretes And Absolutes),540,255183,259564
33011300,Essential Oils Of Lemon (Incl. Concretes And Absolutes),25,47993,52428
33011900,"Essential Oils Of Citrus Fruit (Incl. Concretes And Absolutes), Nes",1748,528460,1439771
33012900,"Essential Oils (Incl. Concretes And Absolutes), Nes",10436,9706602,12375574
33013000,Resinoids,0,614,626
33019000,"Concentrates of essential oils in fats... aqueous distillates, extracted oleoresins etc",8634,5907065,7253166
33021010,Imported by beverage and food industries,508721,649362710,669793676
33021010,"Of a kind used in beve. and food indus., cont. alcohol <0.5 absolute per volume or free from alcohol",25118,42449071,43226369
33021090,Mix. Of Odoriferous Subs. Excl. Those Used In Bev. Industries,71248,71460995,76569084
33029000,Mixtures/With Basis Of Odorifer'S Subst'S Inc.Alc.Sol'S For Use In Ind Nes,431017,765730974,784948105
33030000,Perfumes And Toilet Waters,10283,12218380,16976910
33041000,Lip Make-Up Preparations,1216,1966946,3305954
33042000,Eye Make-Up Preparations,5775,4629009,7910297
33043000,Manicure Or Pedicure Preparations,39229,26857615,55275799
33049100,"Powders,Whether Or Not Compressed,For Beauty/Makeup/Skin Care/Preparation",4543,3485633,5178978
33049910,"Powders, wheth er or not compressed, for cosmetic --face and/or skin cream",84840,89720633,214896186
33049920,"Beauty, make-up, skin-care (incl. suntan), nes...Moisture Lotion",31653,18059417,47376502
33049930,"Beauty, make-up, skin-care (incl. suntan), nes-- Petroleum jelly",66,19536,84523
33049990,"Beauty, make-up, skin-care (incl. suntan), nes-- Petroleum jelly... than other",40134,37376241,56103885
33051000,Shampoos,52233,18401339,27447387
33052000,Preparations For Permanent Waving Or Straightening,18860,5812287,10576382
33053000,Hair Lacquers,7378,2701839,4719122
33059000,"Preparations For Use On The Hair, Nes",83361,36625484,41992358
33061000,Dentifrices,156576,34033793,69130866
33062000,"Yarn Used To Clean Between Teeth (Dental Floss),Individual Retail Packages",1855,2212497,2375931
33069000,"Preparations For Oral Or Dental Hygiene (Incl. Denture Fixative), Nes",13394,5175121,7139708
33071000,"Pre-Shave, Shaving Or After-Shave Preparations",6261,2150751,3079008
33072000,Personal Deodorants And Antiperspirants,112275,45005212,60857145
33073000,Perfumed Bath Salts And Other Bath Preparations,641,147301,309733
33074100,Agarbatti And Other Odiferous Preparations Which Operate By Burning,43437,6264178,7433850
33074900,"Preparations For Deodorizing Rooms, Nes",48128,14067322,17282410
33079000,"OTH.PREPARATIONS FOR PERFUMING, EXCL.(PRE-SHAVE..,PERSONAL..,PERFUMED BATH..)",23780,9168721,16137805
34011100,"Soap And Organic Surface-Active Products In Bars, Etc, For Toilet Use",47849,18800475,24439622
34011900,"Soap And Organic Surface-Active Products In Bars, Etc, Nes",18876,5889203,15500500
34012000,SOAP IN OTHER FORMS,1730,1330815,1652847
34013000,"ORGNC.SRFC.ACTIVE PROD.&PREPARATION FOR WASHING THE SKIN,IN THE FORM OF ..",86160,31301112,52158768
34023100,Anionic organic surface-active ageLinear alkylbenzene sulphonic acids and their salts,1777781,433429531,442251976
34023910,Chips of Sodium Isethionate,154025,36662522,37426124
34023990,Other than Chips of Sodium Isethionate,913770,176757594,183046186
34024100,"Other organic surface-active agents, whether or not put up for retail sale :, Cationi",55795,14684360,17911264
34024210,"Other organic surface-active agents, whether or not put up for retail sale :, Non-ion",69082,18027974,18472526
34024290,"Other organic surface-active agents, whether or not put up for retail sale :, Non-ion",1141663,186894848,197910440
34024910,"Other organic surface-active agents, NES",66772,17466268,19226673
34024990,"Other organic surface-active agents, NES",100508,22366043,25925081
34025000,Preparations put up for retail sale,144111,24121698,30375831
34029010,Detergents,39629,13151365,15348173
34029020,Cleaning preparation,18383,3787297,6137901
34029020,Cleaning preparation imported by paper mills,2100,1167657,1183771
34029090,Washing & Cleaning Preparations (Excl. Detergents),581724,190791886,225663432
34031100,Lub.Preparations For Treatement Of Tex.Leather Etc With=<70% Petroleum Oil,209165,46843529,55819821
34031900,"Other Lubricating Preparations, With =<70% Petroleum Oil, Nes",127663,22758756,27067523
34039100,"Lub.Preparations For Treatement Of Tex. Leather Etc, Nes",157406,37530760,38548257
34039910,Compressor oil,12467,10935954,11257613
34039920,Semi-synthetic lubricating oil,121008,40766037,50153899
34039930,Synthetic lubricating Oil,257457,151868628,194085095
34039990,"Other Lubricating Preparations, Nes",198041,73016325,80478375
34042000,Artificial Waxes Of Polyethylene Glycol,6304,3174019,3248295
34049010,Other Waxes,3118,567351,806741
34049090,"Artificial Waxes And Prepared Waxes, Nes",818489,127984264,134743385
34051000,"Polishes, Creams And Similar Preparations For Footwear Or Leather",10730,3115224,3667483
34052000,"Polishes,Cream.&Similar Prepa.For Mainten. Of Woodwork Woden Fur.Flo.&Othr",699,95747,183368
34053000,Polishes And Similar Preparations For Coachwork (Excl. Metal Polishes),8014,3476888,4291461
34059010,Polishes and other preparations used in the finishing (including electroplating) of met,218564,50309378,54017063
34059090,"Other polishes, creams and similar preparations, nes",32530,6648978,8607518
34060000,"Candles, Tapers And The Like",4025,741397,1083097
34070000,"Modelling Pastes; Dental Wax And Impression Compounds, For Retail Sale",262791,20166494,23577937
35019000,Caseinates And Other Casein Derivatives; Casein Glues,3,1227,1502
35021900,Egg Albumin(Excluding Dried Egg Albumin),25,23650,25630
35029000,"Albumins (excl. egg albumin and milk albumin), albuminates and other derivatives",251,36057072,36884519
35030090,"Gelatin and derivatives; isinglass; glues of animal origin, nes",46012,38993891,39890235
35040000,"Peptones/protein substances and derivatives, nes; hide powder",862,81281166,82936874
35051000,Dextrin and other modified starches,896942,143646178,150547472
35052000,"Glues Based On Starches, Dextrins Or Other Modified Starches",2800,1972726,2276914
35061000,"Products Put Up As Glues Or Adhesives For Retail Sale, =<1kg",57974,24301129,29020251
35069110,Elastic/construction glue,21917,5678323,7424835
35069110,Elastic/construction glue imported by hygiene products manufacturing industry,511812,161762152,173119294
35069190,Adhesives Based On Rubber Or Plastic (Incl. Artificial Resins),452776,145149887,164946697
35069900,Stripping chemical,149733,41477688,48415206
35071000,Rennet And Concentrates Thereof,1,736,896
35079010,Streptokinase,21,25569295,26136864
35079090,Other than Streptokinase,752131,495186057,554548230
36041000,Fireworks,321,31300,70056
36061000,"Liquid Or Liquefied-Gas Fuels In Containers, For Lighters, =<300cm3",466,57198,87523
36069000,"Ferro-Cerium, Pyrophoric Alloys; Articles Of Combustible Materials, Nes",14343,968238,1089120
37011000,"Photographic Plates... For X-Ray, In The Flat, Unexposed",190409,446336927,471838921
37012000,"Instant Print Flat Film, Unexposed",2500,249169,706137
37013000,"Other plates and film, with any side exceeding 255 mm",176490,60225707,64529581
37019100,"PHOTOGRAPHIC PLATES..., IN THE FLAT FOR COLOUR PHOTOGRAPHY, UNEXPOSED",60,7365,30052
37021000,"Photographic Film In Rolls, For X-Ray, Unexposed",2589,532203,893688
37023900,"Photo Film, In Rolls, Non-Perforated, Of Width =<105mm",381,18706,95408
37024300,"Photo Film, In Rolls, Non-Perforated, Width >610mm And Length =<200m",2426,684770,1782959
37029800,Other Photographic film Of a width exceeding 35 mm,9350,3356521,3912143
37032000,"OTHER PHOTOGRAPHIC PAPER, FOR COLOUR PHOTOGRAPHY(POLYCHROME)",7679,849617,958701
37039000,"OTHER PHOTOGRAPHIC PAPER..,(EXCL.IN ROLLS..,FOR COLOUR PHOTOGRAPHY(POLYCHROME))",70,8641,24978
37050000,"Photographic plates and film, exposed and developed, other than cinematographic film",0,982,1003
37071000,Sensitising emulsions,35136,12411056,12657667
37079000,"OTH.CHEMICAL PREPARATIONS FOR PHOTOGRAPHIC USES..,EXCL.SENSITISING EMULSIONS",191395,16822183,18497561
38011000,Artificial Graphite,35032,6850304,8455520
38013010,Graphite or carbon electrode paste,140030,12031421,12273252
38019000,"Preparations Based On Graphite Or Carbon In The Form Of Pastes..., Nes",1475361,48950175,49928250
38021000,Activated Carbon,443457,31351568,33556992
38029000,Activated Natural Mineral Products; Animal Black,2161399,88715932,122309692
38040000,Residual Lyes From The Manufacture Of Wood Pulp (Excl. Tall Oil),99582,7362674,8827445
38059000,"Oth.Turpenic Oils,Nes;Crude Dipentene,Sulphite Turpentine&Oth.Crude Parac.",13690,8759197,8935256
38061010,Gum rosin,38400,4900147,5479509
38061090,Rosin And Rasin Asids,137700,18212579,19586227
38063000,Easter Gums,9000,2015764,2246774
38069090,"Derivatives of rosin and resin acids,... NES",3541,1171597,1550373
38086900,Other,79135,29261256,35143530
38089110,"Insecticides For Dairy, Poultry and Agricultural purposes",2082141,1365431427,1642734607
38089121,Mosquito coil; aerosol; mosquito repellent,48253,14521520,18123203
38089129,"Insecticides, rodenticides... and similar products, for retail sale, nes",34292,73017248,77592218
38089210,"Fungicides For Dairy, Poultry and Agricultural purposes",2320198,808798669,947669470
38089291,"Fungicides, NES In bulk",213670,64965133,84812786
38089299,"Fungicides, NES Cxcl.in bulk",2488,1604287,1648602
38089310,"Herbi., anti-sprouting prod.&plant-growth regu.:For Dairy, Poultry and Agricul",1832868,454485327,633694204
38089391,"Herbicides, anti-sprouting products and plant-growth regulators: NES in bulk",12400,6775430,7036481
38089410,"For Dairy, Poultry, Fishery and Agricultural purposes",79025,72238390,86662199
38089491,"Disinfectants Cetrimide In bulk, Excl. For Dairy, Poultry and Agricultural, In bulk",39204,12837946,14464996
38089499,"Disinfectants, NES in retail packings upto 2.5 kg",220,734987,751558
38089910,"For Dairy, Poultry, Fishery and Agricultural purposes",3506,6473113,6590062
38089991,"Insecticides, rodenticides, fungicides, herbicides,..NES in bulk",91560,37679411,43986198
38089999,"Insecticides, rodenticides, fungicides, herbicides,..NES in bulK in retail pac",2122,1227289,1318236
38091000,"Finishing Agents, Etc, With A Basis Of Amylaceous Substances Nes",892,369930,381324
38099100,Finishing Agents Etc. Of A Kind Used In The Textile Or Like Industries Nes,1766236,272267830,285710166
38099200,"Finishing Agents, Etc, Of A Kind Used In The Paper Or Like Industries Nes",109636,16677385,18009198
38099300,Finishing Agents Etc. Of A Kind Used In The Leather Or Like Industries Nes,44163,5158704,7490995
38101000,Pickling Preparations For Metal Surfaces;Soldering..Powders&Pastes..Mater.,131172,22786456,24510701
38109010,Pickling preparations for metal surface....Submerge welding flux for LPG,100,24233,26158
38109090,Pickling preparations for metal surface.... Excl. Submerge welding flux for LPG,301710,37434558,47520212
38111900,Anti-Knock Preparations (Excl. Based On Lead),22024,7910702,8018675
38112100,Additives for Lubricating oils imported by lub-blending industry,131909,53448826,55624802
38112100,Containing petroleum oils or oils obtained from bituminous minerals,64489,37899043,38871037
38112900,Additives for Lubricating oils imported by lube blending industry,113827,22603535,23135439
38119000,"OTHER PREPARATIONS, EXCL.ANTI-KNOCK PREPARATIONS, ADDITIVES FOR LUBRICATING OILS",140764,49794069,53125854
38121000,Prepared Rubber Accelerators,111075,30718409,35202453
38122000,"Compound Plasticisers For Rubber Or Plastics, Nes",1047844,134558100,152934813
38123100,"Mixtures of oligomers of 2,2,4-trimethyl-1,2-dihydroquinoline (TMQ)",22000,5449733,6924202
38123910,Other,15594,14001512,15143318
38123990,Anti-oxidising preparation & stabilisers imported by tyre-tube/plastic goods industry,475400,79656293,111044403
38123990,Other,1434420,265409954,376751558
38130000,Preprton.&Charge For Fire-Extinguishers;Charged Fire-Extinguishing Grenade,196084,7893843,9262239
38140010,Organic composite solvent,4410,2621755,2659688
38140090,"Organic Composite Solvents And Thinners, Nes; Paint Or Varnish Removers",1351513,208173693,228354806
38151900,"Supported Catalysts, Nes",1120,1135402,1167515
38159000,"Reaction Initiators, Accelerators And Catalytic Preparations, Nes",27680,35352793,36313180
38160010,"Refractory Cmnts.Mrtrs,Concretes&Similar Compositions,Ex.Prdcts.Of Hd38.01",334700,49665990,51908774
38160090,"Refractory Cmnts.Mrtrs,Concretes&Similar Compositions,Ex.Prdcts.Of Hd38.01",2595501,47566637,79084291
38170010,Linear Alkyl Benzene (LAB),1301462,304291500,311480782
38170090,"MIXED ALKYLBENZENES AND MIXED ALKYLNAPHTHALENES,OTHER THAN THOSE OF HEADING 2707 OR 2902",3559860,891259050,907067784
38180000,"Chemcl.Elements In Disk Wafers/Similar From&Compounds,Doped For Electronic",1,2455,2509
38190000,Hydraulic Brake Fluids And Similar Liquids With <70% Petroleum Oil,151894,32087546,39705532
38200000,Anti-Freezing Preparations And Prepared De-Icing Fluids,74500,16345897,19889488
38210000,Prepared Culture Media For Development or maintenance of Micro-Organisms(incl.viruses..,6747,38437527,40366812
38221100,DIAGNOSTIC OR LABORATORY REAGENTS FOR MALARIA,8436,23183573,23668191
38221200,DIAGNOSTIC...For Zika and other diseases transmitted by mosquitoes of the genus Aedes,182,137595,343385
38221300,Diagnostic or laboratory reagents .. for For blood-grouping,343,3597461,4353043
38221900,"Dignostic or lab. reagent (Exlud For alariam, Zika, blood-grouping)",120816,309057150,330487352
38229000,"Dianostic or Lab. Reagent, NES",444382,797969443,885419541
38231100,Stearic Acid,160181,20914380,23171181
38231200,Oleic Acid,360,79714,92810
38231900,"OTH.INDUST. MONOCARBOXYLIC FATTY ACIDS.., EXCL.ST.ACID,OLEIC ACID,TALL OIL FATTY ACIDS",1125072,128360732,130923970
38237000,INDUSTRIAL FATTY ALCHOLS,11300,3099268,3194757
38241000,Prepared Binders For Foundry Moulds Or Cores,160275,11882772,16086535
38244000,"Prepared Additives For Cements, Mortars Or Concretes",2862880,248763686,291965806
38245000,Non-Refractory Mortars And Concretes,238488,5139386,6674288
38246000,Sorbitol (Excl. That Of 2905.44),2565200,167825634,179006065
38248900,Containing short-chain chlorinated paraffins,58000,4627422,4720432
38249920,Chlorinated paraffin wax,9841,2152272,2177419
38249930,Barium/strontium ferrite powder,16500,2531581,3140380
38249930,Barium/strontium ferrite powder imported by manufacturing industry,40000,4858920,7609844
38249950,Coated CaCO3 imported by plastic goods or calcium carbonate filler or Cable industry1,10315000,128096289,282672617
38249950,Coated calcium carbonate,231126,4668413,6473377
38249960,Desiccant,96051,51586881,58284053
38249992,Master batch not containing pigments,201350,14331317,20586713
38249993,Mould Powder,0,9375,9563
38249993,Mould Powder imported by Iron and Iron Products manufacturering industries,62000,6687055,6965030
38249999,Other,3167581,614890976,701138979
38276810,"Mixtures containing halogenated derivatives of methane, ethane or propane...",20464,10834858,11199596
39011000,Polyethylene having a specific gravity of less than 0.94,3063974,481099219,510775832
39012000,Polyethylene having a specific gravity of 0.94 or more,10858131,1328674945,1455068832
39013000,"Ethylene-Vinyl Acetate Copolymers, In Primary Forms",1679901,270182911,326035507
39014000,"Ethylene-alpha-olefin copolymers, having a specific gravity of less than 0.94",9807800,1310124852,1395855858
39019000,"Other Polymers Of Ethylene, In Primary Forms, Nes",511235,92666467,116238497
39021000,"Polypropylene, In Primary Forms",20196536,2362633023,2596831983
39023000,"Propylene Copolymers, In Primary Forms",4330436,600246122,622195568
39029000,"Other Polymers Of Propylene Or Of Other Olefins, In Primary Forms, Nes",123838,44498384,47670580
39031100,"Expansible Polystyrene, In Primary Forms",893390,136225175,148570280
39031900,"Polystyrene (Excl. Expansible), In Primary Forms",638303,90986684,106732781
39032000,"Styrene-Acrylonitrile (San) Copolymers, In Primary Forms",371250,60355510,80327689
39033000,Acrylonitrile-butadiena-styrene(ABS) copolymers,1338068,235481595,291304080
39039000,"Polymers Of Styrene, In Primary Forms, Nes",1894011,283935187,409428411
39041000,"Polyvinyl Chloride, Not Mixed With Other Substances, In Primary Forms",37535318,3350922817,3837466980
39042100,"Non-Plasticised Polyvinyl Chloride, In Primary Forms",4432976,554835569,628956513
39042200,"Plasticised Polyvinyl Chloride, In Primary Forms",1240929,210301411,241881148
39043000,"Vinyl Chloride-Vinyl Acetate Copolymers, In Primary Forms",37352,35955090,40221208
39044000,"Vinyl Chloride Copolymers, Excl. Vinyl Acetate, In Primary Forms",9400,5003175,5072169
39046100,"Polytetrafluoroethylene, In Primary Forms",71901,49305370,98807479
39046900,"Fluoro-Polymers (Excl. Polytetrafluoroethylene), In Primary Forms",3600,7535337,7662124
39049000,"Polymers Of Halogenated Olefins, In Primary Forms, Nes",310708,59725218,80654041
39051200,Polyvinyl Acetate In Aqueous Dispersion,407120,29464720,30635240
39051900,"Polyvinyl Acetate, Excl. That In Aqueous Dispersions, In Primary Forms",200,63804,70091
39052100,Vinyl Acetate Copolymers In Aqueous Dispersion,168130,21028909,38256548
39052900,"Vinyl Acetate Copolymers, Excl.That In Aqueous Dispersion, In Primary Form",29500,6733043,8920477
39053000,"Polyvinyl Alcohol, Whether Or Not Containing Unhydrolysed Acetate Groups",281220,43252644,50737880
39059100,Copolymers In Primary Forms,2192,3788550,3990755
39059900,Polymers Of Other Vinyl Esters & Other Vinyl Polymers In Primary Forms Nes,100437,185190269,189161444
39061000,"Polymethyl Methacrylate, In Primary Forms",85605,17253842,27743010
39069000,"Acrylic Polymers, In Primary Forms, Nes",5245741,850933028,989529560
39071000,"Polyacetals, In Primary Forms",152054,24950901,38862809
39072900,Other polyethers :EXLCUDING Bis (polyoxyethylene) methylphosphonate,3643454,631774120,764507829
39073000,"Epoxide Resins, In Primary Forms",393826,150230712,172457744
39074000,Polycarbonate,468420,123635721,143522443
39075000,"Alkyd Resins, In Primary Forms",389402,59691532,63469414
39076100,Having a viscosity number of 78 ml/g or higher,8719845,993739872,1080189453
39076900,Other,883970,114683862,133323071
39076900,Other Poly (ethylene terephthalate) imported by textile yarn manufacturing industry,2799000,290270108,402192502
39077000,Poly (lactic acid),101000,18231062,44243908
39079100,"Unsaturated Polyesters, In Primary Forms, Nes",822939,140373229,148444334
39079900,"Polysters, In Primary Forms,NES",1005390,230811389,290833815
39081000,"Polyamide 6,11,12,6,6,6,9,6,10 or 6,12:",441658,93326642,107927131
39089000,"Other polymides, in primary forms, nes",79630,25577050,30280049
39091000,UREA RESINS; THIOUREA RESINS,493800,30866877,40048460
39092000,Melamine resins,257273,31995533,40891220
39092000,Melamine resins imported by melamine products manufacturing industries,1718080,199741014,205871374
39093100,"Poly(methylene phenyl isocyanate) (crude MDI, polymeric MDI)",1867995,407484097,589090612
39093900,Other,684189,66159077,68447877
39094000,Phenolic resins,175302,25717742,27646152
39094000,Phenolic resins imported by ink or tyre tube or sand paper manufacturing industries,90875,17954714,21001766
39095000,"Polyurethanes, In Primary Forms",2566013,609196554,703243296
39100000,Silicones Inprimary Forms,760224,228569545,269892612
39111000,"Petroleum Resins... Other Resins And Polyterpenes, In Primary Forms",636901,85149479,96188939
39119000,"Polysulphides, Polysulphones And Other Products..., In Primary Forms",43265,16037170,16778157
39121100,"Non-Plasticised Cellulose Acetates, In Primary Forms",1,1227,1254
39122000,"Cellulose Nitrates (Incl. Collodions), In Primary Forms",15020,7291688,7826320
39123100,"Carboxymethylcellulose And Its Salts, In Primary Forms",379347,129822303,146969120
39123900,"Other Cellulose Ethers, In Primary Forms, Nes",605998,371317967,391283823
39129000,"Cellulose And Its Chemical Derivatives, In Primary Forms, Nes",153286,188276016,194131065
39131000,"Alginic Acid, Its Salts And Esters, In Primary Forms",619700,129612107,132112738
39139000,"Natural and modified natural polymers, in primary forms",300640,146473856,164443255
39140000,"Ion-Exchangers Based On Polymers Of 39.01 To 39.13, In Primary Forms",893513,73552123,75449239
39151000,"Waste, Parings And Scrap, Of Polymers Of Ethylene",95,58303,59481
39159000,"Waste, Parings And Scrap, Of Other Plastics, Nes",208624,8048881,9943350
39161000,"Monofilament Dimenson>1mm,Rods..&Prof.Sha.,Polym. Of Ethylene",191,889312,898223
39162000,"Monofil..>1mm,..Of Vinyl Chloride For door, window and photo frame",219,26267,108431
39169010,FRP rod,11045,3276924,5633791
39169010,FRP rod imported by optical fibre cable manufacturing industry,59220,15706689,28796828
39169020,Fibre reinforced polymer (FRP) sticks and profile shapes,429,227595,248673
39169090,"Monofil.Dimension>1mm,Rods..&Profile Shapes,Of Other Plastics",36385,4311824,9354232
39171000,Artificial Guts Of Hardened Proteins Or Of Cellulosic Materials,57,15343,35683
39172100,"Tubes, Pipes And Hoses, Rigid, Of Polymers Of Ethylene",40052,27963384,28294425
39172200,"Tubes, Pipes And Hoses, Rigid, Of Polymers Of Propylene",8593,5070727,5151181
39172310,Pvc Shrinkable Tube(Plain),31232,10599086,12660652
39172390,"Tubes,Pipes And Hoses, Rigid, Of Polymers Of Vinyl Chloride, Nes",93091,31625204,39160982
39172910,SILICON TUBING FOR LABORATORY USE;HOSES PIPE FOR GAS CYLINDER,296,159321,241514
39172991,Fibre glass,1,1227,1252
39172999,"Tubes, Pipes And Hoses, Rigid, Of Other Plastics, Nes",126624,31387035,34390462
39173110,"Fiexible Silicone Tubing For Laboratory Use,With A Burst Pressure>=27.6mpa",75,972377,991474
39173190,"Other Flexible Tubes,Pipes And Hoses,With A Burst Pressure >=27.6 Mpa",5091,3916605,4591623
39173210,"Silicone Tubing With Fitting For Lab.Use,Not Reinforced Or Otherwise Comb.",393,3132360,3269456
39173220,"Tubes Upto 10"" Dia For Packing Iv Fluid",21772,7238786,7384285
39173290,"Tubes, Pipes And Hoses, Not Reinforced, Without Fittings, Nes",4312,8739262,9285694
39173310,"Silicone Tubing For Lab. Use, Nes",2,2455,2506
39173390,"Other Tubes,Pipes&Hoses With Fittings",21291,3924463,5875725
39173910,Other Silicone Tubing For Laboratory Use,54,40659,53887
39173990,"Other Tubes, Pipes And Hoses, Nes",69552,19602624,21723044
39174000,"Fittings, For Tubes, Pipes And Hoses, Of Plastic",165175,52564596,58322408
39181000,"Floor... Coverings Of Polymers Of Vinyl Chloride, In Rolls Or Tiles",19606,3357594,4887764
39189000,"Floor, Wall Or Ceiling Coverings Of Plastics, Nes, In Rolls Or Tiles",27958,3540808,7582720
39191000,In rolls of a width not exceeding 20 cm,40002,32124158,35597859
39199010,Self adhesive tape in rolls exceeding 20cm,73263,10650614,17765231
39199010,Self adhesive tape in rolls exceeding 20cm imported by manufacturing industry,407667,81622117,88474088
39199020,Performance Tape/Closure/Side Tape,18550,19466651,20277721
39199030,Scratch off label,4,7591,7721
39199091,"Imported by hygiene products or electrical, electronics and home appliances industry",1680,403229,410774
39199091,Re-seal/Self adhesive tape,3228,1679067,1763749
39199099,"OTHER SELF-ADHESIVE PLATES, TAPE, STRIP, FOIL... OF PLASTICS, NES",400049,117201756,143304093
39201010,Stretch Wrapping Film,68266,14370414,17926720
39201030,Mulch film,71444,16318677,18683046
39201090,Other polymers of ethylene imported by personal hygiene products industries,186472,44172776,51185537
39201090,"Plates..,Of Polymers Of Ethylene, Laminated.. Not Reinforced,Etc.,Nes",55559,15781377,18798915
39202010,Polymers of propylene in printed form,31151,18925419,21243892
39202020,Non-printed cast polypropylene film,72978,15782276,21622319
39202090,Other polymers of propylene(excl printed form),671367,144411355,187674665
39203000,"Plates..., Of Polymers Of Styrene, Laminated..Not Reinforced, Etc",42525,3921591,7448613
39204300,CONTAINING BY WEIGHT NOT LESS THAN 6% OF PLASTICISERS,6045,1320767,1538673
39204910,PVC FILM & PVDC FILM FOR BLISTER PACK FOR MEDICINE,741605,223700528,228705497
39204920,Other printed PVC sheet imported by SIM card or Smart card manufacturing industry,30001,10928696,11227500
39204920,Printed PVC sheet,44470,11475154,12601730
39204930,PVC film,9789,1279103,2469902
39204940,Unprinted PVC sheet,48776,5999481,12220594
39204950,PVC film,35,7514,19437
39204990,"Other plates...,of polymers of vinyl chloride other than not<6% of plasticisers",285933,63067872,76379252
39205100,"Plates..., Of Polymethyl Methacrylate, Laminated Not Reinforced, Etc",24109,5907851,6026599
39205900,"Plates..., Of Other Acrylic Polymers, Laminated Not Reinforced, Etc, Nes",39124,8511358,10106410
39206210,poly(ethylene terephthalate in printed form,994,620222,1011333
39206290,Other poly(ethylene terepthalate) excl printed form,1319410,213500820,331024731
39206310,Unprinted polyester film in roll form imported by plastic products manufacturing industry,2200,540071,547215
39206390,"Plates..., Of Unsaturated Polyesters, Laminated Not Reinforced, Etc",23393,4640224,5733761
39206910,Other polyester in printed form,1020,250396,255429
39206920,Unprinted polyester film in roll form,6147,1798230,1834374
39206999,"Other polyesters, Nes (excl. printed form)",6558,1602227,2037029
39207100,"Plates..., Of Regenerated Cellulose, Laminated Not Reinforced, Etc",17,297201,303145
39207300,"Plates..., Of Cellulose Acetate, Not Reinforced, Etc",952,192952,248816
39209100,"Plates..., Of Polyvinyl Butyral, Not Reinforced, Etc",208,700925,711148
39209220,Unprinted nylon film in roll form,11107,3272003,3337771
39209220,Unprinted nylon film in roll form imported by plastic products manufacturing industry,70267,18600862,18973163
39209230,Unprinted nylon film in roll form imported by medicine packaging industries,38714,8901383,9664684
39209290,"Other plastics polymides, Nes (excl. printed form)",10,1227,3756
39209400,"Plates..., Ofphenolic Resins, Not Reinforced, Etc",2350,1348611,1471330
39209910,Film For Blister Packing Of Other Plastics,811,73241,304897
39209990,"Plates..., Of Other Plastics, Not Reinforced, Etc, Nes",5270,2982593,3510012
39211300,"Cellular Plates, Strips... Of Polymers Of Polyurethanes",9689,4538396,4874900
39211910,Microcellular PET imported by television manufacturing Industry,8299,4977738,5319193
39211990,"Microcellular PET light sheet having a power saving capa.of 20% or more, NES",2829,827376,1267242
39219010,"Vulcanised fibre sheet imp in pre punched, cut to size sha for the manuf of sliver cans plastic--yar",19265,5915400,6043181
39219020,Imported by plastic tube manufacturing industries,127361,43116011,52646351
39219020,Multilayer extruded sheet for plastic laminated collapsible tube,1,3719,3795
39219091,"Other cellular plates, strips in printed form..., of plastics",98808,34625772,36261839
39219092,PVC coated magstrip,15,7365,10016
39219093,Tarpaulin,270990,47405794,64734950
39219099,"Other cellular plates, strips ..., of plastics, nes",216579,63937437,90112784
39221000,"Baths, Shower-Baths And Wash-Basins, Of Plastics",5542,2249236,3437837
39222000,Lavatory Seats And Covers Of Plastics,41967,14684829,26357560
39229000,"Bidets, Lavatory Pans... And Other Sanitary Ware Of Plastics, Nes",98717,53327622,65040875
39231000,"Boxes, Cases, Crates And Similar Articles Of Plastics",42544,13129828,15864292
39232100,Sacks and bags (incl. cones) of polymers of ethylene,3558,2430598,2672782
39232910,AIRTIGHT STORAGE BAGS WITH ZIPPER,3480,690224,1194867
39232990,Article for the conve..of polymers of ther plastic excl.airtght storage bag with zipp,8845,19717084,20430538
39233010,"Sachet For Medicin,Inhaler Container,Actuators and Dust Caps for Inhaler",19746,21921627,22358392
39233020,DMF Grade COC/COP Imported by Industrial IRC holder VAT compliant pharmaceutical ind.,444,5803430,5930298
39233090,"Other Carboys, Bottles, Flasks And Similar Articles Of Plastics",175578,233770779,240366604
39234010,Bobbins; Sliver/spinning can,233420,87726929,154304168
39234020,Autoconer Spare Parts,1,723,736
39234090,"Spools, Cops And Similar Supports Of Plastics",1152,344793,349636
39235000,"Stoppers, Lids, Caps And Other Closures Of Plastics",80893,54239106,56043082
39239010,"Trays For Transportation And Keeping For Chicks And Eggs, Of Plastics",1761,430549,801308
39239020,"Nursery Trays For Seedlings, Of Plastics",7869,1046033,1503555
39239030,Aseptic pack,21887,9777445,10518402
39239090,"Articles for the packing of goods, of plastics, nes",31306,9858370,11179425
39241000,Tableware And Kitchenware Of Plastics,21277,7577606,11376644
39249010,Feeding Bottles,12044,2544555,3536209
39249090,"Other Household Articles And Toilet Articles, Of Plastics, NES",106889,17533455,23928703
39251000,"Reservoirs... And Similar Containers, Capacity >300 L, Of Plastics",1363,326737,340554
39252000,"Doors, Windows And Their Frames And Thresholds For Doors, Of Plastics",22,93960,95796
39253000,"Shutters, Blinds And Similar Articles And Parts, Of Plastics",1909,269774,524243
39259000,"Builders' Ware Of Plastics, Nes",64514,14532214,19702314
39261000,Office Or School Supplies Of Plastics,45871,6073508,7657573
39262010,Gloves (Surgical) Of Plastics & Materials Of Heading 39.01-39.04,21,3682,16264
39262090,Art.Of App.&Clothing Accessories(Exl.Gloves)Of Plastics Hd.No.39.01-39.04,56232,14536955,19723233
39263000,"Fittings For Furniture, Coachwork Or The Like Of Plastics",289,100651,107277
39264000,Statuettes And Other Ornamental Articles Of Plastics,58882,11450403,17012127
39269010,Plastic Coil Used As Contraceptive And Coil Inserter,11,11381,11610
39269030,"Parts And Fittings For Infusino Set, Of Plastics",553,4092110,4181167
39269050,Taflon tape/PTFE tape,636,741067,754474
39269060,Cot and Apron,341,6623947,6759685
39269091,Conveyor or transmission belts of belting,24165,35132654,41984605
39269092,LP Gas cylinder capacity below 5000 litres,141,1324507,1351131
39269093,Plastic frame works,425,121828,159956
39269099,"PVC scrn.having intrnl.dia.from 4-8 Mulch and strct.thereof used in agri.& hoti.,nes",556420,710638656,774923861
40011000,"Natural Rubber Latex, In Primary Forms Or In Plates, Sheets Or Strips",16400,3301304,4084671
40012100,"Smoked sheets imported by tyre and tube industry of a rim size exceeding 16""",546280,136619506,139365558
40012200,"Technically Specified Natural Rubber, In Primary Forms Or In Plates, Etc",786240,181456664,200826896
40021100,Latex Of Styrene-Butadiene Or Carboxylated Styrene-Butadiene Rubber,97120,13604198,18230481
40021900,"Styrene-Butadiene Rubber; Carboxylated Styrene-Butadiene Rubber, Nes",756631,168275533,220918782
40022000,"Butadiene Rubber, In Primary Forms Or In Plates, Sheets Or Strip",324450,65913125,86174043
40023100,Isobutene-Isoprene (Butyl) Rubber,312216,71608962,96958027
40024900,Chloroprene (Chlorobutadiene) Rubber (Excl. Latex),102899,51967817,61137413
40025100,Latex Of Acrylonitrile-Butadiene Rubber,1,1227,1241
40025900,Acrylonitrile-Butadiene Rubber (Excl. Latex),28000,6542832,7530243
40026000,Isoprene Rubber,615,25531,828025
40027000,Ethylene-Propylene-Non-Conjugated Diene Rubber,85775,23057720,34264993
40029100,"Latex Of Synthetic Rubber, Nes",55775,16237822,18559100
40029900,"Other Synthetic Rubber (Excl. Latex), Nes",442179,98757596,112391048
40030000,"Reclaimed Rubber In Primary Forms Or In Plates, Sheets Or Strip",199554,23206326,25554824
40051000,"Rubber Compounded With Carbon Black Or Silica, Unvulcanized",864,121915,227180
40059900,"Compounded Rubber, Unvulcanized, In Primary Forms",22506,11388953,11798551
40069000,"Other Forms And Articles Of Unvulcanized Rubber, Nes",7,3388,3456
40070000,Vulcanized Rubber Thread And Cord,30014,7001342,8394296
40081100,"Plates, Sheets And Strip Of Cellular Vulcanized Rubber",47436,13992785,16641884
40081900,"Rods And Profile Shapes Of Cellular Vulcanized Rubber, Nes",4634,1136094,1314267
40082100,"Plates, Sheets And Strip Of Non-Cellular, Vulcanized Rubber(Excl. Hard)",1823,516090,642644
40082900,"Rods And Profile Shapes Of Non-Cellular, Vulcanized Rubber (Excl. Hard)",2242,1936608,2347858
40091100,NOT REINFORCED OR OTHERWISE COBINED WITH OTH.MATERIAL WITHOUT FITTINGS,35562,11833359,13449817
40091200,"TUBES,PIPES & HOSES ..NOT REINFORCED OR OTHERWISE COMB.WITH MAT.WITH FITT.",7796,33349831,34122694
40092100,REINFORCED OR OTH.WISE COMBINED ONLY WITH METAL-WITHOUT FITTINGS,44470,9245171,11121133
40092200,REINFORCED OR OTHERWISE COMBINED ONLY WITH METAL WITH FITTING,8383,2029705,3062234
40093100,REINFORCED OR OTH.WISE COMBINED ONLY WITH TEXTILE MTRLS.WITHOUT FITTINGS,24947,6182242,7595691
40093200,REINFORCED OR OTHERWISE COMBINED ONLY WITH TEXTILE MATERIALS-WITH FILLINGS,16195,4162526,4904050
40094100,REINFORCED OR OTHERWISE COMBINED WITH OTHER MATERIALS-WITHOUT FITTINGS,11246,1770602,3804274
40094200,REINFORCED OR OTHERWISE COMBINED WITH OTHER MATERIALS-WITH FILLINGS,20476,4492251,5948624
40101100,"Conveyor Belts Or Belting,Of Vulcanized Rubber Reinforced Only With Metal",805,3336439,3375762
40101200,Conveyor Belts/Belting Of Vulcanised Rubber Reinf'D Only With Textile Mats,42416,29221912,30409253
40101900,"Conveyor Belts Or Belting, Of Vulcanised Rubber, Nes",4709,6469007,6756625
40103100,"ENDLESS TRNSMSN.BELTS OF TRPZDL.CROSS-SEC.(V-BLT),V-RIBBED OF..>60CM,<180",12698,11612933,12803920
40103200,"ENDLESS TRNSMSN.BELTS OF TRPZODL.CROS-SECTION(V-BELTS),OTHER..>60CM<180CM",54314,12121345,12781746
40103300,"ENDLESS TRNSMSN.BELTS OF TRZDL.CROSS-SECTION(V-BELTS)V-RIBED..>180CM,<240",3360,4248328,4491566
40103400,"ENDLES TRNSMSN.BETLS OF TRPZDL.CROSS-SECTION(V BELTS)OTH.THAN..>180CM,<240",28500,13019144,13332639
40103500,"ENDLESS SYNCHRONOUS BELTS,OF AN OUTSIDE CIRCUMFERENCE EXCEEDING >60CM,<150",2828,392781,789297
40103600,"ENDLESS SYNCHRONOUS BELTS,OF AN OUTSIDE CIRCUMFERENCE >150CM,<198CM",1,63925,64576
40103910,RUBBER BELT ROUND NOT EXCEEDING 10 in DIA/FLAT,3212,4245474,5437397
40103990,"TRANSMISSION BELTS OR BELTING,NES OTHER THAN RUBBER BELT ROUND<10"" dia/Flat",129052,49008704,51411732
40111000,"New Pneumatic Tyres, Of Rubber Of A Kind Used On Motor Cars, TV",455259,214295014,268828542
40112010,"New pneumatic tyres, of rubber of a kind used on buses or lorries",485414,175008056,187184947
40112090,"New pneumatic tyres, of rubber of a kind used on buses or lorries",3879091,1250716625,1454318179
40113000,"New Pneumatic Tyres, Of Rubber For Aircraft",625,2224722,2316762
40114000,"New Pneumatic Tyres, Of Rubber Of A Kind Used On Motorcycles, TV",331119,155082223,187005947
40115000,"New Pneumatic Tyres, Of Rubber Of A Kind Used On Bicycles",57192,18554354,21456154
40117010,Of a kind used on agricultural tractors,191077,67069332,71654762
40117090,Of a kind used on agricultural tractors,10132,2837086,3948826
40118000,"Of a kind used on construction, mining or industrial handling vehicles and machines",61140,24064282,29203383
40119000,"Other Tyre, excl. construction, mining or industrial handling vehicles and machines",56613,19998500,28412981
40121900,"RETREADED OR USED PNMATIC.TYRES OF RUBBER;SOLID OR CUSHION TYRES,TYRE..NES",5,3069,3131
40129010,Tyre flaps of rubber of a kind used on tructor and aircraft,450,82066,250770
40129090,"Solid... tyres, interchangeable tyre treads and flaps, of rubber, nes",41928,12782985,18320531
40131000,"INNER TUBES, OF RUBBER, OF A KIND USE ON MOTOR CARS(INCL.STN.WAGON..),BUSES OR LORRIE",8035,2721033,2762188
40132000,"Inner Tubes, Of Rubber Of A Kind Used On Bicycles",22256,5463997,6606566
40139010,"Inner Tubes, of rubber Of a kind used on tractors and aircraft",560,206209,210354
40139020,"Inner tube of rubber, of a kind used on motorcycles",2690,910256,1181406
40141000,Sheath Contraceptives Of Rubber,53587,45639982,49371263
40149000,"Hygienic Or Pharmaceutical Articles Of Vulcanized Rubber, Nes",10750,1669045,2216674
40151200,"Gloves, mitteens..Of a kind used for medical, surgical, dental or veterinary purposes",103773,62053829,71994002
40151900,Gloves Of Vulcanized Rubber (Excl. Surgical Gloves),166356,67448003,76614961
40159000,"Articles Of Apparel And Clothing Accessories Of Vulcanized Rubber, Nes",499,1168176,1266906
40161000,Articles Of Vulcanized Cellular Rubber,11635,11489442,12317804
40169100,"Floor Coverings And Mats Of Vulcanized Rubber, Non-Cellular",19803,3494417,6007381
40169200,"Erasers, Of Vulcanized Rubber",28219,3694555,4702038
40169300,"Gaskets, Washers And Other Seals, Of Vulcanized Rubber",382552,284218140,333565171
40169400,"Boat Or Dock Fenders, Of Vulcanized Rubber",17870,8843617,9010001
40169500,"Inflatable Articles, Of Vulcanized Rubber, Nes",12055,10417691,14539200
40169910,"ARTICLES OF VULCANIZED RUBBER, RUBBER CO /APRON",26980,67235998,70696903
40169920,Rubber bearing,29880,4507415,8159812
40169990,"ARTICLES OF VULCANIZED RUBBER,NES EX.RUBBER COT/APRON",436681,191948554,229107872
40170000,"HARD RUBBER(FOR EX.,EBONITE) IN ALL FORMS,INCL.WASTE AND SCRAP; ARTICLES OF HARD RUBBER",7662,3865376,4614360
41021000,"Raw Skins Of Sheep Or Lambs, With Wool On",4371,1296469,3201131
41032000,"Raw Hides And Skins Of Reptiles, Fresh Or Preserved, Not Tanned",0,32380,33032
41033000,OF SWINE,37,57135,76354
41039000,"Other Raw Hides And Skins, Fresh Or Preserved, Not Tanned, Nes",55799,3111958,9849122
41041110,"Tanned or...,in the wet state (including wet-blue) full grains,.......Split leather",48,29581,29619
41041990,"Tanned..wet-blue other than full grains unsplit, grain splits , excl split leather",5537,1858290,3468538
41044110,Tanned or crust hieds. in the dry state full grains..Split leather,51,53915,54365
41044190,Tanned or crust hieds. in the dry state full grains..Excl Split leather,1,3287,3346
41062210,Split leather In the dry state (crust) of goats or kids,619,138497,335051
41071100,"WHOLE HIDES AND SKINS,FULL GRAIN,UNSPLIT",0,614,627
41071200,"WHO;E HIDES AND SKINS, GRAIN SPLITS",0,614,626
41071900,"WHOLE HIDES AND SKINS, NES",522,1121482,1139568
41079200,"OTHER, INCLUDING SIDES, GRAIN SPLITS",2,1933,1974
41079900,"OTHER,INCLUDING SIDES,NES",3786,8618611,9275120
41120000,"LEATHER FURTHER PREPARED AFTER TANNING OR CRUSTING,INC.PARCHMENT DRESSED..",434,257227,342493
41131000,OF GOATS OR KIDS,5,5527,5643
41139000,"LEATHR FUTHER PREPARED AFTER TUNNING OF CRUSTING,INCL PARCHMETN-DRSED..NES",26,25404,25713
41151000,"COMPOSITION LEATHER WITH A BASIS OF LEAHTER OR LEATHER FIBR,IN SLABS...",15572,1224783,1459610
42010000,"Saddlery And Harness For Any Animal, Of Any Material",2097,329051,857749
42021100,"Trunks, Suit-Cases..., Etc, With Outer Surface Of Leather,Or Of composition leather",22,2946,7740
42021200,"Trunks, Suit-Cases..., Etc, With Outer Surface Of Plastic Or Textiles",25199,6491370,7293307
42021900,"Trunks, Suit-Cases..., Etc, Nes",210477,50574891,76791131
42022100,"Handbags With Outer Surface Of Leather, Or Composition Leather",385,97594,176954
42022200,Handbags with outer.. with outer surface of sheeting of plastics or of tex.. material,56,65025,68478
42022900,"Handbags, Nes",48818,9232928,20717464
42023100,With outer surface of leather or of composition leather,17,34296,37491
42023900,"Articles Normally Carried In Pocket Or Handbag, Nes",11379,2015587,2888925
42029100,With Outer Surface Of Leather or of composition leather,10,20621,20666
42029200,With outer surface of sheeting of plastics or of textile materials,31242,4740614,7985350
42029900,"Cases And Containers, Nes, With Outer Surface Of Other Materials, Nes",5693,1247696,2054570
42031000,Articles Of Apparel Of Leather Or Of Composite Leather,627,211452,278263
42032100,"Gloves,Mittens & Mitts For Use In Sports,Of Leather Or Of Composite Leathr",5146,1203094,1520294
42032900,"Gloves, Mittens And Mitts Nes, Of Leather Excl. For Sports",1193,211893,407416
42033000,Belts And Bandoliers Of Leather Or Of Composition Leather,11491,2302235,3087526
42034000,OTHER CLOTHING ACCESSORIES,20,369567,374684
42050090,"Other articles of leather or of composition leather, NES",290,23995,174462
43031000,Articles Of Apparel And Clothing Accessories Of Furskins,20,12274,12521
43040000,Artificial Fur And Articles Thereof,0,614,655
44013100,Wood pellets,77,106572,115053
44013900,Sawdust and wood waste and scrap Other than Wood pellets,45,117079,119434
44014100,"Sawdust and wood waste and scrap, not agglomerated, Sawdust",3000,334625,337971
44021000,"Wood charcoal (including shell or nut charcoal), whether or not agglomerated o",1,2455,2468
44022000,Wood charcoal ( including sheell or nut char..) ....Of shell or nut,5,3069,3131
44029090,"Wood charcoal (including shell or nut charcoal), whether or not agglomerated E",35,25164,25674
44034200,"Other, of tropical wood: Teak",27240,1766880,3349930
44034900,"Other Tropical Wood Spec'D In Subhd Note 1 To Ch40,In The Rough,Exc.440341",22603562,1160702766,1193867690
44039900,"Wood, Nes In The Rough..., (Excl. Treated)",669547,31475957,34853805
44041000,"Coniferous Hoopwood; Split Poles, Etc; Wooden Sticks, Etc; Chipwood",16,4296,8151
44042000,"Non-Coniferous Hoopwood; Split Poles, Etc; Wooden Sticks, Etc; Chipwood",2,4910,4937
44079200,Beech Wood (Fagus Spp.) Sawn/Chipped Lengthwise Sliced Or Peeled >6m Thick,13166,2293149,2339240
44079900,"Wood, Nes Sawn Or Chipped Lengthwise, Sliced Or Peeled, >6mm Thick",1,1350,1381
44083900,"Other Trpcl.Wood Specf'd Subhd Note2 to this Chap,execl.Dark Red Meranti..Bakau",454989,58254691,64305589
44089000,"Veneer Sheets And Sheets For Plywood Of Other Wood, =<6mm Thick, Nes",187255,52922146,53989334
44101100,Particle board,38364,1596273,1908524
44109000,"Particle board,ori.strn board (OSB)&simi.board of wood?other organic bin. subst",26,2872,2992
44111200,Medium density fiberboard (MDF) of a thickness not exceeding 5 mm,196320,6752305,7374613
44111400,Medium density fiberboard (MDF) of a thickness exceeding 9 mm,833,1062175,1083524
44119200,Fibreboard of wood or other lign.mat.Excl. Med.den. f.board (MDF)of a den.exce,99400,3650631,4180856
44119300,F.board of wood or other .mat. Excl.Med.den. F.board (MDF)of a den.>0.5 g/cm3,91813,4603775,5165295
44123100,"Oth plywood cons. solely of sheets of wood (not bamboo),...not exceeding 6 mm thickne",1150,153429,156514
44123900,"Other, with both outer plies of coniferous wood",483690,13511713,21982884
44129900,"Plywood, veneered panels and similar laminated wood, nes",3148,318747,373718
44130029,"Treated Wood,Nes",928,130992,138510
44130090,"Other Densified Wood In Blocks, Plates Strips Or Profile Shapes",77932,20485598,29643829
44141000,"Wooden frames for paintings, photographs, mirrors or similar .... Of tropical wood",44,7365,16526
44149000,"Wooden frames for paintings, photographs, mirrors or.... Excluding Of tropical wood",3125,494568,857813
44151000,"CASES,BOXES,CRATES,DRUMS AND SIMILAR PACKING;CABLE-DRUMS",3915,850724,942161
44152010,Pallet Collars Of Wood,920,159588,162796
44152090,"Pallets,Box Pallets&Other Load Boards Of Wood,Excl.Pallet Collars, Nes",18,4419,11268
44160000,"Casks, Barrets, Vats, Tubs, Etc, And Parts Thereof, Of Wood",7,3314,4884
44170000,"Tools, tool bodies, tool handles, broom or brush bodies.lasts and trees, of wood.",33806,1298059,1720748
44181900,"Windows, French-windows and their frames : excluding Of tropical wood",6,736,3005
44182100,Doors and their frames and thresholds : Of tropical wood,15624,1918784,2334638
44182900,Doors and their frames and thresholds : excluding Of tropical wood,1000,196320,250333
44187900,"Other Assembled flooring panels, excl. bamboo, mosaic, multilayers",116914,5787882,8401053
44191100,"Bread boards, chopping boards and similar boards",2112,434425,529706
44191200,Chopsticks,3,368,1502
44191900,"Other, excl. Bread boards, chopping boards and similar boards & Chopsticks",11320,853995,992598
44199000,"Other, excl. Bamboo",573,81108,178877
44201900,Statuettes and other ornaments : Excluding Of tropical wood,12042,1650663,2009364
44209000,"Wood Marquetry, Inlaid Wood; Caskets & Cases For Jewellery/Cutlery Of Wood",152,59162,75754
44211000,Clothes Hangers Of Wood,3411,481647,592841
44219100,Of bamboo,22793,2511017,2847014
44219990,Other,161289,37501789,41223365
45011000,"Natural Cork, Raw Or Simply Prepared",12,1473,4448
45019000,"Waste Cork; Crushed, Granulated Or Ground Cork",513,949547,1005247
45020000,"Natural Cork, Debacked Or Roughly Squared..., Etc",1000,382714,397030
45041000,"Blocks..., Tiles Of Any Shape, Solid Cylinders, Of Agglomerated Cork",13238,1357932,1896598
45049000,"OTH, AGGLOMERATED CORK(WITH OR WITHOUT A BINDING SUB-STANCE) AND ARTICLES OF AGG. CORK",5203,1147009,2013285
46019200,"Mats, matting and screens of vegetable materials, NES Of bamboo",30,7365,15026
46019900,"OTH, PLAITS AND SIMILAR PRODUCTS OF PLAITING MATERIALS...(EXCL. OF VEGETABLES MATERIALS)",3360,584258,593364
46021100,"Basketwork, wickerwork and other articles?Of vegetable materials Of bamboo",43,3069,21534
46021900,"Basketwork, wickerwork and other articles?Of vegetable materials Excl. bamboo",60,2700,30047
47032100,"Semi-Bleached Or Bleached Coniferous Chemical Wood Pulp, Soda..., Nes",3733703,398130992,547918144
47032900,"Semi- Or Bleached Non-Coniferous Chemical Wood Pulp, Soda..., Nes",37226292,2981566634,3869341821
47062000,Pulps Of Fibres Derived From Recovered (Waste And Scrap) Paper/Paperboard,151,15052,39027
47071000,"Recovered (Waste/Scrap) Unbleached Kraft Paper,Paperboard, Of...Paperboard",994780,25289393,41950310
47072000,Recovered (Waste/Scrap) Other Paper/Paperboard Of Bleached Chemical Pulp,455710,21436544,34320968
48010000,"Newsprint, In Rolls Or Sheets",928010,68161362,69329940
48025400,Other paper & paper board weighing less than 40g/m2 imported by manufacturing industries,4355,1390358,1418517
48025510,ECG and ultrasonogram recording paper,232,307593,311876
48025600,"OTHER PAPER OR PAPERBOARD, NOT CONTAINING...,WEIGHING 40 G/M2 OR MORE...",88489,12673517,12918238
48025700,"OTHER,WEIGHING 40 G/M2 OR MORE BUT NOT MORE THAN 150G/M2",150812,45334654,46281333
48025800,WEIGHING MORE THAN 150G/M2,1034,1638623,1662516
48026100,"OTH.PAPER& PAPERBOARD,WEIGHT >10% BY WEIGHT OF TOTAL FIBRE CONTENT,IN ROLL",48453,7196210,10128417
48026200,IN SHEETS WITH ONE SIDE <435MM AND OTH SIDE <297MM IN THE UNFOLDED STATE,1,6137,6234
48026900,"OTH. PAPER & PAPER BOARD, IN ROLL, NES",1041344,78296329,79413529
48030000,"Toilet,Facial Tissue,Towel,Napkin Stock & Similar Paper, In Rolls Or Sheet",57283,9608316,10994280
48041100,"Unbleached Kraftliner, Uncoated Paper & Paperboard In Rolls Or Sheets",834904,58270832,80923349
48041900,"Kraftliner,Uncoated(Excl.Unbleached),Paper & Paperboard,In Rolls Or Sheets",98,39683,40532
48042190,"Unbleached Sack Kraft Paper,Uncoated In Rolls Or Sheets, Nes",12,1227,7409
48043100,"Unbleached Kraft Paper..., Weighing =<150g/M2",226157,18825587,20970304
48043900,"Kraft Paper... (Excl. Unbleached), Weighing =<150g/M2",48484,6559481,9766203
48044100,"Unbleached Kraft Paper..., Weighing >150g/M2 But <225g/M2",51079,3855808,4453016
48045100,"Unbleached Kraft Paper..., Weighing >=225g/M2",532615,40791613,49844588
48053000,"Sulphite Wrapping Paper, Uncoated In Rolls Or Sheets",390,93285,244153
48054000,"Filter Paper And Paperboard, Uncoated In Rolls Or Sheets",10665,2958840,3110664
48059390,"Fluting paper, NES weighing 225 g/m2 or more",18442,3055903,3117328
48061000,"Vegetable Parchment, In Rolls Or Sheets",24980,4231206,4342656
48063000,"Tracing Papers, In Rolls Or Sheets",266,184089,203987
48064000,"Glassine And Other Glazed Transparent Or Translucent Papers, Nes",45001,7732711,7842099
48070000,"CMPST.PAPER&PAPER BOARD,NOT SURFACE -COATED OR IMPREGBATED..,IN ROLL/SHEET",25340,4048565,4355262
48081000,"Corrugated Paper And Paperboard, In Rolls Or Sheets",2955,528042,551804
48084000,"Kraft paper, creped or crinkled, whether or not embossed or perforated",80,65589,66901
48089000,"Paper And Paperboard, Corrugated, Creped, Etc, In Rolls Or Sheets, Nes",635,222564,321964
48092000,"Self-Copy Paper, In Rolls Or Sheets",185212,11366196,12022267
48099010,Carbon or similar copying papers,15069,944011,1076028
48099090,"Carbon or similar copying papers, nes",122273,12166594,15313958
48101300,"MECHANICL OR CHEMICAL-MECHANICAL, IN ROOLS",368621,44319139,45579555
48101900,"PAPER&PAPERBOARD OF A KIND USED FOR WRITTING,PRINTING OR OTH.GRAPHIC..NES",288,225848,229141
48102900,"Paper... For Writing, Etc, >10% Mechanical Fibres, Coated...",48370,5337425,5564751
48103900,"Kraft Paper & P.Board,Beach By Chem.Process,Coated,Nes(Ex.Writing,Printing",498,91657,93779
48109200,"OTHER PAPER & P.BOARD,MULTIPLY PAPER & PAPERBOARD",6712018,587626306,708410822
48109910,Single/double side coated relse. paper Imp. by VAT reg. Refrigtr. or freez manf. Ind,4566,1401115,1429223
48109990,"Single/double side coated relse. paper Imp. by VAT reg. Refrigtr./freez manf. Ind,Nes",1948286,159572753,163417613
48111000,"Tarred, Bituminized Or Asphalted Paper And Paperboard",327,38183,142761
48114100,Self-adhesive,32585,22805277,24222179
48114100,Self-adhesive paper imported by label printing industries,589470,99932931,105910522
48114900,"SELF ADHESIVE,PAPER & PAPER BOARD, NES",78279,12496169,13018074
48115100,"Bleached, weighing more than 150 g/m2",45229,5734716,6735603
48115910,"PAPER & P.BOARD,PACK/ASCEPTIC PACK",971752,326243445,430012015
48115920,Melamine impregnated decorative paper,36118,6896953,7856426
48115990,"PAPER,PAPERBOARD,CELLULOSE WADDING AND ...EXCL.TETRAPACK/ASCEPTIC PACK",360698,37601060,44561002
48116010,Ultrasonogram recording paper,2100,386641,394414
48116020,Covered/ coated/waterproof paper and paperboard imported by abrasive paper industry,52985,16386037,18926475
48116090,"Paper and paperboard, coated...parafin wx, stearing oil,(excl. ultrasonograme rec.paper)",319617,43419256,49614274
48119010,Melamine/Decalcomania Paper,231,361712,376146
48119010,Melamine/Decalcomania Paper imported by Ceramic/Melamine/Transfers/Opal glassware industry,42767,10771834,12781720
48119021,Insulated paper,24925,5496556,8046929
48119029,"Paper board, Leather waith paper",59180,10735071,11651048
48119030,Base paper for melamine,557459,118075225,154226192
48119090,"Other Paper,Paperboard,Cellulose Wadding And Webs Of Cellulose Fibres,Nes",58776,14050673,14901261
48120000,"Filter Blocks, Slabs And Plates, Of Paper Pulp",196,1136733,1159580
48131000,In the form of booklets or tubes,23150,2921319,3461614
48132000,Cigarette paper imported by tobacco products manufacturing industries,326533,92669210,101724499
48139000,Cigarette paper Imported by tobacco products manufacturing industries industries,394880,101526508,110024917
48142000,"Wallpaper,Etc Of Paper Coated On The Face Side With A.. Layer Of Plastics",23535,2319980,3462629
48149000,"Wallpaper And Other Wall Coverings; Window Transparencies Of Paper, Nes",383,114627,160384
48169000,"Copying Or Transfer Paper, Nes; Offset Plates, Of Paper (Excl.Heading 4809",318145,36027728,39955471
48171000,Envelopes Of Paper Or Paperboard,99,43813,50837
48172000,"Letter Cards, Plain Postcards And Correspondance Cards Of Paper...",21,12888,14879
48173000,"Boxes, Etc, Of Paper Or Paperboard Containing Paper Stationery",6064,1207616,2896305
48181000,Toilet Paper,63,20931,27734
48182000,Handkerchiefs And Cleansing Or Facial Tissues & Towels,13117,5770108,6078977
48183000,Tablecloths And Serviettes Of Paper,3627,596555,635808
48185000,Articles Of Apparel And Clothing Accssories Of Paper,30,15097,15401
48189000,"Household, Sanitary Or Hospital Articles Of Paper..., Etc, Nes",4498,1184139,1636980
48191000,"Cartons, Boxes And Cases, Of Corrugated Paper Or Paperboard",845292,172296623,230788009
48192010,"Folding Cartons, Boxes And Cases, Of Non-Corrugated Paper Or Paperboard",173903,73037744,84332793
48192090,"Folding Cartons, Boxes And Cases, Of Non-Corrugated Paper Or Paperboard",105973,37307610,56307745
48193000,"Sacks And Bags, Having A Base Of A Width Of >=40cm Of Paper, Paperboard",2909,377997,780540
48194010,Fruit Bag,384309,46288338,63626343
48194090,Other than Fruit Bag,116079,47167056,50835777
48195000,"Packing Containers, Including Record Sleeves, Of Paper..., Nes",6520,1931175,2864130
48196000,"Box Files,Letter Trays,Storage Boxes,Etc,Of Paper Used In Office,Shops Etc",3941,691692,1841162
48201000,"Registers,Acc.Books,Diaries,Similar Articles,Order & Receipt Books,Of ....",11586,2495807,3259954
48202000,Exercise-Books,7,4347,4435
48203000,Binders (Other Than Book Covers) Folders & File Covers Of Paper/Paperboard,795,89330,91134
48204000,Manifold Business Forms And Interleaved Carbon Sets,130,66281,67754
48205000,Albums For Samples Or For Collections Of Paper Or Paperboard,91,25555,32527
48209000,"Blotting Pads, Book Covers And Other Articles Of Stationery Of Paper...Nes",3342,1156911,1524963
48211000,Printed Paper Or Paperboard Labels Of All Kinds,58115,29544578,36212366
48219010,Sticker,1693,513564,851311
48219090,Excl. Sticker imp. by VAT reg. electric fan or water pump motor manf. Ind.,50684,7287112,9596319
48221000,"Bobbins, Spools..., Of Paper Or Paperboard For Winding Textile Yarn",49500,5609774,9503430
48229000,"Bobbins, Spools,Cops And Similar Supports Of Paper Or Paperboard, Nes",15492,1787636,2989191
48232000,"Filter Paper And Paperboard, Cut To Shape",101090,72066659,78250053
48234000,"Rolls, sheets and dials, printed for self recording apparatus",1299,2948545,3215438
48236900,"Other trays, dishes, plates, cups and the like, of paper and paperboard Excl. Of bam",12939,9415048,9878128
48237090,"Moduled or pressed articles of paper pulp, Excl Gasket imp by VAT reg. comp. manu.",1664,861945,969789
48239010,"Paper And Paperboard, Cut To Size And Articls Of Paper",11,22217,22577
48239091,Paper Separator,812,345547,350393
48239092,Wrappers for confectionery,35,4296,17528
48239093,Surface coloured or printed paper or paper board,14527,3507210,4525559
48239094,Air laid paper,99297,18139158,31392409
48239094,Air laid paper imported by hygiene products manufacturing industry,4869,1208006,1714345
48239099,"Paper And Paperboard, Cut To Size And Articles Of Paper, Etc, Nes",69938,9489680,14882320
49011000,"Printed Books, Brochures, Leaflets, Etc, In Single Sheets",4815,5979295,6303785
49019100,"Dictionaries And Encyclopaedias, And Serial Instalments Thereof",364,45108,114097
49019910,"Religious,Reference,Scientific,Medical,Engg,Agril. & Oth.Books for higher education",27429,6229347,10193538
49019920,Text books for primary and secondary education.,60,10433,31249
49019930,Other books,21174,10028906,16967902
49019990,"Printed Books,Brichures,Leaflets&Similar Printed Metter, Nes",11251,9181276,10305073
49021000,"Newspapers, Journals And Periodicals, Appearing At Least 4 Times A Week",306,495614,545599
49029000,"Newspapers, Journals And Periodicals, Appearing < Four Times A Week",1092,2438784,2517644
49030000,"Children'S Picture, Drawing Or Colouring Books",2804,434220,876695
49040000,"Music, Printed Or In Manuscript",1,736,752
49052000,Map and hydrographic or similar charts of all kinds In book form,5,614,1878
49059000,"Maps and hydrographic or similar charts of all kinds, including atlases,...NES",726,120460,181860
49070010,Stock Share And Bond Certificates&Similar Documents Of Title Cheque Forms,317222,100031103,102041675
49070090,"New Stamps,Stamp-Impressed Paper,Cheque Forms,Banknotes,Nes",613,387419,394562
49081010,Transfers (decalcomanias),2,4296,4381
49081090,"Transfers(Decalcomanias), Vitrifiable, Nes",28814,18694694,19312524
49089000,Transfers (Decalcomanias) (Excl. Vitrifiable),2265,1904401,2107061
49090000,"Printed Or Illustrated Postcards; Printed Cards Bearing Greetings, Etc",47,47188,52628
49100000,"CALENDER OF ANY KIND, PRINTED, INCLUDING CALENDER BLOCKS",47,6113,17657
49111000,"Trade Advertising Material, Commercial Catalogues And The Like",14466,5851260,7223730
49119100,"Pictures, Designs And Photographs",6652,421891,1301390
49119990,"Other printed matter, including printed pictures and photographs., NES",32922,57654144,58546444
50020000,Raw Silk (Not Thrown),8,982,4006
50030000,"Silk waste (including cocoons unsuitable for reeling, yarn waste and garnetted",4000,392779,651094
50072000,"Woven Fabrics Of Silk, Containing >=85% Silk Or Of Silk Waste",48,29704,30300
51011100,"Greasy Shorn Wool, Not Carded Or Combed",8197,2269890,5321562
51011900,"Greasy Wool (Excl. Shorn), Not Carded Or Combed",10,2455,6260
51012900,"Degreased Wool (Excl. Shorn), Not Carbonised, Not Carded Or Combed",1,27985,28279
51013000,"Carbonised Wool, Not Carded Or Combed",10078,19739431,20128124
51021900,"FINE ANIMAL HAIR, OF KASHMIR (CASHMERE) GOATS NES",22,43038,43075
51032000,"Other Waste Of Wool Or Of Fine Animal Hair, Not Garnetted Stock, Nes",12,7058,7198
51040000,Garnetted stock of wool or of fine or coarse animal hair,831,248619,546854
51052100,Combed Wool In Fragments,469,51552,143913
51052900,Wool tops and combed wool (excl. in fragments),3840,7920493,8079692
51054000,"Coarse Animal Hair, Carded Or Combed",528,51847,99167
51061000,"Yarn Of Carded Wool, Not Put Up For Retail Sale, With >=85% Wool",895,549031,560117
51071000,"Yarn Of Combed Wool, Not Put Up For Retail Sale, With >=85% Wool",5150,2060615,2102033
51099000,"Yarn, with <85% wool or of fine animal hair, put up for retail sale",280,14842,121122
51112000,"Woven Fabrics Of Carded Wool, Mixed With Man-Made Filaments",66,41131,41347
51113000,"Woven Fabrics Of Carded Wool, Mixed With Man-Made Staple Fibres",2,1227,1252
51119000,"Other Woven Fabrics Of Carded Wool Or Carded Fine Animal Hair, Nes",479,120648,217439
52010000,"Cotton, Not Carded Or Combed",158530435,34157604469,39876458870
52021000,Yarn Waste Of Cotton Including Thread Waste,215,26390,134606
52029100,Garnetted Stock Of Cotton,51183,4711796,8897649
52029910,Cotton waste,117,336801,346404
52030000,"Cotton, Carded Or Combed",5,34736,35435
52041100,"Cotton Sewing Thread, With >=85% Cotton, Not Put Up For Retail Sale",261,155049,164894
52041900,"Cotton Sewing Thread, With <85% Cotton, Not Put Up For Retail Sale",1328,203508,426258
52042000,"Cotton Sewing Thread, Put Up For Retail Sale",27,3314,10767
52051100,"Uncombed Sin.Cot.Yarn,With>=85%Cot.,Nprs,=>714.29 Decitex (<=14mn).",769,436147,473273
52051200,"Uncom.Sin.Cot.Yarn,With>=85%Cot.Nprs,<714.29de(>14mn)But(>=232.56de)<=43mn",358,220263,224696
52052100,"Combed Single Cotton Yarn, With >=85% Cotton, Nprs,>=714.29 Decitex(<=14mn",241,148519,151389
52052200,"Combed Sin.Cot.Yarn,With>=85%Cot.,Nprs,<714.29(>14mn)But>=232.56de.(<=43mn",5,872,2215
52052400,"Com.Sin.Cot.Yarn,With>=85%Cot.,Nprs,<192.31de.But>=125de>52mn But<=80mn",1,1596,1629
52054200,"Combed Cabled Cotton Yarn,With>=85%Cotton,Nprs,>14mn But<=43mn P.Sing.Yarn",15,9451,9518
52054800,"Combed Cabled Cotton Yarn, With >=85% Cotton, Nprs, >120mn Per Single Yarn",52,17430,24248
52061200,"Uncombed Single Cotton Yarn, With <85% Cotton, Nprs, >14mn But <=43mn",2,982,1003
52062100,"Combed Single Cotton Yarn, With <85% Cotton, Nprs, <=14mn",1376,508765,861642
52064300,"Combed Cabled Cotton Yarn,<85% Cotton,Nprs,>43mn But<=52mn Per Single Yarn",1,614,627
52071000,"Cotton Yarn (Excl. Sewing), Put Up For Retail Sale, With >=85% Cotton",86,35437,40704
52079000,"Cotton Yarn (Excl. Sewing), Put Up For Retail Sale, With <85% Cotton",1143,282455,451849
52081100,"Unbleached Plain Woven Fabrics Of Cotton With>=85%Cotton, =<100g/M2",3984,2407801,2606446
52081200,"Unbleached Plain Woven Fabrics Of Cotton>=85%Cotton,>100g/M2 But<200g/M2",1325,737656,833424
52081900,"Unbleached Woven Cotton Fabrics, Nes, With >=85% Cotton",3931,641949,681381
52082100,"Bleached Plain Woven Fabrics Of Cotton With >=85% Cotton, =<100g/M2",117,141727,144339
52082900,"Bleached Woven Cotton Fabrics, Nes, With >=85% Cotton",325,191734,215696
52083100,"Dyed Plain Cotton Woven Fabrics With >=85% Cotton, =<100g/M2",14352,4556429,6881008
52083200,"Dyed Plain Cotton Woven Fabrics With >=85% Cotton, >100g/M2",100,71218,72699
52083900,"Dyed Woven Cotton Fabrics, With >=85% Cotton, Nes",24982,9293425,10537485
52084100,"Coloured Plain Cotton Woven Fabrics With >=85% Cotton, =<100g/M2",3381,832646,1483199
52084200,"Coloured Plain Cotton Woven Fabrics With >=85% Cotton, >100g/M2",534,328828,335513
52084300,"Coloured 3 Or 4-Thread Twill (Incl. Cross Twill), With >=85% Cotton",6,3804,3882
52084900,"Coloured Woven Cotton Fabrics, With >=85% Cotton, Nes",219,83956,119219
52085200,"Printed Plain Cotton Woven Fabrics With >=85% Cotton, >100g/M2",18281,7535444,9317019
52085900,"Printed Woven Cotton Fabrics, With >=85% Cotton, Nes",52229,21093413,27602150
52091100,"Unbleached Plain Cotton Woven Fabrics With >=85% Cotton, >=200g/M2",9,6014,6516
52091900,"Unbleached Cotton Fabrics, With >=85% Cotton, >=200g/M2, Nes",0,1227,1254
52092900,"Bleached Woven Cotton Fabrics, With >=85% Cotton, >=200g/M2, Nes",12,7365,7513
52093100,"Dyed Plain Cotton Woven Fabrics With >=85% Cotton, >=200g/M2",5,2454,3379
52093200,"Dyed 3 Or 4-Thread Twill (Incl. Cross Twill), With >=85% Cotton",62,31091,39980
52093900,"Dyed Woven Cotton Fabrics, With >=85% Cotton, >=200g/M2, Nes",2,614,970
52094200,"Denim, With >=85% Cotton, >=200g/M2",1443,826263,895758
52094900,"Coloured Woven Cotton Fabrics, With >=85% Cotton, >200g/M2",8,4910,4949
52095900,"Printed Woven Cotton Fabrics, With >=85% Cotton, >200g/M2",2265,815985,1139329
52101900,"Unbleached Woven Cotton Fabrics, Nes, With <85% Cotton, =<200g/M2",2,1227,1253
52103100,"Dyed Plain Cotton Woven Fabrics With <85% Cotton, =<200g/M2",12,5803,5921
52104100,"Coloured Plain Cotton Woven Fabrics With <85% Cotton, =<200g/M2",1,614,627
52104900,"Coloured Woven Cotton Fabrics, Nes, With <85% Cotton, =<200g/M2",1368,755785,773072
52113100,"Dyed Plain Cotton Woven Fabrics With <85% Cotton, >200g/M2",2,1227,1253
52113900,"Dyed Woven Cotton Fabrics, Nes, With <85% Cotton, >200g/M2",3,2148,2196
52114200,"Coloured Denim, With <85% Cotton, >200g/M2",70,54866,55977
52121100,"Unbleached Woven Fabrics Of Cotton, =<200g/M2, Nes",2,1227,1254
52122300,"Dyed Woven Fabrics Of Cotton, >200g/M2, Nes",1,614,627
52122500,"Printed Woven Fabrics Of Cotton, >200g/M2, Nes",3,2455,2505
53011000,"Flax, raw or retted",0,1227,1253
53012910,"Flax, Hackled Or Otherwise Processed, But Not Spun",34006,20593332,21818651
53012990,"Flax, Hackled Or Otherwise Processed, But Not Spun",21714,14124854,14408763
53021000,"True Hemp, Raw Or Retted",8783,3486370,6047022
53029000,"True Hemp(Ex.Raw),Not Spun;Tow&Waste Of True Hemp(Incl.Yrn Wast &Garn Stk)",0,614,626
53031000,"Jute and other textile bast fibres, raw or retted",1716,502995,738717
53050090,"Coconut, avaca.... Excl. Coco substrate; coco pellet; growing media",1,272,276
53071000,Single yarn of jute or of other textile bast fibres of 53.03,1173,588677,600509
53081000,Coir Yarn,8280,152447,673906
53091900,"Woven Fabrics Of Flax, With >=85% Flax, Printed, Dyed Or Coloured",71,50600,51619
53092900,"Woven Fabrics Of Flax, With <85% Flax, Printed, Dyed Or Coloured",37,18163,18536
53101000,Unbleached woven fabrics of jute or of other textile bast fibre,3,1964,2004
53109000,Woven fabrics of jute or other textile bast fibres (excl. unbleached),8,2680,3331
54011000,Sewing Thread Of Synthetic Filaments,3520,5289220,5528147
54012000,Sewing Thread Of Artificial Filaments,23,12185,16689
54021900,"Synthetic filament yarn?High tenacity of nylon or other polyamides, Excl.Of ar",12380,3598818,4035816
54022000,"High tenacity yarn of polyesters, whether or not textured",297703,54251652,59451793
54023200,"Textured Yarn, Of Nylon Or Other Polyamides, >50tex, Nprs",6838,2216976,2261535
54023300,TEXTURED YARN OF POLYESTER,8291,1473963,2654846
54023400,Textured yarn Of polypropylene,668,131002,209477
54023900,"Synthetic Textured Yarn, Nes, Nprs",8380,1542883,2605634
54024400,"Other yarn, single, untwisted or with a twist not exceeding 50 turns per metre",65474,28563358,34937352
54024700,"Other yarn,single,untwisted or with a twist <=50 turns per metre Other, of pol",2247,580738,704055
54024800,"Other yarn,single,untwisted or with a twist <=50 turns per metre Other, of pol",5091,1154661,1597247
54025100,"Single Yarn Of Nylon Or Other Polyamides, With >50turns/M, Nprs",3,1841,1879
54025200,"Single Yarn Of Polyesters, With >50turns/M, Nprs",84,45311,52577
54026100,"Multiple Or Cabled Yarn Of Nylon Or Other Polyamides, Nprs",8143,3352917,3468568
54026200,"Synthetic Multiple Or Cabled Yarn Of Polyesters, Nprs",513,158584,164701
54026900,"Synthetic Multiple Or Cabled Yarn, Nes, Nprs",5811,1021616,1972384
54031000,"High Tenacity Yarn Of Viscose Rayon, Nprs Excl. Sewing Thread",124,16884,21822
54033100,"Single Yarn Of Viscose Rayon,Untwisted Or With =<120turns/M, Nprs",163722,36770928,38682602
54033200,"Single Yarn Of Viscose Rayon, With >120turns/M, Nprs",5,3246,3270
54034100,"Multiple Or Cabled Yarn Of Viscose Rayon, Nprs",201,303544,309646
54034900,"Multiple Or Cabled Artificial Yarn, Nes, Nprs",1996,734987,999804
54041100,Monofilament Elastomeric,14880,8640311,10774998
54041200,"Monofilament Other, of polypropylene",10,1108733,1131019
54041900,Monofilament Excl. Elastomeric & other of polypropylene,18877,9590886,9972014
54049000,OTH. SYNTHETIC MONOFILAMENT OF 67 DECITEX OR MORE... (EXCL. MONOFILAMENT),44979,5181081,8451082
54060000,"Manmade filament yarn (other than sewing thread), put up for retail sale.",50,12274,18782
54071090,"Rejected fabrics generated during manu.of garments or processing of fabrics, nes",60,15742,30630
54072000,Woven Fabrics Obtained From Synthetic Strip Or The Like,7299,859002,2059236
54073000,Fabrics Of Synthetic Filament Yarn Specified In Note 9 To Section Xi,1,614,627
54074200,"Dyed Woven Fabrics Of Synthetic Filament Yarn, >=85% Nylon...",1407,796113,812178
54074400,"Printed Woven Fabrics Of Synthetic Filament Yarn, >=85% Nylon...",4663,1751976,2616379
54075100,"Unbleached Or Bleached Woven Fabrics, >=85% Textured Polyester",33,20547,20961
54075200,"Dyed Woven Fabrics Of Synthetic Filament Yarn, >=85% Textured Polyester",19443,8671169,11388248
54075400,"Printed Woven Fabrics Of Synthetic Yarn, >=85% Textured Polyester",28071,10334036,15515183
54076900,Other Woven Fabrics Of Synth'C Yarn >=85% Textrd/Non-Textrd Polystr Filmnt,215758,83926166,109045160
54077200,"Dyed Woven Fabrics, >=85% Synthetic Filaments, Nes",1242489,498377898,691110156
54077300,"Coloured Woven Fabrics, >=85% Synthetic Filaments, Nes",3746,2688369,2859752
54077400,"Printed Woven Fabrics, >=85% Synthetic Filaments, Nes",6417,2418216,3723486
54078100,"Unbleached/Bleached Woven Fbrc.,<85% Synthetic Filaments,Mixed With Cotton",48,5890,24142
54078200,"Dyed Woven Fabrics, <85% Synthetic Filaments, Mixed With Cotton",40967,14239322,20520023
54078300,"Coloured Woven Fabrics, <85% Synthetic Filaments, Mixed With Cotton",145613,55150930,73003104
54079200,"Dyed Woven Fabrics <85% Synthetic Filament Yarn, Nes",12116,3109828,6098422
54079300,"Coloured Woven Fabrics <85% Synthetic Filament Yarn, Nes",2262,884170,1279515
54082300,"Coloured Woven Fabrics, >=85% Artificial Filaments Or Strip",0,614,627
55011900,Synthetic filament tow Of nylon or other polyamides : Excluding Of aramids,16,6761,6897
55019000,Synthetic Filament Tow (Excl. Nylon/Polyesters/Acrylic),7,4295,4382
55021000,Artificial filament tow of cellulose acetate,1418909,1055189779,1091259056
55031100,"Syn.Sta.fibres, not carded,combed or otherwise proce.for spin.Of nylon or othe",95,24952,25512
55031900,"Syn.Sta.fibres,not carded, combed or othrwise pro.for spin.Of nylon or othr po",569,209777,354939
55032000,"Synthetic Staple Fibres, Of Polyesters, Not Carded, Combed Or Processed",7749548,894395070,1242861055
55033000,"Acrylic Or Modacrylic Synth. Staple Fibres,Not Carded,Combed Or Processed",163148,33859771,56233765
55034000,"Synthetic Staple Fibres,Of Polypropylene,Not Carded,Combed Or Processed",938338,138960978,181884892
55039000,"Syn.Staple Fibres,Not Carded,Combed Or Processed(Exl.Nyl/Polest./Acry./Pp)",1,736,752
55041000,"Artificial Staple Fibres,Of Viscose Rayon,Not Carded,Combed Or Processed",7014666,1580161507,2271430660
55049000,"Artificial Staple Fibres, (Excl. Viscose), Not Carded,Combed Or Processed",9480483,1913411776,3650922046
55061000,"Synt.Staple Fibres,Of Nylon Or Other Polyamides,Carded,Combed Or Processed",25,285378,289376
55062000,"Synthetic Staple Fibres, Of Polyesters, Carded, Combed Or Processed",1216262,150343188,191371451
55063000,"Acrylic Or Modacrylic Synthetic Staple Fibres,Carded,Combed Or Processed",43200,15326271,15639019
55069000,"Syn.Staple Fibres,Nes,Carded,Combed Or Processed(Exl.Nyl./Polester/Acry.)",1471,248960,251826
55081000,Sewing Thread Of Synthetic Staple Fibres,269,74264,93739
55082000,Sewing Thread Of Artificial Staple Fibres,0,614,627
55091100,"Single Yarn, With >=85% Staple Fibres Of Nylon Or Other Polyamides, Nprs",48,33509,34191
55092100,"Single Yarn, With >=85% Polyester Staple Fibres, Nprs",1278,474939,484489
55092200,"Multiple Or Cabled Yarn, With >=85% Polyester Staple Fibres, Nprs",5042,1855524,1892818
55093200,"Multiple Or Cabled Yarn, >=85% Acrylic Or Modacrylic Staple Fibres, Nprs",24,14975,15274
55094200,"Multiple Or Cabled Yarn, With >=85% Synthetic Staple Fibres, Nes, Nprs",449,868493,878951
55095100,"Yarn,<85% Polyester Staple Fibres,Mixed With Artificial Staple Fibres,Nprs",6192,2280697,2853004
55095200,"Yarn,<85% Polyester Staple Fibres,Mixed With Wool Or Fine Animal Hair,Nprs",18872,7006631,7147461
55095300,"Yarn, <85% Polyester Staple Fibres, Mixed With Cotton, Nprs",6,3866,3944
55095900,"Yarn,<85%Polyester Staple Fibres,Nes,Nprs(Exl.Arti/Wool/Cotton Staplefibre",1916,704010,725423
55096100,"Yarn, <85% Acrylic Or Modacrylic Staple Fibres, Mixed With Wool..., Nprs",11867,8669413,8843668
55096200,"Yarn, <85% Acrylic Or Modacrylic Staple Fibres, Mixed With Cotton, Nprs",3,1841,1879
55096900,"Yarn, <85%Acrylic Or Modacrylic Staple Fibres, Nes, Nprs(Exl. Wool/Cotton)",20620,7596669,7749353
55099900,"Yarn, Synthetic Staple Fibres,Nes, Nprs (Exl. Wool/Cotton)",75,46642,47578
55101100,"Single Yarn, With >=85% Artificial Staple Fibres, Nprs",53,32159,32817
55101290,"YARN OF ARTIFICIAL STAPLE FIBRES, .. EXCL. WATER BLOCKING YARN IMP BY VAT REG. OPTICAL F",67,17123,42330
55103010,Water Blocking Tape,326,190445,192722
55109000,"Yarn, Artificial Staple Fibres, Nes, Nprs (Exl. Wool/Cotton)",4,3069,3134
55121100,"Unbleached or bleached woven fabrics, >=85% polyester staple fibres",576,220079,323981
55122100,"Unbleached or bleached woven fabrics, >=85% acrylic... staple fibres",4,2455,2468
55129900,"Woven Fabrics, >=85% Synthetic Fibres, Nes",29,10433,16277
55131900,Other woven fabrics,14,8592,8744
55132100,"Dyed Plain Weave Fabrics, <85% Polyester Fibres + Cotton, =<170g/M2",1,1841,1880
55132900,"Dyed Woven Fabrics, <85% Synthetic Fibres + Cotton, Nes, =<170g/M2",765,93899,344831
55141100,"Of polyester staple fibres, plain weave",2,1227,1252
55144100,"Printed Plain Weave Fabrics, <85% Polyester Fibres + Cotton, >170g/M2",60508,57679176,58838527
55151100,Mixed mainly or solely with viscose rayon staple fibres,1198,369635,674963
55151300,Mixed mainly or solely with wool or fine animal hair:,40,14729,15025
55151900,"Woven fabrics of polyester staple fibres, nes",10,6137,6261
55161100,"Unbleached or bleached woven fabrics, >=85% artificial staple fibres",272,70064,137224
55161200,"Dyed Woven Fabrics, >=85% Artificial Staple Fibres",1,786,802
55161400,"Printed Woven Fabrics, >=85% Artificial Staple Fibres",11554,3545295,4676238
55162200,"Dyed Woven Fabrics, <85% Artificial Fibres, With Man-Made Filaments",1447,515068,679473
55162400,"Printed Woven Fabrics, <85% Artificial Fibres, With Man-Made Filaments",26272,9667663,11470378
55169100,"Woven fabrics, <85% artificial staple fibres, nes Unbleached or bleached",107,38910,53588
56012100,Cotton Wadding And Articles Thereof,20119,7568454,8233869
56012200,Wadding Of Man-Made Fibres And Articles Thereof,71362,74111138,88165777
56012900,"Wadding and articles of wadding, nes",5388,758960,1020362
56013000,Textile Flock And Dust And Mill Neps,13052,5620309,7020255
56021000,Needleloom felt and stitch-bonded fibre fabrics,523,86559,227654
56022100,"Felt Of Wool Or Fine Animal Hair (Excl. Impregnated, Coated, Etc)",0,137554,139658
56022900,"Felt of textile materials (excl. impregnated, coated, etc) Of other textile materials",19047,3852678,5462652
56029000,"Felt, Nes (Exl. Needleloom, Wool, Text Material, Jute, Other Than Jute)",2042,13319246,15400014
56031110,Hydrophilic/hydrophobic white/light/green,5,3069,3131
56031110,Imported by hygiene products manufacturing industry,469194,95423973,139229863
56031190,"Nonwovens, Of Man-Made Filaments, Weighing <=25g/M2",3766,8614281,8764026
56031210,Imported by hygiene products manufacturing industry,6397,1813815,1867138
56031210,Textile back sheet/Non woven air through bonded (ADL),15524,5700201,5928691
56031290,"Nonwovens, Of Man-Made Filaments, Weighing >25g/M2 But <=70g/M2",2169,2240604,2530251
56031310,Elastic back ear,3295,2081368,2371971
56031310,Elastic back ear imported by hygiene products manufacturing industry,14047,14879397,15292755
56031390,"Nonwovens, Of Man-Made Filaments, Weighing >70g/M2 But <=150g/M2",1530,2030100,2131422
56031400,"Nonwovens, Of Man-Made Filaments, Weighing >150g/M2",861,115539,305907
56039100,"Nonwovens, Not Of Man-Made Filaments, Weighing <=25g/M2",17,11047,11272
56039210,Dry web imported by hygiene products manufacturing industry,196253,49417126,56865269
56039290,"Nonwovens, Not Of Man-Made Filaments, Weighing >25g/M2 But <=70g/M2",77593,16377516,22754765
56039300,"Nonwovens, Not Of Man-Made Filaments, Weighing >70g/M2 But <=150g/M2",1062,206103,312243
56039400,"Nonwovens, Not Of Man-Made Filaments, Weighing >150g/M2",38956,3401119,6903221
56041000,"Rubber Thread And Cord, Textile Covered",29,18166,18510
56049000,"Textile Yarn And Strip, Etc, Impregnated Or Coated",10022,3337403,3408947
56050010,Metalized round yarn,4,3069,3131
56050090,Other metalized yarn,935,86033,252983
56060000,"Gimped yarn, & strip & the like .... (including flock chenille yarn); loop wale-yarn.",44,12029,23540
56072900,"Twine,Cordage,Rope & Cables,Of Sisal,Etc. Of The Genus Agave,Nes,Ex.Binder",19,6751,11894
56074100,Binder Or Baler Twine Of Polyethylene Or Polypropylene,8,198,198
56074910,"Twine,Cordage,Rope&Cables,Of Polyethylene/Polypropy. For Fishing Trawlers",12,2946,6010
56074990,"Twine, Cordage,Rope & Cables, Of Polyethylene Or Polypropylene, Other",31389,12014822,12427951
56075000,"Twine, Cordage, Rope And Cables, Of Synthetic Fibres, Nes",8375,3274267,3367213
56079000,"Twine, cordage, ropes and cables, whether or not plaited .. with rubber or pla",3160,1559939,1933241
56081990,Knotted netting of man-made textile materials (excl. fishing nets),3718,1716013,1831505
56089000,"Knotted netting of twine, cordage or rope of textile materials, nes",73777,14700882,18420739
56090010,"Twine,Cordage,Rope Or Cables For Fishing Trawler And Factory Ships, Nes",16,3928,8013
56090090,"Articles Of Yarn,Strip,Etc,Twine,Cordage, Rope Or Cables, Nes",6421,2137501,2333252
57011000,"Carpets And Other Textile Floor Coverings, Of Wool..., Knotted",26,112924,115193
57019000,"Carpets & other textile floor coverings, ...textiles, knotted Of other textile material",2,1227,1253
57023900,"Pile floor coverin....textiles, woven, not made up Of other textile materials, nes",4122,933830,933830
57024200,"Pile Floor Coverings Of Man-Made Textiles, Woven, Made Up",20531,1548635,3301358
57029200,"Non-Pile Floor Coverings Of Man-Made Textiles, Woven, Made Up",204,64243,65535
57029900,"Non-pile floor coverings of textile materials, ....... up Of other textile materials, ne",138,10924,20910
57032900,Carpet and other textile floor Covering Of nylon or other polyamides : Excluding Turf,255,22504,53343
57033100,Carpet and other textile floor covering ...Of other man-made textile materials :Turf,50757,5020164,14989321
57039000,Carpet and other textile floor covering..of other textile materials of jute,83848,9547321,12322027
57041000,"Carpet Tiles =<0.3m2, Of Felt, Not Tufted Or Flocked",8750,1365060,2095108
57050000,"Other carpets and other textile floor coverings, whether or not made up.",382166,53120891,64802927
58011000,Woven Pile Fabrics And Chenille Fabrics Of Wool Or Fine Animal Hair,1,736,739
58012100,UNCUT WEFT PILE FABRICS,0,614,627
58012200,Cut Corduroy Of Cotton,6,2578,3781
58012600,"Chenille Fabrics, Of Cotton",27182,6139984,14471036
58013200,"Cut Corduroy Of Man-Made Fibres, Nes",6,3682,3757
58013600,"Chenille Fabrics Of Man-Made Fibres, Nes",265112,99874849,142061644
58019000,"Floor coverings of felt, not tufted or flocked Of other textile materials nes,",8193,1198919,4348562
58021000,"Terry towelling and similar woven terry fabrics, of cotton",55,33754,33768
58023000,Tufted textile fabrics,604,118122,118615
58041000,Tulles And Other Net Fabrics,41574,13047526,25354566
58042100,"Mechanically Made Of Lace Of Man-Made Fibres In Piece,In Strips/In Motifs",7507,1621084,2567299
58042900,"Mechanically Made Of Lace Of Oth.Textiles In Piece,In Strips Or In Motifs",115190,23677332,40673769
58043000,"Hand-Made Lace In Pieces, In Strips Or In Motifs",140343,31657575,52910732
58061000,Narrow Woven Pile Fabrics And Chenille Fabrics,9,10703,10924
58062000,"Narrow Woven Fabrics, Width >=5% Elastomeric Yarn Or Rubber Thread",7064,2648180,3351629
58063100,OTHER WOVEN FABRICS OF COTTON,519,331916,339060
58063200,Of man-made fibres,25220,10091184,10706733
58063900,"Narrow Woven Fabrics Of Other Textiles, Nes",29505,5748562,7850814
58064000,Fabrics With Warp Without Weft Assembled By An Adhesive (Bolducs),1027,114151,389778
58071000,"Labels, Badges... Of Textiles, Woven, In Piece..., Not Embroidered",7432,3960015,5052451
58079000,"Labels, Badges... Of Textiles, Unwoven, In Piece..., Not Embroidered",2718,592523,1207569
58081000,"Braids, In The Piece",6,5575,5694
58089000,"Ornamental Trimmings In The Piece; Tassels, Pompons, Etc, Nes(Excl.Braids)",196,30769,72028
58090000,"Woven Fabrics Of Metal Thread And Woven Fabrics Of Metallized Yarn, Nes",108,52424,55768
58101000,Embroidery Without Visible Ground,389,35870,177179
58109100,"Cotton Embroidery, In The Piece, In Strips Or In Motifs",1470,261029,261451
58109200,"Embroidery Of Man-Made Fibres, In The Piece, In Strips Or In Motifs",1381,102552,103101
58109900,"Embroidery Of Other Textiles, In The Piece, In Strips Or In Motifs",864,425846,875645
58110000,Quilted Tex.Produ.In The Piece(Excl.Embroi.Of 58.10)One Or More Layers Tax,19,13256,13536
59019000,"Tracing Cloth; Prepared Painting Canvas; Buckram, Etc",80,45517,53389
59021000,Tyre Cord Fabric Of High Tenacity Yarn Of Nylon Or Other Polyamides,283644,81931208,106655193
59022000,Tyre Cord Fabric Of High Tenacity Yarn Of Polyesters,798718,96334334,99777862
59029000,Tyre Cord Fabric Of High Tenacity Yarn Of Viscose Rayon,78926,8075282,9833862
59031010,Fusing Interlining Mate.(Tex.Mat.For Stiffening Cuffs&Col.With Poly V.Chlo,1595,146510,487060
59031090,Other Fabrics Impregnated...With Polyvinyl Chloride,61418,17072480,20035595
59031090,Textile Fabrics Laminated with Polyvinyl Chloride imported by Footwear Industry,99264,26960692,30748237
59032010,Fusing Interlining Mat.(Tex.Mat.For Stiffening Cuffs&Col. With Poly Ureth.,362,110266,199018
59032090,Textile Fabrics Laminated with Polyurethane imported by Footwear Manufacturing Industry,30687,11154688,12646485
59032090,Other Textile Fabrics Impregnated....With Polyurethane,42730,12221593,15562227
59039090,"Textile fabrics impregnated... with plastics, nes",30320,128604078,132245485
59061000,Adhesive Tape Of A Width =<20cm,101,41194,46386
59069100,Knitted Or Crocheted Rubberized Textile Fabrics (Excl. Adhesive Tape),49,258210,263400
59069910,REFLECTIVE TAPE,8598,1086827,2692891
59069990,"RUBBERIZED TEXTILE FABRICS EXCLUDING REFLECTIVE TAPE, KNITTED OR CROCHETED & ADHESIVE TA",5165,1108646,1547928
59070000,Textile Fabrics Otherwise Impregnated... ; Painted Canvas...,152,45292,46204
59090000,"Textile... Tubing, With Or Without Lining, Etc, Of Other Materials",66174,17213602,22918685
59100000,"Transmission Or Conveyor Belts Or Belting, Of Textile Material",27808,11826203,14730426
59111010,Narrow Fab. Made Of Velvet Impregna. With Rubber For Cover Weaving Spindle,1966,879898,917325
59111090,Other,134589,28129395,28634713
59112000,Bolting Cloth Whether Or Not Made Up,14447,5471558,6577348
59113100,"Textile Fabrics And Felts, For Paper-Making Machines, <650g/M2",2745,18449734,19595831
59113200,"Textile Fabrics And Felts, For Paper-Making Machines, >=650g/M2",9898,35568142,38209201
59114000,"Straining Cloth Of A Kind Used In Oil Presses, Etc",1699,1527516,1639123
59119000,"Textile Articles For Technical Uses, Nes, As Specified In Chapter Note 7",10061,16109793,18629974
60011000,"Long Pile Fabrics, Knitted Or Crocheted",13054,5903096,7800294
60019100,"Pile Fabrics Of Cotton, Nes, Knitted Or Crocheted",577,356932,364077
60019200,"Pile Fabrics Of Man-Made Fibres, Nes, Knitted Or Crocheted",28097,10130742,16784446
60019900,"Pile Fabrics Of Textile Materials, Nes, Knitted Or Crocheted",4262,1315450,2534534
60029000,"KNITTED OR CROCHETED FABRICS OF A WIDTH <30CM,CONTAINING BY WEIGHT 5%..NES",21,14003,14290
60032000,KNITTED OR CROCHETED FABRICS OF A WIDTH <30CM.. OF COTTON,51,21010,25731
60033000,"KNITTED OR CROCHETED FABRICS OF A WIDTH <30CM,OF SYNTHETIC FIBRES",0,620,689
60039000,"KNITTED/CROCTD.FBRCS.OF A WIDTH <30CM,OTH THAN THOSE OF HD60.01/60.02,NES",0,434,442
60041000,CONTING. BY WEIGHT 5%OR MORE OF ELASTOMERIC YARN BUT NOT CONT.RUBER THRED,52,38718,39641
60049000,"CONTNG.BY WEIGHT 5%OR MORE ELSTMRC.YARN BUT NOT CONTAINING RUBR.THREAD,NES",1,491,501
60052200,"WRAP KNIT FABRICS OF COTTON,DYED",4,2209,2255
60053700,Of synthetic fibres other dyed,2123,750851,868944
60053800,Synthetic fibres Other of yarns of different colours,2,1841,1878
60059090,"WARP KNIT FABRICS OF ARTIFICIAL FIBRES, NES",122679,36722493,46986389
60061000,OTHER KNITTED OR CROCHETED FABRICS OF WOOL OR FINE ANIMAL HAIR,4,2209,2255
60062100,OTHER KNITED OR CROCHETED FABRICS OF COTTON UNBLEACHED OR BLEACHED,0,614,627
60062200,OTH.KNITTED OR CROCHETED FABRICS OF COTTON DYED,91,58917,60625
60062300,"OTH.KNITTED OR CROCHETED FABRICS OF COTTON, OF YARNS OF DIFFERENT COLOURS",12,7487,7613
60062400,OTH.KNITTED OR CROCHETED FABRICS OF COTTON PRINTED,1,1227,1254
60063200,"OTH.KNITTED OR CROCHETED FABRICS OF SYNTHETIC FIBRES,DYED",55172,17764555,27408233
60063300,OTH.KNITTED OR CROCHETED FABRICS OF SYNTH. FIBRES OF YARNS OF DIFF.COLOUR,2,1227,1253
60063400,OTH KNITTED OR CROCHETED FABRICS OF SYNTHETIC FIBRES PRINTED,27,16570,16903
60064200,"Other knitted or crocheted fabrics, Dyed",3,2455,2508
60069000,"OTH.KNITTED OR CROCHETED FABRICS OF ARTIFICIAL FIBRES,NES",72,49650,53187
61012000,"Men'S Or Boys' Over/Car Coats, Etc, Of Cotton, Knitted Or Crocheted",3,7561,7721
61013000,"Men'S Or Boys'Over/Car Coats, Etc, Of Man-Made Fibres,Knitted Or Crocheted",0,614,627
61019000,"Men'S Or Boys' Over/Car Coats, Etc, Of Other Textiles,Knitted Or Crocheted",214,36692,76238
61022000,"Woman'S Or Girls' Over/Car Coats, Etc, Of Cotton, Knitted Or Crocheted",2,3682,3758
61029000,"Woman'S Or Girls' Over/Car Coats,Etc,Of Other Textiles,Knitted/Crocheted",4,245,250
61031000,"Men's or boys' Suits, Excl. Sports out fit for sports shooting",42,68902,70291
61032200,"Men'S Or Boys' Ensembles Of Cotton, Knitted Or Crocheted",4,8060,8230
61032900,"Men'S Or Boys' Ensembles Of Other Textiles, Nes, Knitted Or Crocheted",55,17057,57456
61033100,"Men'S Or Boys' Jackets And Blazers Of Wool..., Knitted Or Crocheted",0,736,752
61033200,"Men'S Or Boys'Jackets And Blazers Of Cotton, Knitted Or Crocheted",28,4543,15528
61033300,"Men'S Or Boys' Jackets... Of Synthetic Fibres, Knitted Or Crocheted",11,12276,13270
61033900,"Men'S Or Boys' Jackets... Of Other Textiles, Nes, Knitted Or Crocheted",95,38082,64632
61034100,"Men'S Or Boys' Trousers, Etc, Of Wool..., Knitted Or Crocheted",7,9315,9509
61034200,"Men'S Or Boys' Trousers, Etc, Of Cotton, Knitted Or Crocheted",158,87794,163173
61034300,"Men'S Or Boys' Trousers, Etc, Of Synthetic Fibres, Knitted Or Crocheted",493,174177,482469
61034900,"Men'S Or Boys' Trousers, Etc, Of Other Textiles, Knitted Or Crocheted",643,247333,474578
61042200,"Women'S Or Girls' Ensembles, Of Cotton, Knitted Or Crocheted",2,3682,3757
61042900,"Women'S Or Girls' Ensembles, Of Other Textiles, Knitted Or Crocheted",2198,212713,1008330
61043200,"Women'S Or Girls' Jackets, Of Cotton, Knitted Or Crocheted",7,10992,11215
61043300,"Women'S Or Girls' Jackets, Of Synthetic Fibres, Knitted Or Crocheted",1,2455,2505
61043900,"Woman'S Or Girls' Jackets, Of Other Textiles, Knitted Or Crocheted",1,3878,3956
61044200,"Dresses Of Cotton, Knitted Or Crocheted",2556,410270,988389
61044300,"Dresses Of Synthetic Fibres, Knitted Or Crocheted",259,67877,208221
61044900,"Dresses Of Other Textile Material, Nes, Knitted Or Crocheted",147,273955,285424
61045200,"Skirts And Divided Skirts Of Cotton, Knitted Or Crocheted",1,2823,2882
61045300,"Skirts And Divided Skirts Of Synthetic Fibres, Knitted Or Crocheted",1,1963,2002
61045900,"Skirts And Divided Skirts Of Other Textiles, Nes, Knitted Or Crocheted",0,1227,1254
61046200,"Women'S Or Girls' Trousers, Etc, Of Cotton, Knitted Or Crocheted",618,737997,1086859
61046300,"Women'S Or Girls' Trousers, Etc, Of Synthetic, Knitted Or Crocheted",5,24698,25198
61046900,"Women'S Or Girls' Trousers, Etc, Of Other Textile, Knitted Or Crocheted",933,240856,426950
61051000,"Men'S Or Boys' Shirts Of Cotton, Knitted Or Crocheted",198,189398,415433
61052000,"Men'S Or Boys' Shirts Of Man-Made Fibres, Knitted Or Crocheted",735,141769,743586
61059000,"Men'S Or Boys' Shirts Of Other Textiles, Nes, Knitted Or Crocheted",214,172086,404302
61061000,"Women'S Or Girls' Blouses, Etc, Of Cotton, Knitted Or Crocheted",176,362526,380515
61062000,"Women'S Or Girls' Blouses, Etc, Of Man-Made Fibres, Knitted Or Crocheted",8,30819,31442
61069000,"Women'S Or Girls' Blouses Etc. Of Other Textiles Nes, Knitted Or Crocheted",14,26756,27296
61071100,"Men'S Or Boys' Underpants And Briefs Of Cotton, Knitted Or Crocheted",6259,942546,3071195
61071200,"Men'S Or Boys' Underpants, Etc, Of Man-Made Fibres, Knitted Or Crocheted",2505,774963,1704709
61071900,"Men'S Or Boys' Underpants Etc. Of Other Textiles Nes, Knitted Or Crocheted",10398,3826561,7783606
61072100,"Men'S Or Boys' Night Shirt Pyjamas Of Cotton, Knitted Or Crocheted",404,244162,284892
61072200,"Men'S Or Boys' Night Shirt Pyjamas Of Man-Madefibres, Knitted Or Crocheted",1,3928,3990
61072900,"Men'S Or Boys'Night Shirt Pyjamas Of Other Textiles,Nes,Knitted Or Croched",2475,400266,1322459
61079100,"Men'S Or Boys' Dressing Gowns, Etc, Of Cotton, Knitted Or Crocheted",270,86043,204101
61079900,"Men'S Or Boys' Dressing Gowns, Of Other Textiles,Nes, Knitted Or Crocheted",3,3069,3131
61081900,"Women'S Or Girls' Slips, Etc, Of Other Textiles,Nes, Knitted Or Crocheted",104,39031,81228
61082100,"Women'S Or Girls' Briefs And Panties Of Cotton, Knitted Or Crocheted",925,165897,292989
61082200,"Women'S Or Girls' Briefs, Etc, Of Man-Made Fibres, Knitted Or Crocheted",1,1964,2002
61082900,"Women'S Or Girls' Briefs, Etc, Of Other Textiles,Nes, Knitted Or Crocheted",873,407017,568974
61083100,"Women'S Or Girls' Night Dresses, Pyjama Etc, Of Cotton, Knitted Or Croched",42,58709,64591
61083200,"Women'S Or Girls' Pyjamas,Night Dresses Of Man-Made Fibres,Knitted/Croched",11,21669,23233
61083900,"Women'S Or Girls' Night Dresses & Pyjamas Of Other Tex.,Knitted Or Croched",5,6751,6890
61089100,"Women'S Or Girls'Negliges Dressing Gowns..,Of Cotton, Knitted Or Crocheted",1,736,752
61089900,"Women'S/Girls' Negliges Dressing Gowns.. Of Other Tex.,Nes,Knitted/Croche.",924,356128,605967
61091000,"T-Shirts, Singlets And Other Vests, Of Cotton, Knitted Or Crocheted",5377,4704749,7430100
61099000,"T-Shirts, Singlets, Etc, Of Other Textiles, Nes, Knitted Or Crocheted",25749,8319656,20039789
61101100,OF WOOL OR FINE ANIMAL HAIR. OF WOOL,9,17199,17540
61101200,OF KASHMIR(CASHMERE)GOATS,1,2455,2505
61101900,"OF WOOL OR FINE ANIMAL HAIR,NES",18,48856,49813
61102000,"JERSEYS, PULLOVERS, CARDIGANS, WAISTCOATS & SIMILAR ART., KNITTED OR CROCHETED OF COT",6240,2193862,5021879
61103000,"JERSEYS,PULLOVERS,CARDIGANS,WAISTCOATS.., KNITTED OR CROCHETED OF MAN-MADE FIBRE",518,190198,314815
61109000,"JERSEYS, PULLOVERS, CARDIGANS, WAISTCOATS.. ,KNITTED OR CROCHETED OF OTH. TEXT. MATER",9319,2183662,6312380
61112000,"Babies' Garments, Etc, Of Cotton, Knitted Or Crocheted",196,163249,168301
61119000,"Babies' Garments, Etc,Of Other Textiles Materials,Nes Knitted Or Crocheted",4621,955488,1428605
61121100,"Track-Suits Of Cotton, Knitted Or Crocheted",496,99386,208489
61121200,"Track-Suits Of Synthetic Fibres, Knitted Or Crocheted",3,3914,3994
61121900,"Track-Suits Of Other Textiles,Nes, Knitted Or Crocheted",10,15493,15735
61122000,SKI SUITS,44,2455,4671
61123900,"MEN'S OR BOY'S SWIMWEAR, OF OTHER TEXTILE MATERIALS",336,66036,158328
61124100,"Women'S Or Girls' Swimwear Of Synthetic Fibres, Knitted Or Crocheted",71,85216,85969
61124900,Women's or girls swimwear of other textile material,4,6913,7511
61142000,"Garments Of Cotton, Knitted Or Crocheted, Nes",0,776,790
61143000,"Garments Of Man-Made Fibres, Knitted Or Crocheted, Nes",6,3818,3890
61149000,"Garments Of Other Textiles, Knitted Or Crocheted, Nes",1,1227,1253
61151000,"Graduated compression hosiery (for example, stockings for varicose veins)",59,14961,32543
61152900,Other panty hose and tights Of other textile materials,206,62108,104666
61159500,"Panty hose,tights,stockings,sock..., inclu.grad.Comp.hos.Of Cotton, NES",107,61578,104903
61159600,"Panty hose,tights,stockings,sock..., inclu.grad.Comp.hos.Of synthetic fibres",29,7242,37687
61159900,"Hosiery And Footwear Without Soles Of Other Tex., Knitted Or Crochete, Nes",1858,308012,735959
61161000,"IMPREGNATED, COATED OR COVERED WITH PLASTICS OR RUBBER",1086,382950,644372
61169200,"Gloves, Mittens And Mitts, Of Cotton, Knitted Or Crocheted",578,149495,195577
61169300,"Gloves, Mittens And Mitts, Of Synthetic Fibres, Knitted Or Crocheted",6,5270,5377
61169900,"Gloves, Mittens And Mitts, Of Other Textiles, Knitted Or Crocheted",7421,971518,2145738
61171000,"SHAWLS, SCARVES, MUFFLERS, MANTILLAS, VEILS AND THE LIKE",847,147647,382129
61178010,"Other Clothing Accessories, Knitted Or Crocheted, Nes, Of Cotton",3,1596,1629
61178090,"Other clothing accessories, knitted or crocheted, nes",217,16570,71999
61179000,"Parts Of Garments Or Clothing Accessories, Knitted Or Crocheted",3729,557247,1232422
62012000,"Overcoat, raing coat, car-coat capes, cloaks and similar..Of wool or fine animal hair",1,1012,1032
62013000,"overcoat, rain-coat, of cotton",67,14115,21276
62014000,Other Of man-made fibres,2,3681,3734
62019000,"Mens or boys overcoat, car-coats, cloaks excludin Of other textile materials",15874,1266995,3377864
62023000,"Womens or girls overcoat , car-coad capes, cloaks, anoraks ...Of cotton",2,1358,1387
62024000,"Womens or girls overcoat , car-coad capes, cloaks, anoraks ...Of man-made fibres",1,723,739
62029000,"Woent or gilrs overcoat, raincot car-coat capes, ......Of other textile materials",32,13686,27165
62031900,"Men's or boys' suits of other textiles, nes",920,23470976,23942743
62032200,Men'S Or Boys' Ensembles Of Cotton,3,5032,5084
62032900,"Men'S Or Boys' Ensembles Of Other Textiles, Nes",2,1841,1878
62033100,Men'S Or Boys' Jackets And Blazers Of Wool Or Fine Animal Hair,30,62628,63888
62033200,Men'S Or Boys' Jackets And Blazers Of Cotton,517,390974,478787
62033300,Men'S Or Boys' Jackets And Blazers Of Synthetic Fibres,951,770417,1170326
62033900,"Men'S Or Boy'S Jackets And Blazers Of Other Textiles,(Exl.Wool,Syn.Fab,Cot",2443,399422,1481310
62034100,"Men'S/Boy'S Bib&Brace Trousers,Breeches,Shorts Of Wool Or Fine Animalhar",22,38047,38712
62034200,"Men'S Or Boys' Bib & Brace Trousers, Breeches, Shorts, Of Cotton",4283,3674226,4622391
62034300,"Men'S Or Boys' Bib & Brace Trousers, Breeches & Shorts Of Synthetic Fibres",8288,1900437,3631529
62034900,"Men'S Or Boys' Bib&Brace Trousers,Breeches & Shorts Of Other Textiles,Nes",2054,692554,1066269
62041100,Women'S Or Girls' Suits Of Wool Or Fine Animal Hair,95,82314,88302
62041200,Women'S Or Girls' Suits Of Cotton,2,4908,5009
62042200,Women'S Or Girls' Ensembles Of Cotton,7,10907,11066
62042300,Women's or girls' ensembles of synthetic fibres,116492,49256518,96596900
62042900,"Women'S Or Girls' Ensembles Of Other Textiles, (Exl.Wool,Cotton,Syn.Fibre)",13275,5155157,10254567
62043100,Women'S Or Girls' Jackets And Blazers Of Wool Or Fine Animal Hair,9,7365,7513
62043200,Women'S Or Girls' Jackets And Blazers Of Cotton,64,64793,65914
62043300,Women'S Or Girls' Jackets And Blazers Of Synthetic Fibres,834,521328,703838
62043900,"Women'S Or Girls' Jackets&Blazers Of Oth.Tex.,(Exl.Wool,Cotton,Syn.Fibre)",38,7976,20406
62044100,Dresses Of Wool Or Fine Animal Hair,2,4296,4384
62044200,Dresses Of Cotton,66,108477,109875
62044300,Dresses Of Synthetic Fibres,22938,11040046,19198535
62044400,Dresses Of Artificial Fibres,1,614,627
62044900,"Dresses Of Other Textiles, (Exl.Wool,Cotton,Syn./Arti.Fibre)",14367,6910209,12837692
62045200,Skirts And Divided Skirts Of Cotton,12,57504,58613
62045300,Skirts And Divided Skirts Of Synthetic Fibres,3,6755,6890
62045900,"Skirts And Divided Skirts Of Other Textiles, (Exl.Wool,Cotton,Syn.Fibre)",1,614,627
62046100,"Women'S Or Girls' Trousers, Breeches, Etc, Of Wool Or Fine Animal Hair",61,92180,94031
62046200,"Women'S Or Girls' Trousers, Breeches, Etc, Of Cotton",391,712683,740763
62046300,"Women'S Or Girls' Trousers, Breeches, Etc, Of Synthetic Fibres",16,30901,31443
62046900,"Women'S/Girl'S Trousers,Breeches,Etc,Of Oth.Tex.,(Exl.Wool,Cotton,Syn.Fib.",314,36908,37706
62052000,Men'S Or Boys' Shirts Of Cotton,11746,1858942,4611212
62053000,Men'S Or Boys' Shirts Of Man-Made Fibres,4,32164,32790
62059000,"Men'S Or Boy'S Shirts Of Other Textiles,(Exl.Wool,Cotton,Man Made Fibre)",2124,308338,441475
62061000,"Women'S Or Girl'S Blouses, Shirts/Blouses Of Silk Or Silk Waste",11,4928,5780
62062000,"Women'S Or Girl'S Blouses, Shirts/Blouses Of Wool Or Fine Animal Hair",110,17610,89358
62063000,"Women'S Or Girls' Blouses, Shirts/Blouses Of Cotton",70,143793,151391
62064000,"Women'S Or Girl'S Blouses, Shirts/Blouses Of Man-Made Fibres",3,12416,12670
62069000,"Women/Girl'S Blouses,Shirts/Blouses Of Oth.Tex.(Exl.Silk,Wool,Of Man M.Fib",472,119600,223685
62071100,Men'S Or Boys' Underpants And Briefs Of Cotton,774,115746,544634
62071900,"Men'S Or Boys' Underpants And Briefs Of Textile Materials, (Exl. Cotton)",2,5523,5635
62072100,Men'S Or Boys' Nightshirts And Pyjamas Of Cotton,895,133667,176538
62072900,"Men'S Or Boy'S Nightshirts & Pyjamas Of Tex.Mate.(Exl.Cotton,Man Made Fib.",1285,239349,602469
62079100,"Men'S Or Boys' Singlets,Vests Dressing Gowns, Etc, Of Cotton",1846,1522876,2303423
62079900,"Mens/Boy'S Singlets,Vests Dressing Gowns,Etc,Of Oth.Tex.(Exl.Cot.Man M.Fib",535,130844,200267
62081900,"Slips And Petticoats Of Other Textiles, (Exl. Man Made Fibre)",504,62476,218125
62082100,Women'S Or Girls' Nightdresses And Pyjamas Of Cotton,6,13968,14249
62082200,Women'S Or Girls' Nightdresses And Pyjamas Of Man-Made Fibres,1,1473,1502
62082900,"Womens/Girl'S Nightdresses & Pyjamas Of Tex.Mat.(Exl.Cotton, Man Made Fib.",1,2823,2882
62089100,"Women'S Or Girls' Dressing Gowns, Panties, Etc, Of Cotton",3094,387500,1279129
62089900,"Womens/Girl'S Dressing Gowns,Panties,Etc,Of Oth.Tex.(Exl.Cotton Man M.Fib.",4764,1516290,2720439
62092000,Babies' Garments And Clothing Accessories Of Cotton,6802,2528301,3220117
62093000,Babies' Garments And Clothing Accessories Of Synthetic Fibres,15560,2169549,7489216
62099000,"Babies Garments&Clothing Accessories Of Oth.Tex.(Exl.Wool,Cotton,Syn.Fib)",27200,7357293,13405657
62101000,"GARMENTS, MADE UP..OF HEAD.5602,5603,5903, 5906 OR 5907 OF FABRICS OF HEAD.5602 OR 5603",1693,250619,367942
62102000,"Garments Of 6201.11 To 19, Made Up Of Fabrics Of 59.03, 59.06 Or59.07",49,1846476,1883591
62104000,"Men'S Or Boys' Garments Made Up Of Fabrics Of 59.03, 59.06 Or 59.07",86,27598,27731
62105000,"Women'S Or Girls' Garments Made Up Of Fabrics Of 59.03, 59.06 Or 59.07",1,2455,2505
62111100,Men'S Or Boys' Swimwear,387,206987,248417
62111200,Women'S Or Girls' Swimwear,37,34328,34815
62112000,Ski Suits,66,37101,41294
62113200,"Men's or boys' garments of cotton, nes",543,261929,383240
62113300,"Men's or boys' garments of man-made fibres, nes",56,1528575,1559187
62113900,"Men's or boys' garments of other textiles, nes",144,26275,42067
62114200,"Women's or girls' garments of cotton, nes",28,41410,42190
62114300,"Women's or girls' garments of man-made fibres, nes",278,44433,111440
62114900,"Women's or girls' garments of other textiles, nes",541,239899,357867
62121000,Brassisres,7110,1997224,3319073
62122000,Girdles And Panty-Girdles,742,238368,603546
62129000,"Corsets, Braces, Garters, Suspenders And Similar Articles",3119,669749,1991654
62132000,Handkerchiefs Of Cotton,5,614,2504
62139000,"Handkerchiefs Of Other Textiles, (Exl. Silk/Silk Waste,Cotton).",2,1227,1252
62141000,"Shawls,Scarves,Mufflers,Mantillas,Veils,& The Like Of Silk Or Silk Waste",6432,1015152,2183095
62142000,"Shawls,Scarves,Mufflers,Mantillas,Veils & The Like Of Wool/Finearri Hair",453,59040,312143
62144000,"Shawls,Scarves,Mufflers,Mantillas,Veils & The Like Of Artificial Fibre",124,45415,83872
62149000,"Shawls,Scrvs.,Mflrs.,Mntls.,Veils,Etc,Of Oth.Textls.(Exl.Silk/Wool,Syn/Art",22605,3575662,7562795
62151000,"Ties, Bow Ties And Cravats Of Silk Or Silk Waste",36,20866,50022
62152000,"Ties, Bow Ties And Cravats Of Man-Made Fibres",4,7978,8144
62159000,"Ties, Bow Ties And Cravats Of Other Textiles,Nes(Excl.Silk Man Made Fibre)",25,11906,29740
62160000,"Gloves, Mittens And Mitts",267,72216,73188
62171000,"Clothing Accessories, Nes",15742,11154850,12284929
62179000,"Parts Of Garments Or Clothing Accessories, Nes",3207,2702950,2847601
63011000,Electric Blankets,10,13988,15271
63012000,"Blankets (Excl. Electric Blankets) And Travelling Rugs, Of Wool...",3696,1436084,2481989
63013000,"Blankets (Excl. Electric Blankets) And Travelling Rugs, Of Cotton",3722,2507581,2895926
63014000,"Blankets (Excl. Electric Blankets), Etc, Of Synthetic Fibres",38,21327,25815
63019000,"Blankets And Travelling Rugs, Nes",1322,848570,1270318
63021000,"Bed Linen, Knitted Or Crocheted",952,299644,469119
63022100,Printed Bed-Linen Of Cotton (Excl. Knitted Or Crocheted),687,558794,569684
63022900,Printed Bed-Linen Of Other Textiles (Excl. Knitted Or Crocheted),3298,1051467,1519835
63023100,"Bed Linen Of Cotton (Excl. Printed, Knitted Or Crocheted)",77,50074,51104
63023900,"Bad Linen Of Other Textiles (Excl. Printed, Knitted Or Crocheted)",1453,477124,753506
63024000,"Table Linen, Knitted Or Crocheted",554,189392,274141
63025300,Table Linen Of Man-Made Fibres (Excl. Knitted Or Crocheted),12150,3988391,4563060
63025900,"Table Linen Of Other Textiles, Nes (Excl. Knitted Or Crocheted)",854,66698,215059
63026000,"Toilet Linen And Kitchen Linen, Of Terry Fabrics, Of Cotton",6525,1531809,2209781
63029100,"Linen Of Cotton, Nes",4110,798695,1029650
63029900,"Linen Of Other Textiles, Nes",2306,392752,921008
63031200,"Curtains, Etc; Bed Valances Of Synthetic Fibres, Knitted Or Crocheted",152,36305,38519
63031900,"Curtains, Etc; Bed Valances Of Textile Materials, Knitted Or Crocheted",556,65652,556183
63039100,Curtains&Interior Blinds;Curtain/Bed Vlncs.Of Cotton(Exl.Knitted/Crocheted,11,3199,3199
63039200,Curtains&Intror.Blinds;Curtain/Bed Vlncs.Of Synthtc.Fbrs.(Exl.Knitted/Cro.,62,40024,47067
63039900,Curtains&Intror.Blinds;Curtain/Bed Valances Of Oth.Txtls.(Exl.Knitted/Croc,129,38173,71466
63041100,Knitted Or Crocheted Bedspreads,520,71191,252978
63041900,Bedspreads (Excl. Knitted Or Crocheted),2096,347302,709349
63042000,Bed nets specified in Subheading Note 1 to this Chapter,278,60134,119731
63049100,"Knitted Or Crocheted Furnishing Articles, Nes",341,73646,128768
63049200,"Furnishing Articles, Nes, Of Cotton (Excl. Knitted Or Crocheted)",95,22953,43301
63049300,Furnishing Articles Of Synthetic Fibres (Excl. Knitted Or Crocheted),1946,169257,792498
63049900,Furnishing Articles Of Other Textiles (Excl. Knitted Or Crocheted),5966,1887839,2494577
63051000,"Sacks And Bags, Used For Packing Goods, Of Jute, Etc",531,214801,265188
63052000,"Sacks And Bags, Used For Packing Goods, Of Cotton",23,5523,13146
63053200,"Flexible Intermediate Bulk Containers, Of Man-Made Textile Materials",1165,151929,299110
63053300,"Sacks And Bags,For Packing Goods,Of Polyethylene/Polypropylene Strip Nes",13,3191,6510
63053900,"Sacks And Bags, Used For Packing Goods, Of Man-Made Textile Fibres, Nes",948,107628,316891
63059000,"Sacks And Bags, Used For Packing Goods, Of Other Textiles, Nes",5892,1332087,2391577
63061200,"Tarpaulins, Awnings And Sunblinds, Of Synthetic Fibres",166,20375,31176
63062200,Tents Of Synthetic Fibres,29,12520,15221
63062900,"Tents Of Textiles, (Excl. Cotton Or Synthetic Fibres)",62,30195,46586
63069000,Other camping goods,9636,13756015,14280623
63071000,"Floor-Cloths, Dish-Cloths, Dusters And Similar Cleaning Cloths",12018,2236395,4274791
63072000,Life-Jackets And Life-Belts,9586,5877211,7136702
63079000,"Made Up Articles (Incl. Dress Patterns), Nes",163515,45566785,55965162
63080000,"Sets Of Woven Fabric And Yarn, For Making Up Into Rugs, Etc, Prs",0,318,324
63090000,Worn clothing and other worn articles,2130329,74000407,230674433
63109000,"USED OR NEW RAGS, SCRAP TWINE, CORDAGE, ROPE AND CABLES AND WORN OUT ART..,EXCL. SORTED",4349,410774,410853
64011000,Waterproof Footwear Incorporating A Protective Metal Toe-Cap...,2649,275277,488568
64019900,Waterproof Footwear Nes.,67864,7976647,9983817
64021900,"Sport Footwear, Nes, Of Rubber Or Plastics",5,663,675
64022000,"Footwear With Upper Straps/Thongs Plugged Into Soles,Of Rubber Or Plastics",984,478129,489348
64029900,"Footwear, Nes, Exl. Covering The Ankle, Of Rubber Or Plastics",80129,20519511,26308119
64031200,"Ski-Boots,Snowbrd Boots,With Rubber,Plastics,Leather Soles,& Leather Upper",638,65054,195329
64031900,"Sports Footwear, With Rubber, Plastics, Leather...Soles, Leather Uppers",1105,791786,985759
64032000,"Footwear With Leather Soles And Straps (Over Instep, Around Big Toe)",1,1227,1253
64034000,"Footwear, With A Metal Toe-Cap, Leather Uppers",10967,5941646,7592787
64035900,"Footwear With Leather Soles And Uppers, Not Covering The Ankle",4312,8596445,9004800
64039100,"Footwear With Rubber... Soles And Leather Uppers, Covering The Ankle,Nes",2,3216,3283
64039900,"Footwear With Rubber... Soles, Leather Uppers, Not Covering The Ankle",6724,1232061,2601341
64041100,"Sports Shoes, Etc, With Rubber Or Plastic Soles And Textile Uppers",1908,303538,1214121
64041900,"Sports Footwear, With Rubber Or Plastic Soles And Textile Uppers",4988,15921453,16346761
64042000,Footwear With Leather Or Composition Leather Soles And Textile Uppers,2018,913265,1196231
64051000,"Footwear, Nes, With Leather Or Composition Leather Uppers",70852,10478394,26177795
64052000,"Footwear, Nes, With Textile Uppers",3895,569550,1857498
64059000,"Footwear, Nes",8591,1834813,3290195
64061000,"Parts of footwear, uppers and parts thereof, imported by footwear manufacturing industry",95254,28287427,30578129
64061000,"Uppers and parts thereof, other than stiffeners",37767,5873287,10595797
64061090,"Uppers And Parts Thereof (Excl. Stiffeners), NES",525,78877,227108
64062000,"Outer soles and heels, of rubber or plastics",22620,4267737,6295494
64062000,Parts of footwear imported by footwear manufacturing industry,307179,64492030,74287517
64069000,Other Parts of footwear,62425,11444353,18601892
65010000,"Hat-Forms, Hat Bodies And Hoods Of Felt; Plateaux And Manchons Of Felt",1536,492029,501918
65040000,"Hats And Other Headgear, Plaited Or Assembled By Strips Of Any Material",1752,217365,440225
65050000,"Hats and other headgear, knitted or crocheted, . trimmed; hair-nets of any material, wh",17635,2249644,5266159
65061000,Safety Headgear,35271,7712958,10765223
65069100,"Hats And Other Headgear, Of Rubber Or Plastics",620,249262,289600
65069900,"Hats And Other Headgear, Nes",546,39032,137221
65070000,"Head-Bands, Linings, Covers, Hat Foundations, Etc, For Headgear",1478,344113,531992
66011000,Garden Or Similar Umbrellas,1015,191163,425270
66019100,"Umbrellas And Sun Umbrellas, Having A Telescopic Shaft",2259,141395,768017
66019900,"Umbrellas And Sun Umbrellas, Nes",26264,5129882,6822460
66020000,"Walking-Sticks, Seat-Sticks, Whips, Riding-Crops And The Like",13165,834034,3022980
66032000,"Umbrella Frames, Including Frames Mounted On Shafts (Sticks)",465123,47181318,50278181
66039000,"Parts, Trimmings And Accessories Of Articles Of 66.01 Or 66.02",11928,1090913,1273432
67010000,"Skins Of Birds With Feathers Or Down, Feathers, Etc",718,53775,136762
67021000,"Artificial Flowers, Foliage And Fruit And Articles Thereof Of Plastics",37082,9043449,13949715
67029000,"Artificial Flowers, Foliage, Etc And Articles Thereof Of Other Materials",41183,7970950,14891479
67030000,"Human Hair, Dressed, Etc; Animal Hair And Synthetic Materials For Wigs",1090,216222,1632657
67041100,Complete Wigs Of Synthetic Textile Materials,71,27126,43810
67041900,"False Beards, Eyebrows And Eyelashes, Etc, Of Synthetic Fibres",607,364140,503628
67042000,"Wigs, False Beards, Eyebrows, Etc And Articles, Nes, Of Human Hair",75,407491,531187
67049000,"Wigs,False Beards,Eyebrows,Etc Of Animal Hair Or Text,Material",4861,529965,1513287
68022100,"Marble, Travertine, Alabaster, Cut/Sawn, With Flat/Even Surface",73695,3702057,5093275
68022990,Silex/lining/abrasive/polishing disc imported by other than VAT regi.ceramic prod,1492,73253,101051
68029300,Worked Granite,27000,1058776,1859535
68029900,"Monumental/Building Stone, Nes, Worked",1099088,5427982,5741105
68041000,"Millstones And Grindstones For Milling, Grinding Or Pulping",60620,13181689,19746652
68042100,"Millstones, etc, of agglomerated synthetic or natural diamond",19593,23324278,23899584
68042200,"Millstones, etc, of other agglomerated abrasives or of ceramics",759468,197364753,258189298
68042300,"Millstones, etc, of natural stone",20615,4382706,7648631
68043000,Hand Sharpening Or Polishing Stones,150658,17371725,20694999
68051000,"NATURAL OR ARTIFICIAL ABRASIVE POWDER OR GRAIN..,ON A BASE OF WOVEN TEXTILE FABRIC ON",66931,27933556,47877074
68052000,"Natural Or Artificial Abrasive Powder/Grain, On Paper/Paperboard",160948,58063293,102981963
68053000,"Natural Or Artificial Abrasive Powder/Grain, On A Base Of Materials, Nes",47259,24847793,33149281
68061000,"Slag Wool, Rock Wool, Etc (Incl. Intermixtures) In Bulk, Sheets Or Rolls",393240,66230467,69459028
68069000,"OTH. WOOL,EXCL.SLAG WOOL,ROCK WOOLAND SIMILAR, EXFOLIATED VERMICULITE, EXPANDED CLAYS..",25143,6272317,6721941
68071000,"Articles Of Asphalt Or Of Similar Material, In Rolls",80280,6751297,7528267
68079000,Articles Of Asphalt Or Of Similar Material (Excl. In Rolls),42441,3897436,4038380
68080000,"Panels, Boards..., Of Wood Waste, Etc, Agglomerated With Cement, Etc",575896,27430206,54123404
68091100,"Boards..., Of Plaster..., Reinforced With Paper Or Paperboard Only",30980,769280,2708814
68099000,"Articles Of Plaster Or Compositions Based On Plaster, Nes",0,15009,15311
68101910,Railway Sleepers,103500,1810434,2602914
68101990,"Other Tiles,Flagstones,Bricks And Similar Articles (Excl.Railway Sleepers)",1366,282554,288158
68109900,"Articles Of Cement, Concrete Or Artificial Stone, Nes",50521,2329610,3826666
68118200,"Arti.of asbestos-cement, of cellu...Not cont.asbestos.Ottr sheets, panels, tile",489053,15585821,24391369
68129900,Fabricated asbestos fibres;mixtures with a basis of asbestos or with a basis of,28105,2445052,2651081
68132010,Friction material and articles containing asbestos Unfinished,793,75305,198554
68132090,Friction material ans articles Exlcuding unfinished,15698,5073074,7152465
68138100,Friction material and articles thereof ..not Containing asbestos Brake linings,150538,26394025,34654120
68138900,Friction material and articles thereof ..not Containing asbestos Excl. Brake l,1670,9315414,9458856
68141000,"Plates, Sheets And Strips Of Agglomerated Or Reconstituted Mica",5091,3065416,3296186
68149000,"Worked Mica And Articles Of Mica, Nes",705,2368431,2441706
68151200,Articles of stone or of other mineral substance ...Fabrics of carbon fibres,460,184115,230450
68151300,Articles of stone or of other mineral substance ...Other articles of carbon fibres,230,87148,128941
68151900,Articles of stone or of other mineral substance .. NES,3278,7410036,7764037
68159900,"Articles Of Stone Or Other Mineral Substances, Nes",640,269212,354250
69021000,"Refractory Bricks, Blocks, Tiles..., >50% Mgo, Cao, Cr2o3",152804,15951038,27709512
69022000,"Refractory Bricks, Blocks..., >50% Silica (Sio3) Or Alumina (Al2o3)",375422,33009309,68908292
69029000,"Refractory Bricks, Blocks, Tiles, Etc, Nes",43795,6394669,9670931
69031090,"Other Refactory Ceramic Goods,Nes,>50% Of Graphite (Excl.Lab.Articles)....",29033,2164148,2572222
69032020,Ceramic roller and alumina ball,1696928,155914998,251135070
69032030,Alumina liner imported by ceramic or steel products manufacturing industries,43906,4654648,6555554
69032030,Alumina liner...Containing by weight more than 50% of alumina (Al2O3) or of a mixture of compound,17330,2480642,2585793
69032090,"Refactory Ceramic Goods,Nes,>50% Of Alumina(Al203) Or Silica(Ex.Lab.Articl",116790,43375762,48250519
69039010,Ceramic Ingot Moulds,3937,10837093,11240862
69039020,Kiln furniture,31982,17054261,20377169
69039090,"Refactory Ceramic Goods, Nes",14594,7204089,8858437
69049000,"Ceramic Flooring Blocks, Support Or Filler Tiles And The Like",102,24303,25389
69051000,Ceramic Roofing Tiles,163984,2848502,3065237
69059000,"Ceramic Chimney-Pots... And Ceramic Constructional Goods,Nes",613,274885,278719
69073000,"Mosaic cubes and the like, other than those of subheading 6907.40",1131,27756,29706
69074000,Finishing ceramics,5709862,211013293,245074245
69091100,"Ceramic Wares For Laboratory... Use, Of Porcelain Or China",301,200296,204322
69091200,"Ceramic Wares For Laboratory...Use, Having A Hardness >=9 On The Mohsscale",44,6577919,6709379
69091910,Ceramic Wares For Lab.Use(Excl.Porcelain Or China)Having A Hardness <9mohs,3360,9297069,9483938
69091990,Ceramic Wares For Lab.Use(Excl.Porcelain Or China)Having A Hardness <9mohs,500,153375,155645
69099000,"Ceramic (Agricultural) Troughs, Tubs...; Ceramic Pot, Jars..., Nes",882,333731,376725
69101000,"Ceramic Sinks... And Other Sanitary Fixtures, Of Porcelain Or China",417899,27526124,35588557
69109000,"Ceramic Sinks, Wash Basins, Baths... And Other Sanitary Fixtures, Nes",299358,24165997,29855975
69111000,"Tableware And Kitchenware, Of Porcelain Or China",1267,217432,558676
69119000,"Household And Toilet Articles, Nes, Of Porcelain Or China",2725,601887,1079339
69120000,Ceramic Tableware... Other Household Articles (Excl. Porcelain Or China),446,28739,192557
69131000,Statuettes And Other Ornamental Articles Of Porcelain Or China,781,123250,153202
69139000,Statuettes And Other Ornamental Articles (Excl. Porcelain Or China),11221,1237923,2847794
69149000,"Ceramic Articles, Nes (Excl. Porcelain Or China)",1258,619534,675079
70010000,Cullet And Other Waste And Scrap Of Glass; Glass In The Mass,863471,14064874,20565983
70023110,Neutral Glass Tubes For The Manufacture Of Ampoules And Vials,39709,3473931,5063448
70023190,Tubes Of Fused Quartz Or Other Fused Silica (Excl.Neutral Glass Tubes),21,317835,321880
70023910,Neutral Glass Tubes For The Manufacture Of Ampoules And Vials,348276,59770786,75338862
70023990,"Tubes Of Glass, Unworked, Nes",8011,1018014,1364222
70031200,"Nonwired Unworked Sheets Cast/Rolled Glass,Coloured,Opacified,Flashed Or..",68133,2162898,2219591
70031900,"Non-Wired Unworked Sheets Of Cast/Rolled Glass, Nes",556202,14767240,15807537
70049000,"Unworked Drawn/Blown Glass (Excl. Coloured, Opacified, Etc)",324555,12419927,13835672
70051000,"Nonwired Unworked Sheets Of Float/Ground/Polished Glass,Wth Absorbnt Layer",158424,6583393,7508764
70052100,"Non-Wired Unworked Sheets Of Float/Ground/Polished Glass, Coloured...",2679,305013,306424
70052910,Ultra clear glass imported by VAT registered refrigerator or freezer manf. ind.,2085262,55634167,83548494
70052990,Excl. Ultra clear glass imported by VAT registered refrigerator or freezer manf. ind.,119055,4038694,4482929
70060000,"Glass Of 70.03, 70.04 Or 70.05, Bent, Edge-Worked, Engraved, Etc",49500,4532851,6179713
70071100,"Toughened (tempered) safety glass for use in v..., aircraft, spacecraft or vessels:",66468,8859335,16922940
70071990,"Toughened (Tempered) Safety Glass, Nes",1870483,249300959,377794187
70072100,"Laminated safety glass for vehicles, aircraft, etc ...., aircraft, spacecraft or vessels",332219,72379555,86590985
70072900,"Laminated Safety Glass, Nes",6610,4286789,5695135
70080000,Multiple-Walled Insulating Units Of Glass,427442,47973301,75060260
70091000,"Rear-View Mirrors For Vehicles, Of Glass",85465,40005496,44720756
70099190,Unframed Glass Mirrors (Excl.Spherical & Cylinderical Only For Lab Use),168864,10521862,12804207
70099290,Framed Glass Mirrors (Excl. Spherical & Cylindrical Only For Lab.Use),16179,1997169,2752445
70101000,Glass Ampoules,5849,7569656,7885566
70102000,"Stoppers, Lids And Other Closures Of Glass",646994,65260171,121632752
70109000,"Carboys, bottles, flasks, jars, pots...nes, excl.jar of glass, glass bottles, jar",2292627,406687940,423367837
70119000,"Open Glass Envelopes (Incl. Bulbs And Tubes), Nes",700,184115,349108
70132800,Glassware...Stemware drinking glasses other than of glass-ceramics Excl. of lea,948,114050,214806
70133700,"Glassware..Other drinking glasses, other than of glass ceramics Excl. Of lead",66425,13169194,20852426
70134200,Glassware..(othr than drinking glasses)Of glass having a linear co-effi..=<5x10,17335,5267458,5429104
70134900,Glassware ...(othr than dri.glasses) or kit.purposes other than of glass-cerami,13922,3251688,4358504
70139100,"Glassware For Toilet, Office, Indoor Decorations, Etc, Of Lead Crystal",66,11341,20659
70139910,"Glassware For Toilet, Office, Indoor Decorations, Etc, Nes",8356,2328182,2615602
70139990,"Glassware For Toilet, Office, Indoor Decorations, Etc, Nes",23568,5129940,6826245
70151000,"Glasses For Corrective Spectacles, Not Optically Worked",107,3928,6588
70159000,"Clock Or Watch Glasses, Glass For Non-Corrective Spectacles, Etc, Now",6,6505,6636
70161010,Glass cube Imported by industrail IRC holder VAT compliant glass mozaic manufactuing industry,14693,1082066,1280001
70161010,"Glass cubes and other glass small wares, whether or not on a backing, for mosaics or similar decorat",8,4910,4923
70161090,"Glass Cubes And Other Glass Smallwares, For Decorative Purposes",2281,408919,417397
70169000,"Paving Blocks... Of Glass, For Building Or Construction Purposes, Nes",371064,25929241,27750952
70171000,"Laboratory, Hygienic Or Pharmaceutical Glassware, Of Fused Quartz...",0,49403,50396
70172000,"Laboratory, Hygienic Or Pharmaceutical Glassware, Lce =<5x10-6/K",404,3578567,3943118
70179000,"Laboratory, Hygienic Or Pharmaceutical Glassware, Nes",62782,16455850,17925678
70181000,"Glass Smallware (Incl. Beads, Imitation Pearls/Stones, Etc)",367485,50176807,81907467
70182000,Glass Microspheres =<1mm In Diameter,27000,1116792,6762047
70189000,"Glass Statuettes And Other Ornaments Of Lamp-Worked Glass, Nes",3990,620405,892332
70191200,Rovings Of Glass Fibres,120,13870,36726
70191500,Chemically bonded mats,191490,23248256,23979739
70191900,"OTH. YARN AND STRANDS, EXCL.(CHOPPED STRANDS, OF A LENGTH OF NOT >50MM, ROVINGS)",5622,1104395,1553921
70196110,Closed woven fabrics of roving,50,10176,10515
70196190,Closed woven fabrics of roving,72,49097,89159
70196290,"Other closed fabrics of roving, ExcludingImp. by Ind. IRC holder VAT compliant bio-g",2628,259038,388204
70196690,Open woven fabrics of a width exceeding 30 cm,4970,762274,933113
70196990,Other,273,881512,892003
70197110,Glass fiber in sheet form,16369,3314598,6148758
70197110,Glass fiber in sheet form imported by accumulator manufacturing industry,8000,2307574,2991687
70197190,Chemically bonded fabrics : Veils (thin sheets)(Excl Glass Fib..),1034,2706506,2760907
70198000,Glass wool and articles of glass wool,466685,41753689,58772912
70199030,Biogas digester,0,3658,3671
70199090,"Other Article of Glass Fibre,nes",17115,7180577,8237416
70200010,"Other articles of glass, Glass inners for vacuum flasks or for other vacuum ves",62241,14274406,17294175
70200090,"Other articles of glass, Excl. Glass inners for vacuum flasks or for other vac",513,4410786,4535927
71011000,"Natural Pearls (Excl. Strung, Mounted Or Set)",111,14484,56556
71012200,"Worked Cultured Pearls, (Excl. Strung, Mounted Or Set)",58,5278,17832
71022100,"Industrial Diamonds Unworked Or Simply Sawn, Cleaved Or Bruted",16,6137,6149
71039900,"Precious Or Semi-Precious Stones, Worked But Not Set..., Nes",2,982,1003
71131100,Articles Of Jewellery And Parts Thereof Of Silver,0,5892,6011
71131900,Articles Of Jewellery And Parts Thereof Of Precious Metal (Excl. Silver),2955,761622,1239255
71132000,Articles Of Jewellery... Of Base Metal Clad With Precious Metal,5780,965888,2473436
71159000,"OTH. ARTICLES OF PRECIOUS METAL OR OF.., EXCL. CATALYSTS IN THE FORM OF WIRE CLOTH..",1,149203,152202
71161000,Articles Of Natural Or Cultured Pearls,1,614,616
71162000,Articles Of Precious Or Semi-Precious Stones (Excl. Pearls),67,11661,28174
71171100,Cuff-Links And Studs Of Base Metal (Incl. Plated),21,21697,22167
71171900,"Imitation Jewellery Of Base Metal (Incl. Plated), Nes",275432,76419847,177759864
71179000,Imitation Jewellery (Excl. Of Base Metal),21934,5566227,11672131
72011000,"Non-Alloy Pig Iron Containing, =<0.5% Phosphorus, In Pigs, Blocks",326000,21394157,25303648
72021100,"Ferro-Manganese, Containing By Weight >2% Carbon",6000,1104300,1126496
72021900,"Ferro-Manganese, Containing By Weight =<2% Carbon",30000,5615506,22687384
72022100,"Ferro-Silicon, Containing By Weight >55% Silicon",733333,102829040,123977945
72022900,"Ferro-Silicon, Containing By Weight =<55% Silicon",3000,632044,1076656
72023000,Ferro-Silico-Manganese,2093200,224108582,297741664
72024100,"Ferro-Chromium, Containing By Weight >4% Carbon",100,16816,35056
72024900,"Ferro-Chromium, Containing By Weight =<4% Carbon",500,245487,269202
72027000,Ferro-Molybdenum,250,1196667,1456073
72029900,"Ferro-Alloys, Nes",12600,3195302,5484407
72031000,"Ferrous Products Obtained By Direct Reduction Of Iron Ore, In Lumps...",46170880,2084537104,2283006948
72041000,Waste and scrap of cast iron,299068,15166187,15471028
72043000,Waste and scrap of tinned iron or steel,2148090,97353292,106931921
72044900,"Ferrous waste and scrap, nes",505331846,22542609169,25125711715
72051000,"Granules, Of Pig Iron, Spiegelelsen, Iron Or Steel",117500,11328890,14030543
72052100,Powders Of Alloy Steel,200,15466,23290
72052900,"Powders Of Pig Iron, Spiegeleisen, Iron Or Steel (Excl. Alloy Steel)",100,9328,16278
72061000,"Ingots Of Iron And Non-Alloy Steel, Nes",7310,390500,398350
72069000,"Iron And Non-Alloy Steel, In Primary Forms (Excl. Ingots), Nes",10,1227,5008
72071900,"Semi-Products Of Iron Or Non-Alloy Steel, <0.25% Carbon, Nes",514351,30400484,33133206
72081000,Flat-Rolled Imported by transformer and products of Chapter 72 & 73 industry,320610,22153124,24889563
72081000,"In coils, not further worked than hot rolled, with patterns in relief",631202,45012517,50194712
72082500,Of a thickness of 4.75 mm or more,758045,44734182,51586321
72082600,Of a thickness of 3 mm or more but less than 4.75 mm,970634,57935794,67147809
72082700,"Flat-Rolled Imported by transformer, bicycle parts, and products of Chapter 72 & 73 industry",507235,39728782,45657986
72082700,Flat/hot-rolled iron/steel of a thickness of less than 3 mm,2123288,124156863,143809076
72083600,Of a thickness exceeding 10 mm,686358,40442372,42986433
72083700,Flat-Rolled Imported by transformer and products of Chapter 72 & 73 industry,3389607,196222252,208547469
72083700,Of a thickness of 4.75 mm or more but not exceeding 10 mm,3810920,225176165,239681075
72083800,Flat-Rolled Imported by transformer and products of Chapter 72 & 73 industry,5274456,311202108,322792173
72083800,Of a thickness of 3 mm or more but less than 4.75 mm,4193942,248150605,266242711
72083900,Flat-Rolled Imported by transformer and products of Chapter 72 & 73 industry,64312052,3858061038,3953067305
72083900,Of a thickness of less than 3 mm,9935123,588414476,631598137
72084000,Flat-Rolled Imported by transformer and products of Chapter 72 & 73 industry,134410,10060185,10433777
72084000,"Not in coils, not further worked than hot rolled, with patterns in relief",642365,43266249,54782819
72085100,Flat-Rolled Imported by transformer and products of Chapter 72 & 73 industry,44520,3423959,4038842
72085100,Of a thickness exceeding 10 mm,3025816,206062659,213598410
72085200,Flat-Rolled Imported by transformer and products of Chapter 72 & 73 industry,165995,10298071,11583491
72085200,Of a thickness of 4.75 mm or more but not exceeding 10 mm,1630484,107624508,119090708
72085300,Flat-Rolled Imported by transformer and products of Chapter 72 & 73 manufacturing industry,97935,6124428,6958216
72085300,Of a thickness of 3 mm or more but less than 4.75 mm,408284,30346306,37304072
72085400,Flat-Rolled Imported by transformer and products of Chapter 72 & 73 industry,49095,3167793,3314674
72085400,Of a thickness of less than 3 mm,2499955,158412829,178516258
72089000,Other,785,163555,284826
72091500,"Flat/Cold-Rolled Iron/Steel, In Coils, Width >=600mm, >=3mm Thick",28085,2828999,3126811
72091610,COLD ROLLED STEEL SHEET..Of a thickness exceeding 1 mm but less than 3 mm,47410,4463372,4749779
72091690,"Flat/Cold-Rolled Iron/Steel, In Coils, Width >=600mm, >1mm But <3mm Thick",772052,66471445,73546622
72091710,Cold rolled steel sheet....Of a thickness of 0.5 mm or more but not exceeding 1 mm,69930,5606914,5732712
72091790,"Flat/Coldrolled Iron/Steel,In Coils,Width >=600mm, >=0.5mm But <=1mm Thick",1647098,121785856,128719527
72091800,Flat roll Prod. in coil not Fut. work.. Cold roll thickness <.5mm,3000,294584,525898
72092600,"Flat/Cold-Rolled Iron/Steel,Not In Coils,Width>=600mm, >1mm But<3mm Thick",107303,9422981,11274137
72092700,"Flat/Coldrolled Iron/Steel,Not In Coils,Wid>=600mm,>=0.5mm But <=1mm Thick",263151,15603146,21006940
72092800,"Flat/Cold-Rolled Iron/Steel, Not In Coils, Width >=600mm, < 0.5mm Thick",44009,3511176,3581749
72099000,"Flat/Coldrolled Iron/Non-Alloy Steel,Wid>=600mm,Not Clad,Plated/Coated Nes",247500,13549019,20144623
72101200,"Flat-Rolled Iron/Steel, Width >=600mm, <0.5mm Thick, Plated... With Tin",2293839,295362526,337350384
72103000,Electrolytically plated or coated with zinc,640,52945,70096
72104910,Flat rolled prod. of a thickness => 0.4 mm Imp.VAT reg. Refri. & Pre. Fab.bu.Industry,21590432,1469217569,1642289191
72104990,"Flat rolled products, NES",4665579,360023031,394547437
72105000,"Rolled Iron/Steel,Width>=600mm,Plated With Chromium Oxides/Cr. & Cr Oxides",25395,3898196,5101878
72106110,Flat-rolled products Imported by continuous color coating line manufacturing industry,1504334,125702785,154865380
72106110,Of a thickness of 0.25mm or more Imp by Ind.IRC VAT Compliant cont. color coating lin,758498,76227965,109802652
72107010,Of a thick of 0.3 mm or more imp by VAT reg refrigerator or air cond. manu. ind.,12682,3061737,3188349
72107010,Of a thickness of 0.3 mm or more,1113568,133219834,154512869
72107020,"Painted, varnished or coated with plastics a Of a thickness of 1.0 mm or more",63291,10782634,11109719
72107099,"Other painted, varnished or coated with plastics",822785,58780031,78545526
72109000,"Rolled Iron/Steel, Width >=600mm, Otherwise Clad,Plated Or Coated Nes",218955,21370501,28727465
72111900,Other,152062,13037909,14961055
72112300,"Flat/Cold-Rolled Iron/Steel,Width <600mm, Contng.By Weight < 0.25% Carbon",154966,15440243,17647766
72112990,Width Upto 6mm (Excl. Reed Frame Steel Strips),193814,20769766,23303168
72119000,"Flatrolled Iron/Nonalloy Steel,Wid<600mm,Nes(Inc.Furthr Worked Than Rolled",608174,49731839,67883089
72121000,"Flatrolled Iron/Nonalloy Steel,Width <600mm, Plated Or Coated With Tin",500,339753,346584
72122000,Electrolytically plated or coated with zinc,1175951,162916115,170775172
72122010,Electorlytically plated or coated.. Imp by VAT Reg.Refri and air cond manu. indus.,33878,1234342,3028885
72123000,"Flatrolled Iron/Steel,Width<600mm,Zinc Plated/Coated (Excl.Electro-Plated)",12148565,854170808,926589935
72124099,"Other flat-rolled products ..width < 600 mm Painted, varnished or coated with pla",1318083,132990068,150694522
72125010,Steel plate of a thickness of 0.25 mm to 0.50 mm,20123,2183816,2795819
72125090,Excl. Steel plate imp.by VAT reg. refrigerator manf. industry,8538,929361,1347008
72139190,Imported by electrode or wire drawing or electric cable clip manufacturing industry,4834664,333171426,337596981
72139190,Other of circular cross section measuring less than 14 mm in diameter,1711200,111508646,114396621
72139990,"Hot-rolled iron or non-alloy steel bars & rods, in irregularly wound coils, nes",14,1227,8764
72141000,"Iron or non-alloy steel bars and rods, forged,",73440,3614431,3687080
72142000,"Iron/steel bars & rods, hot-rolled...,twisted, or with deformations from rolling proc",30435,2245656,2290791
72149900,"Iron/steel bars and rods, hot-rolled, hot-drawn or hot extruded, nes",3,127858,130428
72155000,"Bars and rods of iron/steel, not further worked than cold-formed or cold-finished",1626,298757,308518
72159000,"Bars and rods of iron/steel, nes (incl. further worked than cold-formed/cold finished",872010,66787167,68300970
72161000,"U, I Or H Sections Of Iron/Steel, Hot-Rolled..., <80mm High",18400,1217319,1889175
72162100,"L Sections Of Iron/Steel, Hot-Rolled..., <80mm High",2106,137770,220665
72162200,"T Sections Of Iron/Steel, Hot-Rolled..., <80mm High",45386,3130077,4658460
72163100,"U Sections Of Iron/Steel, Hot-Rolled..., >=80mm High",4500,165703,673610
72163200,"I Sections Of Iron/Steel, Hot-Rolled..., >=80mm High",112040,8232364,11406743
72163300,"H Sections Of Iron/Steel, Hot-Rolled..., >=80mm High",6065,407952,622818
72164000,"L Or T Sections Of Iron/Steel, Hot-Rolled..., >=80mm High",272771,21605649,26261539
72165000,"Angles/Shapes/Sections Of Iron/Steel,Not Furthr Worked Than Hot-Rolled Nes",191711,25277470,33650892
72166900,"Angles,Shapes..Of Iron/Steel,Not Further Worked Thn Coldformd/Finished Nes",73,45042,50308
72169900,"Angles, Shapes And Sections Of Iron Or Non-Alloy Steel, Nes",213761,22267003,24377068
72171000,"Wire Of Iron/Non-Alloy Steel,Not Plated/Coated,Whether Or Not Polished",1019316,85479832,104054940
72172000,"Wire Of Iron Or Non-Alloy Steel,Plated Or Coated With Zinc",98355,9054163,13801795
72173000,"Wire Of Iron/Non-Alloy Steel,Plated Or Coated With Base Metals (Excl.Zinc)",442488,44325103,66378305
72179000,Other,2771,388794,539685
72189900,"Semi-Finished Products Of Stainless Steel,Nes",1,1227,1252
72191400,Of a thickness of less than 3 mm,330196,49523927,50519220
72192100,"Hot-Rolled Stainless Steel, Uncoiled, >=600mm By >10mm",1395,188350,204355
72192200,"Hot-Rolled Stainless Steel, Uncoiled, >=600mm By 4.75-10mm",64490,7678244,9391916
72192300,"Hot-Rolled Stainless Steel, Uncoiled, >=600mm By 3-4.75mm",28640,3409907,4170759
72192400,"Hot-Rolled Stainless Steel, Uncoiled, >=600mm By <3mm",143700,18245747,21150840
72193200,"Cold-Rolled Stainless Steel, Uncoiled, >=600mm By 3-4.75mm",22480,3214549,3273315
72193300,"Cold-Rolled Stainless Steel, Uncoiled, >=600mm By 1-3mm",3696925,533739828,543876697
72193400,"Cold-Rolled Stainless Steel, Uncoiled, >=600mm By 0.5-1mm",4851849,691974501,726908277
72193500,"Cold-Rolled Stainless Steel, Uncoiled, >=600mm By <0.5mm",710396,100617748,103558955
72199000,"Rolled Products Of Stainless Steel, >=600mm Wide, Nes",48729,7805375,8816799
72202010,"Cold-Rolled Stainless Steel,<600mm Wide, Thickness Less Than 0.125mm",8326,6208411,6409625
72202090,Not Further Worked Than Cold-Rolled(Cold-Reduced)Excl.Thickness <0.125 Mm,443763,70412692,77286737
72209000,"Rolled products stainless steel, <600mm wide, nes",33478,6678643,6934532
72221900,"Stainlss Steel Bars/Rods,Not Furthr Workd Than Hotrolld,Not Circ.X-Section",60,14729,29517
72222000,"Stainless Steel Bars & Rods, Cold-Formed/Finished",120294,18058637,19296362
72223000,"Stainless Steel Bars And Rods, Nes",11760,2676515,2878547
72224000,"Angles, Shapes And Sections Of Stainless Steel",53,12884,13142
72230000,Wire Of Stainless Steel,232831,48467437,57483066
72251100,"Flat-Rolled Products Of Silicon-Electric.Steel,>=600mm Wide,Grain-Oriented",608413,124552404,187118164
72251900,"Flatrolled Prods Of Siliconelectric.Steel,>=600mm Wide,(Excl.Grainoriented",1089582,93897502,184156747
72253000,"Other, not further worked than hot-rolled, in coils",7,5155,5260
72259200,"Flat-Rolled Alloy Steel,>=600mm Wide,Zinc Plated/Coated(Excl.Electroplated",1555853,226790454,233919330
72259900,"Flat-Rolled Products Of Alloy Steel, >=600mm Wide, Nes",15,291964,297728
72261900,"Flatrolled Prods.Of Siliconelectric.Steel,<600mm Wide,Not Grain-Oriented",2,40260,41070
72269100,"Flatrolled Prods Alloy Steel,Not Furthr Workd Than Hotrolld,<600mmwide Nes",16628,1449093,1652131
72269200,"Flatrolled Prods Alloy Steel,Not Furthr Workd Than Coldrolld,<600mm Wd Nes",81810,8156419,9732830
72269910,Silicon crystal steel sheet (Amorphos) imported by transformer manufacturing industry,1380,313364,420824
72269990,"Flat-Rolled Products Of Other Alloy Steel, <600mm Wide, Nes",13631,10318393,10525791
72272000,"Bars And Rods, Hot-Rolled, In Coils, Of Silico-Manganese Steel",441775,34471313,54996739
72279010,"Bars and rods, hot-rolled, in irregularly wound coils, of other alloy steel...M.S. shaft",7238,984627,1077288
72279020,M.S. bars and rods imported by electrode manufacturing or wire drawing industry,103468,7150103,7236085
72279090,Excl. M.S. rod/shaft imp.by VAT reg. electric fan or water pump motor manuf. Ind.,133780,9057424,11464054
72282000,Bars And Rods Of Silico-Manganese Steel,108462,6481816,12150162
72283000,"Bars And Rods Of Alloy Steel, Nes, Hot-Rolled, -Drawn Or Extruded",788,641137,650527
72284000,Bars And Rods Of Alloy Steel Not Further Worked Than Fooged,116744,16980174,19203965
72286000,"Bars And Rods Of Alloy Steel, Nes",356011,31081697,35098109
72287000,"Angles, Shapes And Sections Of Alloy Steel",1671036,117009368,168060653
72292000,Wire Of Silico-Manganese Alloy Steel,33480,3051843,4780684
72299000,"Wire Of Alloy Steel, Nes",69779,8306472,12431508
73011000,Sheet Piling Of Iron Or Steel,535620,40660444,54909215
73012000,"Angles, Shapes And Sections Of Iron Or Steel",1491,889638,893639
73021000,Railway Rails Of Iron Or Steel,58099,9332878,12286230
73029000,"Railway Track Construction Material Of Iron Or Steel, Etc, Nes",209441,72354421,74687906
73030000,"Tubes, Pipes And Hollow Profiles, Of Cast Iron",33321,1226937,4506909
73041120,"Line pipe of a kind used for oil or gas pipelines : Of stainless steel, 8 inch",26211,6528582,7606880
73041910,"Line pipe of a kind used for oil or gas pipelines:Excl.Of stainless steel, Exc",4556,832644,994916
73041920,"Line pipe of a kind used for oil or gas pipelines:Excl.Of stainless steel, 8 in",429098,54707296,71285746
73042210,"Casing, tubing and drill pipe..Drill pipe of stainless steel Exceeding 8 inch d",1087249,231696835,234037205
73042220,"Casing, tubing and drill pipe..Drill pipe of stainless steel 8 inch dia or less",192758,48639260,49142292
73042320,"Casing,tubing & drill pipe,Excl.Drill pipe of stainless steel: Exceed. 8 inch d",111354,102442175,104609575
73042910,"Seamless Iron/Steel Casing..(Ex.Drill Pipe),>8"" Dia,Used In Oil/Gas",285034,57830322,69599601
73042920,"Seamless Iron/Steel Casing..(Ex.Drill Pipe),<=8"" Dia,Used In Oil/Gas Drill",1312,1768547,1804096
73043100,"Seamless Iron/Steel Tubes/Pipes/Profiles, Circular, Cold-Drawn/Rolled",39053,9537825,13627135
73043900,Other Circular cross section of iron or non alloy steel (Excl cold drawn or cold rol),562082,88855274,107458283
73044190,"Capillary Tube (Excl.16 Bwg To 29 Bwg), Of S.Steel, Circular Cross Section",14504,3643589,3759419
73044990,"Other Tubes,Pipes,Profiles,Circular,Nes(Excl.Capillary Tube Of 16 Bwg To..",40,1509804,1531723
73045100,"Seamless Alloy Tubes/Pipes/Profiles, Cold-Drawn/Rolled",3687,452555,600145
73045900,"Seamless Alloy Tubes/Pipes/Profiles, Nes",0,4173,4257
73049000,Seamless Iron/Steel Tubes/Pipes/Profiles Of Non-Circular X-Section,1027801,125273754,182224226
73051100,"Iron/Steel Line Pipe,Longitud.Submerged Arc Welded,Circ.X-Section >406.4mm",172,198979,202978
73053100,Longitudinally welded,86930,8239026,12994963
73059000,"Iron/steel tubes, riveted, >406.4mm external diameter",5,2455,2504
73061110,"Line pipe of a kind used for oil/gas pipelines:Welded, of stainless steel Excee",1126,34540,183213
73061120,"Line pipe of a kind used for oil/gas pipelines:Welded, of stainless steel, 8 in",15910,1507533,2755939
73061920,"Line pipe of a kind used for oil/gas pipelines:Excl.Welded,of stainless steel,",6325,1485948,2100929
73062910,"Casing and tubing of a kind used in the dril for oil/gas,Excl.Weld,of s.less st",2617,326988,425957
73062920,"Casing and tubing of a kind used in the dril for oil/gas,Excl.Weld.,of s.less s",33810,4328911,5504447
73063000,"Other, welded, of circular cross-section of iron or non-alloy steel",212575,29254311,36802743
73064000,"Other, welded, of circular cross-section, of stainless steel",2001,3188463,3265468
73065000,"Other, welded, of circular cross-section, of other alloy steel",1188,699484,709228
73066100,"Othr,weld, of non-circu.cr.section Of square or rec.cross-sec., NES",45308,5554596,7573073
73069000,"Tubes, pipes and hollow profiles, riveted, of iron or steel, nes",383350,208677425,217491453
73071100,Cast Tube Or Pipe Fittings Of Non-Malleable Cast Iron,85,79281,80417
73071900,"Cast Tube Or Pipe Fittings Of Iron,Oth.Than Non-Malleable Steel",140996,26734625,29327961
73072100,Flanges Of Stainless Steel,2469,2319874,2379386
73072200,"Threaded Elbows, Bends And Sleeves Of Stainless Steel",69773,26998756,29590780
73072300,Butt Welding Fittings (Excl. Elbows And Bends) Of Stainless Steel,1969,3495939,3570744
73072900,"Tube Or Pipe Fittings Of Stainless Steel, Nes",51052,24772661,25873833
73079100,Flanges Of Iron Or Steel (Excl. Stainless),12495,7469710,8186593
73079210,Sleeves,888,3994599,4112071
73079290,"Threaded Elbows, Bends And Sleeves Of Iron Or Steel (Excl. Stainless)",47174,14244999,17867816
73079300,Lock ring,33066,10828550,11125898
73079910,"Tube Or Pipe Fittings Of Iron Or Steel (Excl. Stainless), Nes",789,274672,280190
73079990,"Tube Or Pipe Fittings Of Iron Or Steel (Excl. Stainless), Nes",36669,29535662,31476105
73081000,Bridges And Bridge-Sections Of Iron Or Steel,23306,6701607,6833599
73082000,Towers And Lattice Masts Of Iron Or Steel,2135673,284462921,310237867
73083000,"Doors, Window-Frames And Thresholds For Doors Of Iron Or Steel",86201,49266998,80146134
73084000,"Equipment For Scaffolding,Shuttering,Propping Or Pitpropping Of Iron/Steel",363729,14690475,67915601
73089010,Door co-ordinator,7,2629,2682
73089020,Industrial Racking System,34439,3925515,7498157
73089020,Industrial Racking System Imported by 100% Export Oriented Garments Industry,97074,17872775,18232017
73089091,Metal frames for LCD/LED TV panel,420,1010365,1058929
73089091,Metal frames for LCD/LED TV panel imported by TV manufacturing industry,13606,5562924,6117565
73089099,"Structures And Parts Of Structures, Nes, Of Iron Or Steel",901511,715002607,776928768
73090010,Silo,120,44172,45074
73090090,"Reservoirs, Tanks... (Excl. For Gas) Of Iron Or Steel, >=300 L",136441,84583561,87202097
73101000,"Tanks, Casks, Drums, Cans... (Excl. For Gas) Of Iron Or Steel, 50-300 L",745,2838852,2922659
73102190,Cans Closed By Soldering And Crimping (Excl.Tin Plated Cans),84629,36415197,44306244
73102900,"Tanks, Casks, Drums... (Excl. For Gas) Of Iron Or Steel, <50 L",215812,148737194,173075932
73110010,"Containers For Compressed Or Liquefied Gas,Of Iron/Steel, >5000l,Ckd",118210,33817228,44147379
73110020,LPG GAS CYLINDER CAPACITY BELOW 5000 LITRES,72440,5514488,5597396
73110090,"Containers For Compressed Or Liquefied Gas (Ex.Capacity >5000l, Ckd)",58841,19525438,24550330
73121000,"Stranded Wire, Cables Of Iron Or Steel, Not Electically Insulated",409336,59798706,73997428
73129000,"Plaited Bands, Slings, Etc, Of Iron Or Steel, Not Electically Insulated",5980,2700032,3066971
73130000,"Barbed Wire And Other Fencing Material, Of Iron Or Steel",1000,122743,187816
73141200,Stainless Steel Woven Cloth Endless Bands For Machinery,724,1627215,1655767
73141400,Woven Cloth Of Stainless Steel (Excl. Endless Bands For Machinery),13680,3761372,5990715
73141900,Woven Cloth Of Iron Or Steel Wire (Excl.Endless Bands Or Stainless Steel),143,128967,130903
73142000,"Wire Iron/Steel Grill,Fencing,Welded @ Intersect,Mesh>=100cm2,X-Sectn>=3mm",2170,4409639,4603985
73143100,"Iron/steel grill, netting & fencing, welded at intersection,plated or coated with zinc",44,16202,16527
73143900,"Iron/Steel Grill, Netting & Fencing, Welded At Intersection, Nes",52064,6919544,10741446
73144100,"Iron/Steel Cloth,Grill, Netting & Fencing, Nes, Plated Or Coated With Zinc",1612,162625,378689
73144900,"Iron/Steel Cloth, Grill, Netting & Fencing, Nes,",5216,4397600,4905408
73151110,"Roller chain of iron or steel Of a kind used exclusively ..or automotive vehicles , nes",204969,45282180,64364128
73151120,Roller Chain Of Iron/Steel Of A Kind Used Exclusively In Motor Cycles,159974,74058706,82671515
73151190,"Roller Chain Of Iron Or Steel, Nes",144123,26857153,29805128
73151200,Articulated Link Chain (Excl. Roller Chain) Of Iron Or Steel,18868,7319013,9314924
73151900,Parts Of Articulated Link Chain Of Iron Or Steel,204435,52829659,61026244
73152000,Skid Chain Of Iron Or Steel,50,25725,26602
73158100,Stud-Link Of Iron Or Steel,0,368,375
73158200,Welded Link Chain (Excl. Stud-Link) Of Iron Or Steel,10584,1080043,2017639
73158900,"Chain, Nes, Of Iron Or Steel",39809,36747312,37647210
73159000,"Parts Of Chains, Nes, Of Iron Or Steel",21257,5889867,7852402
73160000,"Anchors, Grapnels And Parts Thereof, Of Iron Or Steel",2850,77819,535280
73170000,"Nails, tacks, drawing pins, ...erial, but excluding such articles with heads of copper.",52880,7556761,10285508
73181100,Threaded Coach Screws Of Iron Or Steel,12727,2166232,3526592
73181200,Threaded Wood Screws (Excl. Coach Screws) Of Iron Or Steel,28074,4633955,7355678
73181300,Threaded Screw Hooks And Screw Rings Of Iron Or Steel,496,257448,276756
73181400,Threaded Self-Tapping Screws Of Iron Or Steel Imp by pre-fab. Buil. industry,138310,35145682,42242210
73181510,Flus type tower bolt,125,534551,544608
73181590,"Threaded Screws&Bolts Of Iron Or Steel,Nes Whether Or Not With Nuts/Washer",345432,217499244,226194222
73181600,Threaded Nuts Of Iron Or Steel,78106,38258087,43524121
73181900,"Threaded Articles, Nes, Of Iron Or Steel",163127,35733763,51492021
73182100,Non-Threaded Spring Washers And Other Lock Washers Of Iron/Steel,1487,6080483,6265014
73182200,Other washers,20820,14990259,17323110
73182390,"Rivets, Nes",20537,7004026,7910757
73182400,Cotters And Cotter-Pins Of Iron/Steel,2239,4033736,4482260
73182910,M.S. Nipple,6959,4055861,4187624
73182990,"Screw,bolts,nuts,coach,screws,screw hooks,river,cotters,cotter-pins,washers..,NES",98370,25158895,36500209
73194000,Safety pins and other pins,27440,4929550,5774786
73199000,"Knitting needles, bodkins, crochet hooks, etc, of iron or steel",20548,9451083,12384154
73201000,LEAF SPRINGS AND LEAVES THERE FOR,14662,5336669,5846572
73202000,Helical springs of iron or steel,9305,12864887,13741772
73209000,Other,40926,20774534,23932624
73209000,Springs imported by LPG filling plant,64,20584,20999
73211100,"Cooking Appliances, Plate Warmers, For Gas Fuel... Of Iron Or Steel",34972,3646608,4211652
73211900,"Cooking appliances & plate warmers: Other, including appliances for solid fuel",2978,341970,364884
73218190,"Appli.(Ex.Cookers)For Gas Fuel/Both Gas&Oth.Fuels,Of Iron/Stell(Ex.Lab Use",7315,805251,1541090
73218290,"Appliances)Ex.Cooking Appliances/Plate Warmers) For Liquid Fuel,Of Iron...",34,2823,11794
73218910,"Stoves,ranges,grates,cookers appliances, Other,including appliances for solid fuel",1465,88374,102425
73218990,"Stoves,ranges,grates,cookers appliances, Other,including appliances for solid fuel",93,11292,21536
73219000,"Parts Of Appliances Of 7321.11 To 7321.83, Of Iron Or Steel",400104,85420079,102158049
73221900,"Radiators, Not Electrically Heated, And Parts Thereof Of Iron Or Steel",60,15024,15235
73229000,"Air Heaters/Hot Air Distributors..., Nes (Non-Electric) Of Iron/Steel",2044,1168844,1242925
73231000,"Iron or steel wool; pot scourers and scouring or polishing pads, gloves and the like",23055,3411703,4348961
73239100,"Table, Kitchen Or Household Articles... Of Cast Iron, Not Enamelled",9446,1640857,2550697
73239200,"Table, Kitchen Or Household Articles... Of Cast Iron, Enamelled",210,22203,26309
73239300,"Table, kitchen or household articles... of stainless steel",124927,23334412,32923599
73239400,"Table, kitchen or household articles... of iron or steel, enamelled",91465,13059927,17885376
73239910,"Parts imported by table, kitchen or other household articles manufacturing industry",20587,6293920,6840705
73239910,"Parts of table, kitchen or other household articles",1115,102456,273308
73239990,"Table, kitchen or household articles... of iron or steel, nes",25582,7254877,10231303
73241000,"Sinks And Wash Basins, Of Stainless Steel",16928,3868447,5339336
73242100,Baths Of Cast Iron Wheather Or Not Enamelled,130,31913,48538
73242900,Baths Of Iron (Excl. Cast) Or Steel,5263,1415455,1995862
73249000,Sanitary Ware And Parts Of Sanitary Ware Of Iron Or Steel,68070,26185067,30767552
73251000,"Other Cast Articles Of Non-Malleable Cast Iron, Nes",6867,4514664,4613371
73259100,Grinding Balls And Similar Articles For Mills Of Cast Steel,160000,20206002,40444630
73259900,"Cast articles of iron or steel, nes",1369,868866,911321
73261900,"Forged Or Stamped Articles Of Iron Or Steel, Nes",1445182,233838937,251487231
73262010,Bead Wire For Cycle Tyres,79221,8745110,15290064
73262090,Other Articles Of Ironor Steel Wire( Excl.Bead Wire For Cycle Tyres),366,2024152,2331112
73269010,Steel bobbin,4398,1933332,2033053
73269020,Metallic fittings for Insulator,43,11170,11326
73269090,"Other Articles Of Iron Or Steel, Nes(Excl.S.S.Screen, Burette Stand)",690747,290698062,329447973
74031100,Cathodes And Sections Of Cathodes Of Refined Copper,1697078,2648556375,2687567398
74031900,"Refined Copper, Nes, Unwrought",3000,5210453,6074311
74032100,"Copper-Zinc Base (Brass) Alloys, Unwrought",3600,4396665,4675601
74061000,Copper Powders Of Non-Lamellar Structure,20,1227,10016
74062000,Copper Powders Of Lamellar Structure; Flakes,1100,2414361,2449302
74071000,"Bars, rods and profiles of refined copper",27235,18193500,18473962
74072900,"Bars, rods and profiles of copper alloys, nes",379,750788,898422
74081100,"Wire Of Refined Copper, Maximum Cross-Sectional Dimension >6mm",1120000,1818570870,1863878679
74081900,Other,2498,1482861,2324803
74082100,Wire Of Brass,9573,13228861,13707655
74082200,Wire Of Cupro-Nickel Or Nickel Silver,430,268772,425119
74082900,"Wire Of Copper Alloy, Nes",296,741619,820129
74091900,"Plates, Sheets And Strip, Of Refined Copper, Uncoiled, >0.15mm Thick",7701,21209244,21705854
74092100,"Plates, sheets and strip, of brass, in coils, >0.15mm thick In coils",23489,36501179,37481364
74093100,"Plates, sheets and strip, of bronze, in coils, >0.15mm thick in coils",2835,5611923,5686560
74093900,"Plates, Sheets And Strip, Of Bronze, Uncoiled, >0.15mm Thick",1,705715,719900
74099000,"Plates, Sheets And Strip, Of Copper Alloys, Nes, >0.15mm Thick",77,34368,45356
74101100,"Foil, Not Backed, Of Refined Copper, =<0.15mm Thick",7407,17312535,18664451
74102100,"Foil, backed with paper... of refined copper, =<0.15mm thick Of refined copper",0,5920,5995
74111000,Of refined copper,488141,767594661,995463598
74112100,Tubes And Pipes Of Brass,16235,29264554,29863660
74112900,"Tubes And Pipes Of Copper Alloys, Nes",635,212131,509414
74121000,Tube Or Pipe Fittings Of Refined Copper,1226,2119654,2162246
74122000,Tube Or Pipe Fittings Of Copper Alloys,9391,12032575,12687292
74130000,"Stranded Wire, Cables... Of Copper, Not Electrically Insulated",137894,229854857,279639714
74151000,"Nails And Tacks, Drawing Pins, Staples, Etc, Of Copper Or Partly Copper",0,614,626
74152100,Washers Of Copper (Including Spring Washers),257,280142,292812
74152900,"Non-Threaded Articles Such As Rivets, Cotters, Cotter-Pins... Of Copper",200,394365,469202
74153390,"SCREWS;BOLTS AND NUTS, EXCLUDING SCREWS FOR WOOD",1708,1623905,2152823
74153900,"Threaded Articles Of Copper, Nes",21982,29494932,31828852
74181000,"Table, kitchen or other household articles and parts thereof; of copper... polishing pad",4078,241217,2553756
74182000,Sanitary Ware And Parts Thereof Of Copper,413,241607,325791
74198010,Other,47,993098,1013059
74198090,Other,6938,15490392,16900363
75021000,"Unwrought Nickel, Not Alloyed",50,128835,132186
75022000,Unwrought Nickel Alloys,200,24549,250421
75040000,Nickel Powders And Flakes,140,735478,750261
75061000,"Plates, sheets, strip and foil of nickel, not alloyed",3868,11118475,11360418
75071200,Tubes And Pipes Of Nickel Alloys,14,5023895,5124875
75072000,Tubes Or Pipe Fittings Of Nickel,1198,259332,625336
75089090,Other parts(excl.machinery),1,838,856
76011000,"Aluminium, not alloyed",3792605,1452071787,1473626639
76012000,"Unwrought Aluminium, Aluminium Alloy",804413,357272047,361900358
76020000,Aluminium Waste And Scrap,593066,72794878,74190925
76032000,Powders Of Lamellar Structure; Flakes Of Aluminium,1505,451941,570978
76041000,"Bars, rods and profiles of aluminium, not alloyed",30062,14845334,16573753
76042100,Hollow Profiles Of Aluminium Alloys,17935,6381812,10141536
76042900,"Bars, rods and profiles of aluminium alloys",155820,54190725,75250941
76051100,"Wire Of Aluminium, Not Alloyed, Maximum Cross-Sectional Dimension > 7mm",100000,47317542,51212715
76051900,"Wire of aluminium, not alloyed, maximum cross-sectional dimension =<7mm",24549,9161265,12670579
76052900,"Wire of aluminium alloys, maximum cross-sectional dimension =<7mm",39666,16505594,20353814
76061100,"Non-alloyed aluminium plates, sheets and strips imported by electric fan industry",97375,47286961,53517612
76061100,"Of Aluminium, not alloyed",128268,63433728,66379608
76061200,"Alloyed aluminium plates, sheets and strips imported by electric fan industry",646007,309014038,316182693
76061200,"Of Aluminium, alloys",218510,108060326,114224286
76069110,"Plates... (Excl. Rectangular) Of Aluminium, Not Alloyed, >0.2mm Thick",18725,10158805,10362997
76069190,"Plates... (Excl. Rectangular) Of Aluminium, Not Alloyed, >0.2mm Thick",26019,15630584,16126726
76069200,"Plates...(Excl. Rec) of aluminium alloys,>0.2mm thick NES Of aluminium alloys",99859,41696308,47723944
76071100,Aluminium foil in rolled but not further worked imported by manufacturing industries,658861,338439610,345910110
76071100,Rolled but not further worked,312843,169981841,177450037
76071910,Aluminium foil lacquered,9096,9349379,9795845
76071910,Aluminium foil lacquered imported by manufacturing industry,220615,128196903,131280498
76071990,"Aluminium foil, =<0.2mm thick, not backed (excl. rolled),Nes",156095,181112843,185038991
76072010,"Aluminium Foil, Backed By Paper/Paperboard",29267,13938894,17482705
76072092,Co-polymer coated aluminium tape,1,184,608
76072099,"Aluminium foil backed, NES",766838,488703894,506822070
76081000,"Tubes And Pipes Of Aluminium, Not Alloyed",119826,64393596,66268578
76082000,Tubes And Pipes Of Aluminium Alloys,95790,157151375,159083752
76090000,Aluminium Tube Or Pipe Fittings,847,1024108,1042975
76101000,"Doors, Windows And Their Frames And Thresholds For Doors, Of Aluminium",24502,12786913,17294110
76109010,"Aluminium Structure And Parts Of Structures..., Nes",100093,22117872,30730567
76109090,"Aluminium Structure And Parts Of Structures..., Nes",187840,97278062,110592700
76121000,"Collapsible tubular containers of aluminium, (excl. for gas) <300 l",2354,2175168,2436120
76129010,"Aluminium Can For Inhaler, 19mm",7457,20532687,20949858
76129090,"Aluminium casks, drums, etc, nes (excl. for gas), <300 l, nes",60771,52686658,57759717
76141000,"Cables... of aluminium, with steel core, not electically insulated",7050,7216079,7303202
76149000,"Stranded wire, cables... of aluminium alloys, not electrically insulated",19808,4095828,6554736
76151010,"Table, kitchen or other household articles and parts thereof; of aluminium... polishing",59723,79792187,84726607
76151090,"Table, kitchen or other household articles and parts thereof; of aluminium... polishing",28877,10170546,13537565
76161000,"Nails, Tacks, Staples, Screws, Bolts, Nuts... Of Aluminium",4481,1236779,2527006
76169900,"Articles of aluminium, nes",40849,21961934,30750815
78011000,"Refined Lead, Unwrought",2525604,633856557,662543864
78019100,"Unwrought Lead, Containing Antimony As The Principale Other Element",1562221,479334019,487689900
78019900,Unwrought Lead (Excl. Refined And Containing Antimony),39816,13677070,13870292
78060090,Other Articles Of Lead Nes,709,756745,769737
79011190,"Zinc, Not Alloyed, >=99.99% Pure, Nes",2708957,1160941415,1175259067
79011210,Zinc ingots,23528,2488680,3534876
79011290,Other,24085,3907889,10093334
79012000,Zinc alloys,227324,100465193,101864063
79040000,"Zinc Bars, Rods, Profiles And Wire",29881,12870686,14906563
79070090,"Other Articles Of Zinc, Nes",1382,644189,688108
80011000,"Tin, Not Alloyed, Unwrought",3982,18767436,23245130
80030000,"Tin bars, rods, profiles and wire",400,49097,175295
81041100,"Unwrought Magnesium, >=99.8% Pure",24400,8613670,9099027
81041900,"Unwrought Magnesium, <99.8% Pure",23000,6658824,8008365
81082000,UNWROUGHT TITANIUM; POWDERS,10,1227,5008
81089000,"Articles Of Titanium, Nes",306,957659,976907
81110000,Manganese And Articles Thereof (Incl. Waste And Scrap),22035,7398475,7472564
81126900,Cadmium : Exclduding Waste and scrap,33102,4649051,5387626
82011000,Spades And Shovels,143803,13846109,18031011
82013000,"Mattocks, Picks, Hoes And Rakes",119822,14705345,14965116
82014000,"Axes, Bill Hooks And Similar Hewing Tools",1215,108761,227891
82015000,Secateurs And Similar One-Handed Pruners And Shears (Incl. Poultry Shears),210,37387,39220
82016000,"Hedge Shears, Two-Handed Pruning Shears And Similar Two-Handed Shears",488,89083,90934
82019000,Scythes... Timber Wedges And Other Agricultural/Forestry Hand Tools,3210,298411,848026
82021000,Hand Saws,19543,3188814,4155835
82022000,Band Saw Blades,725,2311379,2368625
82023100,Circular Saw Blades With Working Part Of Stl(Inc.Slittng/Slottng Saw Blade,6455,2396709,2547536
82023900,Circular Saw Blades(Inc.Slitting Blades)Excl.With Steel Working Part;Parts,17294,4512757,5083077
82024000,Chain Saw Blades,17612,1877604,3409652
82029100,"Straight Saw Blades, For Working Metal",15345,2966597,7539757
82029910,Hand saws; blades for saws of all kinds....Toothless saw blades,70551,9658607,11823602
82029990,Hand saws; blades for saws of all kinds....Excl. Toothless saw blades,20266,6677609,8977285
82031010,Files For Cutting Ampoules,2,779,790
82031090,"Files, Raspsand Similar Tools Nes.",35913,4979624,5622803
82032000,"Tweezers, Pliers, Pincers And Similar Tools",91390,19634542,23657857
82033000,Metal Cutting Shears And Similar Hand Tools,15309,2380043,3834638
82034000,"Pipe-Cutters, Bolt Croppers, Perforating Punches And Similar Tools",2952,720870,796534
82041100,"Non-Adjustable, Hand-Operated Spanners And Wrenches",117461,25824206,32413548
82041200,"Adjustable, Hand-Operated Spanners And Wrenches",68532,17256673,18994660
82042000,"Interchangeable Spanner Sockets, With Or Without Handles",32891,7142936,9596224
82051000,"Drilling, Threading Or Tapping Hand Tools",141,1168768,1208842
82052000,Hammers And Sledge Hammers,164998,24613721,27314448
82053000,"Planes, Chisels, Gouges And Similar Cutting Tools For Working Wood",684,434502,442553
82054000,Screwdrivers,40206,8748204,10537134
82055100,Household Hand Tools,15419,1258066,3992943
82055910,FIBRE OPTIC CABLE FUSION SLICER,20,3560,4977
82055990,"HAND TOOLS, NES (INCL. GRAZIERS' DIAMONDS) EXCLUDING FIBRE OPTIC CABLE FUSION SLICER",29578,12181401,16543945
82056000,Blow Lamps,5,663,3375
82057000,"Vices, Clamps And The Like",9519,3783757,4495187
82059000,"Other,incl.sets of articles of two or more of sub-headings of this heading",7125,6485414,7727668
82060000,"Tools Of Two Or More Of 82.02 To 82.05, Put Up In Sets For Retail Sale",5282,1428765,1765335
82071900,Oth.Rock Drilling/Earth Boring Tool(Ex.With Working Part Of Cermets);Parts,5405,1422239,1845186
82072000,Dies For Drawing Or Extruding Metal,4092,13558204,17747752
82073000,"Interchangeable Tools For Pressing, Stamping Or Punching",7914,36802892,57337096
82074000,Interchangeable Tools For Tapping Or Threading,26463,3537860,3895796
82075000,"Interchangeable Tools For Drilling, Other Than For Rock Drilling",41974,13049897,16779898
82076000,Interchangeable Tools For Boring Or Broaching,26,342331,349734
82077000,Interchangeable Tools For Milling,5682,2450132,3564047
82078000,Interchangeable Tools For Turning,366,1155212,1229679
82079000,"Other Interchangeable Tools For Hand Or Machine-Tools, Nes",1634,12136628,12589037
82081000,"Knives And Cutting Blades, For Metal Working Machines",2569,14014736,14443039
82082000,"Knives And Cutting Blades, For Wood Working Machines",7526,4274390,4997547
82083000,"Knives And Cutting Blades, For Kitchen Appliances Used For Food",157,3142192,3195709
82084000,"Knives And Cutting Blades, For Agricultural, Horticultural... Machines",11294,1938736,3089801
82089000,"Knives And Cutting Blades, For Machines Or Mechanical Appliances Nes",70408,81374666,90524688
82090000,"Plates, Sticks... For Tools, Unmounted, Of Metal Carbides Or Cermet",1236,1951828,2016565
82100000,"Hand-Operated Machanical Appliances, =<10kg, Used For Food Or Drink",8071,1360844,1874712
82111000,"Sets Of Assorted Knives, Nes",3680,608024,1007491
82119100,Table Knives With Fixed Blades,11493,844823,2900905
82119200,Other Knives With Fixed Blades (Excl. Table Knives),14981,1440105,3836790
82119300,Knives(Excl. With Fixed Blades),1030,196428,325268
82119400,Blades For Knives (Excl. Those Of 82.08),14079,3547952,4488807
82119500,Knife Handles Of Base Metal,1374,203057,544505
82121000,Razors (Non-Electric),32440,21650404,24671360
82122011,Perforated blade blanks in strips or pieces width not exceeding half Inch.,1949,557402,1863086
82122019,Stainless Steel Blade,11661,23777242,25672480
82122090,Safety Razor Blades (Incl. Razor Blades Blanks In Strips) Nes.,2280,1781713,4531970
82129000,"Parts Of Razors, Nes",12340,2205313,4353605
82130000,"Scissors, Tailors' Shears And Similar Shears, And Blades Therefor",28469,4961315,7206601
82141000,"Paper Knives, Letter Openers, Erasing Knives, Pencil Sharpeners...",16788,3646058,4169871
82142000,Manicure Or Pedicure Sets And Instruments (Incl. Nail Files),41818,5465730,7984477
82149000,Other Articles Of Cutlery,1075,299501,403812
82151000,"Sets Of Spoons,Forks, Etc (One Or More Article Plated With Precious Metal)",6453,600487,704861
82152000,"Sets Of Assorted Spoons, Forks, Etc... (Excl. Plated)",8417,1671537,2128729
82159900,"Spoons, Forks, Ladles, Skimmers... Or Similar Tableware, Nes",73643,12238660,20418605
83011000,Padlocks Of Base Metal,136295,35988389,56105369
83012000,Locks of a kind used for motor vehicle,39239,17123457,20409718
83013000,Locks For Furniture Of Base Metal,32299,12396569,14519996
83014010,"Lever lock, Mortice lock",297,80403,171305
83014010,"Lever lock, Mortice lock imported by fire-resistant door manufacturing industry",360,788677,804581
83014090,Other locks,27776,12898260,20274342
83015000,"Clasps And Frames With Clasps, Incorporating Locks Of Base Metal",914,240061,371142
83016000,Parts Of Padlocks And Locks Of Base Metals,173805,48267238,66565149
83017000,Keys Presented Separately Of Base Metal,12265,2651382,4951613
83021000,Hinges Of Base Metal,369029,96016855,123875294
83022000,Castors Of Base Metal,55797,12679054,16838625
83023000,"Mountings, Fittings, Etc, For Motor Vehicles, Of Base Metal, Nes",7121,1463935,2643568
83024100,"Mountings, Fittings, Etc, Suitable For Buildings, Of Base Metal, Nes",245184,41036162,61720951
83024210,Magnatic door holder....Suitable for furniture,182,664110,731236
83024290,"Mountings, Fittings, Etc, Suitable For Furniture, Of Base Metal, Nes",316564,60950355,82815293
83024910,"OTHR MOUNTING, FIT.&SIMILAR ARTICLES, DEV. /FITTINGS FOR BARR.WIND. & OR PANIC EXIT DOOR",2616,1816637,1853410
83024991,OTR MOUNTING FITTINGS &SIMILAR ARTI.EXCL. DEVICE/FIT.FOR BARRED WINDOWS & OR PANIC EXIT,71447,12739278,18001569
83024999,OTR MOUNTING FITTINGS &SIMILAR ARTI.EXCL. DEVICE/FIT.FOR BARRED WINDOWS & OR PANIC EXIT,42905,9775650,14726973
83025000,"Hat-Racks, Hat-Pegs, Brackets And Similar Fixtures Of Base Metal",14846,2462288,4768888
83026000,Automatic door closers,9686,1615727,2579348
83026000,Automatic door closers imported by fire-resistant door manufacturing industry,880,577701,589352
83026090,Automatic Door Closers Of Base Metal,3,212,1298
83030000,"Armoured Or Reinforced Safes, Strong-Boxes And Doors... Of Base Metal",36895,12864867,13910027
83040000,Filing Cbnts.Card-Index Cbnes../Desk Eqpmnt.Of Base Mtl.Oth.Than Hs 94.03,3226,477181,550097
83051000,Fittings For Loose-Leaf Binders Or Files Of Base Metal,16648,1879689,2095562
83052000,"Staples In Strips, Of Base Metal",110453,16319875,18535650
83059000,"Office Artcls.Such As Ltr.Clips,Ltr.Corners..Of Base Metal Incldng.Parts",9812,1254481,1649826
83061000,"Bells, Gongs, Etc, Non-Electric, Of Base Metal Containing more than 99.99 % of bismut",26785,6144281,7000235
83062100,"Statuettes And Other Ornaments Of Base Metal, Plated With Precious Metal",118,99616,109778
83062900,Statuettes and other ornaments of base metal (excl. plated),28993,7706966,11453020
83063000,"Photograph, Picture Or Similar Frames; Mirrors Of Base Metal",1288,215476,355824
83071000,Flexible Tubing Of Iron Or Steel,9814,4156822,5108130
83079000,Flexible Tubing Of Other Base Metal (Excl. Iron Or Steel),1322,482349,668678
83081000,"Hooks, Eyes And Eyelets Of Base Metal",11221,2680458,3772376
83082000,Tubular Or Bifurcated Rivets Of Base Metal,23470,4924620,7405212
83089000,"Clasps, Buckles... Beads Andspangles Of Base Metal (Incl. Parts)",105398,19681808,28928432
83091000,Crown Corks Of Base Metal,2,1227,1253
83099010,Lug Caps,13813,4459719,6780196
83099020,Container Seal,12239,4094845,8267683
83099030,Combination seal for vials,24091,71949636,73554211
83099091,"Stoppers, caps and lids.. excl.Crown corks nes,",34654,10700374,10948271
83099099,"Stoppers, caps and lids.. excl.Crown corks nes,",8339,13843603,14719604
83100000,"Sign-Plates, Name-Plates, Address-Plates, Etc, Of Base Metal(Ex.Hsno-94.05",447,301154,328253
83111010,"Coated electrodes of base metal, for electric arc-welding......Welding wire",10027,1289418,1486799
83111090,"Coat electrode of base metal, for elec arc-weld, ExWeld wire imp by VAT reg com. manu",141465,22497234,26960760
83112000,"Cored Wire Of Base Metal, For Electric Arc-Welding",282527,29978946,39821693
83113000,"Coated rods and cored wire of base metal, for soldering, brazing...",18169,15175937,17646621
83119000,"Wires, Rods... Of Base Metal, Coated/Cored (Incl. Powder For Sprays) Nes",32009,4316068,5052749
84014000,Parts Of Nuclear Reactors (Excl. Fuel Elements),482164,6649254788,6716055752
84021200,Watertube Boilers With A Steam Production =<45t/Hour,185728,66641294,80416000
84021900,"Other Vapour Generating Boilers, Nes (Incl. Hybrid Boilers)",476535,398047911,424763711
84029000,Parts Of Sheam On Oth.Vapour Genrtng.Boilers & Super-Heated Water Boiles,12243,25356650,25893092
84041000,Auxiliary Plant For Use With Boilers Of 84.02 Or 84.03,2000,3044034,3105219
84042000,Condensers For Steam Or Other Vapour Power Units,1898,831015,896471
84049000,parts of 8401 to 8404,2376,964841,989353
84051000,"Producer Gas Or Water Gas Generators; Acetylene Gas Generators, Etc",11552,13142657,13557077
84059000,Parts Of Producer Gas Or Water Gas Generators Etc,48,8802,12090
84069000,Parts Of Steam And Other Vapour Turbines,78,11314868,11542297
84071000,Aircraft Spark-Ignition Piston Engines,21,17184,25041
84072100,Outboard Motors For Marine Propulsion Engines,960,4222370,4283987
84073290,"Oth.Spark-Ignition..,For Vehicles,Of Cy..Capacity >50 Cc, Not >250c",820205,1037801966,1059703014
84073390,"Spark-Igni...For Vehicles, Of Cylinder Capacity 250-1000 Cc",15536,17650045,18092210
84073490,"Cylinder capacity >1,000 cc exlc. Bus or Truck engine with inbuilt CNG mechanism",152443,68550155,78480655
84079010,Spark-Ignition Recipro.N/Rotary Intl Combustion Engines For Industrial Use,2041,15741340,16034038
84081000,Marine propulsion engines,3620,184115,1075514
84082039,Other diesel engine>=2600cc,188490,10178495,22933345
84082090,"Compression-Ignition ... , Other Engines For Vehicles Of Chapter No. 87",11973,26144637,26622204
84089010,Diesel Engines of capacity 3 to 45 HP,803361,142612778,154519029
84089020,"Compre.-Ignition Internal Combustion Pisotn Engi. For Fishing Trawler,Nes",23769,2773540,9773821
84089090,"Other Engine, Nes",4870,2480561,3012432
84091000,Parts For Aircraft Engines Of 8407.10,0,10823,11042
84099110,For Engines of Industrial use and fishing trawler,2598,47825825,48411505
84099190,"Parts For Spark-Ignition Internal Combustion Engines(Excl.Aircraft),Nes",405580,402189931,422456595
84099910,For Engines of Industrial use and fishing trawler,11024,207655211,211011653
84099990,"Parts For Compression-Ignition Internal Combustion Engines, Nes",915919,346445834,414893468
84119900,Oth. Parts Of Gas Turbines (Excl. Of Turbo-Jets And Turbo-Propellers),2282,88375326,90140026
84122100,"Hydraulic Power Engines And Motors, Linear Acting (Cylinders)",5081,15301740,15631713
84122900,Hydraulic Power Engines And Motors (Excl. Linear Acting),16392,21695965,24581412
84123100,"Pneumatic Power Engines And Motors, Linear-Acting (Cylinders)",10421,24557510,27218302
84123900,Pneumatic Power Engines And Motors (Excl. Linear Acting),1001,2606830,2715215
84128000,"Engines and motors, nes",50,4212565,4277610
84129090,"Parts Of Engines And Motors Of 8412.10 To 8412.80, Nes",3266,663264,1281341
84131100,"Pumps For Dispensing Fuel Or Lubricants, For Filling-Stations Or Garages",7178,5098366,5514989
84131900,"Pumps For Liquids, With Or Designed To Be Fitted With A Measuring Device",11118,19808089,20641076
84132000,Hand Pumps For Liquids (Excl. Those Of 8413.11 Or .19),2696,1071922,1473119
84133000,Fuel/Lubricating/Cooling-Medium Pumps For Internal Combustion Engines,69525,60439913,73360027
84134000,Concrete Pumps,15029,9549973,9743394
84135000,Reciprocating Positive Displacement Pumps,5887,7565986,8961899
84136000,Rotary Positive Displacement Pumps,16971,28613987,29650825
84137000,Other Centrifugal Pumps,2886067,1339952538,1450081412
84138100,Other Liquid Elevatos Pumps,433849,286768143,314623807
84139100,Parts of Pumps for liq. whts or not fitted with fitted with meas. dev.liquied elev.,79212,898002844,915539734
84139200,Parts Of Liquid Elevators,92,27617,39315
84141000,Vacuum Pumps,18972,71433182,74883166
84142000,Hand Or Foot-Operated Air Pumps,17690,2994343,3733538
84143010,Compressors For Refrigerating Equipment For Industrial Use,15807,14947202,17085893
84143090,"Other Compressors For Refrigerating Equipment, Nes",1494343,730431978,1050656216
84144000,Air Compressors Mounted On A Wheeled Chassis For Towing,71930,26714780,33418936
84145100,"Table, floor, wall, window, ceiling or roof fans, with a....output not exceeding 125W",543487,67851621,99745122
84145910,Venlating exhaust fan with blade rotating diameter of 24 inch or mere,156251,44936351,71565383
84145920,"Laminar air flow equipment, industrial type",7221,5830918,6829381
84145990,"Otherv Fans, Nes",191820,61688467,74151997
84146000,Hoods Incorporating A Fan Having A Maximum Horizontal Side =<120cm,54665,16876893,21444431
84147000,Gas-tight biological safety cabinets,1557,3354521,3456386
84148010,Air Compressors,204933,218994754,232184232
84148020,"Pumps & Compressors; Hodds With A Fan, Blowers For Use In Piciculture Only",102755,81940227,90039523
84148030,Pumps and compressors,2450,273479,1104964
84148041,Industrial Type,4531,7734162,8128309
84148049,Compressor Excl Industial and VAT MFG AIRCON,1020701,699647013,914983430
84148090,"Other Air Pumps; Air Or Gas Compressors; Hoods With A Fan, Nes",60659,33712907,59182879
84149010,Parts Of Fan,230687,72363130,84114992
84149020,Parts...Of compressor,3383,7066729,7467686
84149090,"Parts Of Air/Vacum Pumps, Of Air/Gas Compressors, Nes",14406,166061048,169860182
84151010,"A/C, Window/wall self contained Requiring more than 300,000 BTU or equivalent",214623,191254351,206153123
84151020,"A/C Machines, window/wall type >90,000 BTU, BUT <3,00,000 BTU",40988,23821405,26860686
84151090,"Window or wall air conditioning machines, self-contained, nes",11095,8998595,9362597
84152020,"AIR CON.MCH >200,000BTU,OR EQV.USE FOR PRSN IN MOTOR VEHI.IMP.BY VAT REG.BUS BDY BLD.",20623,10013883,12154438
84152090,"MOTOR VEHICLE A/C, EXCLUDING VAT REG. BUS BUIDLING IND.",718,322233,437002
84158110,"Requiring more than 3,00,000 BTU or equivalent",15539,20700075,21101007
84158120,"Air handling unit or HVAC system requiring more than 2,00,000 BTU or equivalent",306658,210827407,253845326
84158130,"A/C Machine , with refrigerating unit and valve requiring > 90,000 BTU <3,00,000 BTU",2508,21593072,22686545
84158190,"Air conditioning machines, with refrigerating unit and valve, nes",6193,3601871,3651437
84158210,"Requiring more than 3,00,000 BTU or equivalent",943535,389255934,430153005
84158220,"Air handling unit or HVAC system requiring more than 2,00,000 BTU or equivalent",72934,163809586,166981477
84158230,"A/C Machine with ref. unit requiring >90,000 BTU not exceeding 3,00,000 BTU",1712,751683,964589
84158290,"Air conditioning machines, with refrigerating unit, no valve, nes",1690,973966,993251
84158310,"For textile requiring more than 200,000 BTU or equivalent",88093,90308153,91775712
84158320,"For textile requiring more than 200,000 BTU or equivalent",2522,1174239,1190608
84158330,Stability/Humidity chamber for pharmaceutical industries,5496,13595616,13895751
84158390,"Air conditioning machines, without refrigerating unit, nes",993,345992,484641
84159010,Indoor or outdoor unit,12727,7692738,7845317
84159090,Parts of other Air Conditioning Machine,1487658,545953411,684467294
84162000,Other Furnace Burners For Solid Fuel Or Gas (Incl. Combination Burners),6077,5990249,6123561
84169000,Parts Of Furnace Burners For Liquid/Solid/Gas Fuel; Mechanical Grates...,375,1317151,1341036
84171000,"Furnaces And Ovens For Roasting, Melting... Of Ores/Pyrites/Metals",57483,14389800,23485404
84172000,Bakery Ovens (Incl. Biscuit Ovens),35716,13311443,15023094
84178000,Industrial Or Laboratory Furnaces (Incl. Incinerators),52022,35358642,40807655
84179000,Parts Of Industrial Or Laboratory Furnaces And Ovens,370437,127410001,151469699
84181000,"Combined refrigerator-freezers, fitted with separate external doors",67049,39178370,45801365
84182100,Compression-type household refrigerators,4085,2565257,2616819
84182900,"Household refrigerators, nes",605370,219705792,304541052
84183000,"Freezers of the chest type, not exceeding 800 L capacity",1069287,355789200,406035576
84184000,"Freezers of the upright type, not exceeding 900 L capacity",7987,6825939,7098972
84185000,"Other furniture (chests, cabinets, display counters, show-cases and",21369,14237792,18596773
84186110,"Indstrl.Refrigeration/Freezing Equipment,Compression Type..Heat Excharger)",4923,5707788,5822516
84186190,Oth.Re/Freg.Compres.Type Units Whose Cndnsrs.Are Heat Exchngrs.Ex.Indstrl.,1333,477397,801297
84186910,"Refrigerating Or Freezing Equipment,Heat Pumps, Industrial",65875,71014147,74446600
84186995,Special type laboratory refrigerator imported by pharmaceutical industries,1381,792244,823756
84186997,"Chiller, capacity 25 tons or above",69324,104114325,106059073
84186999,"Freezers of the upright type, (Excl.) exceeding 900 L or 800L capacity",29035,26915781,29172357
84189900,Parts for imported by VAT registered refrigerator and freezer manufacturers,699285,387395555,418222584
84191100,Instantaneous Gas Water Heaters,15,167158,170517
84191900,"Other Instantaneous Or Storage Water Heaters, Non-Electric, Nes",209,690082,716474
84192000,"Medical, Surgical Or Laboratory Sterilizers",16420,40731252,42282177
84193300,"Lyophilisation apparatus, freeze drying units and spray dryers",18141,36945080,38005262
84193400,"Other, for agricultural products",18490,7634633,8707006
84193500,"Other, for wood, paper pulp, paper or paperboard",20334,3417173,7638561
84193900,"Non-Domestic Dryers, Nes",89172,95590818,98712497
84194010,Water Distillation Equipment Up To 20 Litres,25,167160,173524
84194090,Water Rectifying Plant,1298,1781742,1811404
84195000,Heat Exchange Units,58857,86807566,92101943
84196000,Machinery For Liquefying Air Or Other Gases,3168,19538524,19881119
84198100,"Non-Domestic Equipment, For Cooking Or Heating Food",9168,29022726,30617540
84198919,Other,13803,13004614,17254016
84198990,Other,725204,453126128,505595831
84199000,Parts Of Non-Domestic Heating/Cooling Equipment,5590,7516255,7741669
84201000,Calendering Or Other Rolling Machines (Excl. For Metal/Glass),452,184115,187816
84209100,Cylinders For Calendering Or Other Rolling Machines,965,2948305,3239462
84209900,"Parts Of Calendering Or Other Rolling Machines, Nes",20510,7158823,7794332
84211100,Centrifugal Cream Separators,1937,138533,729893
84211200,Centrifugal Loundry -Dryers Of 1bhp Or More,11240,18069313,18432506
84211910,"Other Centrifuges,Including Contrifugal Dryers Nes, For Laboratory Use",15644,12396242,13187688
84211990,"Oth. Centrifuges, incl. Centrifugal dryers; filtering.. Excl.laboratory, industrial type",1821,6329868,6519771
84212110,Water Filtering Or Purifying Machines Of Sterilisers For Laboratory Use,149,1903566,1942230
84212120,Domestic type water purifying apparatur and machine.,167667,85827158,96274543
84212191,Filtering Or Purifying Machinery & Apparatus To Be Used With Swimm. Pools,718,1942474,2046211
84212192,Water purifying machine (Industrial type),31517,51783547,53461624
84212193,Effluent (waste water) Treatment Plant,168437,242601810,257327056
84212194,"Carbon filter, filter housing, diffuser",9805,4434984,4970558
84212195,Sewage treatment plant (STP) imported by VAT complaint water purifying machine/apparatus,27395,15394125,17189713
84212199,Other (excl. effluent waste water treatment plant),212108,105916273,115711713
84212200,Machinery And Apparatus For Filtering/Purifying Beverages (Excl. Water),169,677221,729883
84212300,Oil Or Petrol-Filters For Internal Combustion Engines,168634,138830423,155954936
84212910,Cartridge/Membrane filter,5183,20575258,21225486
84212910,Imported by pharmaceuticals or water purifying machine/apparatus manufacturing industry,1604,77211839,78763756
84212920,Haemodialyser (Artificial Kidney),15916,50087516,50787496
84212990,"Filtering or purifying machinery and apparatus for liquids, NES",27875,50031796,52549019
84213100,Intake Air Filters For Internal Combustion Engines,172399,140167008,157306512
84213210,Filtering or purifying machinery and apparatus for gases,1,1435,1456
84213290,Filtering or purifying machinery and apparatus for gases,2215,4687119,5019416
84213920,Industrial filter for air or other gases; overhead travelling .. cyclone of industria,134418,86878987,108733008
84213930,Leucocyte filter,1,15957,15962
84213990,Other,49224,74829067,78886390
84219100,"Parts Of Centrifuges, Including Centrifugal Dryers",100,46211,85876
84219910,Parts Of Machinery... For Filtering/Purifying Liquids Or Gases,40646,14989103,18111514
84219990,Parts Of Machinery... For Filtering/Purifying Liquids Or Gases,18755,18897109,21413671
84221100,"Dish Washing Machines, Of The Household Type",1694,262081,515262
84221900,"Other Dish Washing Machines, Of The Industrial Type",1020,2747232,2867744
84222000,Machinery For Cleaning Or Drying Bottles Or Other Containers,2360,32106598,32754678
84223000,"Machinery For Filling,Closing...Etc.Bottles,Cans Etc,& Aerating Drinks",197237,1137920651,1161058858
84224000,"Oth.Packing/Wrapping Machinery, (Incl. Heat-Shrink Wrapping Machinery)Nes",201707,859734401,878325244
84229000,Parts Of Machinery Of 8422.11 To 8422.40,2715,23169026,23913436
84231010,"Personal wt. machines (incl. baby scales), h/hold scales... Neonatal scale with spring",775,156806,387597
84231090,"Personal wt. Machine .., h/hold scales... Excl. Neonatal scale with spring",18470,4718668,6222496
84232000,Scales For Continuous Weighing Of Goods On Conveyors,71498,21417067,27200220
84233000,Constant Weight Scales And Scales For Discharging A Predetermined Weight,3939,20627906,21043759
84238100,"Weighing Machinery, Nes, Of Weighing Capacity =<30kg",69159,16189941,21733765
84238210,Weighting Capacity Exceeding 200KG,53789,23658582,32458993
84238290,"Weighing Machinery,Nes,..Capacity 30-5000kg(Excl.Capacity Excd. 200kg)",114228,24556076,34377096
84238900,"Weighing Machinery, Nes, Of Weighing Capacity >5000kg",51290,7732688,19422073
84239000,Weighing Machine Weights Of All Kinds; Parts Of Weighing Machinery,8698,14138686,15572140
84241000,"Fire Extinguishers, Whether Or Not Charged",330871,39133778,45902128
84242010,Spray Guns And Similar Appliances Of Industrial Use,6647,4523961,5662462
84242020,Metered valves for inhaler,3134,38070557,38747366
84242030,SPRINKLER SYSTEM AND EQUIPMENTS,1583,8446927,8723571
84242090,Spray Guns And Similar Appliances (Excl. Of Industrial Use),34865,80685339,84045845
84243000,Steam Or Sand Blasting Machines And Similar Jet Projecting Machines,805,654590,715092
84244110,Agricultural or horticultural sprayers Portable sprayers,146918,27066756,36234871
84244190,Agricultural or horticultural sprayers Portable sprayers,73675,16729449,28467158
84244900,Oth. Agricultural or horticultural sprayers,29302,9054396,10941436
84248200,Other appliances Agricultural or horticultural,1353,214801,310291
84248900,Mechanical Appliances For Projecting/Dispersing/Spraying Liquids/Powders,49477,33679652,35399133
84249000,Parts Of Machinery And Apparatus Of 8424.10 To 8424.89,15467,14719838,16498241
84251100,"Pulley Tackle And Hoists..., Powered By Electric Motor",2206,1123412,1335871
84251900,"Pulley Tackle And Hoists..., Nes (Excl. Skip Or Vehicle Hoists)",60002,13901185,26101260
84253100,"Winches, Capstans, Powered By Electric Motor",9260,10932819,11173915
84253900,"Winches, Capstans, Nes",32,52656,55322
84254100,Built-In Jacking Systems Of A Type Used In Garages,3580,900936,914747
84254200,Hydraulic Jacks And Vehicle Hoists,55298,11312049,12944441
84254900,"Jacks And Vehicle Hoists, Nes",6385,2550093,2884274
84261100,Overhead Travelling Cranes On Fixed Support,464071,198437250,229909101
84261200,Mobile Lifting Frames On Tyres And Straddle Carriers,3830,868700,1542982
84261900,"Transporter Cranes,Gantry Cranes/Bridge Cranes,Overhd Travellng Cranes Nes",312801,69240670,91087411
84263000,Portal Or Pedestal Jib Cranes,16,1964,20032
84264190,"Other machinery, self propelled",314450,527623925,541420477
84264900,"Derricks, Cranes, Etc, Nes, Self-Propelled (Excl. On Tyres)",68813,29458392,30050506
84271000,Self-Propelled Works Trucks Powered By An Electric Motor,354003,223507392,235371379
84272000,Self-Propelled Works Trucks (Excl. Electic),172565,56944534,72121442
84279000,"Other Works Trucks Fitted With Lifting Or Handling Equipment, Nes",82826,16767973,25567917
84281000,Lifts And Skip Hoists,1171774,478325975,529473826
84282000,Pneumatic Elevators And Conveyors,640,477336,486931
84283200,"Continuous-Action Elevators And Conveyors, Bucket Type, Nes",3090,886575,1276615
84283300,"Continuous-Action Elevators And Conveyors, Belt Type, Nes",59724,59456031,63367162
84283900,"Continuous-Action Elevators And Conveyors, Nes",42114,77878583,80508431
84284000,Escalators And Moving Walkways,21700,8002863,8019065
84287000,Industrial robots,600,2642050,2677946
84289000,"Lifting, Handling, Loading Or Unloading Machinery, Nes",156554,86659664,92146826
84291100,"Self-Propelled Bulldozers And Angledozers, Track Laying",25550,11882212,12121044
84291900,"Self-Propelled Bulldozers And Angledozers, (Excl. Track Laying)",18200,10064951,10205235
84293000,Self-Propelled Scrapers,1820,532665,680993
84294000,Self-Propelled Tamping Machines And Road-Rollers,27345,8252376,9837925
84295100,Self-Propelled Front-End Shovel Loaders,210130,70969479,78790630
84295200,Self-Propelled Bulldozers... With A 360o Revolving Superstructure,182705,147113531,150111057
84295900,"Self-Propelled Bulldozers, Excavators..., Nes",1226103,372925775,455560862
84301000,Pile-Drivers And Pile-Extractors,12673,6769762,6906994
84303100,Self-Propelled Coal Or Rock Cutters And Tunnelling Machinery,16480,46586575,47527716
84304100,Self-Propelled Boring Or Sinking Machinery,16116,9933051,10132704
84304900,Boring Or Sinking Machinery (Not Self-Propelled),365224,97623342,101785840
84305000,"Self-Propelled Earth Moving, Grading, Excvating... Machinery, Nes",3550,2148008,2191183
84306110,"Tamping Or Compacting Machinery, Not Self-Propelled",248,635190,734989
84306130,Soil anchoring/Grounting apparatus,4,167105,170464
84306900,"Other Earth Moving,Excavating, Extracting... Machinery, Not Self-Propelled",20094,3682299,7547936
84312000,Parts Of Machinery Of 84.27,2687,2974413,3335443
84313100,"Parts Of Lift, Skip Hoists Or Escalators",327640,85213627,91341186
84313900,"Parts Of Machinery Of 84.28 (Excl. Lift, Skip Hoists Or Escalators)",14676,4130891,6162232
84314100,"Buckets, Shovels, Grabs And Grips Of Machinery Of 84.26, 84.29 And 84.30",24320,30364061,31108908
84314300,Parts For Boring Or Sinking Machinery Of Subheading 8430.41 Or 8430.49,81741,334943354,338741491
84314900,"Parts of machinery of 84.26, 84.29 and 84.30, nes",128495,44465068,57404203
84322900,"Harrows (Excl. Disc Harrows), Scarifiers, Cultivators, Weeders And Hoes",75678,25027184,28576790
84323100,"Seeders, planters and transplanters No-till direct seeders, planters and transplanter",825,244873,309896
84323900,"Seeders, planters and transpl Excl. No-till direct seeders, planters and transplanter",49,3375,20658
84328000,"Soil preparation/cultivation machinery; lawn/sports-ground rollers , nes",1056879,276026300,289047200
84329000,Parts Of Soil Preparation/Cultivation Machinery...,430819,43695192,63019873
84331100,"Mowers..., Powered, The Cutting Device Rotating In A Horizontal Plane",2232,846903,863478
84331900,"Mowers For Lawns, Parks Or Sports Grounds, Nes",10838,3584337,4993106
84332000,"Mowers (Incl. Cutter Bars For Tractor Mounting), Nes",12001,5470655,5704591
84333000,Haymaking Machinery,2890,658139,1085644
84335100,Combine Harvester-Threshers,254880,131811084,143358801
84335200,"Threshing Machinery For Agricultural Produce, Nes",54026,13721842,20294034
84335910,Harvesting machinery,791,2389757,2436391
84335990,"Harvesting Machinery, Nes",44872,12949664,17544501
84339000,Parts Of Harvesting... Machinery,105678,40610217,48048019
84341000,Milking Machines,4085,3428507,4340664
84349000,Parts Of Milking Machines And Dairy Machinery,187,1005185,1025387
84351000,Crushing Machinery,934,155865,350469
84361000,Machinery For Preparing Animal Feeding Stuffs,402268,233883700,284891948
84362100,Poultry Incubators And Brooders,250,69964,93902
84362900,"Other Poultry-Keeping Machinery, Nes",102723,73999693,76434126
84368000,"Agricultural... Forestry Or Bee-Keeping Machinery, Nes",104,19639,46955
84369100,Parts Of Poultry-Keeping Machinery Or Poultry Incubators And Brooders,1306,688758,846650
84369900,"Parts Of Agricultural... Machinery, Nes",39756,25271024,27571458
84371000,"Machines For Cleaning/Sorting/Grading Seed, Grain Or Dried Vegetables",169131,118271309,131235860
84378010,Rice Huller And Rice/Wheat Crusher,28480,8058778,10531384
84378090,Other Machinery For Milling Or Working Cereals Or Dried Vegetables,385103,180232331,196642916
84379010,Parts For Rice Huller And Wheat Crusher,200482,49528401,55611523
84379090,"Other Parts Of Milling Etc, Machinery",151587,48940576,59965165
84381000,"Bakery Machinery And Machinery For Making Macaroni, Spaghetti, Etc",89680,164196506,169417111
84382000,"Machinery For The Manufacture Of Confectionery, Cocoa Or Chocolate",30319,19783026,20959422
84383000,Machinery For Sugar Manufacture,3320,564005,1269140
84385000,Machinery For The Preparation Of Meat Or Poultry,35698,17118426,17838772
84386000,"Machinery For The Preparation Of Fruits, Nuts Or Vegetables",1140,520503,722455
84388000,"Machinery for the preparation or manufacture of food or drink, nes",317655,433479952,457022121
84389000,"Parts Of Industrial Machinery For Food And Drink Manufacture, Nes",20585,13513520,14476915
84392000,Machinery For Making Paper Or Paperboard,379759,421572873,431824339
84399100,Parts Of Machinery For Making Pulp Of Fibrous Cellulosic Material,3720,5246310,5351762
84399900,Parts Of Machinery For Making/Finishing Paper Or Paperboard,12997,15186005,15647466
84401000,Book-Binding Machinery (Incl. Book-Sewing Machines),48050,22400652,22755482
84411000,Cutting Machines,199056,173789342,193310480
84412000,"Machines For Making Bags, Sacks Or Envelopes Of Paper Or Paperboard",10700,1768747,2931906
84413000,"Machines For Making Cartons, Boxes, Etc, Of Paper Or Paperboard",107470,83325248,85104077
84418000,"Machinery For Making Up Paper Pulp, Paper Or Paperboard, Nes",45595,93507671,98525691
84419000,"Parts Of Machinery For Making Up Paper Pulp, Paper Or Paperboard, Nes",9806,13324429,13976127
84423000,"Machinery, apparatus and equipment for pre. or making plates, ..comp. Machiner",18886,17838134,22855706
84424000,Parts Of Type-Setting... Machinery,6,1592136,1624002
84425010,"Printing Type, Prepared For Printing Purpose",321,546831,557978
84425020,PRINTING PLATES,458,4796323,4927640
84425090,"Other Printing Type,Blocks,Plates,Cylinders...Other Printing Components",1251,4641485,4736439
84431100,"Offset Printing Machinery, Reel Fed",51292,19948784,21534457
84431300,Other offset printing machinery,203142,89900486,109319791
84431600,Flexographic printing machinery,29913,22120552,25062805
84431700,Gravure printing machinery,85,429602,438223
84431900,"Other printing components(excl.Offset printing machinery, Letterpress printing",205487,146359370,166977260
84433100,"Machines which perform two or more of the functions of printing, copying or fa",97114,90854341,109468022
84433210,Computer printer,57962,51088447,58514712
84433290,Other printer (excl. computer printer),20692,15559981,17514996
84433910,Inkjet printer,34811,46426732,60534019
84433991,Copying machine & fax machine,616,860904,885078
84433999,"Other printing machine,nes",16846,17025929,21316552
84439100,"Parts & acces.of printing m/c used for print. by means of plates, cylinders an",6387,26848389,27661854
84439910,Toner cartridge/Inkjet cartridge,181329,89389143,126477788
84439920,Other parts for Computer Printer,5342,5690617,6199412
84439990,Parts & accessories other than compuet printer,22969,38038859,42799073
84440000,"Machines For Extruding, Drawing... Or Cutting Man-Made Textile Materials",11072,4605473,4804119
84451100,"Carding Machines, For Preparing Textile Fibres",48115,26131632,28644559
84451300,"Drawing Or Roving Machines, For Preparing Textiles Fibres",58414,94899611,98396066
84451900,"Other Machines For Preparing Textile Fibres, Nes",570416,822595713,841963249
84452000,Textile Spinning Machines,164146,121381164,126375401
84453000,Textile Doubling Or Twisting Machines,8942,5230460,5863839
84454000,Textile Winding (Incl. Weft-Winding) Or Reeling Machines,82363,164696010,167868082
84459000,"Machinery For Producing Or Preparing Textile Yarns, Nes",25779,17058682,17356012
84461000,"Weaving Machines For Weaving Fabrics, =<30cm Wide",28442,29236104,29990746
84462100,"Power Looms For Weaving Fabrics, >30cm Wide, Shuttle Type",1064670,69931116,292620223
84462900,"Weaving Machines For Weaving Fabrics, >30cm Wide, Shuttle Type, Nes",37219,19721166,24800520
84463000,"Weaving Machines For Weaving Fabrics, >30cm Wide, Shuttleless Type",1517728,233579377,516675829
84471100,"Circular Knitting Machines, With Cylinder Diameter =<165mm",13260,5082800,5421113
84471200,"Circular Knitting Machines, With Cylinder Diameter >165mm",264260,210600990,228574767
84472000,Flat Knitting Machines; Stitch-Bonding Machines,693821,824619545,845825667
84479000,"Machines For Making Gimped Yarn, Tulle, Lace, Embroidery, Trimmings, Etc",1003641,449762451,509858893
84481100,"Doobies And Jacquards; Card Reducing, Copying... Machines",4990,150974,1874391
84481900,"Auxiliary Machinery For Machines Of 84.44, 84.45, 84.46, 84.47",55271,100623785,102385546
84482010,Parts And Accessories Of Machines Of 84.44 Or Their Auxiliary Machinery,2066,1319490,1346012
84482090,Parts And Accessories Of Machines Of 84.44 Or Their Auxiliary Machinery,1801,1728447,1931548
84483100,Card Clothing,51436,110892138,113701135
84483200,"Parts And Accessories Of Machines For Preparing Textile Fibres, Nes",8819,13547377,13830040
84483300,"Spindles, spindle flyers, spinning rings and ring travellers",21936,55614215,57336288
84483900,"Parts And Accessories Of Machines Of 84.45, Etc, Nes",40800,149487141,156410217
84484210,"Reeds And Wire Healds, For Loom",24556,4915830,6695428
84484290,Other Reeds For Looms Healds And Heald-Frames,1774,4219025,4256732
84484900,"Parts And Accessories Of Weaving Machines (Looms), Nes",94841,53910657,62074492
84485100,"Sinkers, needles and other articles used in forming stitches",11284,316401730,330131259
84485900,"Other Parts And Accessories Of Machines Of 84.47, Etc, Nes",64262,65692301,69822994
84490000,Machinery For The Manufacture Or Finishing Of Felt Or Nonwovens,69070,33455159,42566957
84501100,"Fully-Automatic Washing Machines, Capacity=<10kg",235122,108930686,151512441
84501200,"Washing Machines With Built-In Centrifugal Drier, Capacity =<10kg",7346,6391921,6552083
84501900,"Washing Machines, Nes, Of A Dry Linen Capacity =<10kg",3274,776063,1428472
84502010,"Washing Machines, Household/Laundry Type, Capacity <18kg",104459,44073325,68031657
84502090,"Washing Machines, Household/Laundry Type, Capacity >10kg",12247,5728509,6553964
84509000,Parts Of Household/Laundry-Typewashing Machines,94963,30370685,39400018
84511000,Dry-Cleaning Machines,7522,17822214,18125507
84512100,"Drying Machines, Of A Dry Linen Capacity =<10kg",8182,4505087,5235184
84512900,"Drying Machines, Of A Dry Linen Capacity >10kg",78335,73011805,75038761
84513000,Ironing Machines And Presses (Incl. Fusing Presses),77265,95662146,99038275
84514000,"Washing, Bleaching Or Dyeing Machines, Nes",542216,1155291413,1189932965
84515000,"Machines For Reeling, Unreeling, Folding, Cutting... Textile Fabrics",89367,124926409,129543235
84518000,"Machines For Wringing, Dressing, Finishing... Textile Yarns, Fabrics...",691799,815796433,858236297
84519000,"Parts Of Machines For Cleaning, Drying, Ironing, Etc",35223,66174770,68973046
84521000,SEWING MACHINES OF THE HOUSEHOLD TYPE,263623,69788047,73959141
84522100,Automatic Sewing Machines,1305702,1666569318,1704830178
84522910,Sewing Machines Of Industrial Type(Excl.Automatic Units) Non Electric,1510,119305,245740
84522990,Sewing Machines Of Industrial Type (Excl. Automaic Units ) Nes.,14156,18482924,19669622
84523000,Sewing Machine Needles,11805,109579212,117218945
84529010,"Furniture, bases and covers for sewing machines and parts thereof",1377,729995,768680
84529090,Other parts of sewing machines,53427,50299508,67302354
84531000,"Machinery For Preparing, Tanning Or Working Hides, Skins Or Leather",26146,28327349,30070177
84532000,Machinery For Making Or Repairing Footwear,48359,45257888,46655604
84538000,"Machinery For Making/Repairing Articles Of Hides, Skins Or Leather, Nes",23984,27275945,28047715
84539000,"Parts Of Machinery For Preparing ... Leather, Making Footware, Etc",1699,2059983,3114835
84542000,"Ingot Moulds, Ladles Used In Metallurgy Or In Metal Foundries",22626,2206284,8747292
84543000,Casting Machines Used In Metallurgy Or In Metal Foundries,23573,6750665,8734056
84549000,"Parts Of Converters, Ladles... Casting Machines",8720,11370466,11598743
84551000,Tube Mills,16191,13406637,13588501
84552100,Hot Or Combination Hot And Cold Metal-Rolling Mills,1120357,2913209523,3034213793
84552200,Cold Metal-Rolling Mills,68315,34560909,34937598
84553000,Rolls For Rolling Mills,571396,209936532,290906501
84559000,Parts Of Metal-Rolling Mills (Excl. Rolls),13601,26525661,27001172
84561100,"Operated by laser or other light or photon beam processes,Operated by laser",51248,230317527,236734655
84561200,"Operated by laser or other light or photon beam processes , Oper by other light or ph",48,3682,3683
84562000,Machine-Tools Operated By Ultrasonic Processes,2205,838996,1337825
84563000,Machine-Tools Operated By Electro-Discharge Processes,2660,1513425,1531370
84564000,Operated by plasma arc processes,398,936225,964157
84569000,"Other m/c-tools(excl. laser or other light or photon beam, ultra-sonic, electr",5272,1619178,2980886
84573000,Multi-Station Transfer Machines For Working Metal,1545,1944078,1983352
84581100,"Horizontal Lathes For Removing Metal, Numerically Controlled",22190,46147854,47075426
84581900,Horizontal Lathes For Removing Metal (Excl. Numerically Controlled),30961,6408856,11730850
84589100,"Other Lathes For Removing Metal, Nes, Numerically Controlled",21892,6939292,8171026
84589900,"Other Lathes For Removing Metal, Nes (Excl. Numerically Controlled)",64692,13334442,21118884
84592100,"Drilling Machines For Removing Metal, Numerically Controlled, Nes",1990,2015077,2055581
84592900,"Drilling Machines For Removing Metal, Nes",27602,11434428,14392643
84593100,"Boring-Milling Machines For Metal, Numerically Controlled, Nes",12000,6944472,7084056
84593900,"Boring-Milling Machines For Metal, Nes",816,1513581,1565921
84594900,"Numerically controlled, nes",13620,1398803,3788111
84595900,"Milling Machines, Knee-Type, For Metal (Excl. Numerically Controlled)",0,43498,44372
84596100,"Other Milling Machines For Metal, Numerically Controlled (Excl. Knee-Type)",1570,2294810,2341311
84596900,"Other Milling Machines For Metal, Nes",18878,7726076,9373080
84597000,"Threading Or Tapping Machines For Metal, Worked By Removing Metal, Nes",1360,467406,510845
84601900,"Flat-Surface Grinding Machines, 0.01mm Accuracy, Nes",370,601230,608457
84602200,"Centreless grinding machines, numerically controlled",78,17006,29196
84603900,"Sharpening (Tool Or Cutter Grinding) Machines, Nes",3262,2084892,2127517
84609000,"Other Machines For Deburring, Grinding, Polishing, Etc, Metal, Nes",14464,8484601,9178107
84612000,Shaping Or Slotting Machines For Working Metal Or Cermets,13100,2807631,4022493
84613000,Broaching Machines For Working Metal Or Cermets,2020,2584827,2639911
84615000,Sawing Or Cutting-Off Machines For Working Metal Or Cermets,28947,15061459,16546238
84619000,"Other Machine Tools Working By Removing Metal Or Cermets,Nes",6412,2881800,3548025
84622200,Profile forming machines,12365,4001432,4613696
84622300,Numerically controlled press brakes,14800,2012990,5527515
84622600,"Other numerically controlled bending, folding, straightening or flattening machines",6654,18447914,19276358
84622900,"Bending, Folding, Straightening Or Flattening Machines (Incl. Presses)",75371,26132360,34518128
84623200,Slitting lines and cut-to-length lines,9744,1251982,3660174
84623300,Numerically controlled shearing machines,3000,489746,1150638
84623900,"Shearing Machines (Incl. Presses), Nes",60977,35098505,42549628
84624200,Numerically controlled,240,24549,90152
84624900,"Punching Or Notching Machines (Incl. Presses), Nes",49798,44885527,53441427
84626100,Cold metal working presses : Hydraulic presses,67728,8528909,21055516
84626900,"Cold metal working presses :, NES",24096,6631657,10694539
84629000,Machine-tools (Including presses) for working metal by... not specified above NES,29481,13126376,15547183
84631000,"Draw-Benches For Bars, Tubes, Profiles Or The Like",30584,8592031,11488809
84632000,"Thread Rolling Machines For Working Metal, Without Removing Material",847,36209,318014
84633000,"Machines For Working Wire, Without Removing Material",120607,240454125,243344322
84639000,"Other Machine-Tools For Working Metal, Without Removing Material, Nes",5268,8347475,8909599
84641000,"Sawing Machines, For Workingstone, Ceramics, Concrete, Etc",10000,6448458,6526028
84642000,"Grinding Or Polishing Machines, For Working Stone, Ceramics, Etc",23943,18437659,19258425
84649000,"Machine-Tools For Working Stone, Ceramics, Concrete, Etc",14262,11440692,12311136
84651000,Machines Which Can Change Operation Without Changing Tools,2645,18978560,19360030
84659100,"Sawing Machines For Working Wood, Cork, Bone, Hard Rubber, Etc",16928,3196150,6518008
84659200,"Planing, Milling Or Moulding Machines For Working Wood, Cork, Bone, Etc",26054,36280943,38573829
84659300,"Grinding, Sanding Or Polishing Machines For Working Wood, Cork, Etc",12798,5208747,6761981
84659400,"Bending Or Assembling Machines For Working Wood, Cork, Bone, Etc",3338,4230028,4555008
84659500,"Drilling Or Morticing Machines For Working Wood, Cork, Bone, Etc",10441,5865863,6625725
84659600,"Splitting, Slicing Or Paring Machines For Working Wood, Cork, Bone, Etc",30120,11843530,13571682
84659900,"Other Machine-Tools, Nes, For Working Wood, Cork, Bone, Hard Rubber, Etc",387132,353252331,373297366
84661000,Tool Holders And Self-Opening Dieheads,223,3620256,3721177
84662000,Work Holders For Machine-Tools,1333,2438370,2499011
84663000,Dividing Heads And Other Special Attachments For Machine-Tools,11696,64365071,65345637
84669100,Parts And Accessories For Machines Of 84.64,748,771673,815960
84669200,Parts And Accessories For Machines Of 84.65,5366,6640542,6773953
84669300,Parts And Accessories For Machines Of 84.56 To 84.61,2591,1824813,2277518
84669400,Parts And Accessories For Machines Of 84.62 To 84.63,1138,10653500,10886295
84671100,"Pneumatic Tools, Rotary Type, For Working In The Hand",2200,5425653,5797158
84671900,"Pneumatic Tools (Excl. Rotary Type), For Working In The Hand",1589,1104670,1314964
84672100,DRILLS OF ALL KINDS;WITH SELF CONTAINED ELECTRIC MOTOR,78823,23889528,32941483
84672200,SAWS; WITH SELF-CONTAINED ELECTRIC MOTOR,13798,4907564,5504619
84672900,TOOLS FOR WORKING IN THE HAND;EXCLUDING DRILLS AND SAWS,111631,42706749,51670869
84678100,Chain Saws With Non-Electric Motor,10485,1782351,3559902
84678900,"Tools for working in the hand, with non-electric motor, nes",34114,14491492,15600713
84679100,Parts Of Chain Saws,9180,1228900,2428723
84679200,Parts Of Pneumatic Tools,630,460742,691307
84679900,"Parts Of Hand-Tools, With Non-Electric Motor, Nes",91313,17811195,23702071
84682000,"Gas-Operated Machinery And Apparatus, For Soldering, Brazing...",1740,495708,665911
84688000,"Machinery And Apparatus For Soldering, Brazing Or Welding, Nes",11829,9310324,9837708
84689000,"Parts Of Soldering, Brazing Or Welding Machinery And Apparatus",1681,4699988,4848867
84701000,Electronic calculators capable of operation ... machines with calculating functions,28035,12761685,22163859
84702100,"Electronic Calculating Machines, Nes, With A Printing Device",154,8838,90155
84702900,"Electronic Calculating Machines, Nes, Without A Printing Device",206,25776,65113
84703000,Calculating Machines (Excl. Electronic),283,34847,375809
84705000,Cash Registers,189,56248,109975
84709000,"Postage-Franking Machines, Ticket-Issuing Machines, Etc",135,50447,104943
84713000,"Portable Digital Adp Machines,Wt<=10 Kg,Comp.At Least Cpu,Keyboard&Display",65009,572916216,723740876
84714100,"Nonportable Adp Machines,Comprisng At Least Cpu & I/O Unit In Same Housing",1801,24128648,25204152
84714900,"Non-Portable Adp Machines, Nes, Presented In The Form Of Systems",14105,119319408,122120068
84715000,"Processing units other than those of subheading 8471.41 or 8471.49, whether or",21750,370724488,390681243
84716010,Adp Input/Output Units Whether/Not Containg. Storage Units In Same Housing,675,10051788,10313434
84716090,Adp Input/Output Units Whether/Not Containg. Storage Units In Same Housing,50985,50789514,60049838
84717000,Automatic Data Processing Machine Storage Units,16242,97246957,133113227
84718000,Other Units Of Automatic Data Processing Machines Nes,3607,10320272,13199899
84719000,Magnetic or optical readers; machines for transcribing data onto data media...nes,1389,8640953,10564597
84721000,Hectograph Or Stencil Duplicating Machines,489,184115,187816
84729010,"Office machines (incl. coin-sorting/counting/wrapping machines...) , nes",39236,64162014,65451671
84729090,"Office machines (incl. coin-sorting/counting/wrapping machines...) , nes",30688,6544014,8974732
84732100,"Parts & Accessor. Of The Electronic Calculating Of 8470.10,8470.21,8470.29",16274,1614499,2347811
84732900,Parts And Accessories Of Machines Of 8470.30 To 8470.90,3877,983976,1272280
84733000,Parts And Accessories Of The Machines Of 84.71,100140,287304913,334723991
84734000,Parts And Accessories Of The Machines Of 84.72,37595,67158442,69064743
84735000,Parts/acss equally suitable for use with the mach of >2= of hdgs 84.70 to 84.72,235,909679,1016859
84741000,"Sorting, Screening, Separating Or Washing Machines For Earth, Stone...",32924,34757485,35470851
84742000,"Crushing Or Grinding Machines For Earth, Stone, Ores, Etc",17106,20616086,22685879
84743100,Concrete Or Mortar Mixers,36515,16283235,17385433
84743900,"Mixing Or Kneading Machines For Earth, Stone, Ores, Etc",4254,2176820,2498396
84748000,"Other Machinery For Earth, Stone, Ores, Etc, Nes",1430478,450797972,679276663
84749000,Parts Of Machinery Of 84.74,44859,30895483,31379765
84752900,Machines For Manufacturing/Hot Working Glass/Glassware(Exc.Optical Fibres),6165087,1274623049,2838759973
84759000,Parts Of Machines Of 84.75,385,2916249,2974854
84768900,"Automatic Vending Machines Without Heating/Refrigerating Devices,Nes",503,392034,426439
84769000,Parts For Automatic Goods-Vending Machines,10,2455,5008
84771000,"Injection-Moulding Machines For Working Rubber Or Plastics, Etc",1047210,341089031,400823753
84772000,Extruders For Working Rubber Or Plastics And Making Products Thereof,284223,241187754,245646840
84773000,"Blow Moulding Machines For Working Rubber Or Plastics, Etc",109170,508462261,522889562
84774000,Vacuum Moulding Machines And Other Thermoforming Machines For Rubber...,103288,39517205,47191541
84775100,Machinery For Moulding Or Retreading Pneumatic Tyres...,7254,2461371,3501709
84775900,"Machinery For Moulding Or Forming Rubber Or Plastics, Etc, Nes",7996,2257863,2617645
84778000,"Other Machinery For Working Rubber/Plastics Or Making Products Thereof,Nes",330010,307680773,331624930
84779000,"Parts Of Machinery For Working Rubber Or Plastics, Etc",56516,61332945,67228318
84781000,"Machinery For Preparing Or Making Up Tobacco, Nes",12687,4671733,4710421
84789000,Parts Of Machinery Preparing Or Making Up Tobacco,2746,80322489,82016852
84791000,"Machinery For Public Works, Building..., Having Individual Functions",19782,12198966,12444165
84792000,Machinery For The Extraction/Preparation Of Animal/Vegetable Fats Or Oil,59833,29240632,30511940
84793000,"Machinery For Treating Wood Or Cork, Having Individual Functions",17174,1977886,6451146
84794000,Rope Or Cable-Making Machines,8616,10397402,10542396
84795000,"Industrial Robots, Nes",13146,21165493,22044597
84796000,Evaporative Air Coolers,32170,15124182,16600455
84797900,Other Passenger boarding bridges:,262,82238,103924
84798100,"Machines For Treatng Metal,Inc.Elec.Wire Coilwinders,Individual Functions",9019,40316618,41998589
84798200,"Machines For Mixing,Kneading,Crushing,Grinding,Having Individual Functions",162117,230534426,247845673
84798900,"Machines, having individual functions, nes",864259,2397237029,2488748214
84799000,Parts Of Machines Having Individual Functions Of Hs Heading 8479,28181,59960786,62614696
84801000,Moulding Boxes For Metal Foundry,78,138091,142053
84802000,Mould Bases,195541,27451946,292922703
84803000,Moulding Patterns,175,181660,185312
84804100,Injection Or Compression Type Moulds For Metal Or Metal Carbides,889,2235671,2481020
84804900,Moulds For Metal Or Metal Carbides (Excl. Injection Or Compression),131554,121311865,222993219
84805000,Moulds For Glass,1067,1951058,1990273
84806000,Moulds For Mineral Materials,352232,131031982,535446016
84807100,Injection Or Compression Type Moulds For Rubber Or Plastics,153227,146473796,276729782
84807900,Moulds For Rubber Or Plastics (Excl. Injection Of Compression),117182,144694699,240764131
84811011,"Pressure-reducing valves,... not exceeding 1 inch Pressure regulator/valve for LPG",81600,20375014,24656535
84811019,"Pressure-reducing valves,... not exceed 1 inch, Excl. Press. regulator/valve for LPG",14138,12147172,14405243
84811090,Exclu. Inner Diameter not exceeding 1 inch,23521,44447539,48811876
84812010,"Valves for oleohydraulic or pneumatic transmission, inner diameter not exceeding 1 inch",22306,13350448,14980968
84812090,"Valves for oleohydraulic or pneumatic transmissions,Excl.Inner diameter not excee. 1 inc",5090,6060735,8492303
84813019,"Check (nonreturn) valves, inner diameter <= 1 inch.",18927,10231194,24125408
84813090,"Check (nonreturn) valves, Excl. Inner Diameter <= 1 inch.",158252,42209630,77269836
84814011,"Safety or relief valves, Inner diameter <= 1 inch., Safety or relief valve for LPG",115007,157032887,159643109
84814019,"Safety or relief valves, Inner dia. <= 1 inch., Excl. Safety or relief valve for LPG",4791,7054196,7518748
84814090,"Safety or relief valves, Excl. diameter <= 1 Inch",4068,8354739,9471936
84818010,Inner-Tube Valves For motorized or non-motorized vehicles,21614,26235515,27512135
84818021,Hand diaphragm valve,112,1058273,1080646
84818029,Hand diaphragm valve,159798,337694660,360616489
84818090,"Inner Diameter <1 inch,nes",421881,2237835540,2288845040
84819010,Parts of taps and cocks,80280,66407795,73372693
84819090,"Parts of taps and cocks, NES",2175,72700668,74278286
84821000,Ball Bearings,668691,318040728,407865444
84822000,"Tapered Roller Bearings, Including Cone And Tapered Roller Assemblies",94088,36244170,52922784
84823000,Spherical Roller Bearings,3662,5895605,6301754
84824000,Needle Roller Bearings,770,8687474,8942987
84825000,Other Cylindrical Roller Bearings (Excl. Needle),2800,3387254,3770290
84828000,"Ball Or Roller Bearings (Incl. Combined Ball/Roller Bearings), Nes",8224,16736096,17931606
84829100,"Balls, Needles And Rollers",34010,12765924,16819027
84829900,"Parts Of Ball Or Roller Bearings (Excl. Balls, Needles And Rollers)",62633,24849724,34868045
84831000,Transmission shafts (incl. cam and crank shafts) and cranks,164862,139101254,162658664
84832000,"Bearing housings, incorporating ball or roller bearings",37488,12900122,25816606
84833000,"Bearing Housings, Nes; Plain Shaft Bearings",42234,104247610,113775271
84834000,Gears and gearing; ball or roller screws; gear boxes and other speed changers...,201748,189637112,197727151
84835000,Flywheels And Pulleys (Incl. Pulley Blocks),56917,30061045,42191784
84836000,Clutches And Shaft Couplings (Incl. Universal Joints),21688,25148658,28448870
84839000,"Parts Of Transmission Shafts, Cranks, Bearing Housings, Gears, Etc",42547,68445818,74024678
84841000,Gaskets... Of Metal Combined With Other Materials Or >1 Metal Layer,23029,16384584,19914327
84842000,Mechanical Seals,955,15045118,15496484
84849000,Sets Or Assortments Of Gaskets And Similar Joints,2502,17171281,17507228
84851000,"Machines for additive manufacturing, By metal deposit",1,27465,33620
84863000,Machines and apparatus for the manufacture of flat panel displays,980,319133,366135
84871000,Ships' or boats' propellers and blades therefore,2794,4202976,4285308
84879000,Machinery Parts other than ships' or boats' propellers and blades therefore,96428,502001644,522428100
85011010,Fan motor fitted with revolving mechanism,114135,45821373,58275282
85011090,Motors Of An Output =<37.5 W,60446,28253009,38405070
85012010,Fan motor fitted with revolving mechanism,114526,23414146,50159880
85012091,Motors of an output not exceeding 37.5 W but not exceeding 750 W,432913,170187005,196236131
85012099,Excluding Motors of an output not exceeding 37.5 W but not exceeding 750 W,1210,161826,638417
85013100,"Oth DC motors; DC generators, other than photovoltaic genera <=1200 W",14839,38139868,39861466
85013200,"Oth DC motors; DC generators, other than photovoltaic generators : >1200 W But <=75 Kw",474177,163118529,199754539
85013300,"Oth DC motors; DC generators, other than photovoltaic generators >75 Kw But <=375 Kw",9756,3071897,3359043
85013400,"Oth DC motors; DC generators, other than photovoltaic generators >375 kW",16,21320,22343
85014010,"Ac motors, single-phase.. Of an output not exceeding 750 W",180155,79045237,97676587
85014020,"Ac motors, single-phase...Of an output exceeding 750 W but not exceeding 75 KW",270508,96777779,122792457
85014090,"Ac motors, single-phase...Excl. Of an output not exceeding 750 W",1204,1451004,1491218
85015100,"Ac Motors, Multi-Phase, Of An Output =<750 W",3294,6164235,6761511
85015200,"Ac motors, multi-phase, of an output >750 W-<=75 kW",78944,53577418,56246447
85015300,"Ac Motors, Multi-Phase, Of An Output >75 Kw",31148,86175720,87604780
85016100,"AC generators (alternators), other than photovoltaic generators :<=75 Kva",17550,5532972,6766558
85016200,"AC generators (alternators), other than photovoltaic generators=>75 Kva But <=375 Kva",3742,430215,1404360
85016300,"AC generators (alternators), other than photovoltaic generato >=375 Kva But <=750 Kva",57,187891,190304
85017100,Photovoltaic DC generators : Of an output not exceeding 50 W,2,156321,159463
85017210,Photovoltaic DC generators : Of an output exceeding 50 W :,30,3069,6871
85017220,Photovoltaic DC generators :Of an output exceeding 750 W not exceeding 75 kW,787,3070312,3132023
85017230,Photovoltaic DC generators : Of an output exceeding 75 kW not exceeding 375 kW,12627,10699165,10965686
85017240,Photovoltaic DC generators : Of an output exceeding 50 W :,1325454,572431217,590485684
85018090,Photovoltaic AC generators,721,1662699,1970761
85021100,"Generating Sets With Compression-Ignition Engines, =<75 Kva",227108,92510925,99539514
85021200,"Generating Sets With Compression-Ignition Engines, >75 Kva But <=375 Kva",211565,175914691,181809798
85021300,"Generating Sets With Compression-Ignition Engines, >375 Kva",382081,601457068,629718230
85022000,Generating sets with spark-ignition internal combustion piston engines,282399,480013780,496968305
85023100,Wind-Powered Generating Sets,36,6665,13598
85023900,"Generating sets (excl. wind-powered), nes",896,5594506,5892571
85030010,Parts Of Photovoltic Generators Of Heading No 85.01 Or 85.02,763,203156,474549
85030020,PARTS OF OTHER GENERATOR,3901,6530561,7215237
85030030,Rotor/Motor bush/Casing for electric motors,358978,159879795,209538458
85030091,Stator with winding wire,170254,53982713,77474679
85030092,STATOR WITHOUT WINDING WIRE,203928,30300919,76529746
85030093,Others parts of motor,2413,2835190,3179368
85030099,Stator other than with/without winding wire,8978,7530227,10119860
85041000,Ballasts For Discharge Lamps Or Tubes,4041,329443,818125
85042100,"Liquid Dielectric Transformers, Power Handling Capacity =<650 Kva",444,453106,471271
85042210,Having a power handling capacity exceeding 650kVA but exceeding 1000kVA,145,1181039,1214330
85042290,Having a power handling capacity exceeding 1000kVA but not exceeding 10000kVA,3770,6779963,6866147
85042310,"Liquid Dielectric Transformers, Power Handling Capacity >10000 Kva",14,95003,96913
85042390,"Liquid Dielectric Transformers, Power Handling Capacity >10000 Kva",1445566,1399983376,1416753527
85043100,"Transformers, Nes, Power Handling Capacity =<1 Kva",112565,63443225,81777379
85043200,"Transformers, Nes, Power Handling Capacity =>1 Kva But <=16 Kva",614,11896893,12240145
85043300,"Transformers, Nes, Power Handling Capacity 16-500 Kva",1895,4313806,4474202
85043400,"Transformers, Nes, Power Handling Capacity >500 Kva",38226,30148384,33515017
85044010,Mobile battery charger(less than 6V),50949,115229682,128871179
85044020,UPS/IPS (Capacity upto 2000 VA),728840,381191152,477648614
85044030,"Voltage stabilizer (capacity upto 2,000 VA)",12045,5596675,9281128
85044040,Solar Inverter,173938,135615820,156680689
85044090,Other Static converters,510041,481731441,534752051
85045000,"Inductors, Nes",18557,85636094,89576731
85049010,"Electrical transformers, static converters .. Tap Changer",10282,42065590,43748640
85049030,"Electrical transformers, static converters .. Parts, Parts of static converter",31850,5087684,11072624
85049090,"Parts Of Transformers, Inductors And Static Converters, Nes",53473,22525093,27433985
85051100,Permanent Magnets And Articles Becoming Permanent Magnets Of Metal,10263,3033229,3850010
85051900,Permanent Magnets And Articles Becoming Permanent Magnets (Excl. Metal),37742,9306240,15477001
85052000,"Electro-Magnetic Couplings, Clutches And Brakes",7839,9593976,10622516
85059000,"Other Electro-Magnetic Or Permanent Magnet Chucks,Etc;Incl.Parts Of Magnet",26020,7995817,12972510
85061000,"Primary cells & primary Battery of Manganese dioxide, TV",5041,4855089,6236023
85065000,Primary Cells And Primary Batteries Of Lithium,10555,23885374,24341391
85066090,Primary Cells And Primary Batteries Of Air-Zinc EXCL. Hearing Aid,1600,196389,403301
85068000,"Primary Cells And Primary Batteries, Nes",4274,2848695,2888945
85069090,"Parts Of Primary Cells And Primary Batteries,Excl.Separator, Nes",4970,3931443,4834034
85071000,Lead-Acid Accumulators For Starting Piston Engines,151414,64195599,68114517
85072010,Sealed (capacity 85 amp or less),31443,10930562,12072878
85072090,Other Lead Acid Accumulators,103111,41358728,54628913
85073000,"Nickel-Cadmium Accumulators, Separators.",9813,10281488,11181850
85075000,Nickel-metal hydride,3749,1351773,2026947
85076000,Lithium-ion,1042663,1196568281,1395441935
85078010,"Electric Accumulators,Seperators(Excl.Lead-Acid,Nickel-Cadmium/Nickel-Iron",47880,16846771,37038061
85078090,"Electric Accumulators,Seperators(Excl.Lead-Acid,Nickel-Cadmium/Nickel-Iron",5697,5762117,5919158
85079010,Battery Separator imported by battery manufacturing industries,140826,69176510,73636412
85079010,Separators,6244,1474343,2423468
85079090,"Parts Of Electric Accumulators, Nes",348766,75857164,93323493
85081100,"Vacuum Cleaners of a power not >1,500 W and a dust bag or oth recept. Cap. Not",726,357174,497498
85081900,"Vacuum Cleaners of a power >1,500 W and a dust bag or oth recept. Cap. > 20 l",6144,1509703,1842960
85086010,"Other vacuum cleaners, Industrial type",500,220140,224566
85086090,"Other vacuum cleaners, Excluding Industrial type",2114,390922,869180
85087000,Parts,838,640559,661330
85094000,Electro-Mechanical Domestic Food Grinders/Mixers/Juice Extractors,200991,43146984,47294919
85098000,"Electro-Mechanical Domestic Appliances, Nes, With Electric Motor",29477,5035375,7547779
85099000,Parts Of Electro-Mechanical Domestic Appliances,274735,85972299,106161260
85101000,Shavers With Self-Contained Electric Motor,66,32312,94758
85102000,Hair Clippers With Self-Contained Electric Motor,467,422392,1442038
85103000,"Hairremoving Appliances Wth Selfcontained Elec.Motor,(Exc.Shavers/Clippers",905,867427,1050458
85109000,Parts Of Shavers And Hair Clippers Etc With Self-Contained Electric Motor,13938,3198744,4583790
85111010,Sparking Plugs,61,4885,33278
85111090,Sparking Plugs,18193,51310188,55416350
85112000,Ignition magnetos; magneto-dynamos; magnetic flywheels,11526,13151590,13657849
85113000,Distributors; Ignition Coils,21872,55427521,59007652
85114000,Starter motors and dual purpose starter-generators,57748,41318661,46556893
85115000,"Generators, Nes, For Internal Combustion Engines",5769,7300590,7551578
85118000,"Ignition/Starting Equipment, Nes, For Internal Combustion Engines",3270,4413645,5035032
85119000,Parts Of Electrical Ignition/Starting Equipment Of 85.11,46630,12599447,22686796
85121000,Lighting Or Visual Signalling Equipment For Bicycles,4711,4179548,4881415
85122000,Lighting Or Visual Signalling Equipment For Motor Vehicles,186560,154152341,185313410
85123000,Sound Signalling Equipment For Cycles Or Motor Vehicles,34516,16582159,21403373
85124000,"Windscreen Wipers, Defrosters And Demisters For Motor Vehicles",46612,10251098,24560369
85129000,"Parts Of Vehicle Lighting/Signalling, Etc, Equipment Of 85.12",7165,4433744,6318538
85131010,Solar powered lantern/lamps having no provision for electrical power,270,23927,152078
85131090,"Lamps, NES",199214,43735510,55202339
85139010,Parts of solar powered lantern/lamps having no provision for electrical power,56,23567,28046
85139090,Parts of portable electric lamps of 85.13,38607,13480463,16017330
85141900,Resistance heated furnaces and ovens : Excluding Hot isostatic presses,23830,12855124,14159998
85142000,Induction Or Dielectric Industrial Or Laboratory Furnaces And Ovens,15735,10242581,10533371
85143100,Other furnaces and ovens : Electron beam furnaces,1792,1313189,1692636
85143200,Other furnaces and ovens : Plasma and vacuum arc furnaces,18,614,3130
85143900,"Other furnaces and ovens , NES",5448,5578385,5716554
85144000,Industrial Or Laboratory Inductionor Dielectric Heating Equipment,566,1669715,1695853
85149000,"Parts Of Industrial Or Laboratory Furnaces And Ovens, Etc, Of 85.14",20250,18928381,23181389
85151100,Soldering Irons And Guns,9987,1854852,3610223
85151900,"Brazing Or Soldering Machines And Apparatus, Nes",12906,5562833,8584535
85152100,"Machines For Resistance Welding Of Metal, Fully Or Partly Automatic",160,75487,122704
85152900,"Machines And Apparatus For Resistance Welding Of Metal, Not Automatic",4069,3156800,3976024
85153100,"Machines For Arc (Incl. Plasma Arc) Welding Of Metals, Automatic",358,570830,582304
85153900,"Machines For Arc (Incl. Plasma Arc) Welding Of Metals, Not Automatic",53460,22591908,26587092
85158000,"Machines And Apparatus For Welding/Spraying Of Metals, Nes",9347,11547474,12180093
85159000,"Parts Of Soldering, Brazing, Welding, Etc, Machines/Apparatus Of 85.15",40948,11459956,16918492
85161010,Solar water heater with insulated storage tank,67,7337,13722
85161090,Other than water heater with insulated storage tank,17833,6329313,7233339
85162100,Electric Storage Heating Radiators,1965,105803,125999
85162900,"Electric space heating and soil heating apparatus, nes",1588,4945704,5078147
85163100,Electro-Thermic Hair Dryers,4016,1513382,2891401
85163200,"Electro-Thermic Hair-Dressing Apparatus, Etc (Excl. Dryers)",6221,1886408,5094455
85163300,Electro-Thermic Hand-Drying Apparatus,2477,131560,373667
85164010,Industrial Steam Iron,14310,13304709,17300739
85164090,"Other Electrical Smoothing Irons,Nes",3274,1103641,1317131
85165000,Microwave Ovens,19215,7519021,8873596
85166000,"Electric Ovens, Nes; Cookers, Cooking Plates, Boiling Rings, Grillers...",222427,63804785,72459535
85167100,Electro-Thermic Coffee Or Tea Makers,4936,1471196,2215707
85167200,Toasters,990,161842,246623
85167910,"Electro-Thermic Domestic Appliances, Nes",178,37072,61171
85167920,Mosquito/Insect killing bat,30501,13776641,15207053
85167990,"Electro-Thermic Domestic Appliances, Nes",33160,9027774,13142976
85168000,Electric Heating Resistors (Excl. Those Of 85.45),37455,33004273,36493837
85169000,Parts Of Electro-Thermic Appliances Of 85.16,583450,168636275,203036938
85171100,"Telephone set,inclu.telephone for cellu. network line t.phon Sets With ordless Handsets",1871,672879,761775
85171300,Smartphones,4935,135214318,158430159
85171400,Other telephones for cellular networks or for other wireless networks,302,294584,601043
85171800,Telephone set for other wireless networks,15,719727,733933
85176100,"Other apparatus for transmission or reception of voice, images or other data??b",256111,1806790960,3139720514
85176210,Transmitting and receiving apparatus,46894,326851900,333435843
85176230,"Modem; Ethernet interface card; computer network switch, hub and router",254173,552352341,568089673
85176240,G.master clock; modulator; m.plexer; optical fiber platform; network mgmt. system,2265,315937318,321778234
85176250,"WI-FI WIMAX LAN Card Access point,Security Dev",930,58107525,59125549
85176290,"Other reception, transmission app.(excl. modem, telephonic/telegraphic switch.",275976,877248379,1129111051
85176900,Other telephone sets (excl. video phone ),31,682029,689038
85177100,Parts : Aerials and aerial reflectors of all kinds; parts suitable for use therewith,110,4934843,5034034
85177900,Parts : NES,130099,2567333314,2648947221
85181000,Microphones And Stands Therefor,19730,5984672,10055876
85182100,"Single Loudspeakers, Mounted In Their Enclosures",19013,6161001,8389526
85182200,"Multiple Loudspeakers, Mounted In The Same Enclosure",11996,3052182,4902607
85182900,"Loudspeakers, Not Mounted In Encloseurs",132990,142345061,187710872
85183000,"Headphones, Earphones And Combined Microphone/Speaker Sets",177233,32695229,61079238
85184000,Audio-Frequency Electric Amplifiers,20114,5975827,9688038
85185000,Electric Sound Amplifier Sets,64118,12632589,29398993
85189000,Parts Of Apparatus Of 85.18,30591,6036563,11009144
85192000,"Apparatus operated by coins, banknotes, bank cards, tokens ..other means of payment",0,9114,10019
85193000,Turntables (record-decks) :,50,51061,64486
85198110,"Other apparatus, Using magnetic, optical or semiconductor media, In CKD condit",1,1842,1879
85198120,"Other apparatus, Using magnetic, optical or semiconductor media, In CBU condit",56280,12745795,18597859
85198920,"Other Sound recording or reproducing apparatus, In CBU condition, nes",74549,17439119,24752278
85211010,"Video Recording..Appa.,With/Without Video Tuner,Magnetic Tape-Type In Ckd",28,3261,3261
85211020,"Video Recording..Appa.,With/Without Video Tuner,Magnetic Tape-Type In Cbu",60,24426,26046
85219020,"Vdo Rcding./Reprod.Appa.,With/Without Vdo Tuner,Exc.Mag.Tape Type In Cbu",24358,7009634,15009123
85229010,OTHER APPARATUS OF THE HEADING 8519,33937,8970969,11844507
85229020,For apparatus of Heading 85.21,652,59531,653106
85232100,Cards incorporating a magnetic stripe,14,86260,181907
85232913,Other software for automatic data processing machines,7,16679321,17014576
85232919,"Other recorded media excl. rec. from holy Quran, software, reproduction of spe",19,261143,279497
85232990,Other Magnetic Media,2,6137,6261
85234100,Optical media: Unrecorded,578,45661,128650
85234910,Optical media: Recitation from the Holy Quran; Reproductions of speech,2,10679,10803
85234929,Optical media: Incorporating computer software,530,68222459,69709659
85234990,Other Optical media (EXCL. Unrecorded),756,6389469,6668625
85235110,Flash memory card or similar media,998,5801227,12550441
85235121,"Database,os, dev. tools, security software ms office internet ... presentation tools",3,58917,60100
85235129,Other software for automatic data processing machines,190,8288024,8388257
85235190,"Solid-state non-volatile storage devices, excl flash memory",192,23648399,24090905
85235200,Smart cards,11300,448408294,462260661
85235910,Proximity Cards and tags,3,279755,285378
85235920,RFID TAG,1454,8899729,9733823
85235990,Semiconductor media : Excl. Proximity Cards and tags,3,203388,206191
85238010,Database; os; dev. tools; productivity; commn or collaboration soft.,1,55046259,56152693
85238020,Other software for automatic data processing machines,0,6371250,6499312
85238090,Excl Database; os; dev. tools; productivity; commn or collaboration soft.,197,107590949,109740597
85241910,LED panel of apparatus of Heading 85.28,2593,8190038,9951875
85241910,LED panel of apparatus of Heading 85.28 Imported by TV manufacturing industry,9760,41621483,47573935
85241990,"Flat panel display modules, Without drivers or control circuits : NES",381,2746914,5915627
85249100,"Flat panel display modules, whether or not incorporating Of liquid crystals",787,11486849,12084734
85249900,"Flat panel display modules, whether or not incorporating touch-sensitive screens,NES",85263,1964793633,2033942382
85255090,"Transmission apparatus, excl. aircraft",3,1227,2504
85256020,Walkietalkie,3,426533,435107
85258110,High-speed goods as specified in Subheading Note 1 to this Chapter,3385,1666383,2146085
85258190,High-speed goods as specified in Subheading Note 1 to this Chapter,1922,2035207,2527299
85258290,"Other, radiation-hardened or radiation-tolerant goods as specified in Subheading Not2",1822,757848,1393861
85258310,"Other, night vision goods as specified in Subheading Note 3 to this Chapter",59,50258,53900
85258390,"Other, night vision goods as specified in Subheading Note 3 to this Chapter",484,2707765,2891476
85258900,"Flat panel display modules, whether or not incorporating touch-sensitive screens. NES",60593,34844037,75536418
85269110,GPS Vehicle tracking system,575,1004987,1117699
85269190,Radio Navigational Aid Apparatus,100,1648763,1681902
85269200,Radio Remote Control Apparatus,82,4065110,4169241
85272100,Combined with sound recording or reproducing apparatus :,225,1674219,1705159
85272900,"Radio receivers for motor vehicles, nes",8493,4050268,5435027
85279900,"Other sound record. or reproducing apparatus, nes, CBU",768,146784,325423
85284900,"Other Cathode-ray tube monitors, excl. of a kind solely....used in an automati",8,254976,259662
85285210,Computer monitor size not exceeding 30 inch,121925,136112166,219091592
85285290,"Other Monitor, excluding Computer monitor size not exceeding 22 inch",10126,27352758,31845048
85285900,"Other Monitor, excl, of a kind solely or principally?.an automatic data proc..",23051,34230395,44711783
85286200,"Projector, Cpbl.of directly connecting…for use with auto data processing mchn, 8471",2240,2760374,3757325
85286900,"Other Projections, excl. of a kind solely or prin?.an automatic data proc..sys",10818,3239602,8945551
85287110,"Reception apparatus for television,?.,Not designed to incorporate a video disp",18578,7259952,13432848
85287190,"Reception apparatus for television,?.,Not designed to incorporate a video disp",16139,1362846,10497256
85287200,"Other Reception apparatus for television,.,Colour, CKD",13075,21436876,25827116
85287300,"Other, black and white or other monochrome",7063,840314,3664798
85291000,Aerials And Aerial Reflectors Of All Kinds And Parts Thereof,16455,4042843,6096469
85299010,Parts of apparatus of Heading 85.27,4966,1123100,2638363
85299021,LED bulb with bar,1317,1921358,2106614
85299021,LED bulb with bar imported by television manufacturing industry,6015,15620922,16921837
85299022,"Open Cell for use in manufacturing of LCD,LED panel imported by TV Industry",112294,635975199,706265654
85299022,Open Cell for use in manufacturing of LCD/LED panel,1073,467852,1242398
85299023,Other Parts,38313,15811680,19720135
85299023,"Parts of apparatus of Heading 85.28, imported by television manufacturing industry",274112,154259566,174917907
85299029,Parts of app. of 85.25-85.28 Excl. Imp. By VAT reg. TV Mfg. including TV card,27,352171,359250
85299030,Loaded printed circuit board of Heading 85.27 and 85.28,9522,9948562,11211590
85299030,"Loaded printed circuit board of Heading 85.27 and 85.28, imported by TV industry",18195,35498285,42802245
85299039,"LOADED PRINTED CIRCUIT BOARD OF HEADING 85.27 AND 85.28, EXC.IMP. BY VAT REGISTERED TV",5,530,5407
85299090,Parts Of Apparatus Of Heading No. 85.25 & 85.26,8089,3358036,4704617
85301000,Electrical Signalling... Equipment For Railways Or Tramways,17993,387782228,391709104
85308000,"Electrical Signalling... Equipment For Roads, Inland Waterways...",232,281070,318025
85309000,"Parts Of Electrical Signalling Equipment For Railways, Etc, Of 85.30",2183,36631288,40717152
85311000,Electrical Burglar Or Fire Alarms And Similar Apparatus,6539,86114888,87846074
85312000,ndicator panels incorp. liquid crystal devices (LCD) or light-emitting diodes (LED),2488,18019306,18553796
85318000,"Electrical Apparatus For Sound Or Visual Signalling, Nes",6621,10383570,11286917
85319000,Parts Of Apparatus Of 85.31,3497,9167207,9972969
85321000,Fixed Capacitors For 50/60 Hz Circuits Having Power Capacity >=0.5kvar,9648,5167128,5665904
85322200,Aluminium electrolytic,23210,10958847,13313536
85322300,"Fixed Electrical Capacitors Of Ceramic Dielectric, Single Layer",455,365530,397885
85322500,Fixed Electrical Capacitors Of Dielectric Of Paper Or Plastics,64882,30864423,34212548
85322910,Capacitor,39496,15114518,22276177
85322990,"Fixed electrical capacitors, nes, Excl capacitors imp by VAT reg comp. manu.",112204,150359569,169281612
85323000,Electrical Variable Or Adjustable (Pre-Set) Capacitors,17071,7781260,8553435
85329000,Parts Of Electrical Capacitors Of 85.32,874,247341,471876
85331000,"Fixed Carbon Resistors, Composition Or Film Types",4440,1740654,1948844
85332100,Fixed Resistors For A Power Handling Capacity =<20w,286,1374673,1419633
85332900,Other Fixed Resistors For A Power Handling Capacity >20w,4823,49923214,51167919
85333100,Wirewound Variable Resistors For A Power Handling Capacity =<20w,0,12009,12801
85333900,Wirewound Variable Resistors For A Power Handling Capacity >20 W,53,3542642,3628875
85334000,"Variable Resistors, Nes (Incl. Rheostats And Potentiometers)",31493,18932804,24359755
85339000,"Parts Of Electrical Resistors, Rheostats And Potentiometers",907,427193,711292
85340000,Printed Circuits,33979,150939714,155081127
85351000,"Fuses, >1000 V",5875,843057,1151270
85352110,Automatic Circuit Breakers For A Voltage 1.0-72.5 Kv,24559,28928058,29533047
85352190,Automatic Circuit Breakers For A Voltage 1.0-72.5 Kv,10604,8892206,9983745
85352900,Automatic Circuit Breakers For A Voltage >72.5 Kv,26801,4349354,6736290
85353000,"Isolating Switches And Make-And-Break Switches, >1000 V",32712,5144398,5436131
85354010,Lightning arresters,15140,10949240,11643559
85354090,Excl. Lightning arresters,569,1345156,1422131
85359090,"Other Apparatus For Switching... Electrical Circuits, >1000 V, Nes",13217,21905788,23376507
85361000,"Fuses, =<1000 V",2302,8240762,8540527
85362000,"Automatic Circuit Breakers, =<1000 V",73713,112586742,119523746
85363010,Motor protector,23,256121,299078
85363090,"Apparatus For Protecting Electrical Circuits, Nes, =<1000 V",5503,1924677,2500797
85364100,Relays For A Voltage =<60 V,15330,6068898,8338503
85364910,PTC relay,96,1104427,1149838
85364990,Relays For A Voltage 60-1000 V,42825,98748681,106875127
85365000,Other switches,60053,80978210,88937354
85366100,"Lamp-Holders, =<1000 V",8563,25394862,28666779
85366900,Other,12769,12406782,15960786
85367000,"Connectors for optical fibres, optical fibre bundles or cables",11410,2777269,4376795
85369010,"Connector, Terminal and Electrical apparatus",10318,27007432,28639277
85369090,"Apparatus For Switching... Electrical Circuits, Nes, =<1000 V",25580,81112427,84875434
85371010,BUSBAR TRUNKING SYSTEM,330101,518472597,533723565
85371020,Electric panel,13525,26595345,28728474
85371090,Other,89017,655108418,670593070
85372000,"Boards...Equipped With Two/More Apparatus Of 85.35/85.36, Voltage > 1000v",789140,2190266254,2216102448
85381000,"Boards... Desks, Cabinets And Other Bases For Goods Of 85.37, Not Equipped",37536,29340115,32776353
85389000,"Other than Parts Of Apparatus Of 85.35 To 85.37, Nes",307722,383391814,439007362
85389090,"Parts Of Apparatus Of 85.35 To 85.37, Nes",260,31503,222189
85391000,Sealed Beam Lamp Units,12525,883882,1392100
85392110,Tungsten Halogen Lomp For Use In Laboratories Or Operation Theatres,210,631434,641045
85392190,Other Tungsten Halogen Filament Lamps (Excl.Ultra-Violet Or Infra-Red)Nes.,507,948761,993956
85392200,"Filament lamps of a power =<200w and of a voltage >100v, nes",145,66029,112580
85392910,Indicator pilot lamp 6V-60V/5 Watt,6826,421254,2326775
85392990,"Elec.filmnt.or discharge lamps,incl. sealed beam..excl.Indicator pilot lamp 6V-60V/5 wa",1831,1119174,1584693
85393120,T5 tube light,125,15343,46953
85393190,"Discharge Lamp other than Ultra-Violet Lamps, Fluorescent, Hot Cathode",0,4671,4768
85393290,"Other Mercury Or Sodium Vapour Lamps; Metal Halide Lamps, Nes",20411,26495947,27021088
85393990,"Discharge Lamps, Not Ulta-Viilet Lamps,Mercury Or Sodium Vapour Lamps Nes.",890,2544527,2595670
85394100,Arc-Lamps,409,1557490,1588219
85394910,For Use In Laboratories Or Operation Theaters,6,292897,298784
85394990,Other Ultra-Violet Or Infra-Red Lamps Nes.,13559,13140453,17196211
85395100,Light-emitting diode (LED) light sources :,19605,4432125,7684252
85395200,Light-emitting diode (LED) light sources :Light-emitting diode (LED) lamps,31768,63713401,71010170
85399010,Base Cap For Lamps,44061,12361514,18163629
85399030,Of Light-emitting diode (LED) lamps,149592,75224132,85305478
85399090,"Parts For Filament Or Discharge Lamps,Excl.Aluminum Base Cap For Lamps,Nes",69337,17801309,28250953
85404000,"Data/Graphic Display Tubes, monochrome;data/graphic display...dot screen pitch <0.4mm",12,554800,565951
85407100,Magnetrons,18205,11038391,12938900
85407900,"Microwave Tubes (Excl. Magnetrons, Klystrons And Grid-Controlled Tubes)",52,1902521,1940766
85408100,Receiver Or Amplifier Valves And Tubes,68,9083,50079
85409900,Other Parts Of Tubes And Valves Of 85.40 (Excl.Parts Of Cathode-Ray Tubes),355,52408,174915
85411000,"Diodes, other than photosensitive or light-emitting diodes (LED)",10232,31011850,34262251
85412900,"Transistors (Excl. Phototransistors), With A Dissipation Rate >=1w",3244,24928508,26583039
85413000,"Thyristors, Diacs And Triacs, Other Than Photosensitive Devices",798,8244282,8426565
85414100,"Photosensitive semi-conductor devices, including....Light-emitting diodes (LED)",8460,36633029,38240387
85414300,Photovoltaic cells assembled in modules or made up into panels,3894956,1162562953,1518801423
85414900,"Other --- Photosensitive semi-conductor devices,..light-emitting diodes (LED) NES",565,556483,833495
85415100,"Other semi-conductor devices , Semiconductor-based transducers",2,309427,315646
85415900,Other semi-conductor devices : NES,1,330775,339042
85416000,Mounted Piezo-Electric Crystals,47,18769544,19105843
85419000,Parts Of Devices Of 85.41,3895,787456,2605529
85423110,"Processors & controllers, whet. or not comb.logic ckt, a, SIM module",1207,73513401,141932381
85423120,Other module,337,18574085,18974586
85423120,Other module imported by SIM card or Smart card or Digital card manufacturing industry,190,40783746,44665904
85423190,"Processors & controllers, whet. or not comb.logic ckt, a, Excl. SIM module",66,514236,567337
85423200,Memories,4,127331,129901
85423300,Amplifiers,21,2786589,2825202
85423910,"SIM card, TV",0,3069,3758
85423990,"Electronic integrated circuits,nes",7345,6391534170,6500460546
85429000,Parts,1600,2649835,3482617
85431000,Particle accelerators,44950,454768457,463909303
85432000,Signal Generators,488,1678056,1799869
85437010,Remote control for electronic and electrical apparatus,22508,25199388,29488911
85437030,Electronic insects repelling devices,13737,8655897,11056034
85437040,Electric/Electronic access control,2373,545594,1414239
85437090,"Other machines & appa., Excl. Remote control for electronic and electrical appa.",62196,140058035,154437778
85439090,Parts excluding Electronic Cigarattes and Similar personal electric vaporising device,29574,7703186,11767415
85441100,Of copper,10049,13451110,13926447
85441910,Cotton Braided Electric Cables,308,142440,155559
85441990,Other Winding Wire (Excl Wire Of Copper & Cotton Braided Electric Cables),64046,137078544,142990652
85442000,Co-Axial Cable And Other Co-Axial Electric Conductors,355729,336925185,541325531
85443000,"Ignition Wiring Sets And Other Wiring Sets For Vehicles, Aircraft...",30577,27230429,31138878
85444200,"Other electric conductors for a voltage not exceeding 1,000 V: Fitted with conn",301734,284542832,311068284
85444900,"Electric Conductors, Nes, For A Voltage <=80 V, Not Fitted With Connectors",457906,804407196,864080697
85446000,"Other electric conductors, for a voltage exceeding 1000V",86795,148778868,155284806
85447000,Optical Fibre Cables Made Up Of Individually Sheathed Fibres,38500,29898461,35833128
85451100,Carbon electrodes for furnaces,208137,54646792,69448611
85451990,"Carbon electrodes (excl. for furnaces), nes",2,504657,514801
85452000,Carbon Brushes,1841,3016470,3428404
85459010,Crabon Block,207,26144,55927
85459020,Carbon rod,31219,7059205,10186236
85459090,"Articles Of Graphite Or Other Carbon, Nes, For Electrical Purposes, Nes",5198,3881107,4137263
85462000,Ceramic Electrical Insulators,137785,17497104,18547132
85469000,Electrical Insulators (Excl. Of Glass Or Ceramics),25662,69270795,70272887
85471000,Insulating Fittings Of Ceramics For Electrical Machines...,70782,3294731,5763237
85472000,Insulating Fittings Of Plastics For Electrical Machines...,713,758901,774907
85479000,Other,16347,12471026,14075311
85480000,"Electrical parts of machinery or apparatus, not specified or included elsewhere in th",2936,6802042,7414790
86071900,"Axles, Wheels And Parts Of Bogies, Etc, Of Railway.. Locos/Rolling Stock",258934,69544331,70942171
86072900,"Brakes And Parts Thereof, Of Railway... Locomotives/Rolling Stock",5250,1759525,1785188
86079100,"Parts Of Railway Or Tramway Locomotives, Nes",49809,208409247,211361842
86079900,"Parts Of Railway Or Tramway Rolling Stock, Nes",515,3357016,3384965
86080000,Railway/Tramway Track Fixtures/Fittings; Mechanical Signalling...,575,191480,215993
86090090,"Containers Specially Designed For Transport By One Or More Method, Nes",248698,631474821,644227267
87012100,With only compression-ignition internal combustion piston engn(diesel or semi-diesel,113330,46820432,51568583
87019210,"Other Tracktor, of an engine power Exceeding 18 kW but not exceeding 37 kW",575031,266925035,284498693
87019310,"Other tracktor, of an engine power Exceeding 37 kW but not exceeding 75 kW",784299,389241403,415726963
87021030,"Built-Up,Having A Seating Capacity >15 but not exceeding 40,incl.the driver",125595,113350895,115221243
87029040,"Built-Up,having a seating capacity not exceeding 15,including the driver",286140,197379730,223341163
87031000,Vehicles specially designed for travelling on snow; golf cars and similar vehicles......,3225,1917133,3732004
87032131,"Other Motor cars & oth. vehicles; incl.stn.wagons,CBU, cylinder capacity not >1000 cc",870,1202884,1782986
87032211,"Recond.Motor Cars & oth. Vehicles,incl.stn. wagons,CBU, cap.>1000cc,but=<1500cc",140630,129508787,145552166
87032221,"Other Motor Cars & Vehicles,incl.stn. wagons,CBU, cap.>1000cc,but=<1500cc",40757,44290593,45675876
87032222,"Other Motor Cars, CKD, capacity >1000cc,but=<1500cc",2820,1718406,1988962
87032331,"Recond. Motor Cars and oth. Vehicle, incl.stn. wagon,CBU, cap. >1600cc,but =<2000cc",122740,128801284,143787465
87032334,"Recond Ambulance fitted with essen. equp. passen cabin leng>9ft Cap >1600cc,<=2000cc",22490,15637364,18037580
87032336,"Recond. Microbus of a cylinder capacity exceeding 1800cc, , CBU",129340,105452223,118332765
87032351,"Recond. Motor Cars and oth. Vehicle, incl.stn. wagon,CBU, cap. >2000cc,but =<3000cc",79970,77705123,85569229
87032361,"Other Motor Cars and oth. Vehicle, incl.stn. wagon,CBU, cap. >2000cc,but =<3000cc",4490,7241855,8103877
87032411,"Recond. Motor cars and oth.vehicles,incl. stn. wagon,CBU cap. >3000cc, <=4000cc",2520,3068583,3338609
87033321,"Oth.Motor cars & vehi.incl.stn. wagons,CBU, cap.>2500cc, but <=3000cc",25590,49530539,54869154
87033361,"Motor Car & Oth. Vehicle,incl.Stn.Wagon, CBU,Capacity >4000cc,diesel/semi diesel",386250,685762628,1832357760
87034011,Of a cylinder capacity not exceeding 1800 cc,119745,174667056,194922238
87034012,Of a cylinder capacity not exceeding 1800 cc,1106026,1084836903,1205404399
87034013,"Microbus, brand new , cyliner capacity not >1600CC",13680,18220347,20614623
87034014,"Microbus, Reconditioned, cyliner capacity not >1600CC",481200,468546224,520413643
87034022,"Motor cars & oth. vehicles, incl. stn wagons, CBU, recondition, cap. >1600CC, <2000CC",9920,11348300,12187250
87034031,"Motor cars & oth vehicles, incl. station wagons, CBU, brand new, >2000CC, = >2500CC",5575,12263481,13203663
87034032,"Motor cars & oth vehicles, incl. station wagons, CBU, Recond. , >2000CC, =<2500CC",171009,219872631,240863042
87034033,"Microbus, brand new, cylinder capacity >2000CC, but not >2500CC",2270,4909732,5437056
87034034,"Microbus, reconditioned, cylinder capacity >=2001CC, but not <=2500CC",29460,49402706,54357173
87036011,"Motor cars and oth vehicles, Inc. station wagons, CBU, Brand new,Capacity <1800cc",93532,85067703,92673342
87036012,"Motor cars and Oth vehicles, Incld. station wagons,CBU, Reconditioned,Capacity <1800c",1550,1718406,1829725
87036013,"Microbus, Brand new, Capacity <1800cc",4670,4049100,4237096
87036021,"Motor cars and other vehicles, incl. stn. wagons, CBU, brand new , >1800cc, <=2000cc",18365,65775906,66667232
87036023,"Microbus, brand new",7260,13120188,13495902
87038000,"Other vehicles, with only electric motor for propulsion",99024,142580747,171080501
87039011,"CNG operated 3 wheeled vehicle, 4 stroke engine,CBU",87048,39768829,43072803
87039013,Electric Battery operated 3 wheeled Vehicles,1862757,241038070,260704939
87039019,"Three wheelled vehicles, NES",1365,51675,510553
87042111,"Refer Van & Insulated Road Milk Tanker In Cbu, G.V.W Not >5 Tonnes",3460,1755229,2644713
87042113,"Double cabin pickup,CBU,min.4 doors of a cylinder capacity 1601-2000cc,",5655,6329504,6420439
87042114,"Double cabin pickup,CBU,min.4 doors of a cylinder capacity 2001cc-3000cc",200200,286579550,292385328
87042117,Dumper/tipper in CBU,7130,2405050,2901133
87042119,"Goods vehicles, with diesel or semi-diesel engines, gvw =<5tonnes, CBU, NES",624558,620155805,639760282
87042121,Truck and pickup in CKD condition,1168421,729969696,800026719
87042211,Refrigeration Van in CBU,13240,4934281,7374741
87042214,Dumper/tipper in CBU,84300,34368124,36380049
87042219,"Goods vehicles, with diesel or semi-diesel engines, gvw 5-20tonnes, CBU, NES",267261,156778077,163398284
87042221,"Truck, Gvw >5 Toones, Not >20 Tonnes, Ckd",1320626,551195976,575299448
87042312,Truck having more than 2 axles in CBU,768103,262571578,283577041
87042313,Dumper/tipper in CBU,55485,16754460,17506474
87043111,"Refer Van & Insulated Road Milk Tanker, Cbu, Gvw Not >5 Tonnes",1400,797831,883441
87043119,"Goods vehicles, with spark-ignition piston engines, gvw =<5tonnes, CBU, NES",3850,2405769,2949322
87046000,Other with only electric motor for propulsion,3308,2129596,2172401
87053000,Fire Fighting Vehicles,39060,108221300,110444733
87059020,ROAD SWEEPER,49500,44542316,45162925
87059090,"Special Purpose Motor Vehicles, Nes (Eg Breakdown Lorries, Etc)",611325,1445317823,1476109799
87060022,Chassis Fitted With Eng.Heading No.87.02 Buses For Having Seating Cap.>=40,269855,121676136,129265493
87060024,"Chassis fitted with engine,for the notor vehicles of heading 87.02 in CKD Condition",485175,195161847,201036838
87060029,"Chassis Fitted With Engines,For The Motor Vehicles Of 87.02, Nes",29600,9661760,10559159
87060043,Chassis fitted with eng. for motor vehic. 8704. in CKD,16520,4373344,8059375
87071000,Bodies (Incl. Cabs) For The Motor Vehicles Of 87.03,172472,119306991,121081319
87079041,"Bodies Including Cabs, For Trucks ( Excl. Multi Axle Trucks), Pickup",21353,8556316,9983533
87079049,"Bodies Incl. Cabs For The Motor Vehicles, Nes",73540,33228248,33726933
87081000,Bumpers and parts thereof,18577,17390709,18576070
87082100,Safety seat belts,2157,3744988,4310470
87082200,"Front windscreens (windshields),rear windows& oth win. specified in S.head Note 1 Ch",15545,15726431,16108153
87082900,"Parts and accessories of bodies (incl. cabs), nes",39426,45184852,50814417
87083000,Brakes and servo-brakes and parts thereof Excl. For tractors,226468,85215953,108438476
87084000,Gear boxes,158042,83812499,101922667
87085000,Drive-axles with differential,273687,126999631,140847193
87087000,Road wheels and parts and accessories thereof,105357,43526481,56706971
87088000,Suspension shock absorbers,270060,89664618,122715771
87089100,Radiators,32458,22526134,26301737
87089200,Silencers and exhaust pipes,17816,19731874,22253630
87089300,Clutches and parts thereof,133021,55468927,77659124
87089400,"Steering wheels, steering columns and steering boxes",12788,9030420,12801342
87089500,Safety airbags with inflater system; parts thereof,839,2064847,2186050
87089900,"Parts and accessories, nes, for vehicles of 87.01 to 87.05",1010995,450828670,576742320
87091100,"Electrical vehicles, not fitted with lifting... equipment",90,33141,33807
87099000,Parts Of Works Trucks Of 87.09,2837,782996,1407890
87100000,Motorized Tanks And Other Armoured Fighting Vehicles And Parts Thereof,3393,104434125,106450338
87112011,"Piston engine,capacity >50cc not >250cc,Motorcycle, in CBU with four-stroke engine",88413,103531938,110573178
87112021,"Piston Engine,Capacity >50cc not >250cc,Motorcycle,In CKD with four stroke engine",23591,24980716,25750091
87112031,Four Stroke Engine in CBU capacity 50-250cc,1584,1047424,1068584
87116000,"Motorcycles (including mopeds)...; side-cars., With electric motor for propulsion",128483,49823295,65654393
87119000,Other,5321,1424553,1821335
87120000,"Bicycles And Other Cycles, Not Motorized",12548,1698085,2888217
87131000,"Invalid Carriages, Not Mechanically Propelled",97997,29376717,34557486
87139000,"Invalid Carriages, Motorised Or Otherwise Mechanically Propelled",4311,1451928,2090987
87141020,FUEL TANK OF MOTORCYCLE,200146,106013958,117039620
87141090,"Parts and acce. Of Motorcycles, EXCLUDING Saddles",3545810,2845583749,2972365695
87149100,"Frames and forks, and parts thereof",283184,70898516,79353447
87149210,"Wheel Rims & Spokes Of Bicycles & Other Cycles, Not Motorised",48271,11204764,13793109
87149290,Wheel Rims & Spokes Of Bicycles & Other Cycles (Excl. Not Motorised),995,346013,490429
87149311,"Hubs, other Than Coaster Braking Hubs & Hub ... Free-wheel sprocket-wheels of bicycle",126472,28261639,32614571
87149319,"Hubs, other Than Coaster Braking Hub excluding Free-wheel sprocket-wheels of bicycle",53204,11072274,13336173
87149390,"Hubs,Other Than Coaster Braking Hubs & ....Of Bicycles (Excl.Not Motorised",3066,746893,1057637
87149410,"Brakes,Including Coaster Braking Hubs & Hubs...Of Bicycles, Not Motorised",86840,19983032,23335078
87149490,"Brakes,Including Coaster Braking Hubs &..Of Bicycle (Excl.Not Motorised)",790,227273,314328
87149510,"Saddles Of Bicycles & Other, Not Motorised",42248,9386755,10857209
87149590,Saddles Of Bicycles & Other (Excl. Not Motorised),1480,1095936,1167861
87149610,"Pedals & Crank-Gear Of Bicycles & Other, Not Motorised",216884,48626257,57923439
87149900,"Parts and accessories of cycles, nes",363676,91768095,107917299
87150000,Baby Carriages And Parts Thereof,15836,2055384,4246852
87161000,"Trailers And Semi-Trailers Of The Caravan Type, For Housing Or Camping",40650,11246969,11473032
87163900,"Trailers And Semi-Trailers For The Transport Of Goods, Nes",86995,18420792,18706298
87168000,"Vehicles, Not Mechanically Propelled, Nes",38706,5419941,6736893
87169000,"Parts Of Trailers, Semi-Trailers, Etc, Of 87.16",62764,10562530,11833735
88051000,"Aircraft Launching Gear, Deck-Arrestors... And Parts Thereof",3534,32854354,33529156
88073010,"Other parts of aeroplanes, helicopters or unmanned aircraft :",36,1070048,1091555
88073090,"Other parts of aeroplanes, helicopters or unmanned aircraft :",637,34238606,34937617
88079000,"Parts of goods of heading 88.01, 88.02 or 88.06.OTHER",12071,694709594,736477414
89019030,VESEL CAPACITY >5000 DWT FOR REG. IN BD OPERATING IN OCEAN FOR AT LEAST 3 CONSE. YRS,43260000,6037222184,6127688251
89031900,Inflatable (including rigid hull inflatable) boats : OTHER,427,1362424,1471192
89039900,"Other Vessels For Pleasure Or Sports, Nes; Rowing Boats And Canoes",0,6363,6490
89040000,Tugs And Pusher Craft,393,5769,119564
89069000,"OTHER VESSELS, EXCLUDING WARSHIPS",247,41414955,42243325
89071000,Inflatable Rafts,252,331082,337736
89079000,"Oth.Floating Structures(Egtanks,Cofferdams,Landingstages,Buoys/Beacons)Nes",6003,6526501,6644025
89080000,Vessels and other floating structures for breaking up.,129092033,6832492503,7074878030
90011010,Imported by optical fibre cable manufacturing industry,6375,23769908,40908089
90011010,Optical fibres and color optical fibres,3369,14287791,21824813
90011090,COLOR OPTICAL FIBRES EXCLUDING IMPORTED BY VAT REGISTERED OPTICAL FIBRE CABLE MFG.INDUS,6,1473,2254
90012000,"Sheets And Plates Of Polarising Material, Unmounted",239,53623,99972
90013000,Contact Lenses,815,93530,767599
90014000,Spectacle Lenses Of Glass,1459,452555,1238238
90015000,Spectacle Lenses (Excl. Of Glass),36756,12202890,20085459
90019010,Blanks And Demos Of Plastic,8746,1909506,2571325
90019090,"Oth. Prisms, Mirrors And Other Optical Elements, Unmounted, Nes",10117,53310037,56476529
90021100,"Mounted Objective Lenses, Of Any Material, For Cameras, Projectors, Etc",527,99422,286336
90021900,"Mounted Objective Lenses, Of Any Material, Nes",1240,1223392,2046870
90022000,"Mounted Filters, Of Any Material",0,61543,62782
90029000,"Oth. Mounted Lenses, Prisms, Mirrors, Etc, Of Any Material, Nes",484,486048,854005
90031100,"Frames And Mountings For Spectacles, Goggles Or The Like, Of Plastics, TV",3130,2396381,4999187
90031900,"Frames And Mountings For Spectacles, Goggles Or The Like, Nes, TV",165,176356,431800
90039000,"Other Parts Of Frames And Mountings For Spectacles, Goggles Or The Like",15361,2513067,5925885
90041000,"Sunglasses, TV",3909,1671762,5156810
90049000,"Spectacles, Goggles And The Like (Excl. Sunglasses), TV",699,935169,1585275
90051000,Binoculars,108,109546,169093
90058000,Other Instruments (Excl. Binoculars) Such As Optical Telescopes,389,83846,288287
90059000,"Parts And Accessories (Incl. Mountings) Of Binoculars, Etc",0,77855,79420
90063000,"Cameras For Underwater Use, For Aerial Survey, For Medical Purposes...",10,1227,5008
90064000,Instant Print Cameras,659,102122,592279
90065900,"Cameras,Nes (Not Cine-)",16212,3014101,14363357
90066100,Discharge Lamp (Electronic) Flashlight Apparatus,612,52657,236017
90066900,"Photographic Flashlight Apparatus, Nes",19,2700,15025
90069100,Parts And Accessories For Cameras (Not Cine-),2815,710181,1407712
90069900,Parts And Accessories For Photographic Flashlight Apparatus,2456,253352,784077
90079100,Parts And Accessories For Cinematographic Cameras,35,7365,17528
90079200,Parts And Accessories For Cinematographic Projectors,5,237420,242192
90085000,"Projectors, enlargers and reducers",2127,487566,2008950
90101000,Apparatus And Equipment For Automatically Developing Photographic Film,1376,490800,513581
90105000,"Oth Apparatus & Equipment For Photographic(& Cinema.)Labs,Nes;Negatoscopes",842,7385212,7558174
90106000,Projection Screens,1046,106099,634443
90112000,"Optical Microscopes, For Microphotography... Or Microprojection",10,149992,153007
90118000,"Other Optical Microscopes, Nes",9601,34754006,36577182
90119000,Parts And Accessories Of Optical Microscopes Of 90.11,1,614,626
90132000,"Lasers, Other Than Laser Diodes",6213,11041953,11827646
90138090,"Optical devices, appliances and instruments, nes",354,4224532,4587947
90139010,"Parts And Accessories Of Lasers And Optical Devices, Nes, Of 90.13",2,19326,19753
90139090,"Parts And Accessories Of Lasers And Optical Devices, Nes, Of 90.13",368,644627,796828
90141000,Direction Finding Compasses,364,46626,61249
90142000,Instruments/Apparatus For Aeronautical/Space Navigation (Excl Compasses),4,938986,957772
90148090,"Instruments And Apparatus For Navigation, Nes",26,27192,44267
90149000,Parts And Accessories Of Instruments And Apparatus For Navigation,52,209464,229701
90151000,Rangefinders,6,1178,1196
90152000,Theodolites And Tacheometers,518,34601103,35303162
90153000,Levels For Surveying,754,6698399,6910498
90158010,"Other Instruments And Appliances For Meteorological... Purposes, Nes",3,80397,80409
90158090,"Other Instruments And Appliances For Meteorological... Purposes, Nes",438,1677331,1837373
90159000,Parts And Accessories Of Surveying... Instruments/Apparatus Of 90.15,795,4612850,4665922
90160000,"Balances Of A Sensitivity Of 5cg Or Better, With Or Without Weights",602,21430286,21938868
90172000,"Other drawing, marking-out or mathematical calculating instruments:",39651,6137284,6633420
90173000,"Micrometers, Calipers And Gauges",1373,4246158,4679751
90178010,Plotter,3538,6787321,7405164
90178090,Other Instruments,29163,3367118,5198098
90179000,Parts And Accessories Of Drawing/Measuring Instruments Of 90.17,4195,637331,719251
90181100,Electro-Cardiographs,937,6136947,6598362
90181200,Ultrasonic Scanning Apparatus,8454,238660528,248567203
90181300,Magnetic Resonance Imaging Apparatus,25133,280321149,285955604
90181910,Other Electro-Diagnostic Apparatus Nes,2578,37249761,38761679
90181990,Other Electro-Diagnostic Apparatus Nes,510,49367528,50454557
90182000,"Ultra-Violet Or Infra-Red Apparatus, For Medical, Surgical... Sciences",1083,502754,579036
90183110,"Empty prefilled glass/plastic syringes with needles,.. shield, plunger and stopper",26266,247654928,252635253
90183120,Portable infusion pump (syringe driver),1872,22036084,22570463
90183130,Plastic syringe with or without needles,2565,1092863,1656106
90183190,"Syringes, NES",3382,3910003,3988593
90183200,"Tubular Metal Needles And Needles For Sutures, For Medical... Sciences",4970,90411571,92566666
90183911,Infusion set with or without IV fluid bag,25066,6390726,12480560
90183912,Blood transfusion set,2550,409963,481216
90183913,Feeding tube,2244,4234098,4336335
90183914,IV cannulae,29686,36803572,47936545
90183915,Scalp vein set,200,41733,500836
90183916,Suction catheter,1224,486150,710182
90183917,Blood Lancet,3473,1016014,1329559
90183918,Fistula Needle,8820,1832582,1848105
90183919,Infusion set with or without IV fluid bag,9265,31961005,32672543
90183920,Insulin Pen/Insulin cartridge,3445,44388430,45280640
90183930,Urine drainage bag,31512,8419740,8703281
90183940,FISTULA NEEDLE,5463,8284391,8562908
90183990,"Other syringes, needles, catheters, cannulae and the like",104067,86644475,103079409
90184100,Dental Drill Engines......Equipments,38101,22349165,24719928
90184900,Instruments And Appliances Used In Dental Sciences (Excl. Drill Engines),24643,16087128,18417260
90185000,Other Ophthalmic Instruments And Appliances,6950,62693338,65046510
90189010,Biology Boxes,2798,1635589,1760068
90189020,Kidney Dialysis Machines/Baby Incubator,2883,11155486,11368839
90189030,"Angiographic catheter wire, guidy catheter wire....balloons, stents",7059,688182652,750261676
90189090,Other,205834,424084913,455443104
90191010,Mechano-Therapy Appliances,14030,3108762,5890777
90191020,Massage Apparatus,40998,31992525,42666447
90191090,Mechano-Therapy Appliances;Massage Apparatus;Psychological Appatatus Nes.,4130,10708510,11460324
90192010,Oxygen-Therapy And Artificial Respiration Apparatus Incld. Heart/Lung ....,10309,115865519,118140033
90192090,"Ozone Therapy,Oxygen Therapy,Aerosol Therapy,Respiration Apparatus Nes.",99132,52713102,60000886
90200000,Other Breathing Appliances And Gas Masks,6850,2489202,4051314
90211000,ORTHOPAEDIC OR FRACTURE APPLIANCES,13585,10138897,10867020
90212100,Artificial Teeth,440,108291,220618
90212900,Dental Fittings (Excl. Artificial Teeth),134,3194079,3293191
90213100,ARTIFICIAL JOINTS,1515,61281635,63393621
90213900,"OTHER ARTIFICIAL PARTS OF THE BODY, EXCLUDING ARTIFICIAL JOINTS",3031,70158319,76047060
90214000,Hearing Aids (Excl. Parts And Accessories),682,25787762,26570862
90215000,Pacemakers For Stimulating Heart Muscles (Excl. Parts And Accessories),335,115613947,117937943
90219010,Heart Valve,145,45469123,49400290
90219090,Other Parts And Accessories Of Articles And Apparatus Of 90.21 Nes,33,542003,552898
90221200,"Computed Tomography Apparatus,Based On The Use Of X-Rays",6714,5216222,5307705
90221300,"Apparatus Based On The Use Of X-Rays,Nes, For Dental Uses",1952,16859463,17197858
90221400,"Apparatus Based On Use Of X-Rays,Nes,For Medical/Surgical/Veterinary Uses",12691,42579635,43745474
90221900,"Apparatus Based On The Use Of X-Rays, Nes",298,5891678,6010101
90223000,X-Ray Tubes,537,43277125,45806811
90229000,"X-Ray Generators..., Screens..., Parts And Accessories Of 90.22",4621,38453494,39666916
90230000,"Instruments, Apparatus And Models Designed For Demonstrational Purposes",11509,34487607,36739388
90241000,"Machines/Appliances For Testing The Hardness, Strength... Of Metals",5309,13910679,14300564
90248010,Other Machines/Appliances For Testing... Materials (Excl. Metals),814,4721292,4823990
90248090,Other Machines/Appliances For Testing... Materials (Excl. Metals),12412,165646523,182770386
90249000,Parts And Accessories Of Machines For Testing... Materials Of 90.24,25,258032,266806
90251100,"Thermometers/Pyrometrs,Not Comb.With Other Instrs,Liquid,For Direct Readng",1264,513417,712667
90251900,"Thermometers/Pyrometrs,Not Comb.With Other Instrumts,Not Liquid-Filled Nes",4586,23195137,24249141
90258000,"Oth.Instruments Hydrometers,Pyrometers, Hygrometers, Etc, And Combinations",21730,90186507,99576481
90259000,"Parts And Accessories Of Hydrometers... Thermometers, Etc, Of 90.25",3904,7224837,7331696
90261000,"Instruments... For Measuring/Checking The Flow Or Level Of Liquids, Nes",240123,200127347,250965668
90262000,Instruments... For Measuring Or Checking Pressure,9613,48584364,58240286
90268000,Oth.Instruments... For Measuring Or Checking Variables Of Liquids Or Gas,4957,31119409,32851682
90269000,Parts And Accessories Of Instruments For Measuring Flows... Of 90.26,1961,5978452,6350590
90271000,Gas Or Smoke Analysis Apparatus,331,4319910,4763476
90272000,Chromatographs And Electrophoresis Instruments,1740,105667656,111851069
90273000,"Spectrometers, Spectrophotometers... Using Optical Radiations",2341,146071619,154361729
90275000,"Instruments And Apparatus Using Optical Radiations, Nes",388,9890607,10248691
90278100,Other instruments and apparatus : Mass spectrometers,249,21024027,24405833
90278900,"Other instruments and apparatus, OTHER Excl. Mass spectrometers",73676,800536702,838561458
90279000,Parts And Accessories Of Instruments For Analysis Of 90.27,2576,38512217,40162927
90281000,Gas Meters,1540,303397,584781
90282000,Liquid Meters,87,597320,609514
90283010,Kilowatt-Hour Meter,112,9919143,10018334
90283020,"Pre-payment, programmable m.function elec. programmable multitariff elec. kwh meter",24013,76175353,77706481
90283090,Electricity Meters Nes.,5,193091,196300
90289010,"Gas, Liquid & Electricity Meters, Of Kilowatthour meter",25312,24613760,25196361
90289020,"Parts of prepayment kwh meter prgrmble,multifuction,kwh mtr,prgmble multitrf,kwh",36015,35453089,39955769
90289090,"Gas, Liquid & Electricity Meters, Excl. Kilowatthour meter",471,58475,118248
90291010,Fare Meters For Exclusive Use In Taxicabs Or Auto Rickshaws,83,129464,139437
90291090,"Revolution Or Producton Counters,Taximeters,Mileometers,Pedometers, Nes",1408,2739737,2796780
90292000,Stroboscopes; speed indicators and tachometers,33251,85009073,87643311
90299000,"Parts And Accessories Of Revolution Counters, Etc, Of 90.29",8445,4530525,6156796
90301000,Instruments And Apparatus For Measuring Or Detecting Ionising Radiations,1953,72038677,74134446
90302000,Cathode-Ray Oscilloscopes And Cathode-Ray Oscillographs,478,3943683,4077754
90303100,Multimeters,3142,3438953,5921062
90303200,"Other inst and appt, for measr or chking volt, cur., resis.or power : Multim.",904,268807,582744
90303300,"Other inst and appt, for measr or chk volt, cur., resis.or power : Multim. wit",25791,10403649,12322383
90303900,"Instruments... For Measu./Check. Volt.,Current, with a recoding device",65,2735106,2800066
90304000,Measuring/Checking Instruments/Apparatus For Telecommunications,1502,94801725,97024287
90308400,Other instruments & apparatus with a recording device,80,15343,31300
90308900,"Instruments... For Measuring/Checking Electronic Gain Etc, Nes",15282,12621093,14152740
90309000,Parts/Accessories Of Electrical... Measuring... Instruments Of 90.30,565,478699,488321
90311000,Machines for balancing mechanical parts,4569,5553474,5922215
90312000,Test Benches,1118,182765,540549
90314900,"Optical Instruments And Appliances For Measuring Or Checking, Nes",5149,64925498,66614657
90318000,"Instruments, Appliances And Machines For Measuring Or Checking, Nes",24526,149541412,155928177
90319000,"Parts And Accessories Of Measuring Instruments... Nes, Of 90.31",101,3816701,3892531
90321000,Thermostats,12079,30567005,31817145
90322000,Manostats,13,332313,338991
90328100,"Automatic Regulating... Instruments/Apparatus, Hydraulic Or Pneumatic",668,3875754,3946321
90328900,"Automatic Regulating Or Controlling Instruments And Apparatus, Nes",107377,150905203,159916467
90329000,Parts And Accessories Of Automatic Regulating Devices Of 90.32,231,11009594,11159055
90330090,"Parts And Accessories, Nes, For Machines, Appliances, Etc, Of Chapter 90",42863,227731015,239180936
91011190,"Wrist Watches, Electrically Operated (Excl.Use For Blind/In Ckd Condition)",1714,45349819,46450681
91011910,"Other Wrist Watches, Specially Designed For The Use Of Blind",7,833161,834492
91011990,Other Wrist Watches (Excl.Ckd Condition & Not For The Use Of Blind),2953,816120,5695212
91019990,"Other Pocket Watches, Etc(Excl. Wrist), Nes, Of Precious Metal",1455,417075,1963695
91021110,"Wrist Watches, With Mechanical Display Only, Spec.Designed For Blind",0,29458,30050
91021190,"Other Wrist Watches,Mechanical Display(Ex.Use For Blind,Ckd Condition)",937,23960090,24510587
91021910,"Other Wrist Watches,Specially Designed For The Use Of Blind",0,9509,9523
91022190,"Wrist Watches,With Automatic Winding (Excl.Ckd, Not Use For Blind)",36,92688,96019
91022990,"Wrist Watches,Not Electronic Operated/Automatic Winding,Nes",30132,12990014,32174598
91029990,"Other Pocket Watches, Etc, Nes",2590,986952,3924496
91039000,Clocks With Watch Movements (Excl. Electrically Operated),171,124400,617920
91040090,Instrument Panel Clocks Other Than Use In Aircraft/Helicopter,30,27985,120191
91051100,"Alarm Clocks, Electrically Operated",90,18412,81387
91051900,Alarm Clocks (Excl. Electrically Operated),11538,2270629,3488077
91052100,"Wall Clocks, Electrically Operated",6601,864422,950070
91052900,Wall Clocks (Excl. Electrically Operated),23825,3855653,11331426
91059100,"Other Clocks, Nes, Electrically Operated",349,49711,493330
91059900,"Other Clocks, Nes (Excl. Electrically Operated)",1268,566829,1873657
91061000,Time-Registers; Time-Recorders,48,11071,30323
91069000,"Other Apparatus For Indicating Time, Nes",307,75619,228080
91070000,Time Switches With Clock Or Watch Movement Or With Synchronous Motor,125,32155,37667
91081100,"Electrically Operated Watch Movements, With Mechanical Display Only",729,3585593,3997513
91082000,"Watch Movements, Complete And Assembled, With Automatic Winding",18,9206,22539
91089000,"OTHER WATCH MOVEMENTS,COMPLETE AND ASSEMBLED,EXCLUDING 33.8MM OR LESS",5538,5990290,7542874
91099000,"Clock Movements, Complete And Assembled, Nes",8128,2128527,2915471
91109000,"Complete (Unassembled), Incomplete And Rough Clock Movements",0,1473,1502
91119000,Parts Of Watch Cases,3402,903890,1243437
91129000,Parts Of Clock Cases And Cases For Other Goods Of Chapter 91,37,2700,46323
91131000,"Watch Straps, Bands And Bracelets, And Parts Thereof, Of Precious Metal",10,1596,5008
91132000,"Watch Straps, Bands And Bracelets, And Parts Thereof, Of Base Metal",400,32895,237395
91139000,"Watch Straps, Bands And Bracelets, And Parts Thereof, Nes",114533,23514325,28449069
91149000,"Clocks Or Watch Parts, Nes",456,456969,934752
92011000,Upright Pianos,344,709088,737141
92012000,Grand Pianos,1202,2843189,2956566
92019000,"Other Automatic Pianos, Harpsichords And Other Keyboard Instruments, Nes",12,2403,2427
92021000,String Musical Instruments Played With A Bow,1282,248801,471411
92029000,"Other String Musical Instruments, Nes",6707,2074608,3237266
92059000,"Wind musical instruments, (EXCL. Brass-wind instruments)",1272,106050,160265
92060000,"Percussion Musical Instruments (Eg Drums, Xylophones, Cymbals, Etc)",387,111302,166475
92071000,Keybrd.Instrmnts.With Elec.Produced Or Amplified Sound Oth.Than Accordions,272,110713,142990
92079000,"Oth.Musical Instruments,Nes,With Electrically Produced Or Amplified Sound",3662,224620,1547900
92089000,"Fairground Organs, Etc; Decoy Calls Of All Kinds; Whistles, Etc",868,276461,507353
92093000,Musical Instrument Strings,157,919267,1082329
92099200,Parts And Accessories For The Musical Instruments Of 92.02,382,347453,411538
92099900,"Parts And Accessories Of Other Musical Instruments, Nes",3298,411516,1239388
93020010,"Arms Forming Part Of The Regular Uniform Of BD.Armies,NAVY,Air Forces & Foreign Armies..",2471,31068851,31693393
93032010,"Sporting,Hunting/Target-Shooting Shotguns, Imp.By/On Behalf Of The Bd.Govt",32000,157122323,160280479
93059100,MILITARY WEAPONS OF HEADING 9301,175,93428464,95306376
93062100,Cartridges For Shotguns,6799,18051500,23168916
94012010,SEATS OF KIND USED FOR MOTORCYLE,69045,38488457,39486964
94012090,SEATS OF KIND USED FOR OTHER THAN MOTORCYCLE,45290,76380121,78045377
94013900,Swivel seats with variable height adjustment :OTHER,3415,873317,1307276
94015900,"Seats of cane, osier or similar materials : Excl bamboo or rattan",6,736,3380
94016100,"Upholstered Seats, With Wooden Frames",7924,3178327,4449146
94016900,"Seats With Wooden Frames, Not Upholstered",12450,3768818,6327669
94017100,"Upholstered Seats, With Metal Frames",2105,1870108,2321815
94017900,"Seats With Metal Frames, Not Upholstered",8413,2544039,3657365
94018000,"Seats, Nes",11022,3806916,4987906
94019100,"Seats (Other Then 94.02) Whether or not cnvrt. into beds, and parts :Parts: of wood",10243,3976850,4942894
94019900,"Seats (Other Then 94.02) Whether or not cnvrt. into beds, and parts :Parts : others",200994,44559188,76423916
94021000,"Dentists', Barbers' or similar chairs and parts thereof",3219,941182,1458294
94029010,Hospital Beds,78497,30229042,37965590
94029090,"Medical,Surgical Or Veterinary Furniture & Parts Therof (Exc Hosopital Bed",33132,47599331,53015890
94031000,Metal Furniture Of A Kind Used In Offices (Excl. Seats),5018,1118108,1891417
94032010,Other metal furniture specially design to receive apparatus of heading 84.71 and,49971,40236648,49851995
94032020,Racks of a kind used in the pharmaceutical laboratory,656,839021,855887
94032030,Cutting table of kind used with cutting machine,5068,5504635,5615279
94032090,Other metal furniture EXCL.specially design to receive apparatus of heading 84.7,37797,24425564,28197557
94033000,Wooden Furniture Of A Kind Used In Offices (Excl. Seats),13746,3745699,5026411
94034000,Wooden Furniture Of A Kind Used In The Kitchen (Excl. Seats),4770,1754007,1789263
94035000,Wooden Furniture Of A Kind Used In The Bedroom (Excl. Seats),39084,25447759,27701443
94036010,Furniture of a kind used in pharmaceutical laboratory,254,28059,28624
94036020,Cutting table of a kind used with cutting machine,10,1227,5008
94036090,"Wooden Furniture, Nes",20876,4157631,7648689
94037000,Furniture (Excl. Seats) Of Plastics,2703,721338,1057713
94038300,"Furniture of other materials, including cane, osier, bamboo or similar mat..:Of ratta",25,7495,9201
94038900,"Furniture of other material, including cane,osier or similar materials: Excl b",29852,7204192,12042321
94039900,"Others Furniture and Parts Thereof :Parts, OTHERS",9076,2797390,4025850
94041000,Mattress Supports,999,255171,380824
94042100,Mattresses Of Cellular Rubber Or Plastics,2365,647546,790623
94042900,"Mattresses Of Other Materials, Nes",4421,855620,2469283
94043000,Sleeping Bags,2290,372701,589716
94044000,"Quilts, bedspreads, eiderdowns and duvets (comforters)",565,96817,284647
94049000,"Articles Of Bedding, Stuffed, Etc (Excl. Mattresses And Sleeping Bags)",22554,4894956,7950089
94051100,Designed for use solely with light-emitting diode (LED) light sources,1469,1710918,2080905
94051900,"Designed for use solely with light-emitting diode (LED) light sources,NES",12853,7635631,10295068
94052100,Designed for use solely with light-emitting diode (LED) light sources,44,87701,89277
94052900,"Electric table, desk, bedside or floor-standing luminaires ,OTHER",2838,884637,1802672
94053100,Designed for use solely with light-emitting diode (LED) light sources,541,189206,338561
94053900,"Lighting sets of a kind used for Christmas trees,OTHER",4619,1920225,3301724
94054110,"Photovoltaic, dsgn. use solely with light-emitting diode (LED) light sources",12206,3133921,6874026
94054190,"Photovoltaic, dsgn. use solely with light-emitting diode (LED) light sources",5512,6192857,8227038
94054200,"Oth.elec.lum. &..Other, designed for use solely light-emitting diode (LED) light sour",10675,6876856,9472742
94054910,Shadowless operation lamps,10024,5081413,8112660
94054920,Energy saving light with balast and fittings,420,38787,342852
94054990,"Other electric luminaires and lighting fittings,NES",33032,16591236,27358574
94055090,"Non -Electrical Lamps & Lighting Fitting, Nes.",4893,719798,3060019
94056100,Designed for use solely with light-emitting diode (LED) light sources,8268,2338030,4659243
94056900,"Illuminated signs, illuminated name-plates and the like,OTHER",340,213710,257368
94059100,Glass parts for lamps and lighting fittings etc of glass,7381,2354871,2814761
94059200,Luminating and lighting fittings including searchlights .........Parts of Plastic,10535,4446815,4803964
94059900,"Parts, NES",98862,34783031,44807597
94059990,LED LAMP PARTS IMPORTED BY VAT REGISTERED LED LAMP MANUFACTURING INDUSTRY,80,7421,30278
94069010,"Prefabricated Buildings,,,, SANDWICH PANEL WITH OR WITHOUT cold room fac.",266996,89993535,209935475
94069090,Prefabricated buildings. nes,318225,54026093,100758255
95030010,Puzzles,1582,564173,839417
95030090,"Tricycl, scotr, pedal car and simlr whel toy; dolls? carg..Excl puzzles",222784,71820453,129323334
95042000,Articles and accessories for Billiard of all kinds,2821,659074,1279931
95043000,"Other games, operated by coins, banknotes, bank cards,...of payment, other than..equip.",13893,1252070,5203116
95044000,Playing Cards,538,55184,187002
95045000,"Video game consoles and machines, other than those of subheading 950430",478,315432,388444
95049000,"Articles for funfair, table or parlour games, nes",5215,2979400,3975578
95051000,Articles For Christmas Festivities,2333,527163,1192076
95059000,"Festive, Carnival Or Other Entertainment Articles, Nes",83959,15315794,21157041
95061900,"Snow-Ski Equipment, Nes",552,68563,234689
95062900,"Water-Skis, Surf-Boards And Other Water-Sport Equipment",400,35105,39545
95063100,"Golf Clubs, Complete",33,15343,16277
95063900,"Golf Equipment, Nes",123,21848,120401
95064000,Articles and equipment for table-tennis:,2383,472694,742791
95065100,"Lawn-Tennis Rackets, Wheather Or Not Strung",268,37807,198190
95065900,"Other Tennis Or Similar Rackets, Nes",10059,2933473,3760541
95066100,Lawn-Tennis Balls,14005,2415588,2613409
95066200,Inflatable Balls,60101,22457699,23910288
95066900,"Balls (Excl. Golf, Table-Tennis, Tennis And Inflatable)",78298,15348570,23794864
95067000,Ice Skates And Roller Skates,654,72707,119042
95069100,"Articles And Equipment For General Physical Exercise, Gymnastics/Athletics",217773,46803385,62706682
95069900,"Other articles and equipment for sport and open-air games, nes",36957,7560548,9138407
95071000,Fishing Rods,3602,1395819,2134846
95072000,"Fish-Hooks, Wheather Or Not Snelled",2769,568559,1178796
95073000,Fishing Reels,3603,687831,1180650
95079000,"Line fishing tackle, fish landing nets, butterfly and similar nets...",4654,399284,785005
95081000,TRAVELLING CIRCUSES AND TRAVELLING MANAGERIES,103146,6124816,38389316
95082300,Dodge’em cars,2080,1067836,1101812
95082400,Motion simulators and moving theatres,1920,372833,721312
95082900,Other,7476,2631633,3792424
96019000,"Worked Bone, Tortoise-Shell, Horn... And Articles Thereof, Nes",23162,2321941,7962153
96020010,Gelatin Capsules (Empty),44165,166271566,169771275
96020020,"Worked Vegetable Or Mineral......Wax,Sterlin,Nes (Excl.Gelatin Capsules)",5800,73943916,75380140
96031000,"Brooms And Brushes, Of Twigs Or Other Vegetable Material Bound Together",219269,6476879,9603550
96032100,Tooth Brushes Including Dental-Plate Brushes,41357,33610089,39966819
96032900,"Oth. Brushes For Shaving, Hair, Nail, Eyelash, Toilet Brushes",10989,1794145,3342058
96033000,"Artists', Writing Brushes And Brushes For The Application Of Cosmetics",4342,391563,1348752
96034000,"Paint, Distemper, Varnish Or Similar Brushes; Paint Pads And Rollers",138725,15980667,21449903
96035000,"Brushes Constituting Parts Of Machines, Appliances Or Vehicles, Nes",12763,12376175,12961917
96039000,"Hand-Operated Floor Sweepers, Mops, Feather Dusters, Etc, Nes",104838,7265883,11066096
96040010,Hand Sieves For Use In Laboratories,23,4419,14405
96040090,Other Hand Sieves And Hand Riddles Nes.,51,683640,698110
96050000,"Travel Sets For Personal Toilet, Sewing Or Shoe Or Clothes Cleaning",415,170122,191499
96061000,"Press-Fasteners, Snap-Fasteners And Press-Studs And Parts Therefor",946,408129,642892
96062100,"Buttons Of Plastics, Not Covered With Textile Material",4203,1069348,1795773
96062200,"Buttons Of Base Metal, Not Covered With Textile Material",59010,10782727,15315408
96062900,"Oth. Buttons, Nes",42090,6018300,12503275
96063000,Button moulds and other parts of buttons; button blanks:,697,202497,316691
96071100,Slide Fasteners Fitted With Chain Scoops Of Base Metal,14260,3840203,4748604
96071900,Slide Fasteners Not Fitted With Chain Scoops Of Base Metal,73599,14915243,19305695
96072000,Slide Fastener Parts,9371,1427852,2809975
96081000,Ball-Point Pens,19304,12416273,13708018
96082000,Felt-Tipped And Other Porous-Tipped Pens And Markers,61200,11252258,16051737
96083000,"Fountain pens, stylograph pens and other pens",21229,6728574,11310937
96089100,Pen nibs and nib points,1,11906,11958
96089910,Ball Points For Ball Point Pen,14328,79859913,81616473
96089990,"Duplicating Stylos; Pen/Pencil Holders; Parts Of Pens, Nes",10239,2048823,2748896
96091000,"Pencils And Crayons, With Leads Encased In A Rigid Sheath",123007,26565628,32156440
96092000,"Pencil Leads, Black Or Coloured",4934,833927,1246986
96099010,Slate Pencil,4,18917,19106
96099090,"Crayons, Nes; Drawing Charcoals And Chalks (Incl. Tailors'Chalks) Nes.",16743,2707550,3621903
96100010,"Unframed Slates With Writing Surface Only, Thickness not exceeding 5 mm",5,614,3130
96100090,"Other Slates And Boards, With Writing Or Drawing Surfaces Nes",15132,1938367,2999896
96110000,"Date, Sealing Or Numbering Stamps, Etc, For Use In The Hand....Sticks",15335,3031891,4671523
96121010,Ribbons (Computer Printers Ribbons),30967,15602871,19617754
96121090,Other Ribbons(excl.computer printer ribbons),5452,3596435,3801829
96122000,Ink-Pads,9470,950547,1009534
96131000,"Pocket Lighters, Gas Fuelled, Non-Refillable",2,733,740
96132000,"Pocket Lighters, Gas Fuelled, Refillable",1934,5705926,6116378
96138000,"Other Lighters, Nes",5380,538228,1888359
96139000,Parts Of Lighters (Excl. Flint And Wicks),107667,27853213,43368564
96151100,"Combs, Hair-Slides And The Like Of Hard Rubber Or Plastics",22689,3850528,5957567
96151900,"Combs, Hair-Slides And The Like Of Other Materials, Nes",154119,26590931,34333427
96159000,"Hairpins; Curling Pins, Curling Grips, Etc, And Parts Thereof",33190,6226991,8567761
96161000,"Scent Sprays And Similar Toilet Sprays, And Mounts And Heads Therefor",89983,30867449,34104666
96162000,"Powder-Puffs And Pads For The Application Of Cosmetics, Etc",5700,1199478,2424624
96170000,"Vacuum Flasks, Etc, Complete With Cases; Parts Thereof(Excl. Inners)",38428,12981068,14602630
96180000,"Tailors' Dummies, Etc; Automata And Other Animated Displays",5134,1214221,1473638
96190000,"Sanitary towels (pads) and tampons, napkins and napkin liners for babies and similar",89750,22269906,25468346
96200000,"Monopods, bipods, tripods & similar articles",42463,5752070,8504484
97012100,"Of an age exceeding 100 years : Painting, drawings and pastels",38,2703,7111
97019100,"Painting, drawings and pastels",163,19515,19925
97019900,"Other,nes",44,7879,19277
97039000,"Original sculptures and statuary, in an material, NES",3367,182940,572442
97061000,Antiques of an age exceeding 100 years,1,614,616
98010021,"GOODS TREATED AS ""BAGGAGE"" IN ACCORDANCE WITH CHAPTER XV OF THE ACT AND/OR UNDER THE...",1,4345,4433
98010032,"Goods treated as ""Baggage"" Air cond.machine; Split Type UPTO 18000 BTU",140,36516,36951
98010034,"Goods treated as ""Baggage"" Regregerator or Freezers",150,68736,70153
98010039,Air cond.machine; refrigerators or freezers; dish washer/washing machine/clothd Dryer,36,2455,2455
98010053,"Plasma, LCD, TFT, LED and similar technologis TV 37 inch to 42 inch",30,14729,15026
98010090,"Goods treated as ""Baggage"" - Chandeliers (Jharbatti)",65,19025,19062
