hscode,description,net_wt_kg,assess_value_bdt,invoice_value_bdt
04021090,Other,100000,32526975,33001391
04022190,Other,201950,85170549,86622291
04051000,Butter,4275,6009795,6130089
04059000,Fats And Oils Derived From Milk (Excl. Butter And Dairy Spreads),2880,5628320,5914840
05051000,Raw Feathers For Stuffing; Down,161070,1492143117,1610788914
05059000,Skins And Parts Of Birds (Excl. Feathers For Stuffing; Down),1,245,629
08028090,"Other Areca nuts, EXCL. Wrapped/canned upto 2.5 Kg",1413000,403432678,411541794
08029919,Betelnuts,54000,12262056,12508523
11081400,Manioc (Cassava) Starch,323000,20732784,24511513
15071000,"CRUDE OIL, WHETHER OR NOT DEGUMMED",39563000,5782430514,5826692141
15119090,Palm Oil(Excl.Cude)&Its Fractns....Nes.Incld.Refiend Palm Oil,13999409,1902619280,1923749313
15162000,"Vegetable fats and oils and their fractions, hydrogenated, etc",51000,6760701,6896591
15180000,"Animal Or Vegetable Fats And Oils... Chemically Modified, Nes",5400,1804711,1895493
15211000,Vegetable waxes (excl. triglycerides),21000,6020559,6141573
17011400,Other cane sugar,165778865,7217623252,7759657571
17023020,"Glucose & Glucose Syrup,Containing <20% Fructose,Liquid Glucose",97200,4652953,9735974
17023090,"GLUCOSE AND GLUCOSE SYRUP, NOT CONTAINING FRUCTOSE OR CONTAINING.. EXCL. LIQUID GLUCO",50250,4873523,4971520
18050000,"Cocoa Powder, Not Containing Added Sugar Or Other Sweetening Matter",25000,4602874,4695392
20091100,"Frzn.Orange Juice,Unfermented,Not Containing Added Spirit,Sweetened Or Not",26400,5022656,5123611
21069090,Other food preparations not elsewhere specified or incl.(excl. beverage concentrate),2211,376847,623803
22019000,"OTHER WATER, EXCL.MINERAL WATERS AND AERATED WATERS",360,12274,12520
22030000,Beer Made From Malt,75105,5875536,19713717
22042100,Wine(Not Sparkling);Grape Must With Fermt.Prevt.By Alcohol In: <=2 L Cont.,10133,4396194,6461113
22072000,Ethyl Alcohol And Other Denatured Spirits Of Any Strength,9920,1430696,1448036
22083000,Whiskeys,16517,9756006,13619198
22084000,Rum And Tafia,521,242811,273943
22085000,Gin And Geneva,3132,1537728,1875151
22086000,Vodka,39624,8794165,23946532
22087000,Liqueurs And Cordials,553,395430,653308
24011000,"Tobacco, Not Stemmed/Stripped",9,6505,6637
24022000,Cigarettes Containing Tobacco,5338,37803371,38563218
25010010,Pure Sodium Chloride Bp/Usp Pyrogen Free,379000,3546030,3609979
25010020,Salt (other than pure sodium chlo.)...solution ..salt boulder for crushing & salt in bul,28003,282087,287752
25010099,Other Salt,102100,1753259,1771138
25051000,Silica Sands And Quartz Sands,32,21674,22108
25061000,Quartz,2000,391788,399663
25070090,"Kaolin And Other Kaolinic Clays, Whether Or Not Calcined",701,173142,176655
25131000,Pumice stone,10184625,123534687,170416257
25132000,"Emery, Natural Corundum, Natural Garnet And Other Natural Abrasives",34000,8076509,8239031
25171010,Flint/grinding pebbles,3,503,508
25171090,Broken or crushed stone,3600,995203,1015126
25201090,Gypsum; Anhydrite,9316,218106,223560
25221000,Quicklime,194000,3542928,3614141
25232900,"PORTLAND CEMENT, EXCL WHITE CEMENT, WHETHER OR NOT ARTIFICIALLY COLOURED",1272500,12193217,12388720
25262010,"Natural Steatite, Talc, Crushed Or Powdered",7325,1842229,1879360
26050000,Cobalt Ores And Concentrates,140,42960,44218
27075090,Other Aromatic Hydrocarbon Mixtures Of Which >=65% Distils At 250oc,28640,4956669,5017420
27079990,"Other Oils And Other Products, Of The Distil Of Coal Tar.",34959,6075749,6197826
27090000,"Petroleum Oils And Oils Obtained From Bituminous Minerals, Crude TV",308082095,18688410830,18688410830
27101211,"Motor spirit of HBOC Type, TV",36917097,3824624847,3824624847
27101232,"Naphtha, TV",2157,751779,766885
27101241,"JP1 kerosene type jet fuels, TV",82351186,10933616747,10933616747
27101250,Other medium oils and preparations,4056,2767052,2794722
27101262,"High speed diesel oils, TV",284250567,44740117565,44740117565
27101269,Other gas oils (EXCL. Lithg diesel oil &high speed disel oils),90,117804,118982
27101911,"OTHER FUEL OILS FURNACE OILS, TV",50594685,4644456557,4665351439
27101921,Base oil in bulk imported by petroleum products processing or lube blending industry,6524501,853657429,982956701
27101931,LUBRICATING OIL WHICH HAS ITS FLASHING POINT .. below 220 F b..Jy Abel close test,58840,8485572,20240132
27101932,RECYCLED LUBRICATING OIL,2,41463,42356
27101951,LIQUID PARAFFIN IN DRUM,14960,4592367,4684672
27101989,Greases (mineral) other than wrapped/canned,225,594228,610427
27101991,MINERAL OIL WHICH HAS ITS FLASIHING POINT =>200D F USED AT JUT OF OTHER FIBER,1130,11084,11403
27101999,"OTHER HEAVY OILS AND PREPARATION, NES",27,32798,33398
27121000,Petroleum Jelly,1980,522518,533021
27122000,Paraffin wax containing by weight less than 0.75% of oil,2175,164752,168288
27129010,Tube lessening jel,54,148120,203810
27132090,Other Petrolium bitumen,7228741,432516039,451052507
28046900,Silicon Containing By Weight <99.99% Silicon,3060,1315107,1341409
28051100,Sodium,8016,787128,802928
28061000,Hydrogen Chloride (Hydrochloric Acid),4145,334338,339166
28070000,Sulphuric Acid; Oleum,518755,45291508,45937076
28111900,"Other Inorganic Acids, Nes",502,274886,277636
28112200,Silicon Dioxide,206082,26460722,27622828
28112910,Silica gel,111044,22403196,23740740
28112990,Silica gel imported by other than VAT registered motorcycle assembling and manufa,5544,2544629,2905226
28142000,Ammonia In Aqueous Solution,75,214954,217103
28151100,"Sodium Hydroxide (Caustic Soda), Solid",400250,27040161,27478527
28151200,Sodium Hydroxide In Aqueous Solution (Soda Lye Or Liquid Soda),180000,7943734,8093602
28152000,Potassium Hydroxide (Caustic Potash),332,188043,188205
28170000,Zinc Oxide; Zinc Peroxide,35548,12305147,12635201
28181000,"Artificial corundum, whether or not chemically defined",1000,100650,250418
28182000,"Aluminium oxide, other than artificial corundum",46624,17168461,17513546
28191000,Chromium Trioxide,20,15588,15901
28220000,Cobalt Oxides And Hydroxides; Commercial Cobalt Oxides,225,209687,213901
28230000,Titanium Oxides,39310,14866688,15229056
28251000,Hydrazine And Hydroxylamine And Their Inorganic Salts,104840,35533257,36214371
28256000,Germanium Oxides And Zirconium Dioxides,16,382289,391034
28259000,"Other Inorganic Bases; Other Metal Oxides, Hydroxides And Peroxides, Nes",40,19195,19580
28261990,Other than Sodium silicon fluoride,51,391452,400774
28271000,Ammonium Chloride,925,356907,363972
28272000,Calcium Chloride,5889,6752416,7048136
28273200,Aluminium Chloride,98700,4515335,4606420
28273900,"Chlorides, nes",22400,1154769,1166317
28281000,Commercial Calcium Hypochlorite And Other Calcium Hypochlorites,1454305,60405939,63849274
28289000,Hypochlorites (Excl. Of Calcium) And Chlorites; Hypobromites,54740,7647732,7801545
28301000,Sodium Sulphides,576800,30448212,31533997
28309000,"Other Sulphides And Polysulphides (Excl. Of Sodium,Zinc & Cadmium)",100,84693,86395
28311000,Dithionites And Sulphoxylates Of Sodium,889290,118700153,121203433
28319000,Dithionites And Sulphoxylates (Excl. Of Sodium),33160,7568374,7720496
28321000,Sodium Sulphites,584250,40644674,41755409
28323000,Thiosulphates,20000,3682299,3756313
28331100,Disodium Sulphate,51122150,679753574,895667725
28332200,Sulphates Of Aluminium,18000,1281440,1294382
28332500,Sulphates Of Copper,200,341472,344887
28332700,Sulphates Of Barium,3000,662658,675977
28332910,Zinc sulphate,5000,2332123,2378998
28332920,CHROMIUM SULPHATE,1000000,116252634,118774706
28332990,"Sulphates; alums; peroxosulphates (persulphates), nes",165825,6713633,6848522
28334000,Peroxosulphates (Persulphates),4725,2022004,2042224
28342990,Other than Sodium nitrate,6000,564276,569918
28352400,Phosphates Of Potassium,150,13440,13834
28352900,"Phosphates, nes",360,107818,111973
28353100,Sodium Triphosphate (Sodium Tripolyphosphates),35,14177,14177
28353900,"Polyphosphates, Nes",3285,2486666,2526757
28362000,Disodium Carbonate,11194300,365068576,478437786
28363000,Sodium Hydrogencarbonate (Sodium Bicarbonate),27500,887741,905583
28365000,Calcium Carbonate,102000,2872193,3073566
28369990,"Other Carnonates; Peroxocarbonates, Excl. Ferrous Carbonate",30,46029,46954
28371900,"Other Cyanides, Cyanide Oxides (Excl. Sodium)",150,403504,409172
28372000,Complex Cyanides,250,205595,209729
28391900,"Other Silicates And Com. Alkali Metal Silicates,Of Sodium (Ex.Metasilicate",240800,6537427,6703680
28403000,Peroxoborates (Perborates),5000,1472920,1502525
28415000,"Other Chromates And Dichromates, Peroxochromates",370,175216,178737
28419000,"Other Salts Of Oxometallic And Peroxometallic Acids, Nes",450,1565836,1597310
28470000,"Hydrogen Peroxide, Whether Or Not Sokidified With Urea",229605,10150097,10351523
29023000,Toluene,28640,5624589,5737643
29025000,Styrene,16230,3182089,3246049
29032200,Trichloroethylene,10440,1249404,1274516
29041090,Hydrocarbon Derivatives Cont.Only Sulpho Grp.Treir Slats(Ex.Methane Sulp..,6270,1518580,1547899
29049900,Other,15930,5388308,5496999
29051110,Methanol (Methyl Alcohol),40000,3584104,3627544
29051290,Propan101 (propy1 alcohol) and propan201 (isopropy1 alcohol):,39446,5374323,5482345
29071900,"Other Monophenols, Nes",50,34982,35685
29072900,"Other polyphenols, nes",2380,1373178,1396881
29096000,"Alcohol, Ether And Ketone Peroxides And Their... Derivatives, Nes",16520,7137292,7269206
29103000,"1-Chloro-2,3-Epoxypropane (Epichlorohydrin)",19200,3299340,3365657
29144000,Ketone-alcohols and ketone-aldehydes,80,265126,270454
29146100,Anthraquinone,24000,24794147,25227969
29151100,Formic Acid,387056,27498197,29381279
29151200,Salts Of Formic Acid,20000,1558840,1590173
29151300,Esters Of Formic Acid,1000,331407,334721
29152100,Acetic Acid,1722916,169407257,196199936
29152910,Sodium acetate,50,21104,21315
29152990,"Formic acid, its salts and esters:Excl. Sodium Acetate",1,57790,58952
29153100,Ethyl Acetate,84600,10554205,16406481
29153200,Vinyl Acetate,15770,2142716,2184119
29156000,"Butyric Acids, Valeric Acids, Their Salts And Esters",2000,721476,728691
29157010,"Stearic Acid,Their Salts And Esters",6000,2925545,2981950
29157020,Ethyl Palmitate And Isopropyl Palmitate,3640,1408337,1444708
29157039,Other Palmatic Acid/Salt,3200,445018,453961
29159000,"Other Saturated Acyclic Monocarboxylic Acids And Their... Derivatives, Nes",4680,1022501,1037491
29161200,ESTERS OF ACRYLIC ACID,174720,30719019,31324358
29161400,ESTERS OF METHACRYLIC ACID,1255,915100,928153
29163100,"Benzoic Acid, Its Salts And Esters",175,69166,69857
29163200,Benzoyl Peroxide And Benzoyl Chloride,60,63777,65060
29163900,"Aromatic monocarboxylic acids, etc, their... derivatives, nes",240,66281,67613
29171100,"Oxalic Acid, Its Salts And Esters",11250,950453,969264
29171900,"Acyclic polycarboxylic acids, etc, their... derivatives, nes",24000,6001903,6122541
29172000,"Cyclanic... Cycloterpenic Polycarboxylic Acids, Etc, Their...Derivatives",3526,680377,694052
29173990,"Other Aromatic Polycarboxylic Acids, Etc, Their... Derivatives, Nes",67002,14871842,15086967
29181100,"Lactic Acid, Its Salts And Esters",43,4235,4276
29181400,Citric Acid,210000,18738614,22343953
29181500,Salts And Esters Of Citric Acid,5005,1102419,1349337
29181600,"Gluconic Acid, Its Salts And Esters",18500,1978622,2018392
29199000,Phosphoric esters..derivatives.Exclu. Tris phosphate & Tetrasodium fosfertrol a,2370,1198772,1222867
29211990,Other,400,174295,177799
29212190,Ethylenediamine And Its Salts,6,1738,1755
29212900,"Other Acyclic Polyamines And Their Derivatives, Salts Thereof, Nes",30400,3731396,3806397
29213000,"Cyclanic...Or Cycloterpenic Mono- Or Polyamines, Etc; Salts Thereof",160,119559,120754
29221100,Monoethanolamine And Its Salts,210,22683,22910
29221910,"Amino-alcohols, their ethers and esters with only 1 oxygen function, nes",3016,903404,921562
29224900,"Oth.Amino-Acids&Their Esters,>1 Kind Of Oxygen Function; Salts Thereof,Nes",2,77274,78828
29239000,"Quaternary Ammonium Salts And Hydroxides, Nes",408,308739,312511
29241100,MEPROBAMATE (INN),2520,1948673,1987840
29241900,"Acyclic amides (incl. acyclic carbamates) and derivatives; salts thereof,nes",41910,17834960,18302928
29251990,Imides And Their Derivatives; Salts Thereof (Excl. Saccharin),25,307687,310764
29270000,"Diazo-, Azo- Or Azoxy-Compounds",7600,4000818,4081234
29291000,Isocyanates,40740,9462326,9652519
29299090,Other,60150,7572648,7724857
29302000,Thiocarbamates And Dithiocarbamates,1695,1773425,1791159
29309010,"Other organo-sulphurcompounds, nesr",175,190461,192365
29329900,"Other Heterocyclic Compounds With Oxygen Hetero-Atom(S) Only, Nes",500,748120,763156
29342000,"Compounds Containing A Benzothiazole Ring-System, Not Further Fused",760,399838,403835
29362700,"Vitamin C And Its Derivatives, Unmixed",1000,439421,519616
29420090,"Other Organic Compounds,Nes",150,107155,108226
30059000,"Wadding, Gauze, Etc With Pharmaceutical Substances For Retail Sale, Nes",55,42083,42928
31021000,"Urea, Whether Or Not In Aqueous Solution",3,270,272
31022100,Ammonium Sulphate,42000,1804327,1893142
31026000,Double Salts And Mixtures Of Calcium Nitrate And Ammonium Nitrate,26500,1095460,1109704
32011000,Quebracho Extract,38400,11097927,11456244
32012000,Wattle Extract,125000,33819461,34499232
32021000,Synthetic Organic Tanning Substances,706688,148753701,152060534
32029000,"Inorganic Tanning Substances; Tanning Preparations..., Nes",43910,8923020,9102370
32041100,Disperse Dyes And Preparations Based Thereon,483192,712660350,726693706
32041200,Acid Dyes And Preparations; Mordant Dyes And Preparations,127711,177025071,180206395
32041310,AZO DYES,3404,2955100,3014498
32041390,Other basic dyes and preparation,20794,23902655,24364759
32041400,Direct Dyes And Preparations Based Thereon,52437,40192628,42790158
32041500,Vat Dyes And Preparations Based Thereon,1197606,381762997,389309225
32041600,Reactive Dyes And Preparations Based Thereon,4709449,3128793257,3193827721
32041700,Pigments And Preparations Based Thereon,169878,148731917,152806314
32041900,Other Synthetic Organic Coloring Matter(Inc.Mixtrs) Of Prods 320411-320419,1216187,228008870,263538866
32042000,Synthetic Organic Products Used As Fluorescent Brightening Agents,100909,62370929,64417652
32049000,Synthetic Organic Products Used As Luminophores,14473,25578084,26092270
32050000,Colour Lakes; Preparations Based On Colour Lakes As Specified In Note 3,10,4629,4722
32061100,"Pigments & Preparatns Based On Titanium Dioxide,Cont.=>80%Titanium Dioxide",8800,4453839,4728743
32061910,"Pigments/Preparatns Based On Titanium Dioxide, Cont.< 80% Titanium Dioxide",56500,4195879,4725698
32061920,Color master batch,108795,43634161,46264927
32061990,"Pigments/Preparatns Based On Titanium Dioxide, Cont.< 80% Titanium Dioxide",7285,4136569,4213409
32064900,"Other Colouring Matter; Preparations As Specified In Note 3, Nes",3745,2791903,2837511
32071000,"Prepared Pigments, Opacifiers & Colours... For Ceramics And Glass Ind.Etc",64,101001,102011
32081090,"Other Paints Based On Polyesters, In A Non-Aqueous Medium",16656,10102336,10246942
32082091,Cover coat/medium,40,100387,114068
32082099,"Other Paints Based On Acrylic Or Vinyl Polymers, In A Non-Aqueous Medium",27129,19809728,20100418
32089090,"Other Paints And Varnishes, In A Non-Aqueous Medium, Nes",201922,152756456,157552589
32091000,Based on acrylic or vinyl polymers,12328,12606122,14039016
32099090,"Other Paints And Varnishes, In An Aqueous Medium, Nes",11298,6391368,6543126
32100020,Prepared Water Pigments Of A Kind Used For Finishing Leather For Cleaning.,4450,2105463,2145563
32100090,Other Paints & Varnishes,34116,27471698,28494492
32110000,Prepared Driers,128,117834,120203
32121000,Stamping Foils,899,2828027,2943389
32129000,"PIGMENTS(INCL.METALIC..) DISPERSED IN NON AQUEOUS MEDIA..,EXCL. STAMPING FOILS",4988,4530287,4600606
32139000,"Artists', Students' Or Signboard Painters' Colours In Packings, Nes",1892,957468,976547
32141000,"GLAZIERS PUTTY,GRAFTING PUTTY, RESIN CEMENTS, CAULKING COMPOUNDS AND OTHER MASTICS...",7854,724275,737699
32149000,Non-Refractory Surfacing Preparations,1485,504475,514615
32151100,"Black printing ink, whether or not concentrated or solid",84424,89302547,96464499
32151900,"Other printing ink, whether or not concentrated or solid (excl. black)",933074,523644155,612939256
32159010,Inkjet Refill In Injectable Form,160,2987228,3047274
32159090,"Other Ink,Wheterh Or Not Concentrated Or Solid(Ex.Ink For Ball Points Pens",211998,109052917,135787120
33021010,"Of a kind used in beve. and food indus., cont. alcohol <0.5 absolute per volume or free from alcohol",2500,2224722,2269439
33049990,"Beauty, make-up, skin-care (incl. suntan), nes-- Petroleum jelly... than other",100,184115,187816
33051000,Shampoos,4900,2177221,2220765
33053000,Hair Lacquers,15618,2913029,2971580
33059000,"Preparations For Use On The Hair, Nes",20030,10500622,14150387
34011900,"Soap And Organic Surface-Active Products In Bars, Etc, Nes",21960,4857207,4954840
34012000,SOAP IN OTHER FORMS,2202,843174,860016
34023100,Anionic organic surface-active ageLinear alkylbenzene sulphonic acids and their salts,80000,16103921,16427610
34023910,Chips of Sodium Isethionate,13760,4070355,4115463
34023990,Other than Chips of Sodium Isethionate,5042,1849395,1886982
34024100,"Other organic surface-active agents, whether or not put up for retail sale :, Cationi",40560,10031073,10232699
34024290,"Other organic surface-active agents, whether or not put up for retail sale :, Non-ion",430690,121492445,124202516
34024910,"Other organic surface-active agents, NES",34796,13982013,14248626
34024990,"Other organic surface-active agents, NES",18950,9474752,9656938
34025000,Preparations put up for retail sale,3960,1443609,1472625
34029010,Detergents,1079788,311408773,319761331
34029020,Cleaning preparation,7773,2532586,2649860
34029090,Washing & Cleaning Preparations (Excl. Detergents),3427017,1025467673,1050785838
34031100,Lub.Preparations For Treatement Of Tex.Leather Etc With=<70% Petroleum Oil,146678,44909911,45739327
34031900,"Other Lubricating Preparations, With =<70% Petroleum Oil, Nes",48976,29884489,30486302
34039100,"Lub.Preparations For Treatement Of Tex. Leather Etc, Nes",321492,81920067,83646561
34039910,Compressor oil,2605,2102900,2137459
34039930,Synthetic lubricating Oil,3000,957398,976641
34039990,"Other Lubricating Preparations, Nes",72968,31690979,32881463
34042000,Artificial Waxes Of Polyethylene Glycol,68209,15753243,16118548
34049010,Other Waxes,5,86473,88203
34049090,"Artificial Waxes And Prepared Waxes, Nes",129746,33299703,33936686
34051000,"Polishes, Creams And Similar Preparations For Footwear Or Leather",3999,3317282,3374057
34053000,Polishes And Similar Preparations For Coachwork (Excl. Metal Polishes),730,252643,255169
34054000,Scouring Pastes And Powders And Other Scouring Preparations,9983,2851336,2907505
34059010,Polishes and other preparations used in the finishing (including electroplating) of met,23036,17639418,17985223
34059090,"Other polishes, creams and similar preparations, nes",118,88419,89302
35030090,"Gelatin and derivatives; isinglass; glues of animal origin, nes",1000,742597,757524
35051000,Dextrin and other modified starches,3657550,362160369,404691173
35052000,"Glues Based On Starches, Dextrins Or Other Modified Starches",224739,37338732,47943889
35061000,"Products Put Up As Glues Or Adhesives For Retail Sale, =<1kg",18290,12295796,12557471
35069110,Elastic/construction glue,23673,10788154,11130581
35069190,Adhesives Based On Rubber Or Plastic (Incl. Artificial Resins),1216651,401465223,434096652
35069900,Stripping chemical,92536,47935891,53537493
35079010,Streptokinase,19025,6883106,7017926
35079090,Other than Streptokinase,972800,335841836,342241251
37012000,"Instant Print Flat Film, Unexposed",0,123,632
37013000,"Other plates and film, with any side exceeding 255 mm",20849,34855274,35798069
37019900,"Photographic plates and film, in the flat (excl. for colour), unexposed",612,2964987,3024584
37024400,"Photo Film, In Rolls, Non-Perforated, Width >105mm But =<610mm",176,1683687,1717529
37071000,Sensitising emulsions,10230,7429495,7671980
37079000,"OTH.CHEMICAL PREPARATIONS FOR PHOTOGRAPHIC USES..,EXCL.SENSITISING EMULSIONS",2957,1592818,1926498
38021000,Activated Carbon,50,30675,31292
38029000,Activated Natural Mineral Products; Animal Black,100,122700,125166
38040000,Residual Lyes From The Manufacture Of Wood Pulp (Excl. Tall Oil),400,294093,300003
38051000,"Gum, Wood Or Sulphate Turpentine Oils",5,1227,1252
38061090,Rosin And Rasin Asids,32,1096343,1118274
38069090,"Derivatives of rosin and resin acids,... NES",1680,607285,619532
38085200,Goods specified in Subheading Note 1 to this Chapter,40,305664,311799
38085900,Other,120,13362,30050
38089129,"Insecticides, rodenticides... and similar products, for retail sale, nes",100,56442,57006
38089220,Fungicides Chromatade copper arsenate,120,44319,44762
38089291,"Fungicides, NES In bulk",13616,11845931,12084034
38089299,"Fungicides, NES Cxcl.in bulk",100,36946,37315
38089991,"Insecticides, rodenticides, fungicides, herbicides,..NES in bulk",800,465278,469931
38091000,"Finishing Agents, Etc, With A Basis Of Amylaceous Substances Nes",28250,9655913,9862614
38099100,Finishing Agents Etc. Of A Kind Used In The Textile Or Like Industries Nes,7344878,2306389759,2355305095
38099300,Finishing Agents Etc. Of A Kind Used In The Leather Or Like Industries Nes,113561,42546187,43692417
38101000,Pickling Preparations For Metal Surfaces;Soldering..Powders&Pastes..Mater.,3042,4286557,4370170
38111900,Anti-Knock Preparations (Excl. Based On Lead),7658,2069505,2090199
38112900,Other additives for lubricating oils (excl. with petroleum oils),600,22094,150253
38119000,"OTHER PREPARATIONS, EXCL.ANTI-KNOCK PREPARATIONS, ADDITIVES FOR LUBRICATING OILS",15100,10139980,10343321
38121000,Prepared Rubber Accelerators,28486,13012771,13256372
38122000,"Compound Plasticisers For Rubber Or Plastics, Nes",21930,10892386,11108983
38123910,Other,30800,13442846,13603556
38123990,Other,19140,12242896,12483514
38140010,Organic composite solvent,18076,7872656,8305769
38140090,"Organic Composite Solvents And Thinners, Nes; Paint Or Varnish Removers",315924,103588919,107824383
38151100,Supportedcatalysts With Nickel Or Its Compounds,385,218360,222342
38151900,"Supported Catalysts, Nes",100,13011,13568
38159000,"Reaction Initiators, Accelerators And Catalytic Preparations, Nes",8112,2877691,3546737
38170010,Linear Alkyl Benzene (LAB),68,8960,9223
38190000,Hydraulic Brake Fluids And Similar Liquids With <70% Petroleum Oil,3049,283348,590103
38229000,"Dianostic or Lab. Reagent, NES",1,131,136
38231100,Stearic Acid,132000,19274307,19770697
38231900,"OTH.INDUST. MONOCARBOXYLIC FATTY ACIDS.., EXCL.ST.ACID,OLEIC ACID,TALL OIL FATTY ACIDS",13148,7616099,7722508
38237000,INDUSTRIAL FATTY ALCHOLS,50,92057,93908
38241000,Prepared Binders For Foundry Moulds Or Cores,118300,21872082,24161941
38244000,"Prepared Additives For Cements, Mortars Or Concretes",45086,8485617,8571731
38249100,Mixtures and preparations consisting mainly of (5-ethyl-2-methyl-2-.......,2029,2774992,2825330
38249910,Other,11404,1513491,1534108
38249920,Chlorinated paraffin wax,6987,5601377,5713609
38249930,Barium/strontium ferrite powder,620,492227,496556
38249950,Coated calcium carbonate,54000,2651255,2704526
38249960,Desiccant,123973,99015608,106010954
38249992,Master batch not containing pigments,12000,4457309,4942476
38249999,Other,1984977,443905087,459229966
39011000,Polyethylene having a specific gravity of less than 0.94,1915179,303667195,313922009
39012000,Polyethylene having a specific gravity of 0.94 or more,5092805,671600561,735038395
39013000,"Ethylene-Vinyl Acetate Copolymers, In Primary Forms",834352,174398361,180779009
39014000,"Ethylene-alpha-olefin copolymers, having a specific gravity of less than 0.94",10781697,1413706073,1509634475
39019000,"Other Polymers Of Ethylene, In Primary Forms, Nes",44300,9715313,9880559
39021000,"Polypropylene, In Primary Forms",15998272,1988730766,2163513612
39023000,"Propylene Copolymers, In Primary Forms",394875,55492546,58195878
39029000,"Other Polymers Of Propylene Or Of Other Olefins, In Primary Forms, Nes",53017,3684619,5720273
39031900,"Polystyrene (Excl. Expansible), In Primary Forms",2052625,296830529,314148899
39032000,"Styrene-Acrylonitrile (San) Copolymers, In Primary Forms",2000,1603876,1634392
39033000,Acrylonitrile-butadiena-styrene(ABS) copolymers,889258,150540119,166856861
39039000,"Polymers Of Styrene, In Primary Forms, Nes",374400,57628238,66374900
39041000,"Polyvinyl Chloride, Not Mixed With Other Substances, In Primary Forms",120085,17345416,17825132
39042100,"Non-Plasticised Polyvinyl Chloride, In Primary Forms",196500,21979643,27063466
39042200,"Plasticised Polyvinyl Chloride, In Primary Forms",362750,63320240,64326411
39049000,"Polymers Of Halogenated Olefins, In Primary Forms, Nes",35,43451,44325
39051200,Polyvinyl Acetate In Aqueous Dispersion,56440,7608464,7761388
39052100,Vinyl Acetate Copolymers In Aqueous Dispersion,2040,550678,561746
39052900,"Vinyl Acetate Copolymers, Excl.That In Aqueous Dispersion, In Primary Form",6220,3288900,3355007
39053000,"Polyvinyl Alcohol, Whether Or Not Containing Unhydrolysed Acetate Groups",114200,33426928,34088031
39061000,"Polymethyl Methacrylate, In Primary Forms",102400,13290370,13871780
39069000,"Acrylic Polymers, In Primary Forms, Nes",2556190,582236817,595337338
39071000,"Polyacetals, In Primary Forms",191025,38903528,41562553
39072900,Other polyethers :EXLCUDING Bis (polyoxyethylene) methylphosphonate,299270,47510038,48452396
39073000,"Epoxide Resins, In Primary Forms",17072,6424203,7017981
39074000,Polycarbonate,19124,8469322,8925668
39075000,"Alkyd Resins, In Primary Forms",34460,3941140,4020357
39076100,Having a viscosity number of 78 ml/g or higher,506000,63971353,65257176
39077000,Poly (lactic acid),34572,15238171,15544257
39079100,"Unsaturated Polyesters, In Primary Forms, Nes",238758,68529393,69892221
39079900,"Polysters, In Primary Forms,NES",106150,25779929,26231436
39081000,"Polyamide 6,11,12,6,6,6,9,6,10 or 6,12:",46060,12697801,12991012
39089000,"Other polymides, in primary forms, nes",48207,21060194,22283431
39091000,UREA RESINS; THIOUREA RESINS,5600,1929083,1967856
39092000,Melamine resins,18480,2715106,2766117
39093100,"Poly(methylene phenyl isocyanate) (crude MDI, polymeric MDI)",14550,4909732,5011913
39095000,"Polyurethanes, In Primary Forms",333140,134269153,137352528
39100000,Silicones Inprimary Forms,709177,267420943,272962190
39111000,"Petroleum Resins... Other Resins And Polyterpenes, In Primary Forms",17092,5598738,5713994
39119000,"Polysulphides, Polysulphones And Other Products..., In Primary Forms",8632,4760526,5180279
39121200,"Plasticised Cellulose Acetates, In Primary Forms",725,286299,292388
39123100,"Carboxymethylcellulose And Its Salts, In Primary Forms",300,364419,368063
39123900,"Other Cellulose Ethers, In Primary Forms, Nes",200,209198,213402
39129000,"Cellulose And Its Chemical Derivatives, In Primary Forms, Nes",2382,1077226,1096241
39131000,"Alginic Acid, Its Salts And Esters, In Primary Forms",14100,14124168,14390707
39139000,"Natural and modified natural polymers, in primary forms",14522,4432869,4498186
39140000,"Ion-Exchangers Based On Polymers Of 39.01 To 39.13, In Primary Forms",450,102148,104201
39151000,"Waste, Parings And Scrap, Of Polymers Of Ethylene",156000,19243695,20997479
39159000,"Waste, Parings And Scrap, Of Other Plastics, Nes",476831,22690664,23341811
39161000,"Monofilament Dimenson>1mm,Rods..&Prof.Sha.,Polym. Of Ethylene",9,40260,41070
39162000,"Monofil..>1mm,..Of Vinyl Chloride For door, window and photo frame",1213,1582115,1598361
39169010,FRP rod,54,113743,114880
39169020,Fibre reinforced polymer (FRP) sticks and profile shapes,71240,31602623,32300559
39169090,"Monofil.Dimension>1mm,Rods..&Profile Shapes,Of Other Plastics",3076,2046143,2368623
39172100,"Tubes, Pipes And Hoses, Rigid, Of Polymers Of Ethylene",12232,21361842,21789765
39172200,"Tubes, Pipes And Hoses, Rigid, Of Polymers Of Propylene",60,39651,41617
39172310,Pvc Shrinkable Tube(Plain),1069,1794749,1834246
39172390,"Tubes,Pipes And Hoses, Rigid, Of Polymers Of Vinyl Chloride, Nes",15845,968053,994097
39172991,Fibre glass,6969,6276981,6339752
39172999,"Tubes, Pipes And Hoses, Rigid, Of Other Plastics, Nes",35117,3807784,3866140
39173190,"Other Flexible Tubes,Pipes And Hoses,With A Burst Pressure >=27.6 Mpa",413,656677,680010
39173290,"Tubes, Pipes And Hoses, Not Reinforced, Without Fittings, Nes",71,262047,267318
39173390,"Other Tubes,Pipes&Hoses With Fittings",21,665765,679567
39173990,"Other Tubes, Pipes And Hoses, Nes",1822,820615,903121
39174000,"Fittings, For Tubes, Pipes And Hoses, Of Plastic",1887,1194299,1235829
39191000,In rolls of a width not exceeding 20 cm,118337,88046240,90583570
39199010,Self adhesive tape in rolls exceeding 20cm,1402068,332509418,511368204
39199020,Performance Tape/Closure/Side Tape,21726,19222675,19670350
39199091,Re-seal/Self adhesive tape,6689,9537370,9725432
39199099,"OTHER SELF-ADHESIVE PLATES, TAPE, STRIP, FOIL... OF PLASTICS, NES",417491,373002613,422387179
39201010,Stretch Wrapping Film,18321,7016640,7791869
39201040,Tarpaulin,270,20253,22344
39201090,"Plates..,Of Polymers Of Ethylene, Laminated.. Not Reinforced,Etc.,Nes",298731,409703815,423984277
39202010,Polymers of propylene in printed form,593,8120295,8265579
39202020,Non-printed cast polypropylene film,10448,6793779,6940775
39202090,Other polymers of propylene(excl printed form),1179583,187549615,280057324
39203000,"Plates..., Of Polymers Of Styrene, Laminated..Not Reinforced, Etc",19820,2992264,4963216
39204300,CONTAINING BY WEIGHT NOT LESS THAN 6% OF PLASTICISERS,131340,15283610,31883308
39204910,PVC FILM & PVDC FILM FOR BLISTER PACK FOR MEDICINE,4688,1295352,1321388
39204920,Printed PVC sheet,80763,7805745,26060973
39204940,Unprinted PVC sheet,464,134851,151449
39204950,PVC film,79711,9995651,19960662
39204990,"Other plates...,of polymers of vinyl chloride other than not<6% of plasticisers",649894,121880080,177773358
39205100,"Plates..., Of Polymethyl Methacrylate, Laminated Not Reinforced, Etc",2478,790817,806712
39206210,poly(ethylene terephthalate in printed form,2076,12515993,12771888
39206290,Other poly(ethylene terepthalate) excl printed form,1102631,207977613,296673945
39206390,"Plates..., Of Unsaturated Polyesters, Laminated Not Reinforced, Etc",1084,299313,305069
39206910,Other polyester in printed form,5620,1172812,1583298
39206920,Unprinted polyester film in roll form,30000,6223085,7512422
39206991,Polyester paper/Unit binder tape,50,304710,307757
39206999,"Other polyesters, Nes (excl. printed form)",813,2122120,2192947
39207300,"Plates..., Of Cellulose Acetate, Not Reinforced, Etc",38753,34480389,34955463
39207900,"Plates..., Of Other Cellulose Derivatives, Not Reinforced, Etc, Nes",6018,1162633,1608041
39209100,"Plates..., Of Polyvinyl Butyral, Not Reinforced, Etc",9024,1382685,1828596
39209210,Other plastics polyamides in printed form,249050,27908602,31878225
39209220,Unprinted nylon film in roll form,302,39769,40567
39209290,"Other plastics polymides, Nes (excl. printed form)",1783,9015803,9106316
39209910,Film For Blister Packing Of Other Plastics,2549,1035916,1143612
39209990,"Plates..., Of Other Plastics, Not Reinforced, Etc, Nes",129644,174698827,183445936
39211100,"Cellular Plates, Strips... Of Polymers Of Styrene",25831,11264877,12025116
39211200,"Cellular Plates, Strips... Of Polymers Of Vinyl Chloride",240438,52945770,75305501
39211300,"Cellular Plates, Strips... Of Polymers Of Polyurethanes",443310,220082714,243896778
39211400,"Cellular Plates, Strips... Of Polymers Of Regenerated Cellulose",163,59040,60226
39211990,"Microcellular PET light sheet having a power saving capa.of 20% or more, NES",203968,174252529,180831411
39219010,"Vulcanised fibre sheet imp in pre punched, cut to size sha for the manuf of sliver cans plastic--yar",23109,10061018,10139396
39219020,Multilayer extruded sheet for plastic laminated collapsible tube,9,6796,8319
39219091,"Other cellular plates, strips in printed form..., of plastics",7077,1916299,1953278
39219093,Tarpaulin,48433,14450727,14595234
39219099,"Other cellular plates, strips ..., of plastics, nes",1067591,279176562,328043639
39221000,"Baths, Shower-Baths And Wash-Basins, Of Plastics",1105,1963893,1978872
39231000,"Boxes, Cases, Crates And Similar Articles Of Plastics",67565,21291637,21767544
39232100,Sacks and bags (incl. cones) of polymers of ethylene,1962300,550380815,564798136
39232910,AIRTIGHT STORAGE BAGS WITH ZIPPER,7708,8907573,9207461
39232990,Article for the conve..of polymers of ther plastic excl.airtght storage bag with zipp,124235,60146337,62054051
39233090,"Other Carboys, Bottles, Flasks And Similar Articles Of Plastics",477,748470,763502
39234010,Bobbins; Sliver/spinning can,38396,13956728,14235465
39235000,"Stoppers, Lids, Caps And Other Closures Of Plastics",90700,182373239,190163508
39239090,"Articles for the packing of goods, of plastics, nes",120214,53788179,55072447
39241000,Tableware And Kitchenware Of Plastics,400,153062,154593
39249090,"Other Household Articles And Toilet Articles, Of Plastics, NES",385,68521,69899
39261000,Office Or School Supplies Of Plastics,36,62961,64227
39262010,Gloves (Surgical) Of Plastics & Materials Of Heading 39.01-39.04,33,136724,137826
39262090,Art.Of App.&Clothing Accessories(Exl.Gloves)Of Plastics Hd.No.39.01-39.04,3897959,1727961300,1802028042
39263000,"Fittings For Furniture, Coachwork Or The Like Of Plastics",15,77942,79507
39264000,Statuettes And Other Ornamental Articles Of Plastics,1829,2402387,2441988
39269010,Plastic Coil Used As Contraceptive And Coil Inserter,201,217362,222372
39269030,"Parts And Fittings For Infusino Set, Of Plastics",3364,1864187,2196951
39269050,Taflon tape/PTFE tape,3269,4513914,4744272
39269060,Cot and Apron,1,1105,1129
39269091,Conveyor or transmission belts of belting,13088,9370282,9564045
39269099,"PVC scrn.having intrnl.dia.from 4-8 Mulch and strct.thereof used in agri.& hoti.,nes",577553,471213066,511821349
40011000,"Natural Rubber Latex, In Primary Forms Or In Plates, Sheets Or Strips",43529,10605666,10813741
40012200,"Technically Specified Natural Rubber, In Primary Forms Or In Plates, Etc",20160,5518146,5629059
40012900,"Other Natural Rubber, In Primary Forms Or In Plates, Etc, Nes",65662,22959198,23439936
40021100,Latex Of Styrene-Butadiene Or Carboxylated Styrene-Butadiene Rubber,27974,6123673,7428894
40021900,"Styrene-Butadiene Rubber; Carboxylated Styrene-Butadiene Rubber, Nes",1008179,308381971,333343480
40022000,"Butadiene Rubber, In Primary Forms Or In Plates, Sheets Or Strip",419710,120985862,123387847
40024900,Chloroprene (Chlorobutadiene) Rubber (Excl. Latex),158,1183455,1207161
40025100,Latex Of Acrylonitrile-Butadiene Rubber,101580,18338928,18612412
40025900,Acrylonitrile-Butadiene Rubber (Excl. Latex),50,20854,21274
40027000,Ethylene-Propylene-Non-Conjugated Diene Rubber,16000,3672480,3746396
40029100,"Latex Of Synthetic Rubber, Nes",27485,4503180,4593691
40029900,"Other Synthetic Rubber (Excl. Latex), Nes",242604,73306292,76455899
40030000,"Reclaimed Rubber In Primary Forms Or In Plates, Sheets Or Strip",2509,952733,971884
40040000,"Waste,Parings & Scrap Of Rubber(Ex.Hard Rubber)&Powders Gran.Obt.Therefrom",16750,2399201,2447425
40051000,"Rubber Compounded With Carbon Black Or Silica, Unvulcanized",317300,110261789,113030425
40059100,"Plates, Sheets And Strip Of Unvulcanized, Compounded Rubber, Nes",69132,55964589,56927802
40059900,"Compounded Rubber, Unvulcanized, In Primary Forms",76922,36498334,37231548
40061000,Camel-Back Strips For Retreading Rubber Tyres,22,18337,18706
40069000,"Other Forms And Articles Of Unvulcanized Rubber, Nes",37963,57788458,59032217
40070000,Vulcanized Rubber Thread And Cord,1127116,410429254,424439598
40081100,"Plates, Sheets And Strip Of Cellular Vulcanized Rubber",37304,9002131,11993267
40081900,"Rods And Profile Shapes Of Cellular Vulcanized Rubber, Nes",1674,1472931,1502478
40082100,"Plates, Sheets And Strip Of Non-Cellular, Vulcanized Rubber(Excl. Hard)",6121,3371623,3581448
40082900,"Rods And Profile Shapes Of Non-Cellular, Vulcanized Rubber (Excl. Hard)",3551,4844320,4944447
40091200,"TUBES,PIPES & HOSES ..NOT REINFORCED OR OTHERWISE COMB.WITH MAT.WITH FITT.",40,13354,13623
40101200,Conveyor Belts/Belting Of Vulcanised Rubber Reinf'D Only With Textile Mats,3,46389,47319
40101900,"Conveyor Belts Or Belting, Of Vulcanised Rubber, Nes",968,7279821,7422102
40103100,"ENDLESS TRNSMSN.BELTS OF TRPZDL.CROSS-SEC.(V-BLT),V-RIBBED OF..>60CM,<180",15,118685,135052
40103200,"ENDLESS TRNSMSN.BELTS OF TRPZODL.CROS-SECTION(V-BELTS),OTHER..>60CM<180CM",2,19884,20285
40103300,"ENDLESS TRNSMSN.BELTS OF TRZDL.CROSS-SECTION(V-BELTS)V-RIBED..>180CM,<240",5,357011,364159
40103500,"ENDLESS SYNCHRONOUS BELTS,OF AN OUTSIDE CIRCUMFERENCE EXCEEDING >60CM,<150",152,88578,89659
40103600,"ENDLESS SYNCHRONOUS BELTS,OF AN OUTSIDE CIRCUMFERENCE >150CM,<198CM",312,145157,148080
40103910,RUBBER BELT ROUND NOT EXCEEDING 10 in DIA/FLAT,1,14729,15024
40103990,"TRANSMISSION BELTS OR BELTING,NES OTHER THAN RUBBER BELT ROUND<10"" dia/Flat",1637,1433058,1558444
40113000,"New Pneumatic Tyres, Of Rubber For Aircraft",13029,28908886,29488760
40115000,"New Pneumatic Tyres, Of Rubber Of A Kind Used On Bicycles",77159,36199391,38488952
40118000,"Of a kind used on construction, mining or industrial handling vehicles and machines",480,566846,572570
40121300,OF A KIND USED ON AIRCRAFT,88,262425,267701
40129090,"Solid... tyres, interchangeable tyre treads and flaps, of rubber, nes",1455,1405513,1426305
40132000,"Inner Tubes, Of Rubber Of A Kind Used On Bicycles",12080,6616009,9760368
40149000,"Hygienic Or Pharmaceutical Articles Of Vulcanized Rubber, Nes",770,4381936,4451291
40151900,Gloves Of Vulcanized Rubber (Excl. Surgical Gloves),1206,874977,897872
40159000,"Articles Of Apparel And Clothing Accessories Of Vulcanized Rubber, Nes",264507,312571938,324986973
40161000,Articles Of Vulcanized Cellular Rubber,11734,17025551,19770825
40169100,"Floor Coverings And Mats Of Vulcanized Rubber, Non-Cellular",1908,73155,411431
40169200,"Erasers, Of Vulcanized Rubber",1,2666,2728
40169300,"Gaskets, Washers And Other Seals, Of Vulcanized Rubber",722,12013265,12350982
40169500,"Inflatable Articles, Of Vulcanized Rubber, Nes",2388,7426886,7576161
40169910,"ARTICLES OF VULCANIZED RUBBER, RUBBER CO /APRON",795,12886608,13218065
40169920,Rubber bearing,1,22093,22314
40169990,"ARTICLES OF VULCANIZED RUBBER,NES EX.RUBBER COT/APRON",113570,130523940,133821504
40170000,"HARD RUBBER(FOR EX.,EBONITE) IN ALL FORMS,INCL.WASTE AND SCRAP; ARTICLES OF HARD RUBBER",22292,5595925,5708403
41019000,"OTHER, INCLUDING BUTTS, BENDS AND BELLIES",6429,4846917,5929892
41041190,"Tanned or...,in the wet state (inclu wet-blue) full grains, .....excl. Split leather",301965,87613258,89374276
41041990,"Tanned..wet-blue other than full grains unsplit, grain splits , excl split leather",360464,52048009,53094168
41044110,Tanned or crust hieds. in the dry state full grains..Split leather,11400,12509475,12726569
41044190,Tanned or crust hieds. in the dry state full grains..Excl Split leather,5787,8537261,8838235
41044910,"Tanned or crust. in the dry state other than full grains...,Split leather",49593,8884749,9063427
41044990,"Tanned or crust. in the dry state other than full grains..., Excl Split leather",92540,170668550,173800774
41053000,IN THE DRY STATE (CRUST),2276,9918517,10117866
41071100,"WHOLE HIDES AND SKINS,FULL GRAIN,UNSPLIT",49031,131788647,134482864
41071200,"WHO;E HIDES AND SKINS, GRAIN SPLITS",9445,21696495,22006373
41071900,"WHOLE HIDES AND SKINS, NES",272658,525161184,539506207
41079100,"OTHER INCL. SIDES,FULL GRAINS,INSPLIT",1149,981075,1000795
41079200,"OTHER, INCLUDING SIDES, GRAIN SPLITS",287835,583962335,595395080
41079900,"OTHER,INCLUDING SIDES,NES",581757,1082687972,1103049059
41120000,"LEATHER FURTHER PREPARED AFTER TANNING OR CRUSTING,INC.PARCHMENT DRESSED..",19745,67331687,68982672
41131000,OF GOATS OR KIDS,13105,45278039,46241493
41139000,"LEATHR FUTHER PREPARED AFTER TUNNING OF CRUSTING,INCL PARCHMETN-DRSED..NES",15884,14223340,17417705
41142000,PATENT LEATHER & PATENT LAMINATED LEATHER;METALLISED LEATHER,17063,24817153,30078386
41151000,"COMPOSITION LEATHER WITH A BASIS OF LEAHTER OR LEATHER FIBR,IN SLABS...",24892,49529414,52951893
42021100,"Trunks, Suit-Cases..., Etc, With Outer Surface Of Leather,Or Of composition leather",40,19590,29681
42021200,"Trunks, Suit-Cases..., Etc, With Outer Surface Of Plastic Or Textiles",1,110430,112650
42022100,"Handbags With Outer Surface Of Leather, Or Composition Leather",149,105284,190932
42022200,Handbags with outer.. with outer surface of sheeting of plastics or of tex.. material,20,27740,35761
42022900,"Handbags, Nes",1389,2847394,2850924
42023900,"Articles Normally Carried In Pocket Or Handbag, Nes",2,1841,1878
42029100,With Outer Surface Of Leather or of composition leather,195,83772,119677
42029200,With outer surface of sheeting of plastics or of textile materials,18,20190,20956
42029900,"Cases And Containers, Nes, With Outer Surface Of Other Materials, Nes",1592,1150688,1193868
42031000,Articles Of Apparel Of Leather Or Of Composite Leather,764,3015113,3194629
42032900,"Gloves, Mittens And Mitts Nes, Of Leather Excl. For Sports",2,2308,2826
42033000,Belts And Bandoliers Of Leather Or Of Composition Leather,36396,71625324,77983838
42034000,OTHER CLOTHING ACCESSORIES,31005,222745238,228810499
42050010,Of a kind used in machinery or mechanical appliances or for other technical uses.,1,22526,22976
42050090,"Other articles of leather or of composition leather, NES",3297,22103131,22619937
42060090,"Articles of gut (excl. silk-worm), goldbeater's skin, bladders, nes",1,3226,3291
43021900,"Tanned Or Dressed Whole Furskins, Nes, Not Assembled",14480,19939701,20332663
43031000,Articles Of Apparel And Clothing Accessories Of Furskins,18,88940,90728
43039000,"Articles Of Furskin, Nes",382,69377,148088
43040000,Artificial Fur And Articles Thereof,43968,28100390,31799261
44012200,Non-Coniferous Wood In Chips Or Particles,2475,119859,121057
44071100,"Wood sawn or chipped length., sliced -- of a thick. exc. 6 mm Con.Of pine (Pinus spp)",115947,12489131,12740413
44072900,Other Tropical Wood not specified in Subheading Note 2,14740,2789815,2829455
44079200,Beech Wood (Fagus Spp.) Sawn/Chipped Lengthwise Sliced Or Peeled >6m Thick,120,19435,19629
44089000,"Veneer Sheets And Sheets For Plywood Of Other Wood, =<6mm Thick, Nes",1196,335826,342575
44111300,Medium density fiberboard (MDF) of a thickness exceeding 5 mm but not exceedin,8914,1632026,1679569
44111400,Medium density fiberboard (MDF) of a thickness exceeding 9 mm,18968,1673728,1732368
44124200,"Laminated veneered lumber: Other, with at least one outer ply of non-coniferous wood",26350,978976,1364759
44129900,"Plywood, veneered panels and similar laminated wood, nes",8928,3112165,3174720
44130029,"Treated Wood,Nes",196,1510980,1541350
44149000,"Wooden frames for paintings, photographs, mirrors or.... Excluding Of tropical wood",30177,4124627,4206802
44152090,"Pallets,Box Pallets&Other Load Boards Of Wood,Excl.Pallet Collars, Nes",4,2209,2504
44170000,"Tools, tool bodies, tool handles, broom or brush bodies.lasts and trees, of wood.",16447,3569596,3776716
44182900,Doors and their frames and thresholds : excluding Of tropical wood,1750,561465,572750
44189900,"Other panels, not of bamboo, not Assembled flooring panels",13710,10387099,10595880
44191200,Chopsticks,115,24856,25356
44219990,Other,585,213260,217529
45011000,"Natural Cork, Raw Or Simply Prepared",0,2799,2855
45019000,"Waste Cork; Crushed, Granulated Or Ground Cork",175,447203,456191
45020000,"Natural Cork, Debacked Or Roughly Squared..., Etc",50,275571,281110
45049000,"OTH, AGGLOMERATED CORK(WITH OR WITHOUT A BINDING SUB-STANCE) AND ARTICLES OF AGG. CORK",490,586647,630330
46012100,"Mats, matting and screens of vegetable materials Of bamboo",198,245241,250170
46012200,"Mats, matting and screens of vegetable materials Of rattan",2519,3672427,3746242
46019900,"OTH, PLAITS AND SIMILAR PRODUCTS OF PLAITING MATERIALS...(EXCL. OF VEGETABLES MATERIALS)",988,1758538,1793826
48010000,"Newsprint, In Rolls Or Sheets",109451,12027710,12387971
48022000,Paper And Paperboard As A Base For Photo-Sensitive... Paper,8050,953715,953872
48025400,Weighing less than 40 g/m²,14,22094,22585
48025590,Other Paper EXCL.ECG and ultrasonogram recording paper,32440,3702918,7627996
48025600,"OTHER PAPER OR PAPERBOARD, NOT CONTAINING...,WEIGHING 40 G/M2 OR MORE...",9,12,16933
48025700,"OTHER,WEIGHING 40 G/M2 OR MORE BUT NOT MORE THAN 150G/M2",39504,3556115,6259558
48025800,WEIGHING MORE THAN 150G/M2,629769,110188419,119296482
48026900,"OTH. PAPER & PAPER BOARD, IN ROLL, NES",240555,14160207,34800661
48030000,"Toilet,Facial Tissue,Towel,Napkin Stock & Similar Paper, In Rolls Or Sheet",67635,14168827,16695286
48041100,"Unbleached Kraftliner, Uncoated Paper & Paperboard In Rolls Or Sheets",14094180,949639935,1219022707
48041900,"Kraftliner,Uncoated(Excl.Unbleached),Paper & Paperboard,In Rolls Or Sheets",262100,25558943,27714315
48042190,"Unbleached Sack Kraft Paper,Uncoated In Rolls Or Sheets, Nes",289,354668,429857
48042900,"Sack Kraft Paper (Excl. Unbleached), Uncoated, In Rolls Or Sheets",108573,7939542,15728800
48043100,"Unbleached Kraft Paper..., Weighing =<150g/M2",878410,48059263,77097554
48043900,"Kraft Paper... (Excl. Unbleached), Weighing =<150g/M2",399934,50568942,51538898
48044100,"Unbleached Kraft Paper..., Weighing >150g/M2 But <225g/M2",9460765,682421715,833026179
48044200,"Kraft Paper..., Weigh.>150g/M2 But<225g/M2,Bleach Uniformally>95% By Wt...",297968,19296137,28001620
48044900,"Kraft Paper..., Weighing >150g/M2 But <225g/M2, Nes",387511,27641625,33864127
48045100,"Unbleached Kraft Paper..., Weighing >=225g/M2",3330435,241680379,289707150
48045900,"Kraft Paper..., Weighing >=225g/M2, Nes",33457,8541268,9676944
48051100,"FLUTING PAPER, SEMI-CHEMICAL FLUTING PAPER",11692521,736523057,993689028
48051200,"FLUTING PAPER,STRAW FLUTING PAPER",25,8531,8701
48051900,"FLUTING PAPER,NES",4204308,199463830,383015571
48052400,"TESTLINER(RECYCLED LINER BOARD),WEIGHING 150G/M2 OR LESS",818656,41495260,71866126
48052500,TESTLINER(RECYCLED LINER BOARD)WEIGHING MORE THAN 150G/M2,195876,11268058,17107658
48053000,"Sulphite Wrapping Paper, Uncoated In Rolls Or Sheets",3507,2728418,2939544
48054000,"Filter Paper And Paperboard, Uncoated In Rolls Or Sheets",22,14037,14319
48055000,"Felt Paper And Paperboard, Uncoated In Rolls Or Sheets",10476,1114151,2124087
48059110,Uncoated paper board,850,153278,156359
48059190,"Fluting paper, NES, weighing 150 g/m2 or less",706729,34245691,62063773
48059290,"Fluting paper, NES weighting more than 150 g/m2 but less than 225 g/m2",1564624,73634920,136462345
48059390,"Fluting paper, NES weighing 225 g/m2 or more",45900,6591903,6831770
48062000,"Greaseproof Papers, In Rolls Or Sheets",362,775816,791410
48063000,"Tracing Papers, In Rolls Or Sheets",11962,3151230,3571420
48064000,"Glassine And Other Glazed Transparent Or Translucent Papers, Nes",267527,54675701,55715128
48070000,"CMPST.PAPER&PAPER BOARD,NOT SURFACE -COATED OR IMPREGBATED..,IN ROLL/SHEET",25295,1813844,3336257
48081000,"Corrugated Paper And Paperboard, In Rolls Or Sheets",27554,1522213,4141041
48089000,"Paper And Paperboard, Corrugated, Creped, Etc, In Rolls Or Sheets, Nes",16373,2026003,2054584
48092000,"Self-Copy Paper, In Rolls Or Sheets",3,982,2103
48099090,"Carbon or similar copying papers, nes",211366,20490952,32809714
48101300,"MECHANICL OR CHEMICAL-MECHANICAL, IN ROOLS",224873,27250651,34706320
48101400,IN SHEETS WITH ONE SIDE <435MM AND OTH.SIDE <297 IN THE UNFOLDED STATE,21778,11964771,12197780
48101900,"PAPER&PAPERBOARD OF A KIND USED FOR WRITTING,PRINTING OR OTH.GRAPHIC..NES",671092,106121973,119246383
48102200,LIGHT-WEIGHT COATED PAPER,1167850,93877644,102846470
48102900,"Paper... For Writing, Etc, >10% Mechanical Fibres, Coated...",1324042,102102999,104490757
48103200,"Kraft Paper, Bleach By Chem.Process >95% Chem.Fibres, >150g/M2,Coated(Ex..",11119,1405326,1548289
48103900,"Kraft Paper & P.Board,Beach By Chem.Process,Coated,Nes(Ex.Writing,Printing",845214,72299190,78215925
48109200,"OTHER PAPER & P.BOARD,MULTIPLY PAPER & PAPERBOARD",26094578,1747833289,3157758586
48109990,"Single/double side coated relse. paper Imp. by VAT reg. Refrigtr./freez manf. Ind,Nes",10971507,861101730,1385439788
48111000,"Tarred, Bituminized Or Asphalted Paper And Paperboard",38877,14687916,15725361
48114100,Self-adhesive,503724,172471044,185441361
48114900,"SELF ADHESIVE,PAPER & PAPER BOARD, NES",387505,387479700,403966482
48115990,"PAPER,PAPERBOARD,CELLULOSE WADDING AND ...EXCL.TETRAPACK/ASCEPTIC PACK",25653,4231436,4316486
48116020,Paraffin wax or stearin covered or latex coated or waterproof paper and paperboard,55,6137,42576
48119010,Melamine/Decalcomania Paper,7856,2188896,2232892
48119021,Insulated paper,12000,1269657,1502404
48119029,"Paper board, Leather waith paper",363,44528,114187
48119090,"Other Paper,Paperboard,Cellulose Wadding And Webs Of Cellulose Fibres,Nes",463964,100317102,117086228
48149000,"Wallpaper And Other Wall Coverings; Window Transparencies Of Paper, Nes",1687,552524,560814
48169000,"Copying Or Transfer Paper, Nes; Offset Plates, Of Paper (Excl.Heading 4809",84476,11073805,14802782
48171000,Envelopes Of Paper Or Paperboard,42,657214,671324
48172000,"Letter Cards, Plain Postcards And Correspondance Cards Of Paper...",7929,1394429,2111564
48173000,"Boxes, Etc, Of Paper Or Paperboard Containing Paper Stationery",2580,249328,254339
48181000,Toilet Paper,121,50030,52203
48185000,Articles Of Apparel And Clothing Accssories Of Paper,37574,6048268,7531349
48189000,"Household, Sanitary Or Hospital Articles Of Paper..., Etc, Nes",64671,11425135,11655007
48191000,"Cartons, Boxes And Cases, Of Corrugated Paper Or Paperboard",8627441,1268836087,1310214004
48192010,"Folding Cartons, Boxes And Cases, Of Non-Corrugated Paper Or Paperboard",33116,15978258,16643287
48192090,"Folding Cartons, Boxes And Cases, Of Non-Corrugated Paper Or Paperboard",130568,62306544,63873865
48193000,"Sacks And Bags, Having A Base Of A Width Of >=40cm Of Paper, Paperboard",3100,2479525,2517423
48194090,Other than Fruit Bag,3117,1273513,1410903
48195000,"Packing Containers, Including Record Sleeves, Of Paper..., Nes",3705,2371984,2419542
48201000,"Registers,Acc.Books,Diaries,Similar Articles,Order & Receipt Books,Of ....",1815,390997,398860
48203000,Binders (Other Than Book Covers) Folders & File Covers Of Paper/Paperboard,1502,543577,554803
48204000,Manifold Business Forms And Interleaved Carbon Sets,528,49097,49588
48209000,"Blotting Pads, Book Covers And Other Articles Of Stationery Of Paper...Nes",780,753930,769084
48211000,Printed Paper Or Paperboard Labels Of All Kinds,1698370,1822341339,1878879070
48219010,Sticker,9392,17805996,18198999
48219090,Excl. Sticker imp. by VAT reg. electric fan or water pump motor manf. Ind.,369611,157501833,161845854
48221000,"Bobbins, Spools..., Of Paper Or Paperboard For Winding Textile Yarn",74227,8445929,8711893
48229000,"Bobbins, Spools,Cops And Similar Supports Of Paper Or Paperboard, Nes",117442,18888209,19126955
48232000,"Filter Paper And Paperboard, Cut To Shape",60165,8021365,8475378
48234000,"Rolls, sheets and dials, printed for self recording apparatus",94,45231,163995
48236900,"Other trays, dishes, plates, cups and the like, of paper and paperboard Excl. Of bam",11143,6185970,6312627
48237090,"Moduled or pressed articles of paper pulp, Excl Gasket imp by VAT reg. comp. manu.",7484,3901891,4133063
48239010,"Paper And Paperboard, Cut To Size And Articls Of Paper",39966,12987890,17126959
48239092,Wrappers for confectionery,307,310418,316019
48239093,Surface coloured or printed paper or paper board,6063,707246,761978
48239099,"Paper And Paperboard, Cut To Size And Articles Of Paper, Etc, Nes",284644,61297239,74550049
49011000,"Printed Books, Brochures, Leaflets, Etc, In Single Sheets",2817,2359391,2440131
49019100,"Dictionaries And Encyclopaedias, And Serial Instalments Thereof",1350,1087672,1106544
49019920,Text books for primary and secondary education.,1,123,626
49019930,Other books,17,15181,18664
49019990,"Printed Books,Brichures,Leaflets&Similar Printed Metter, Nes",13158,6613424,6813272
49060000,Plans...For Archit...Purposes;Handwitten Texts;Photogr.Of Repo.Of The ....,20651,1559331,1582586
49081010,Transfers (decalcomanias),49,118201,141944
49081090,"Transfers(Decalcomanias), Vitrifiable, Nes",3891,16645763,17966100
49089000,Transfers (Decalcomanias) (Excl. Vitrifiable),38159,252732233,265505560
49111000,"Trade Advertising Material, Commercial Catalogues And The Like",187769,17829792,17900113
49119100,"Pictures, Designs And Photographs",4559,18177438,20437897
49119990,"Other printed matter, including printed pictures and photographs., NES",213,703404,722653
50020000,Raw Silk (Not Thrown),6107,4497560,4587962
50040000,"Silk Yarn (Excl. Spun From Silk Waste), Not Put Up For Retail Sale",70,4296,87663
50072000,"Woven Fabrics Of Silk, Containing >=85% Silk Or Of Silk Waste",110,2611477,2733186
50079000,"Printed Woven Fabrics, Containing <85% Silk",11,27963,34230
51011900,"Greasy Wool (Excl. Shorn), Not Carded Or Combed",77,159566,162774
51021100,"FINE ANIMAL HAIR,OF KASHMIR (CASHMERE) GOATS NES",3729,49237747,50227424
51032000,"Other Waste Of Wool Or Of Fine Animal Hair, Not Garnetted Stock, Nes",324,198967,203419
51040000,Garnetted stock of wool or of fine or coarse animal hair,462,1197239,1221303
51052900,Wool tops and combed wool (excl. in fragments),47918,30223696,30842474
51053100,"FINE ANIMAL HAIR,CARDED OR COMBED , OF KASHMIR (CASHMERE) GOATS",294,4151927,4235383
51061000,"Yarn Of Carded Wool, Not Put Up For Retail Sale, With >=85% Wool",69066,212650190,216934699
51062000,"Yarn Of Carded Wool, Not Put Up For Retail Sale, With <85% Wool",108250,244154830,251195359
51071000,"Yarn Of Combed Wool, Not Put Up For Retail Sale, With >=85% Wool",424961,1086741016,1108264540
51072000,"Yarn Of Combed Wool, Not Put Up For Retail Sale, With <85% Wool",50791,85324249,87098374
51081000,"Carded Yarn Of Fine Animal Hair, Not Put Up For Retail Sale",1539,20982366,21305399
51082000,"Combed Yarn Of Fine Animal Hair, Not Put Up For Retail Sale",1558,15294307,15601723
51091000,"Yarn, with >=85% wool or of fine animal hair, put up for retail sale",1310,2205315,2247017
51099000,"Yarn, with <85% wool or of fine animal hair, put up for retail sale",8,736,5422
51111100,"Woven Fbrcs.With>=85% Carded Wool Or Of Fine Animal Hair, =<300g/M2 Weight",1868,1214600,1411237
51111900,"Woven Fbrcs.With>=85%Carded Wool Or Of Fine Animal Hair, >300g/M2 Weight",2244,6822062,6981599
51112000,"Woven Fabrics Of Carded Wool, Mixed With Man-Made Filaments",9,5523,5549
51113000,"Woven Fabrics Of Carded Wool, Mixed With Man-Made Staple Fibres",12807,18284241,18462123
51119000,"Other Woven Fabrics Of Carded Wool Or Carded Fine Animal Hair, Nes",49990,87601103,88830427
51121100,"Woven Fabrics With>=85%Combed Wool/Of Fine Animal Hair,=<200g/M2 Weight",461,2542356,2602330
51121900,"Woven Fabrics With >=85% Combed Wool Or Of Fine Animal Hair, >200g/M2",1885,12877535,13110633
51122000,"Woven Fabrics Of Combed Wool, Mixed With Man-Made Filaments",148,525719,538041
51123000,"Woven Fabrics Of Combed Wool, Mixed With Man-Made Staple Fibres",40022,52117454,56755995
51129000,"Woven Fabrics Of Combed Wool Or Of Combed Fine Animal Hair, Nes",1496,5170507,5289076
52029100,Garnetted Stock Of Cotton,178884,14821585,15694470
52029910,Cotton waste,268015,30878372,31499030
52030000,"Cotton, Carded Or Combed",895136,285793365,292498911
52041100,"Cotton Sewing Thread, With >=85% Cotton, Not Put Up For Retail Sale",54307,31840087,33365747
52041900,"Cotton Sewing Thread, With <85% Cotton, Not Put Up For Retail Sale",7700,11065995,11200361
52042000,"Cotton Sewing Thread, Put Up For Retail Sale",52,54302,55393
52051100,"Uncombed Sin.Cot.Yarn,With>=85%Cot.,Nprs,=>714.29 Decitex (<=14mn).",775250,239118088,258524987
52051200,"Uncom.Sin.Cot.Yarn,With>=85%Cot.Nprs,<714.29de(>14mn)But(>=232.56de)<=43mn",5287187,1592692921,1699681317
52051300,"Uncom.Sin.Cot.Yarn,With>=85%Cot.,Nprs,<232.56(>43mn)But(>=192.31de)(<=52mn",1879465,667105951,709444000
52051400,"Uncombed Sin.Cot.Yarn,With>=85%Cot.Nprs,<192.31de(>52mn)But>=125de(<=80mn)",1221150,442071257,459110213
52052100,"Combed Single Cotton Yarn, With >=85% Cotton, Nprs,>=714.29 Decitex(<=14mn",445349,201560358,219858221
52052200,"Combed Sin.Cot.Yarn,With>=85%Cot.,Nprs,<714.29(>14mn)But>=232.56de.(<=43mn",6074384,2190725905,2360665774
52052300,"Com.Sin.Cot.Yarn,With>=85%Cot.,Nprs,<232.56deci(>43mm)But>=192.31de(<=52mn",13209268,4809632972,5133247326
52052400,"Com.Sin.Cot.Yarn,With>=85%Cot.,Nprs,<192.31de.But>=125de>52mn But<=80mn",11064408,4345879350,4471977935
52052600,"Com.Sin.Cot.Yarn,With>=85%Cot.,Nprs,<125 De.But >=106.38>80mn But<=94mm",462388,237226159,241885388
52052700,"Com.Sin.Cot.Yarn,With>=85%Cot.Nprs,<106.38de But>=83.33de>94mn But<=120mn",281861,143237345,145918293
52052800,"Combed Single Cotton Yarn, With >=85% Cotton, Nprs,<83.33 >120mn",1133063,590738730,604799584
52053200,"Mul. Unco.Cabled Cotton Yarn,>=85%Cot.,Nprs,>14mn But<=43mn P.Single Yarn",1229567,539238541,551471106
52053300,"Uncombed Cabled Cotton Yarn,>=85%Cotton,Nprs,>43mn But<=52mn P.Single Yarn",67493,27842739,28270599
52053400,"Uncombed Cabled Cotton Yarn,>=85%Cotton,Nprs,>52mn But<=80mn P.Single Yarn",735839,279543891,285447862
52053500,"Uncombed Cabled Cotton Yarn, With>=85% Cotton, Nprs, >80mn Per Single Yarn",76,23419,58277
52054100,"Combed Cabled Cotton Yarn, With >=85% Cotton, Nprs, <=14mn Per Single Yarn",31566,14831442,15130201
52054200,"Combed Cabled Cotton Yarn,With>=85%Cotton,Nprs,>14mn But<=43mn P.Sing.Yarn",929874,594940672,624990204
52054300,"Combed Cabled Cotton Yarn,With>=85%Cotton,Nprs,>43mn But<=52mn P.Sing.Yarn",94939,94921896,99091607
52054400,"Combed Cabled Cotton Yarn,>=85% Cotton,Nprs,>52mn But<=80mn Pr.Single Yarn",1433336,826794996,854805647
52054600,"Combed Cabled Cotton Yarn,>=85% Cotton,Nprs,>80mn But<=94mn Pr.Single Yarn",23050,13769049,14052940
52054700,"Combed Cabled Cotton Yarn,>=85% Cotton,Nprs,>94mn But<=120mn P.Single Yarn",70682,53293456,54424908
52054800,"Combed Cabled Cotton Yarn, With >=85% Cotton, Nprs, >120mn Per Single Yarn",2549,5681509,5700959
52061100,"Uncombed Single Cotton Yarn, With <85% Cotton, Nprs, <=14mn",108548,102021258,104071477
52061200,"Uncombed Single Cotton Yarn, With <85% Cotton, Nprs, >14mn But <=43mn",682094,229846880,269218806
52061300,"Uncombed Single Cotton Yarn, With <85% Cotton, Nprs, >43mn But <=52mn",161254,56750262,62544126
52061400,"Uncombed Single Cottonyarn, With <85% Cotton, Nprs, >52mn But <=80mn",21013,7586123,7824479
52061500,"Uncombed Single Cotton Yarn, With <85% Cotton, Nprs, >80mn",143,108505,108505
52062100,"Combed Single Cotton Yarn, With <85% Cotton, Nprs, <=14mn",176624,189133813,193178159
52062200,"Combed Single Cotton Yarn, With <85% Cotton, Nprs, >14mn But <=43mn",244026,124407533,130310818
52062300,"Combed Single Cotton Yarn, With <85% Cotton, Nprs, >43mn But <=52mn",768051,294244883,314640575
52062400,"Combed Single Cotton Yarn, With <85% Cotton, Nprs, >52mn But <=80mn",809959,315950654,348004360
52063200,"Uncombed Cabled Cotton Yarn,<85% Cotton,Nprs,>14mn But<=43mn P.Single Yarn",263468,170717015,174326754
52063300,"Uncombed Cabled Cotton Yarn,<85%Cotton,Nprs,>43mn But<=52mn Pr.Single Yarn",41125,51718492,52816650
52063400,"Uncombed Cabled Cotton Yarn,<85% Cotton,Nprs,>52mn But<=80mn P.Single Yarn",1907,1157460,1180724
52064100,"Combed Cabled Cotton Yarn, With <85% Cotton, Nprs, <=14mn Per Single Yarn",4326,3698478,3762303
52064200,"Combed Cabled Cotton Yarn,<85% Cotton,Nprs,>14mn But<=43mn Per Single Yarn",741270,506233683,536040762
52064300,"Combed Cabled Cotton Yarn,<85% Cotton,Nprs,>43mn But<=52mn Per Single Yarn",115387,82978261,85518352
52064400,"Combed Cabled Cotton Yarn,<85% Cotton,Nprs,>52mn But<=80mn Per Single Yarn",77838,53714366,57205220
52064500,"Combed Cabled Cotton Yarn, With <85% Cotton, Nprs, >80mn Per Single Yarn",9026,8178223,8342628
52071000,"Cotton Yarn (Excl. Sewing), Put Up For Retail Sale, With >=85% Cotton",138428,33399075,40678006
52079000,"Cotton Yarn (Excl. Sewing), Put Up For Retail Sale, With <85% Cotton",262,164676,171627
52081100,"Unbleached Plain Woven Fabrics Of Cotton With>=85%Cotton, =<100g/M2",268099,210191302,232044634
52081200,"Unbleached Plain Woven Fabrics Of Cotton>=85%Cotton,>100g/M2 But<200g/M2",127222,65072679,67543115
52081300,"Unbleached 3 Or 4-Thread Twill, With >=85% Cotton, <200g/M2",29243,12884059,13612580
52081900,"Unbleached Woven Cotton Fabrics, Nes, With >=85% Cotton",4134,5561883,5706214
52082100,"Bleached Plain Woven Fabrics Of Cotton With >=85% Cotton, =<100g/M2",27849,23455718,24224636
52082200,"Bleached Plain Woven Fbrcs.Of Cotton With>=85%Cotton,>100g/M2 But<200g/M2",103504,106847947,111740005
52082300,"Bleached 3 Or 4-Thread Twill (Incl. Cross Twill), With >=85% Cotton",72565,98188785,102047988
52082900,"Bleached Woven Cotton Fabrics, Nes, With >=85% Cotton",101978,123918622,126853873
52083100,"Dyed Plain Cotton Woven Fabrics With >=85% Cotton, =<100g/M2",54150,66656302,67977158
52083200,"Dyed Plain Cotton Woven Fabrics With >=85% Cotton, >100g/M2",627959,717061333,755900731
52083300,"Dyed 3 Or 4-Thread Twill (Incl. Cross Twill), With >=85% Cotton",384382,367088918,379607820
52083900,"Dyed Woven Cotton Fabrics, With >=85% Cotton, Nes",673900,814926654,846403938
52084100,"Coloured Plain Cotton Woven Fabrics With >=85% Cotton, =<100g/M2",28036,35303797,36744576
52084200,"Coloured Plain Cotton Woven Fabrics With >=85% Cotton, >100g/M2",1618422,1617045757,1668969062
52084300,"Coloured 3 Or 4-Thread Twill (Incl. Cross Twill), With >=85% Cotton",1590602,1561025848,1597744691
52084900,"Coloured Woven Cotton Fabrics, With >=85% Cotton, Nes",1987966,2026854693,2089010622
52085100,"Printed Plain Cotton Woven Fabrics With >=85% Cotton, =<100g/M2",15116,19800126,20379361
52085200,"Printed Plain Cotton Woven Fabrics With >=85% Cotton, >100g/M2",275168,338410111,349153151
52085900,"Printed Woven Cotton Fabrics, With >=85% Cotton, Nes",498818,493521573,506622183
52091100,"Unbleached Plain Cotton Woven Fabrics With >=85% Cotton, >=200g/M2",108407,36090958,44721721
52091200,"Unbleached 3 Or 4-Thread Twill (Incl. Cross Twill), With >=85% Cotton",1490816,565981356,610093329
52091900,"Unbleached Cotton Fabrics, With >=85% Cotton, >=200g/M2, Nes",137598,59081257,62605442
52092100,"Bleached Plain Cotton Woven Fabrics With >=85% Cotton, >=200g/M2",17285,14077077,16729552
52092200,"Bleached 3 Or 4-Thread Twill, >=85% Cotton, >=200g/M2",347348,247754026,262896846
52092900,"Bleached Woven Cotton Fabrics, With >=85% Cotton, >=200g/M2, Nes",92296,68585512,71265569
52093100,"Dyed Plain Cotton Woven Fabrics With >=85% Cotton, >=200g/M2",951993,740912939,760486745
52093200,"Dyed 3 Or 4-Thread Twill (Incl. Cross Twill), With >=85% Cotton",4809030,3463500903,3602232455
52093900,"Dyed Woven Cotton Fabrics, With >=85% Cotton, >=200g/M2, Nes",1494412,1061920498,1127964146
52094100,"Coloured Plain Cotton Woven Fabrics With >=85% Cotton, >=200g/M2",37883,21783510,26001913
52094200,"Denim, With >=85% Cotton, >=200g/M2",22421544,12637453569,13323437047
52094300,"Coloured 3 Or 4-Thread Twill (Incl.Cross Twill)With>=85% Cotton,>=200g/M2",542824,479478006,489877739
52094900,"Coloured Woven Cotton Fabrics, With >=85% Cotton, >200g/M2",342221,284067979,291016891
52095100,"Printed Plain Cotton Woven Fabrics With >=85% Cotton, >200g/M2",21435,18564925,19781062
52095200,"Printed 3 Or 4-Thread Twill (Incl.Cross Twill)With >=85% Cotton, >200g/M2",602252,437657459,454748825
52095900,"Printed Woven Cotton Fabrics, With >=85% Cotton, >200g/M2",72980,71591481,73233541
52101100,"Unbleached Plain Cotton Woven Fabrics With <85% Cotton, =<200g/M2",130611,73704872,78174813
52101900,"Unbleached Woven Cotton Fabrics, Nes, With <85% Cotton, =<200g/M2",1405,2494144,2544039
52102100,"Bleached Plain Cotton Woven Fabrics With <85% Cotton, =<200g/M2",108490,118114960,120755676
52102900,"Bleached Woven Cotton Fabrics, Nes, With <85% Cotton, =<200g/M2",81661,104304416,106355627
52103100,"Dyed Plain Cotton Woven Fabrics With <85% Cotton, =<200g/M2",337885,438250393,463008166
52103200,"Dyed 3 Or 4-Thread Twill, With <85% Cotton, =<200g/M2",158640,200263165,207205581
52103900,"Dyed Woven Cotton Fabrics, Nes, With <85% Cotton, =<200g/M2",235833,295167179,304569580
52104100,"Coloured Plain Cotton Woven Fabrics With <85% Cotton, =<200g/M2",277464,321643902,329699402
52104900,"Coloured Woven Cotton Fabrics, Nes, With <85% Cotton, =<200g/M2",535114,507957214,532002297
52105100,"Printed Plain Cotton Woven Fabrics With <85% Cotton, =<200g/M2",80632,112915831,115186726
52105900,"Printed Woven Cotton Fabrics, Nes, With <85% Cotton, =<200g/M2",46070,55631249,57495977
52111100,"Unbleached Plain Cotton Woven Fabrics With <85% Cotton, >200g/M2",19087,19691795,20128043
52111200,"Unbleached 3 Or 4-Thread Twill(Incl.Cross Twill)With <85% Cotton, >200g/M2",162496,133260597,136552234
52111900,"Unbleached Woven Cotton Fabrics, Nes, With <85% Cotton, >200g/M2",2861,2240397,2266813
52112000,Bleached,34456,28470297,30299902
52113100,"Dyed Plain Cotton Woven Fabrics With <85% Cotton, >200g/M2",159731,121015759,132543348
52113200,"Dyed 3 Or 4-Thread Twill (Incl. Cross Twill) With <85% Cotton, >200g/M2",1110347,954451720,1023584471
52113900,"Dyed Woven Cotton Fabrics, Nes, With <85% Cotton, >200g/M2",656651,598960200,647531388
52114100,"Coloured Plain Cotton Woven Fabrics With <85% Cotton, >200g/M2",9766,4619417,5767482
52114200,"Coloured Denim, With <85% Cotton, >200g/M2",13555499,7545263016,8184879692
52114300,"Color.Fab.Of 3 Or 4-Thread Twill(Inc.Cross Twill)With<85%Cotton,>200g/M2",63636,60318962,61620383
52114900,"Coloured Woven Cotton Fabrics, Nes, With <85% Cotton, >200g/M2",89360,71747909,73910832
52115100,"Printed Plain Cotton Woven Fabrics With <85% Cotton, >200g/M2",10,2455,12520
52115200,"Printed 3 Or 4-Thread Twill,(Incl.Cross Twill) With <85% Cotton, >200g/M2",98437,20450197,57955374
52115900,"Printed Woven Cotton Fabrics, Nes, With <85% Cotton, >200g/M2",12240,8839517,9921887
52121100,"Unbleached Woven Fabrics Of Cotton, =<200g/M2, Nes",189,246873,251523
52121200,"Bleached Woven Fabrics Of Cotton, =<200g/M2, Nes",19094,28493757,29100233
52121300,"Dyed Woven Fabrics Of Cotton, =<200g/M2, Nes",107845,118563010,121530284
52121400,"Coloured Woven Fabrics Of Cotton, =<200g/M2, Nes",111482,149944953,154415851
52121500,"Printed Woven Fabrics Of Cotton, =<200g/M2, Nes",13973,16551855,16884561
52122200,"Bleached Woven Fabrics Of Cotton, >200g/M2, Nes",12547,12003699,12244962
52122300,"Dyed Woven Fabrics Of Cotton, >200g/M2, Nes",302461,272525790,296400185
52122400,"Coloured Woven Fabrics Of Cotton, >200g/M2, Nes",33835,32566695,34225249
52122500,"Printed Woven Fabrics Of Cotton, >200g/M2, Nes",22822,15916385,16236308
53012100,"Flax, Broken Or Scutched, But Not Spun",231620,204597075,206965585
53021000,"True Hemp, Raw Or Retted",7169,7678502,7787872
53050090,"Coconut, avaca.... Excl. Coco substrate; coco pellet; growing media",22542,7882882,7963426
53061000,Single Flax Yarn,146375,219179377,211195453
53062000,Multiple Or Cabled Flax Yarn,2733,4275118,4380811
53071000,Single yarn of jute or of other textile bast fibres of 53.03,140000,25222736,25729710
53091100,"Bleached Or Unbleached, Woven Fabrics Of Flax, With >=85% Flax",28734,73603938,74761397
53091900,"Woven Fabrics Of Flax, With >=85% Flax, Printed, Dyed Or Coloured",590033,1564980035,1622650489
53092100,"Bleached Or Unbleached, Woven Fabrics Of Flax, With <85% Flax",45637,93231565,95204852
53092900,"Woven Fabrics Of Flax, With <85% Flax, Printed, Dyed Or Coloured",279823,456315871,471691939
53110000,Woven fabrics of other vegetable textile fibres; woven fabrics of paper yarn.,7,4296,4383
54011000,Sewing Thread Of Synthetic Filaments,2128870,1366133425,1446828187
54012000,Sewing Thread Of Artificial Filaments,13597,25110881,26068324
54021100,Synthetic filament yarn?High tenacity of nylon or other polyamides Of aramids,86886,27968779,32603949
54021900,"Synthetic filament yarn?High tenacity of nylon or other polyamides, Excl.Of ar",7441,4033506,4505714
54022000,"High tenacity yarn of polyesters, whether or not textured",188836,47815522,70912043
54023100,"Textured Yarn, Of Nylon Or Other Polyamides, =<5tex, Nprs",539079,232881389,251656827
54023200,"Textured Yarn, Of Nylon Or Other Polyamides, >50tex, Nprs",196825,60555731,72907770
54023300,TEXTURED YARN OF POLYESTER,14380075,2527610786,4717443754
54023400,Textured yarn Of polypropylene,110536,21930940,36037777
54023900,"Synthetic Textured Yarn, Nes, Nprs",13869,4196370,4287179
54024400,"Other yarn, single, untwisted or with a twist not exceeding 50 turns per metre",2578040,1300075223,1330806703
54024500,"Other yarn,single,untwisted or with a twist <=50 turns per metre Othr,of nylon",319529,120553559,125272298
54024600,"Other yarn,single,untwisted or with a twist <=50 turns per metre Other, of pol",82011,12042023,12162442
54024700,"Other yarn,single,untwisted or with a twist <=50 turns per metre Other, of pol",3013003,436940568,972344543
54024800,"Other yarn,single,untwisted or with a twist <=50 turns per metre Other, of pol",13300,4310867,4397692
54024900,"Single Synthetic Yarn, Nes,Untwisted With =<50turns/M, Nprs",42982,37462473,38241315
54025100,"Single Yarn Of Nylon Or Other Polyamides, With >50turns/M, Nprs",330756,165238499,169906471
54025200,"Single Yarn Of Polyesters, With >50turns/M, Nprs",369858,136084215,158929308
54025900,"Single Synthetic Yarn, Nes, With >50turns/M, Nprs",31747,9490030,10543622
54026100,"Multiple Or Cabled Yarn Of Nylon Or Other Polyamides, Nprs",834093,374493568,392285175
54026200,"Synthetic Multiple Or Cabled Yarn Of Polyesters, Nprs",4838557,1692901435,1939162821
54026900,"Synthetic Multiple Or Cabled Yarn, Nes, Nprs",72808,44694534,45592651
54031000,"High Tenacity Yarn Of Viscose Rayon, Nprs Excl. Sewing Thread",5042,2771152,2823721
54033100,"Single Yarn Of Viscose Rayon,Untwisted Or With =<120turns/M, Nprs",291689,93990463,104275079
54033200,"Single Yarn Of Viscose Rayon, With >120turns/M, Nprs",20950,13088812,13950944
54033900,"Single Artificial Yarn, Nes, Nprs",158091,86576723,90497791
54034100,"Multiple Or Cabled Yarn Of Viscose Rayon, Nprs",2135860,942486538,966088691
54034200,"Multiple Or Cabled Yarn Of Cellulose Acetate, Nprs",139,116853,175781
54034900,"Multiple Or Cabled Artificial Yarn, Nes, Nprs",2098698,1078126051,1100072789
54041100,Monofilament Elastomeric,10517,4566737,4949879
54041200,"Monofilament Other, of polypropylene",29510,28403926,28894283
54041900,Monofilament Excl. Elastomeric & other of polypropylene,1492,917557,935998
54049000,OTH. SYNTHETIC MONOFILAMENT OF 67 DECITEX OR MORE... (EXCL. MONOFILAMENT),22322,8685286,8850639
54050000,Artfcl.Monofilament Of>=67dec.Strip&The Like Of Artfcl.Txte.Mtrl.Width=<5m,58,30931,31552
54071010,Rejected fabrics generated during manu.of garments or processing of fabrics,7,4296,4383
54071090,"Rejected fabrics generated during manu.of garments or processing of fabrics, nes",14401,18431356,18801703
54072000,Woven Fabrics Obtained From Synthetic Strip Or The Like,2324,1728428,2082026
54073000,Fabrics Of Synthetic Filament Yarn Specified In Note 9 To Section Xi,25966,12159224,14200941
54074100,"Unbleached Or Bleached Woven Fabrics, >=85% Nylon...",170111,129544836,132455235
54074200,"Dyed Woven Fabrics Of Synthetic Filament Yarn, >=85% Nylon...",1305533,2553828508,2898509346
54074300,"Coloured Woven Fabrics Of Synthetic Filament Yarn, >=85% Nylon...",34060,54013251,55548979
54074400,"Printed Woven Fabrics Of Synthetic Filament Yarn, >=85% Nylon...",11815,26567715,27818483
54075100,"Unbleached Or Bleached Woven Fabrics, >=85% Textured Polyester",52579,34953535,39682211
54075200,"Dyed Woven Fabrics Of Synthetic Filament Yarn, >=85% Textured Polyester",6533970,4064317075,5316739954
54075300,"Coloured Woven Fabrics Of Synthetic Yarn, >=85% Textured Polyester",304618,190313542,226438199
54075400,"Printed Woven Fabrics Of Synthetic Yarn, >=85% Textured Polyester",952419,354451389,651371166
54076100,Other Woven Fabrics Of Synthetic Yarn>=85% Nontextured Polyester Filaments,1864513,1112082432,1464503297
54076900,Other Woven Fabrics Of Synth'C Yarn >=85% Textrd/Non-Textrd Polystr Filmnt,2545231,1692246127,2024314389
54077100,"Unbleached Or Bleached Woven Fabrics, >=85% Synthetic Filaments, Nes",222105,147991783,164167003
54077200,"Dyed Woven Fabrics, >=85% Synthetic Filaments, Nes",506163,284359194,369380793
54077300,"Coloured Woven Fabrics, >=85% Synthetic Filaments, Nes",30651,15386928,19227977
54077400,"Printed Woven Fabrics, >=85% Synthetic Filaments, Nes",211433,159546060,208387957
54078100,"Unbleached/Bleached Woven Fbrc.,<85% Synthetic Filaments,Mixed With Cotton",20913,10988038,14287494
54078200,"Dyed Woven Fabrics, <85% Synthetic Filaments, Mixed With Cotton",173073,215240988,226114022
54078300,"Coloured Woven Fabrics, <85% Synthetic Filaments, Mixed With Cotton",48865,36104976,36830873
54079100,"Unbleached Or Bleached Woven Fabrics <85% Synthetic Filament Yarn, Nes",8254,9281529,9468056
54079200,"Dyed Woven Fabrics <85% Synthetic Filament Yarn, Nes",236271,215718578,225397314
54079300,"Coloured Woven Fabrics <85% Synthetic Filament Yarn, Nes",41833,40946679,43136213
54079400,"Printed Woven Fabrics <85% Synthetic Filament Yarn, Nes",1524,2149019,2321844
54081000,"Woven Fabrics Of High Tenacity Synthetic Filament Yarn, Of Viscose Rayon",538,398716,436186
54082100,"Unbleached Or Bleached Woven Fabrics, >=85% Artificial Filaments Or Strip",1614,3294293,3360508
54082200,"Dyed Woven Fabrics, >=85% Artificial Filaments Or Strip",1417,2282443,2328668
54082300,"Coloured Woven Fabrics, >=85% Artificial Filaments Or Strip",292,55582,367947
54082400,"Printed Woven Fabrics, >=85% Artificial Filaments Or Strip",8782,6693522,6815800
54083200,"Dyed Woven Fabrics Of Artificial Filament Yarn, Nes",1224,5306720,5419031
54083400,"Printed Woven Fabrics Of Artificial Filament Yarn, Nes",29,103450,103734
55011100,"Snthetic filament tow Of nylon or other polyamides ,Of aramids",80,198255,201342
55011900,Synthetic filament tow Of nylon or other polyamides : Excluding Of aramids,41,102146,104199
55013000,ACRYLIC OR MOD ACRYLIC IMPORTED VAT REG. SYNTHETIC STAPLE FIBER MANUFACT.,171576,33274414,39949740
55019000,Synthetic Filament Tow (Excl. Nylon/Polyesters/Acrylic),433,424937,433545
55029000,"Artificial filament tow, nes",66,782430,792075
55032000,"Synthetic Staple Fibres, Of Polyesters, Not Carded, Combed Or Processed",3006769,429408781,532979496
55034000,"Synthetic Staple Fibres,Of Polypropylene,Not Carded,Combed Or Processed",200934,27129632,38996406
55039000,"Syn.Staple Fibres,Not Carded,Combed Or Processed(Exl.Nyl/Polest./Acry./Pp)",80936,10662772,19638285
55041000,"Artificial Staple Fibres,Of Viscose Rayon,Not Carded,Combed Or Processed",180008,43904985,45950400
55051000,"Waste Of Synthetic Fibre, (Incl. Noils, Yarn Waste And Garnetted Stock)",282796,3884646,4118754
55061000,"Synt.Staple Fibres,Of Nylon Or Other Polyamides,Carded,Combed Or Processed",1281,1072508,1094063
55062000,"Synthetic Staple Fibres, Of Polyesters, Carded, Combed Or Processed",79854,11705563,12111847
55063000,"Acrylic Or Modacrylic Synthetic Staple Fibres,Carded,Combed Or Processed",31798,13522645,13793845
55069000,"Syn.Staple Fibres,Nes,Carded,Combed Or Processed(Exl.Nyl./Polester/Acry.)",183,159431,162485
55081000,Sewing Thread Of Synthetic Staple Fibres,168015,225824977,229869862
55082000,Sewing Thread Of Artificial Staple Fibres,17693,19364616,19749556
55091100,"Single Yarn, With >=85% Staple Fibres Of Nylon Or Other Polyamides, Nprs",181651,117766794,120590861
55091200,"Multiple Or Cabled Yarn, >=85% Staple Fibres Of Nylon, Etc, Nprs",70437,39742367,40514271
55092100,"Single Yarn, With >=85% Polyester Staple Fibres, Nprs",1611825,844750151,904875108
55092200,"Multiple Or Cabled Yarn, With >=85% Polyester Staple Fibres, Nprs",1644205,686179257,723483644
55093100,"Single Yarn, With >=85% Acrylic Or Modacrylic Staple Fibres, Nprs",168736,77987555,79636829
55093200,"Multiple Or Cabled Yarn, >=85% Acrylic Or Modacrylic Staple Fibres, Nprs",2916299,1130853385,1176371517
55094100,"Single Yarn, With >=85% Synthetic Staple Fibres, Nes, Nprs",31068,23817932,24652721
55094200,"Multiple Or Cabled Yarn, With >=85% Synthetic Staple Fibres, Nes, Nprs",3930,7880110,8259610
55095100,"Yarn,<85% Polyester Staple Fibres,Mixed With Artificial Staple Fibres,Nprs",999710,683960154,700352247
55095200,"Yarn,<85% Polyester Staple Fibres,Mixed With Wool Or Fine Animal Hair,Nprs",2418756,1710729687,1746753370
55095300,"Yarn, <85% Polyester Staple Fibres, Mixed With Cotton, Nprs",1126336,526094013,562222306
55095900,"Yarn,<85%Polyester Staple Fibres,Nes,Nprs(Exl.Arti/Wool/Cotton Staplefibre",1140761,702038164,718548114
55096100,"Yarn, <85% Acrylic Or Modacrylic Staple Fibres, Mixed With Wool..., Nprs",557698,433498426,442879862
55096200,"Yarn, <85% Acrylic Or Modacrylic Staple Fibres, Mixed With Cotton, Nprs",751458,357070058,364443550
55096900,"Yarn, <85%Acrylic Or Modacrylic Staple Fibres, Nes, Nprs(Exl. Wool/Cotton)",1822170,1039686313,1062297729
55099100,"Yarn, Synthetic Staple Fibres, Nes, Mixed With Wool..., Nprs",201784,217022928,221403883
55099200,"Yarn, Synthetic Staple Fibres, Nes, Mixed With Cotton, Nprs",2376,1691784,1903727
55099900,"Yarn, Synthetic Staple Fibres,Nes, Nprs (Exl. Wool/Cotton)",196696,146633071,149970240
55101100,"Single Yarn, With >=85% Artificial Staple Fibres, Nprs",330414,121254256,130596765
55101290,"YARN OF ARTIFICIAL STAPLE FIBRES, .. EXCL. WATER BLOCKING YARN IMP BY VAT REG. OPTICAL F",55348,28458601,29032869
55102000,"Yarn, Artificial Staple Fibres, Mixed With Wool..., Nprs",9652,7129737,7279232
55103010,Water Blocking Tape,297,213021,247642
55103090,"YARN OF ARTIFICIAL STAPLE FIBRES,..EXCL. W/BLOCKING TAP IMPTD. BY VAT REG. OPTICAL FIBRE",163181,79026897,80652904
55109000,"Yarn, Artificial Staple Fibres, Nes, Nprs (Exl. Wool/Cotton)",880434,452855083,462319316
55113000,"Yarn Of Artificial Staple Fibres, Put Up For Retail Sale",555,710152,724426
55121100,"Unbleached or bleached woven fabrics, >=85% polyester staple fibres",37676,23212406,24248436
55121910,Silk screen,31,368,19632
55121990,"Woven Fabrics, >=85% Polyester Staple Fibres, Excl.Unbleached Or Bleached",101349,113858380,118319704
55122100,"Unbleached or bleached woven fabrics, >=85% acrylic... staple fibres",43377,15950504,23953583
55122900,"Woven Fabrics, >=85% Acrylic... Staple Fibres, Excl.Unbleached Or Bleached",43,35227,35948
55129900,"Woven Fabrics, >=85% Synthetic Fibres, Nes",2522,4058817,4552211
55131100,"Plain weave fabrics, <85% polyester fibres + cotton, =<170g/m2 fibres, plain weave",1064713,591802239,677500329
55131200,"3-Thread or 4-thread twill, including cross twill ,of polyester staple fibres",361958,227775343,236865970
55131300,Other woven fabrics of polyester staple fibres,51746,22436680,26721788
55131900,Other woven fabrics,44405,30837314,31477561
55132100,"Dyed Plain Weave Fabrics, <85% Polyester Fibres + Cotton, =<170g/M2",621973,477147100,512638489
55132300,"Dyed Woven Fabrics, Nes, <85% Polyester Fibres + Cotton, =<170g/M2",240788,184487490,193058065
55132900,"Dyed Woven Fabrics, <85% Synthetic Fibres + Cotton, Nes, =<170g/M2",80185,47947954,58095933
55133100,"Coloured Plain Weave Fabrics, <85% Polyester Fibres + Cotton, =<170g/M2",90585,107057741,109189381
55133900,"Coloured Woven Fabrics, <85% Synthetic Fibres + Cotton, Nes, =<170g/M2",136757,124333528,126858537
55134100,"Printed Plain Weave Fabrics, <85% Polyester Fibres + Cotton, =<170g/M2",19533,19068220,19539630
55134900,"Printed Woven Fabrics, <85% Synthetic Fibres + Cotton, Nes, =<170g/M2",30452,27880340,28453999
55141100,"Of polyester staple fibres, plain weave",19,38713,39489
55141200,"3-Thread for 4-thread twill, including cross twill, of polyester staple fibres",55328,30013907,31139913
55141900,Other woven fabrics,70003,69598755,70413733
55142100,"Dyed Plain Weave Fabrics, <85% Polyester Fibres + Cotton, >170g/M2",58644,31951803,36564794
55142200,"Dyed 3 Or 4-Thread Twill, <85% Polyester Fibres + Cotton, >170g/M2",1185674,828194973,854317807
55142300,"Dyed Woven Fabrics, Nes, <85% Polyester Fibres + Cotton, >170g/M2",85421,78557081,83364233
55142900,"Dyed Woven Fabrics, <85% Synthetic Fibres + Cotton, Nes, >170g/M2",37784,48361335,52896963
55143000,"Unbleached or bleached Of polyester staple fibres, plain weave: dyed Of yarns",23493,24590620,25119644
55144100,"Printed Plain Weave Fabrics, <85% Polyester Fibres + Cotton, >170g/M2",570,756962,772870
55144200,"Printed 3 Or 4-Thread Twill, <85% Polyester Fibres + Cotton, >170g/M2",3686,9776940,9975409
55144900,"Printed Woven Fabrics, <85% Synthetic Fibres + Cotton, Nes, >170g/M2",17959,111730844,113976627
55151100,Mixed mainly or solely with viscose rayon staple fibres,3031747,2724815154,2845943154
55151200,Mixed mainly or solely with man-made filaments:,6426,8644820,8881175
55151300,Mixed mainly or solely with wool or fine animal hair:,195118,329467570,338371769
55151900,"Woven fabrics of polyester staple fibres, nes",320278,330870278,342255184
55152100,Mixed mainly or solely with man-made filaments,4883,4851212,4927865
55152200,Mixed mainly or solely with wool or fine animal hair,1926,4177723,4255823
55152900,"Woven fabrics of acrylic or modacrylic staple fibres, nes",28523,64356199,65650793
55159100,Mixed mainly or solely with man-made filaments:,3963,1792714,1828746
55159900,"Woven fabrics of synthetic staple fibres, nes",8397,8482491,8679129
55161100,"Unbleached or bleached woven fabrics, >=85% artificial staple fibres",281353,114025148,125754225
55161200,"Dyed Woven Fabrics, >=85% Artificial Staple Fibres",415486,446407819,471482317
55161300,"Coloured Woven Fabrics Of Yarn, >=85% Artificial Staple Fibres",65314,69578080,71619696
55161400,"Printed Woven Fabrics, >=85% Artificial Staple Fibres",449331,363872007,398632385
55162100,"Woven fab. <85% artificial fibres, with man-made filas, Unbleached or bleached",9538,8832089,9015449
55162200,"Dyed Woven Fabrics, <85% Artificial Fibres, With Man-Made Filaments",461619,424011023,442043381
55162300,"Coloured Woven Fabrics, <85% Artificial Fibres, With Man-Made Filaments",232179,232522874,236897916
55162400,"Printed Woven Fabrics, <85% Artificial Fibres, With Man-Made Filaments",57408,45487101,53209507
55163200,"Dyed Woven Fabrics, <85% Artificial Fibres, With Wool...",2569,10624882,10838442
55164100,"Woven fabrics, <85% artificial staple fibres, mixed with cotton Unblea. or bleached",12630,9663629,9858237
55164200,"Dyed Woven Fabrics, <85% Artificial Staple Fibres, Mixed With Cotton",64838,82804167,84592012
55164300,"Coloured Woven Fabrics, <85% Artificialstaple Fibres, Mixed With Cotton",20906,24699661,25427078
55164400,"Printed Woven Fabrics, <85% Artificial Staple Fibres, Mixed With Cotton",7044,9625759,9832213
55169100,"Woven fabrics, <85% artificial staple fibres, nes Unbleached or bleached",1323,957732,984897
55169200,"Dyed Woven Fabrics, <85% Artificial Staple Fibres, Nes",162819,183361493,196277800
55169300,"Coloured Woven Fabrics, <85% Artificial Staple Fibres",76328,69603553,70993267
55169400,"Printed Woven Fabrics, <85% Artificial Staple Fibres, Nes",43742,11368761,23624243
56012100,Cotton Wadding And Articles Thereof,2074,1088477,1110353
56012200,Wadding Of Man-Made Fibres And Articles Thereof,1027503,522791645,564294360
56012900,"Wadding and articles of wadding, nes",165104,74619888,82624223
56013000,Textile Flock And Dust And Mill Neps,3989,3406837,3486705
56021000,Needleloom felt and stitch-bonded fibre fabrics,6629,3535821,3598175
56022100,"Felt Of Wool Or Fine Animal Hair (Excl. Impregnated, Coated, Etc)",330,345376,352299
56022900,"Felt of textile materials (excl. impregnated, coated, etc) Of other textile materials",5614,6382576,6556412
56029000,"Felt, Nes (Exl. Needleloom, Wool, Text Material, Jute, Other Than Jute)",16603,12637241,13398346
56031110,Hydrophilic/hydrophobic white/light/green,72266,15669669,23297696
56031190,"Nonwovens, Of Man-Made Filaments, Weighing <=25g/M2",223604,61070264,77925531
56031210,Textile back sheet/Non woven air through bonded (ADL),11951,5437857,5565699
56031290,"Nonwovens, Of Man-Made Filaments, Weighing >25g/M2 But <=70g/M2",588525,175297406,225725416
56031310,Elastic back ear,3877,1230900,2299258
56031390,"Nonwovens, Of Man-Made Filaments, Weighing >70g/M2 But <=150g/M2",23079,20969786,22839560
56031400,"Nonwovens, Of Man-Made Filaments, Weighing >150g/M2",782275,212818041,230995858
56039100,"Nonwovens, Not Of Man-Made Filaments, Weighing <=25g/M2",373832,145177587,170160313
56039210,"Dry web, Weighing more than 25 g/m2 but not more than 70 g/m2",10308,5463402,5573226
56039290,"Nonwovens, Not Of Man-Made Filaments, Weighing >25g/M2 But <=70g/M2",226020,72198432,95415471
56039300,"Nonwovens, Not Of Man-Made Filaments, Weighing >70g/M2 But <=150g/M2",76045,55567433,59009171
56039400,"Nonwovens, Not Of Man-Made Filaments, Weighing >150g/M2",139280,106986225,115249566
56041000,"Rubber Thread And Cord, Textile Covered",182644,162974106,171285095
56049000,"Textile Yarn And Strip, Etc, Impregnated Or Coated",46186,25995103,28105690
56050010,Metalized round yarn,172970,49619895,61815629
56050090,Other metalized yarn,151674,88173979,93495335
56060000,"Gimped yarn, & strip & the like .... (including flock chenille yarn); loop wale-yarn.",647482,368828669,379014647
56072100,"Binder Or Baler Twine Of Sisal, Etc, Of The Genus Agave",1874,1891946,1929986
56072900,"Twine,Cordage,Rope & Cables,Of Sisal,Etc. Of The Genus Agave,Nes,Ex.Binder",27941,43925744,44938631
56074100,Binder Or Baler Twine Of Polyethylene Or Polypropylene,95331,59468457,64500269
56074910,"Twine,Cordage,Rope&Cables,Of Polyethylene/Polypropy. For Fishing Trawlers",1101,2112218,2285993
56074990,"Twine, Cordage,Rope & Cables, Of Polyethylene Or Polypropylene, Other",29795,34994864,36259256
56075000,"Twine, Cordage, Rope And Cables, Of Synthetic Fibres, Nes",54064,122873759,131357567
56079000,"Twine, cordage, ropes and cables, whether or not plaited .. with rubber or pla",87593,204793293,211158624
56081990,Knotted netting of man-made textile materials (excl. fishing nets),200,529921,535220
56089000,"Knotted netting of twine, cordage or rope of textile materials, nes",111,174666,177817
56090010,"Twine,Cordage,Rope Or Cables For Fishing Trawler And Factory Ships, Nes",211,1862262,2231571
56090090,"Articles Of Yarn,Strip,Etc,Twine,Cordage, Rope Or Cables, Nes",20478,16907250,17909037
57039000,Carpet and other textile floor covering..of other textile materials of jute,396,136914,139655
58011000,Woven Pile Fabrics And Chenille Fabrics Of Wool Or Fine Animal Hair,23490,32725162,33414846
58012100,UNCUT WEFT PILE FABRICS,11,6505,6637
58012200,Cut Corduroy Of Cotton,4119229,3985741719,4099428370
58012300,"Weft Pile Fabrics Of Cotton, Nes",28,392,20130
58012700,Warp pile fabrics,5599,7034223,7348228
58013100,UNCUT WEFT PILE FABRICS,88,47627,48584
58013200,"Cut Corduroy Of Man-Made Fibres, Nes",121188,77777851,80531983
58013300,"Weft Pile Fabrics Of Man-Made Fibres, Nes",61516,46002993,48107786
58013600,"Chenille Fabrics Of Man-Made Fibres, Nes",8983,6581533,7072593
58013700,Warp pile fabrics,123,121454,126385
58019000,"Floor coverings of felt, not tufted or flocked Of other textile materials nes,",115,157944,161107
58021000,"Terry towelling and similar woven terry fabrics, of cotton",211123,60124713,61820270
58022000,"Terry towelling and similar woven terry fabrics, of other textile materials",24,15957,16281
58023000,Tufted textile fabrics,610,417951,425196
58030000,"Gauze, other than narrow fabrics of heading 58.06.",91805,90589064,93154050
58041000,Tulles And Other Net Fabrics,266370,239419490,259411293
58042100,"Mechanically Made Of Lace Of Man-Made Fibres In Piece,In Strips/In Motifs",216142,542096534,567333717
58042900,"Mechanically Made Of Lace Of Oth.Textiles In Piece,In Strips Or In Motifs",245758,667949303,702093939
58043000,"Hand-Made Lace In Pieces, In Strips Or In Motifs",2238,3336434,3676601
58050000,"Han.Wov.Tapestr.Of The Ty.Gobelins,Flandres,Aubu.,Beauvais&Needle-Work Tap",15267,2436667,2440487
58061000,Narrow Woven Pile Fabrics And Chenille Fabrics,22906,39900595,43667157
58062000,"Narrow Woven Fabrics, Width >=5% Elastomeric Yarn Or Rubber Thread",1492633,2022365921,2131122641
58063100,OTHER WOVEN FABRICS OF COTTON,64246,70254928,72554698
58063200,Of man-made fibres,748504,379022799,410334784
58063900,"Narrow Woven Fabrics Of Other Textiles, Nes",452802,522810414,545423202
58064000,Fabrics With Warp Without Weft Assembled By An Adhesive (Bolducs),21523,42304753,52860274
58071000,"Labels, Badges... Of Textiles, Woven, In Piece..., Not Embroidered",230364,1099231343,1126851619
58079000,"Labels, Badges... Of Textiles, Unwoven, In Piece..., Not Embroidered",295298,807334459,824603074
58081000,"Braids, In The Piece",127,141706,183599
58089000,"Ornamental Trimmings In The Piece; Tassels, Pompons, Etc, Nes(Excl.Braids)",1482,3308255,3375405
58090000,"Woven Fabrics Of Metal Thread And Woven Fabrics Of Metallized Yarn, Nes",1739,2682412,2741193
58101000,Embroidery Without Visible Ground,5785,57201069,58944562
58109100,"Cotton Embroidery, In The Piece, In Strips Or In Motifs",58380,87505204,90301420
58109200,"Embroidery Of Man-Made Fibres, In The Piece, In Strips Or In Motifs",11236,32817426,34777456
58109900,"Embroidery Of Other Textiles, In The Piece, In Strips Or In Motifs",3363,53426152,54718246
58110000,Quilted Tex.Produ.In The Piece(Excl.Embroi.Of 58.10)One Or More Layers Tax,568774,482596706,536093419
59011000,"Textile fab. Coat. with gum/amylaceous sub.,of a kind used for the outer covers of books or the like",13861,5672683,5786670
59019000,"Tracing Cloth; Prepared Painting Canvas; Buckram, Etc",254393,158529574,163934507
59021000,Tyre Cord Fabric Of High Tenacity Yarn Of Nylon Or Other Polyamides,194,120288,122713
59022000,Tyre Cord Fabric Of High Tenacity Yarn Of Polyesters,23021,2868548,7212624
59031010,Fusing Interlining Mate.(Tex.Mat.For Stiffening Cuffs&Col.With Poly V.Chlo,920905,806536281,842888723
59031090,Other Fabrics Impregnated...With Polyvinyl Chloride,532322,216257544,262534202
59032010,Fusing Interlining Mat.(Tex.Mat.For Stiffening Cuffs&Col. With Poly Ureth.,835055,663306321,683030426
59032090,Other Textile Fabrics Impregnated....With Polyurethane,5087080,4775643194,5452744251
59039010,Side tape (lock loop),2447,1881363,2339058
59039090,"Textile fabrics impregnated... with plastics, nes",1578850,1495788653,1613289262
59061000,Adhesive Tape Of A Width =<20cm,12188,22002146,23012594
59069100,Knitted Or Crocheted Rubberized Textile Fabrics (Excl. Adhesive Tape),16886,26306226,26810846
59069910,REFLECTIVE TAPE,84612,143186374,150874191
59069990,"RUBBERIZED TEXTILE FABRICS EXCLUDING REFLECTIVE TAPE, KNITTED OR CROCHETED & ADHESIVE TA",17952,13864062,16897104
59070000,Textile Fabrics Otherwise Impregnated... ; Painted Canvas...,327391,370615749,386049750
59100000,"Transmission Or Conveyor Belts Or Belting, Of Textile Material",991,315802,461109
59111090,Other,34038,45270164,45764579
59112000,Bolting Cloth Whether Or Not Made Up,2509,7861621,8425295
59119000,"Textile Articles For Technical Uses, Nes, As Specified In Chapter Note 7",2359,1985510,2221505
60011000,"Long Pile Fabrics, Knitted Or Crocheted",530134,355429475,455134334
60012100,"Looped Pile Fabrics Of Cotton, Knitted Or Crocheted",537768,300111496,320554015
60012200,"Looped Pile Fabrics Of Man-Made Fibres, Knitted Or Crocheted",402979,170553223,238054265
60012900,"Looped Pile Fabrics Of Textile Materials, Knitted Or Crocheted",37339,32298787,32978465
60019100,"Pile Fabrics Of Cotton, Nes, Knitted Or Crocheted",5237401,2923684197,3246378225
60019200,"Pile Fabrics Of Man-Made Fibres, Nes, Knitted Or Crocheted",14367378,6631871538,9093403249
60019900,"Pile Fabrics Of Textile Materials, Nes, Knitted Or Crocheted",325411,224740798,230351677
60024000,CONTAINING BY WEIGHT 5%OR MORE ELASTOMERIC YARN BUT NOT CONTNG.RUBER THRED,524,366821,407673
60029000,"KNITTED OR CROCHETED FABRICS OF A WIDTH <30CM,CONTAINING BY WEIGHT 5%..NES",25644,27273331,27873527
60032000,KNITTED OR CROCHETED FABRICS OF A WIDTH <30CM.. OF COTTON,32606,15524891,16399418
60033000,"KNITTED OR CROCHETED FABRICS OF A WIDTH <30CM,OF SYNTHETIC FIBRES",34801,30448026,31084300
60034000,"KNITTED OR CROCHETED FABRICS OF WIDTH <30CM,OF ARTIFICIAL FIBRES",45,1033160,1038273
60039000,"KNITTED/CROCTD.FBRCS.OF A WIDTH <30CM,OTH THAN THOSE OF HD60.01/60.02,NES",59,44863,63927
60041000,CONTING. BY WEIGHT 5%OR MORE OF ELASTOMERIC YARN BUT NOT CONT.RUBER THRED,13816295,9626490666,10680290522
60049000,"CONTNG.BY WEIGHT 5%OR MORE ELSTMRC.YARN BUT NOT CONTAINING RUBR.THREAD,NES",191541,233224051,243250674
60052100,"WRAP KNIT FABRICS,OF COTTON, UNBLEACHED OR BLEACHED",13073,16179131,16503969
60052200,"WRAP KNIT FABRICS OF COTTON,DYED",209687,132145459,134739251
60052300,"WRAP KNIT FABRICS OF COTTON,OF YARNS OF DIFFERENT COLOURS",14945,2647940,6194490
60052400,"WRAP KNIT FABRICS,OF COTTON PRINTED",10747,9304979,9413523
60053500,Fabrics specified in Subheading Note 1 to this Chapter,3152,3560200,3726736
60053600,"Other, unbleached or bleached",75456,50902713,52162872
60053700,Of synthetic fibres other dyed,821579,512356948,594226217
60053800,Synthetic fibres Other of yarns of different colours,44423,50387576,52644445
60053900,"Other, of yarns of different colours other printed",38764,15615605,18118329
60054100,"WRAP KNIT FABRICS OF ARTIFICIAL FIBRES,UNBLEACHED OR BLEACHED",16426,18518523,18735999
60054200,"WARP KNIT FABRICS,OF ARTIFICIAL FIBRES DYED",3565,2982088,3077627
60054300,"WARP KNIT FABRICS,OF ARTIFICIAL FIBRES OF YARN OF DIFFERENT COLOURS",97087,163983837,165683137
60059010,Shading net,2164,2990251,3020153
60059090,"WARP KNIT FABRICS OF ARTIFICIAL FIBRES, NES",56065,29773789,30671689
60061000,OTHER KNITTED OR CROCHETED FABRICS OF WOOL OR FINE ANIMAL HAIR,33902,127223637,135083927
60062100,OTHER KNITED OR CROCHETED FABRICS OF COTTON UNBLEACHED OR BLEACHED,186324,103990874,111445131
60062200,OTH.KNITTED OR CROCHETED FABRICS OF COTTON DYED,4714562,3311670403,3476974673
60062300,"OTH.KNITTED OR CROCHETED FABRICS OF COTTON, OF YARNS OF DIFFERENT COLOURS",169451,146966875,149964642
60062400,OTH.KNITTED OR CROCHETED FABRICS OF COTTON PRINTED,423055,340046128,348623478
60063100,"OTH.KNITTED OR CROCHETED FABRICS. OF SYNTHETIC FIBRES,UNBLEACHED OR BLEACH",140235,45794675,69931009
60063200,"OTH.KNITTED OR CROCHETED FABRICS OF SYNTHETIC FIBRES,DYED",7243443,3975649508,4586469822
60063300,OTH.KNITTED OR CROCHETED FABRICS OF SYNTH. FIBRES OF YARNS OF DIFF.COLOUR,449131,177811384,243719283
60063400,OTH KNITTED OR CROCHETED FABRICS OF SYNTHETIC FIBRES PRINTED,580399,370868996,420220194
60064100,"OTH.KNITTED OR CROCHETED FIBRICS OF ARTIFICIAL FIBRES,UNBLEACHED/BLEACHED",67792,72075401,73662955
60064200,"Other knitted or crocheted fabrics, Dyed",513442,329861154,341218100
60064300,Of yarns of different colours,23252,17340072,17696068
60064400,Printed,4322,4700937,4795535
60069000,"OTH.KNITTED OR CROCHETED FABRICS OF ARTIFICIAL FIBRES,NES",575920,425959004,462270831
61012000,"Men'S Or Boys' Over/Car Coats, Etc, Of Cotton, Knitted Or Crocheted",15,32805,36646
61013000,"Men'S Or Boys'Over/Car Coats, Etc, Of Man-Made Fibres,Knitted Or Crocheted",1,5962,6081
61031000,"Men's or boys' Suits, Excl. Sports out fit for sports shooting",15,12276,27740
61032200,"Men'S Or Boys' Ensembles Of Cotton, Knitted Or Crocheted",24,15476,99211
61033100,"Men'S Or Boys' Jackets And Blazers Of Wool..., Knitted Or Crocheted",7,9117,16286
61033200,"Men'S Or Boys'Jackets And Blazers Of Cotton, Knitted Or Crocheted",8,15957,16195
61033300,"Men'S Or Boys' Jackets... Of Synthetic Fibres, Knitted Or Crocheted",8,17600,22300
61033900,"Men'S Or Boys' Jackets... Of Other Textiles, Nes, Knitted Or Crocheted",63,62482,115781
61034100,"Men'S Or Boys' Trousers, Etc, Of Wool..., Knitted Or Crocheted",4,4033,8184
61034200,"Men'S Or Boys' Trousers, Etc, Of Cotton, Knitted Or Crocheted",112,161639,282609
61034300,"Men'S Or Boys' Trousers, Etc, Of Synthetic Fibres, Knitted Or Crocheted",1,368,1878
61034900,"Men'S Or Boys' Trousers, Etc, Of Other Textiles, Knitted Or Crocheted",1,2455,2505
61042200,"Women'S Or Girls' Ensembles, Of Cotton, Knitted Or Crocheted",5,10801,11019
61043100,"Women'S Or Girls'Jackets, Of Wool..., Knitted Or Crocheted",4,921,9402
61043200,"Women'S Or Girls' Jackets, Of Cotton, Knitted Or Crocheted",1,3156,3220
61043300,"Women'S Or Girls' Jackets, Of Synthetic Fibres, Knitted Or Crocheted",2,6581,6710
61043900,"Woman'S Or Girls' Jackets, Of Other Textiles, Knitted Or Crocheted",3,7839,9438
61044200,"Dresses Of Cotton, Knitted Or Crocheted",4,4694,7715
61044300,"Dresses Of Synthetic Fibres, Knitted Or Crocheted",1,3018,3077
61045200,"Skirts And Divided Skirts Of Cotton, Knitted Or Crocheted",3,6751,6887
61046200,"Women'S Or Girls' Trousers, Etc, Of Cotton, Knitted Or Crocheted",13,30502,34885
61046300,"Women'S Or Girls' Trousers, Etc, Of Synthetic, Knitted Or Crocheted",2,14036,19481
61046900,"Women'S Or Girls' Trousers, Etc, Of Other Textile, Knitted Or Crocheted",14,5350,37232
61051000,"Men'S Or Boys' Shirts Of Cotton, Knitted Or Crocheted",36,121356,139248
61052000,"Men'S Or Boys' Shirts Of Man-Made Fibres, Knitted Or Crocheted",13,34625,34837
61059000,"Men'S Or Boys' Shirts Of Other Textiles, Nes, Knitted Or Crocheted",2,3849,3913
61061000,"Women'S Or Girls' Blouses, Etc, Of Cotton, Knitted Or Crocheted",17,61739,67816
61062000,"Women'S Or Girls' Blouses, Etc, Of Man-Made Fibres, Knitted Or Crocheted",2,2614,5745
61069000,"Women'S Or Girls' Blouses Etc. Of Other Textiles Nes, Knitted Or Crocheted",4,4603,13159
61071100,"Men'S Or Boys' Underpants And Briefs Of Cotton, Knitted Or Crocheted",14,31697,64682
61071200,"Men'S Or Boys' Underpants, Etc, Of Man-Made Fibres, Knitted Or Crocheted",0,1227,2753
61072100,"Men'S Or Boys' Night Shirt Pyjamas Of Cotton, Knitted Or Crocheted",1,1806,4202
61081100,"Women'S Or Girls' Slips, Etc, Of Man-Made Fibres, Knitted Or Crocheted",1,4081,8653
61082100,"Women'S Or Girls' Briefs And Panties Of Cotton, Knitted Or Crocheted",30,58827,115858
61082200,"Women'S Or Girls' Briefs, Etc, Of Man-Made Fibres, Knitted Or Crocheted",2,3805,7656
61082900,"Women'S Or Girls' Briefs, Etc, Of Other Textiles,Nes, Knitted Or Crocheted",1,2578,8756
61083100,"Women'S Or Girls' Night Dresses, Pyjama Etc, Of Cotton, Knitted Or Croched",5,45292,48879
61083200,"Women'S Or Girls' Pyjamas,Night Dresses Of Man-Made Fibres,Knitted/Croched",8,56224,62244
61083900,"Women'S Or Girls' Night Dresses & Pyjamas Of Other Tex.,Knitted Or Croched",1,1596,3506
61089900,"Women'S/Girls' Negliges Dressing Gowns.. Of Other Tex.,Nes,Knitted/Croche.",17,19912,115836
61091000,"T-Shirts, Singlets And Other Vests, Of Cotton, Knitted Or Crocheted",271,755705,947148
61099000,"T-Shirts, Singlets, Etc, Of Other Textiles, Nes, Knitted Or Crocheted",22,59939,64034
61101100,OF WOOL OR FINE ANIMAL HAIR. OF WOOL,12,37437,38571
61101200,OF KASHMIR(CASHMERE)GOATS,1,34238,34929
61102000,"JERSEYS, PULLOVERS, CARDIGANS, WAISTCOATS & SIMILAR ART., KNITTED OR CROCHETED OF COT",1457,1159602,1266951
61103000,"JERSEYS,PULLOVERS,CARDIGANS,WAISTCOATS.., KNITTED OR CROCHETED OF MAN-MADE FIBRE",127,217701,270343
61109000,"JERSEYS, PULLOVERS, CARDIGANS, WAISTCOATS.. ,KNITTED OR CROCHETED OF OTH. TEXT. MATER",463,540052,642044
61112000,"Babies' Garments, Etc, Of Cotton, Knitted Or Crocheted",32,18380,49697
61119000,"Babies' Garments, Etc,Of Other Textiles Materials,Nes Knitted Or Crocheted",1,319,4957
61123100,"Men'S Or Boys' Swimwear Of Synthetic Fibres, Knitted Or Crocheted",1,1596,2357
61123900,"MEN'S OR BOY'S SWIMWEAR, OF OTHER TEXTILE MATERIALS",0,245,1502
61124100,"Women'S Or Girls' Swimwear Of Synthetic Fibres, Knitted Or Crocheted",1,911,2896
61130000,"GARMENTS, MADE UP OF KNITTED OR CROCHETED FABRICS OF HEADING 5903,5906 OR 5907",5,368,3047
61142000,"Garments Of Cotton, Knitted Or Crocheted, Nes",0,614,1279
61143000,"Garments Of Man-Made Fibres, Knitted Or Crocheted, Nes",0,1121,1126
61159500,"Panty hose,tights,stockings,sock..., inclu.grad.Comp.hos.Of Cotton, NES",450,1250006,1275282
61159600,"Panty hose,tights,stockings,sock..., inclu.grad.Comp.hos.Of synthetic fibres",15,21802,22379
61159900,"Hosiery And Footwear Without Soles Of Other Tex., Knitted Or Crochete, Nes",145,552345,576034
61169200,"Gloves, Mittens And Mitts, Of Cotton, Knitted Or Crocheted",7965,3768575,3838862
61169300,"Gloves, Mittens And Mitts, Of Synthetic Fibres, Knitted Or Crocheted",1143,1125006,1377141
61169900,"Gloves, Mittens And Mitts, Of Other Textiles, Knitted Or Crocheted",572,238888,243859
61171000,"SHAWLS, SCARVES, MUFFLERS, MANTILLAS, VEILS AND THE LIKE",855,861364,897020
61178010,"Other Clothing Accessories, Knitted Or Crocheted, Nes, Of Cotton",6413,13889989,14919885
61178090,"Other clothing accessories, knitted or crocheted, nes",29041,28073419,29461776
61179000,"Parts Of Garments Or Clothing Accessories, Knitted Or Crocheted",48113,59393540,83461243
62013000,"overcoat, rain-coat, of cotton",4,4989,4992
62014000,Other Of man-made fibres,11,20985,25620
62019000,"Mens or boys overcoat, car-coats, cloaks excludin Of other textile materials",7,4117,8798
62023000,"Womens or girls overcoat , car-coad capes, cloaks, anoraks ...Of cotton",3,3805,3857
62024000,"Womens or girls overcoat , car-coad capes, cloaks, anoraks ...Of man-made fibres",26,100414,114628
62029000,"Woent or gilrs overcoat, raincot car-coat capes, ......Of other textile materials",1,1227,1252
62031100,Men'S Or Boys' Suits Of Wool Or Fine Animal Hair,1,614,626
62032200,Men'S Or Boys' Ensembles Of Cotton,6,16283,30773
62033100,Men'S Or Boys' Jackets And Blazers Of Wool Or Fine Animal Hair,4,970,4828
62033200,Men'S Or Boys' Jackets And Blazers Of Cotton,165,352044,412559
62033300,Men'S Or Boys' Jackets And Blazers Of Synthetic Fibres,43,93084,111624
62033900,"Men'S Or Boy'S Jackets And Blazers Of Other Textiles,(Exl.Wool,Syn.Fab,Cot",215,392376,499564
62034100,"Men'S/Boy'S Bib&Brace Trousers,Breeches,Shorts Of Wool Or Fine Animalhar",2,123,1264
62034200,"Men'S Or Boys' Bib & Brace Trousers, Breeches, Shorts, Of Cotton",1533,1896704,2674088
62034300,"Men'S Or Boys' Bib & Brace Trousers, Breeches & Shorts Of Synthetic Fibres",96,143760,214889
62034900,"Men'S Or Boys' Bib&Brace Trousers,Breeches & Shorts Of Other Textiles,Nes",36,99812,118695
62041200,Women'S Or Girls' Suits Of Cotton,1,1227,1252
62041300,Women'S Or Girls' Suits Of Synthetic Fibres,1,245,1252
62042300,Women's or girls' ensembles of synthetic fibres,0,614,614
62043100,Women'S Or Girls' Jackets And Blazers Of Wool Or Fine Animal Hair,8,4910,4910
62043200,Women'S Or Girls' Jackets And Blazers Of Cotton,52,47015,90372
62043300,Women'S Or Girls' Jackets And Blazers Of Synthetic Fibres,10,37237,39532
62043900,"Women'S Or Girls' Jackets&Blazers Of Oth.Tex.,(Exl.Wool,Cotton,Syn.Fibre)",75,62408,125508
62044200,Dresses Of Cotton,39,105584,123176
62044300,Dresses Of Synthetic Fibres,9,34948,51083
62044400,Dresses Of Artificial Fibres,0,723,1474
62044900,"Dresses Of Other Textiles, (Exl.Wool,Cotton,Syn./Arti.Fibre)",10,12857,21320
62045100,Skirts And Divided Skirts Of Wool Or Fine Animal Hair,2,4247,8269
62045200,Skirts And Divided Skirts Of Cotton,14,35822,45216
62045300,Skirts And Divided Skirts Of Synthetic Fibres,4,18534,18907
62045900,"Skirts And Divided Skirts Of Other Textiles, (Exl.Wool,Cotton,Syn.Fibre)",3,1453,11912
62046100,"Women'S Or Girls' Trousers, Breeches, Etc, Of Wool Or Fine Animal Hair",71,37275,70440
62046200,"Women'S Or Girls' Trousers, Breeches, Etc, Of Cotton",399,597832,875813
62046300,"Women'S Or Girls' Trousers, Breeches, Etc, Of Synthetic Fibres",17,33860,44443
62046900,"Women'S/Girl'S Trousers,Breeches,Etc,Of Oth.Tex.,(Exl.Wool,Cotton,Syn.Fib.",26,53174,63862
62052000,Men'S Or Boys' Shirts Of Cotton,192,353575,507336
62053000,Men'S Or Boys' Shirts Of Man-Made Fibres,6,32295,40681
62059000,"Men'S Or Boy'S Shirts Of Other Textiles,(Exl.Wool,Cotton,Man Made Fibre)",19,33857,55619
62062000,"Women'S Or Girl'S Blouses, Shirts/Blouses Of Wool Or Fine Animal Hair",21,36255,50077
62063000,"Women'S Or Girls' Blouses, Shirts/Blouses Of Cotton",57,134371,149367
62064000,"Women'S Or Girl'S Blouses, Shirts/Blouses Of Man-Made Fibres",19,81361,84109
62069000,"Women/Girl'S Blouses,Shirts/Blouses Of Oth.Tex.(Exl.Silk,Wool,Of Man M.Fib",1,1669,3685
62071100,Men'S Or Boys' Underpants And Briefs Of Cotton,2,13502,13775
62071900,"Men'S Or Boys' Underpants And Briefs Of Textile Materials, (Exl. Cotton)",6,14115,14400
62072100,Men'S Or Boys' Nightshirts And Pyjamas Of Cotton,5,3437,4383
62079900,"Mens/Boy'S Singlets,Vests Dressing Gowns,Etc,Of Oth.Tex.(Exl.Cot.Man M.Fib",0,1227,1232
62082100,Women'S Or Girls' Nightdresses And Pyjamas Of Cotton,5,4173,20090
62082200,Women'S Or Girls' Nightdresses And Pyjamas Of Man-Made Fibres,1,7365,7517
62089200,"Women'S Or Girls' Dressing Gowns, Panties, Etc, Of Man-Made Fibres",0,736,2003
62092000,Babies' Garments And Clothing Accessories Of Cotton,1,18043,18405
62103000,"Garments Of 6202.11 To 19, Made Up Of Fabrics Of 59.03, 59.06 Or 59.07",1,2455,2505
62104000,"Men'S Or Boys' Garments Made Up Of Fabrics Of 59.03, 59.06 Or 59.07",0,368,1878
62111200,Women'S Or Girls' Swimwear,0,368,2009
62113200,"Men's or boys' garments of cotton, nes",18,19148,22338
62113300,"Men's or boys' garments of man-made fibres, nes",24,14020,24510
62113900,"Men's or boys' garments of other textiles, nes",3,5154,5824
62114200,"Women's or girls' garments of cotton, nes",6,3682,3760
62114300,"Women's or girls' garments of man-made fibres, nes",5,16911,18020
62114900,"Women's or girls' garments of other textiles, nes",0,736,751
62121000,Brassisres,623,1755545,2084842
62123000,Corselettes,0,245,1252
62129000,"Corsets, Braces, Garters, Suspenders And Similar Articles",311609,735957665,766239259
62139000,"Handkerchiefs Of Other Textiles, (Exl. Silk/Silk Waste,Cotton).",93,1125397,5099472
62143000,"Shawls,Scarves,Mufflers,Mantillas,Veils,Etc & The Like Of Synthetic Fibres",2,3722,3748
62149000,"Shawls,Scrvs.,Mflrs.,Mntls.,Veils,Etc,Of Oth.Textls.(Exl.Silk/Wool,Syn/Art",285,27305,178925
62151000,"Ties, Bow Ties And Cravats Of Silk Or Silk Waste",354,5608214,5796621
62152000,"Ties, Bow Ties And Cravats Of Man-Made Fibres",3532,17661981,22336211
62159000,"Ties, Bow Ties And Cravats Of Other Textiles,Nes(Excl.Silk Man Made Fibre)",2055,29145840,35418125
62160000,"Gloves, Mittens And Mitts",861,431756,676935
62171000,"Clothing Accessories, Nes",975520,591543142,615246630
62179000,"Parts Of Garments Or Clothing Accessories, Nes",19479,39846793,41241054
63013000,"Blankets (Excl. Electric Blankets) And Travelling Rugs, Of Cotton",2,1841,1878
63019000,"Blankets And Travelling Rugs, Nes",2,1227,1252
63023900,"Bad Linen Of Other Textiles (Excl. Printed, Knitted Or Crocheted)",1,2516,2567
63029100,"Linen Of Cotton, Nes",1,614,3136
63029900,"Linen Of Other Textiles, Nes",1,705,719
63039900,Curtains&Intror.Blinds;Curtain/Bed Valances Of Oth.Txtls.(Exl.Knitted/Croc,15,11722,11956
63049100,"Knitted Or Crocheted Furnishing Articles, Nes",0,145,296
63049300,Furnishing Articles Of Synthetic Fibres (Excl. Knitted Or Crocheted),42,58453,59627
63051000,"Sacks And Bags, Used For Packing Goods, Of Jute, Etc",101,16720,17034
63052000,"Sacks And Bags, Used For Packing Goods, Of Cotton",5097,8117412,8276326
63053300,"Sacks And Bags,For Packing Goods,Of Polyethylene/Polypropylene Strip Nes",47431,9188564,9339443
63053900,"Sacks And Bags, Used For Packing Goods, Of Man-Made Textile Fibres, Nes",1581,654639,667861
63059000,"Sacks And Bags, Used For Packing Goods, Of Other Textiles, Nes",13,11411,11641
63061200,"Tarpaulins, Awnings And Sunblinds, Of Synthetic Fibres",1031,396411,406378
63061900,"Tarpaulins, Awnings And Sunblinds, Of Other Textiles, Nes",5100,1749833,1767332
63062200,Tents Of Synthetic Fibres,1068,298730,320847
63064000,Tents: Pneumatic mattresses,13722,5099035,5201123
63069000,Other camping goods,27,10688,10870
63071000,"Floor-Cloths, Dish-Cloths, Dusters And Similar Cleaning Cloths",493,267772,272153
63079000,"Made Up Articles (Incl. Dress Patterns), Nes",5598,9793893,9940563
63101000,"USED OR NEW RAGS, SCRAP TWINE, CORDAGE, ROPE AND CABLES AND WORN OUT ART..,SORTED",440,98821,99809
63109000,"USED OR NEW RAGS, SCRAP TWINE, CORDAGE, ROPE AND CABLES AND WORN OUT ART..,EXCL. SORTED",4702210,29629861,30186216
64019900,Waterproof Footwear Nes.,1588,568445,579913
64021900,"Sport Footwear, Nes, Of Rubber Or Plastics",5,4785,4881
64022000,"Footwear With Upper Straps/Thongs Plugged Into Soles,Of Rubber Or Plastics",68,715348,768432
64029100,"Footwear, Nes, Covering The Ankle Of Rubber Or Plastics",15,2946,15024
64029900,"Footwear, Nes, Exl. Covering The Ankle, Of Rubber Or Plastics",0,12,1117
64032000,"Footwear With Leather Soles And Straps (Over Instep, Around Big Toe)",57,70302,71711
64034000,"Footwear, With A Metal Toe-Cap, Leather Uppers",6,4048,4900
64035100,"Footwear With Leather Soles And Uppers, Covering The Ankle",16382,10819838,11052360
64035900,"Footwear With Leather Soles And Uppers, Not Covering The Ankle",7,19455,19463
64039100,"Footwear With Rubber... Soles And Leather Uppers, Covering The Ankle,Nes",40,23362,24232
64039900,"Footwear With Rubber... Soles, Leather Uppers, Not Covering The Ankle",86,70657,79687
64041100,"Sports Shoes, Etc, With Rubber Or Plastic Soles And Textile Uppers",1,3412,3485
64041900,"Sports Footwear, With Rubber Or Plastic Soles And Textile Uppers",76,95650,98280
64042000,Footwear With Leather Or Composition Leather Soles And Textile Uppers,1612,292902,1079990
64051000,"Footwear, Nes, With Leather Or Composition Leather Uppers",745,366382,373747
64059000,"Footwear, Nes",22793,18778644,19240874
64061000,"Uppers and parts thereof, other than stiffeners",28207,69586899,76977289
64062000,"Outer soles and heels, of rubber or plastics",2159327,1384839481,1533285510
64069000,Other Parts of footwear,1251206,1081258578,1127560588
65010000,"Hat-Forms, Hat Bodies And Hoods Of Felt; Plateaux And Manchons Of Felt",5588,12260186,12505696
65050000,"Hats and other headgear, knitted or crocheted, . trimmed; hair-nets of any material, wh",11435,11548929,11958439
65061000,Safety Headgear,80,93039,94910
65069100,"Hats And Other Headgear, Of Rubber Or Plastics",8,1399,5351
65070000,"Head-Bands, Linings, Covers, Hat Foundations, Etc, For Headgear",159260,78587884,81393026
67010000,"Skins Of Birds With Feathers Or Down, Feathers, Etc",15421,107980676,111269629
67021000,"Artificial Flowers, Foliage And Fruit And Articles Thereof Of Plastics",7,77353,79250
67029000,"Artificial Flowers, Foliage, Etc And Articles Thereof Of Other Materials",305,2804487,2924800
67030000,"Human Hair, Dressed, Etc; Animal Hair And Synthetic Materials For Wigs",539574,581732980,593331573
67041100,Complete Wigs Of Synthetic Textile Materials,1,2209,2255
67041900,"False Beards, Eyebrows And Eyelashes, Etc, Of Synthetic Fibres",19019,9658142,9879329
68021010,"Tiles, Cubes...; artificially coloured granules, chippings and powder",8430,254447,259562
68022300,"Granite, Cut/Sawn, With Flat/Even Surface",242960,13908223,14187775
68029900,"Monumental/Building Stone, Nes, Worked",7,4270,4317
68041000,"Millstones And Grindstones For Milling, Grinding Or Pulping",556,926933,945297
68042100,"Millstones, etc, of agglomerated synthetic or natural diamond",1,66281,67623
68042200,"Millstones, etc, of other agglomerated abrasives or of ceramics",21953,3517806,3621113
68042300,"Millstones, etc, of natural stone",805,479141,488353
68043000,Hand Sharpening Or Polishing Stones,1800,6356800,6507263
68051000,"NATURAL OR ARTIFICIAL ABRASIVE POWDER OR GRAIN..,ON A BASE OF WOVEN TEXTILE FABRIC ON",0,4578,4670
68052000,"Natural Or Artificial Abrasive Powder/Grain, On Paper/Paperboard",5130,5597848,5709246
68053000,"Natural Or Artificial Abrasive Powder/Grain, On A Base Of Materials, Nes",267,667688,691238
68061000,"Slag Wool, Rock Wool, Etc (Incl. Intermixtures) In Bulk, Sheets Or Rolls",108513,14835618,15134021
68069000,"OTH. WOOL,EXCL.SLAG WOOL,ROCK WOOLAND SIMILAR, EXFOLIATED VERMICULITE, EXPANDED CLAYS..",10,1927,1958
68071000,"Articles Of Asphalt Or Of Similar Material, In Rolls",1024,204245,206219
68079000,Articles Of Asphalt Or Of Similar Material (Excl. In Rolls),2,6874,7012
68080000,"Panels, Boards..., Of Wood Waste, Etc, Agglomerated With Cement, Etc",131,73842,75828
68099000,"Articles Of Plaster Or Compositions Based On Plaster, Nes",15700,327602,334193
68101100,"Building Blocks And Bricks, Of Cement Or Artificial Stone Or Concrete",156745,846929,863952
68109900,"Articles Of Cement, Concrete Or Artificial Stone, Nes",7421769,92991749,94844598
68129100,"Clothing, clothing accessories, footwear and headgear, Excl. Of crocodile",9201,6876589,7014899
68138100,Friction material and articles thereof ..not Containing asbestos Brake linings,293,424019,428099
68151100,Articles of stone or of other mineral substance ...Carbon fibres,38096,135601757,138176531
68151200,Articles of stone or of other mineral substance ...Fabrics of carbon fibres,104,1544975,1613593
68151900,Articles of stone or of other mineral substance .. NES,23,201790,203925
68159900,"Articles Of Stone Or Other Mineral Substances, Nes",5,17714,18073
69041000,Ceramic Building Bricks,4670,657045,670251
69073000,"Mosaic cubes and the like, other than those of subheading 6907.40",861,54351,54894
69074000,Finishing ceramics,101521,3590779,3657526
69141000,"Ceramic Articles, Nes, Of Porcelain Or China",50,30675,31292
69149000,"Ceramic Articles, Nes (Excl. Porcelain Or China)",75,100036,102038
70023990,"Tubes Of Glass, Unworked, Nes",2520,369910,373610
70049000,"Unworked Drawn/Blown Glass (Excl. Coloured, Opacified, Etc)",900,105867,106927
70052990,Excl. Ultra clear glass imported by VAT registered refrigerator or freezer manf. ind.,125,24369,24860
70060000,"Glass Of 70.03, 70.04 Or 70.05, Bent, Edge-Worked, Engraved, Etc",82,10156,10361
70071990,"Toughened (Tempered) Safety Glass, Nes",10348,657037,670505
70099190,Unframed Glass Mirrors (Excl.Spherical & Cylinderical Only For Lab Use),7187,1894599,1918801
70134900,Glassware ...(othr than dri.glasses) or kit.purposes other than of glass-cerami,0,270,272
70140000,"Signalling Glassware And Optical Elements Of Glass, Not Optically Worked",5689,10139828,10343637
70181000,"Glass Smallware (Incl. Beads, Imitation Pearls/Stones, Etc)",22027,59013415,61527363
70189000,"Glass Statuettes And Other Ornaments Of Lamp-Worked Glass, Nes",18871,39243180,40282860
70191100,"Chopped Strands Of Glass Fibres, Of A Length <= 50 Mm",107221,10953786,11088724
70191200,Rovings Of Glass Fibres,62330,5202404,5870418
70191500,Chemically bonded mats,1700,158433,161617
70191900,"OTH. YARN AND STRANDS, EXCL.(CHOPPED STRANDS, OF A LENGTH OF NOT >50MM, ROVINGS)",562,417250,429668
70196300,"Closed woven fabrics, plain weave, of yarns, not coated or laminated",4948,3997221,4078925
70196590,Open woven fabrics of a width not exceeding 30 cm,56,73822,75307
70198000,Glass wool and articles of glass wool,15597,2284417,2334145
70199090,"Other Article of Glass Fibre,nes",482506,149500669,152022971
70200090,"Other articles of glass, Excl. Glass inners for vacuum flasks or for other vac",152,79154,80704
71041000,Piezo-Electric Quartz,19,552345,563447
71059000,"Dust... Of Natural Or Synthetic Precious Or Semi-Precious Stones, Nes",50,17491,17684
71131900,Articles Of Jewellery And Parts Thereof Of Precious Metal (Excl. Silver),65,1197162,1223496
71171100,Cuff-Links And Studs Of Base Metal (Incl. Plated),97,1501047,1530537
71171900,"Imitation Jewellery Of Base Metal (Incl. Plated), Nes",953,3892680,3987336
72039000,"Spongy Ferrous Products, Nes, And 99.94% Pure Iron, In Lumps, Pellets...",450,122743,125210
72082700,Flat/hot-rolled iron/steel of a thickness of less than 3 mm,0,1461,1790
72083900,Flat-Rolled Imported by transformer and products of Chapter 72 & 73 industry,33391564,2042327825,2066667350
72085100,Of a thickness exceeding 10 mm,470108,37325694,38075944
72085200,Of a thickness of 4.75 mm or more but not exceeding 10 mm,348529,26985860,27528592
72085300,Of a thickness of 3 mm or more but less than 4.75 mm,3000,202290,206355
72085400,Of a thickness of less than 3 mm,515,40468,41282
72091690,"Flat/Cold-Rolled Iron/Steel, In Coils, Width >=600mm, >1mm But <3mm Thick",4480,687362,701178
72091790,"Flat/Coldrolled Iron/Steel,In Coils,Width >=600mm, >=0.5mm But <=1mm Thick",11827,3934552,3973898
72101200,"Flat-Rolled Iron/Steel, Width >=600mm, <0.5mm Thick, Plated... With Tin",368373,59388036,60345544
72103000,Electrolytically plated or coated with zinc,7415,1534450,1565291
72104990,"Flat rolled products, NES",643,309645,315216
72107010,Of a thickness of 0.3 mm or more,120210,12750963,13007257
72111400,"Flat/Hotrolled Iron/Steel,Wid<600mm,>=4.75mm Thick,Not Clad/Plated Etc Nes",254,37014,37384
72112910,Carbon Steel Strips Of Thickness Not Exceeding 0.125mm,3170,220710,476284
72112990,Width Upto 6mm (Excl. Reed Frame Steel Strips),7214,958871,968445
72119000,"Flatrolled Iron/Nonalloy Steel,Wid<600mm,Nes(Inc.Furthr Worked Than Rolled",933383,71147102,72577159
72125010,Steel plate of a thickness of 0.25 mm to 0.50 mm,2,82681,84343
72132000,"Hot-rolled bars & rods of free-cutting steel, in coils",422,85407,87645
72139990,"Hot-rolled iron or non-alloy steel bars & rods, in irregularly wound coils, nes",17478,1136971,1159825
72142000,"Iron/steel bars & rods, hot-rolled...,twisted, or with deformations from rolling proc",2172311,176478969,179012896
72149100,Of rectangular (other than square) cross section,380,208352,212539
72149900,"Iron/steel bars and rods, hot-rolled, hot-drawn or hot extruded, nes",36057,4969135,5067654
72162100,"L Sections Of Iron/Steel, Hot-Rolled..., <80mm High",5000,367800,375193
72163300,"H Sections Of Iron/Steel, Hot-Rolled..., >=80mm High",308497,29914092,30515516
72166100,"Angles,Shapes.. Of Iron/Steel,No More Workd Thn Cold-Formed,From Flat Rol.",13264,6015431,6136340
72169900,"Angles, Shapes And Sections Of Iron Or Non-Alloy Steel, Nes",23170,1706377,1740690
72171000,"Wire Of Iron/Non-Alloy Steel,Not Plated/Coated,Whether Or Not Polished",215488,18777681,23529136
72172000,"Wire Of Iron Or Non-Alloy Steel,Plated Or Coated With Zinc",3650,1468522,1630143
72173000,"Wire Of Iron/Non-Alloy Steel,Plated Or Coated With Base Metals (Excl.Zinc)",123,11970,12090
72179000,Other,9505,6163525,6626517
72189900,"Semi-Finished Products Of Stainless Steel,Nes",49,128186,156915
72191100,Of a thickness exceeding 10 mm,25002,15957906,16278668
72192100,"Hot-Rolled Stainless Steel, Uncoiled, >=600mm By >10mm",495,151895,154947
72193400,"Cold-Rolled Stainless Steel, Uncoiled, >=600mm By 0.5-1mm",2342,462982,471663
72193500,"Cold-Rolled Stainless Steel, Uncoiled, >=600mm By <0.5mm",12986,3917267,3996003
72199000,"Rolled Products Of Stainless Steel, >=600mm Wide, Nes",524,177492,181060
72201100,"Hot-Rolled Stainless Steel, <600mm By >=4.75mm",1,3330,3396
72201290,Hot-Rolled Stainless Steel (Excl.Thickness Less Than 0.125mm),5312,2546310,2597295
72202090,Not Further Worked Than Cold-Rolled(Cold-Reduced)Excl.Thickness <0.125 Mm,31680,13264424,13397068
72209000,"Rolled products stainless steel, <600mm wide, nes",204,250004,252503
72221100,"Stainlss Steel Bars/Rods,Not Furthr Workd Than Hotrolld,Circular X-Section",1065,1309847,1322944
72224000,"Angles, Shapes And Sections Of Stainless Steel",1400,94512,96412
72230000,Wire Of Stainless Steel,54662,44530533,45442361
72269990,"Flat-Rolled Products Of Other Alloy Steel, <600mm Wide, Nes",10985,2131545,2174389
72283000,"Bars And Rods Of Alloy Steel, Nes, Hot-Rolled, -Drawn Or Extruded",296,400311,404314
72286000,"Bars And Rods Of Alloy Steel, Nes",4909,1596817,1612786
72287000,"Angles, Shapes And Sections Of Alloy Steel",630,70635,72054
72299000,"Wire Of Alloy Steel, Nes",14,20996,24755
73012000,"Angles, Shapes And Sections Of Iron Or Steel",1000,61372,62608
73030000,"Tubes, Pipes And Hollow Profiles, Of Cast Iron",42897,4078082,4223642
73042320,"Casing,tubing & drill pipe,Excl.Drill pipe of stainless steel: Exceed. 8 inch d",300,57812,58976
73042420,"Casing, tubing and drill pipe..Other, of stainless steel , 8 inch dia or less",4650,313916,320227
73043900,Other Circular cross section of iron or non alloy steel (Excl cold drawn or cold rol),34985,12213721,12500352
73044190,"Capillary Tube (Excl.16 Bwg To 29 Bwg), Of S.Steel, Circular Cross Section",10037,816001,832362
73049000,Seamless Iron/Steel Tubes/Pipes/Profiles Of Non-Circular X-Section,127621,14433457,17052927
73059000,"Iron/steel tubes, riveted, >406.4mm external diameter",0,11771,12008
73063000,"Other, welded, of circular cross-section of iron or non-alloy steel",2487,290172,296005
73066100,"Othr,weld, of non-circu.cr.section Of square or rec.cross-sec., NES",22000,2388695,2436709
73069000,"Tubes, pipes and hollow profiles, riveted, of iron or steel, nes",19733,3952199,4797477
73071100,Cast Tube Or Pipe Fittings Of Non-Malleable Cast Iron,1357,374766,382261
73071900,"Cast Tube Or Pipe Fittings Of Iron,Oth.Than Non-Malleable Steel",692,264502,269795
73072100,Flanges Of Stainless Steel,130,39278,40067
73072200,"Threaded Elbows, Bends And Sleeves Of Stainless Steel",41701,7635907,7761343
73072900,"Tube Or Pipe Fittings Of Stainless Steel, Nes",2322,672952,686513
73079100,Flanges Of Iron Or Steel (Excl. Stainless),9227,3810811,3887408
73079300,Lock ring,0,245,250
73079910,"Tube Or Pipe Fittings Of Iron Or Steel (Excl. Stainless), Nes",5,19374,23631
73079990,"Tube Or Pipe Fittings Of Iron Or Steel (Excl. Stainless), Nes",34384,7318745,10766919
73083000,"Doors, Window-Frames And Thresholds For Doors Of Iron Or Steel",33944,26549448,27103166
73084000,"Equipment For Scaffolding,Shuttering,Propping Or Pitpropping Of Iron/Steel",365,736460,751263
73089010,Door co-ordinator,30444,6739152,6875411
73089091,Metal frames for LCD/LED TV panel,7248,2033611,2074292
73089099,"Structures And Parts Of Structures, Nes, Of Iron Or Steel",640266,67489350,68834833
73102190,Cans Closed By Soldering And Crimping (Excl.Tin Plated Cans),133502,29917587,34358652
73110010,"Containers For Compressed Or Liquefied Gas,Of Iron/Steel, >5000l,Ckd",584,423464,433471
73141200,Stainless Steel Woven Cloth Endless Bands For Machinery,756,765280,780662
73142000,"Wire Iron/Steel Grill,Fencing,Welded @ Intersect,Mesh>=100cm2,X-Sectn>=3mm",3593,352813,359912
73143100,"Iron/steel grill, netting & fencing, welded at intersection,plated or coated with zinc",4346,2178324,2222109
73143900,"Iron/Steel Grill, Netting & Fencing, Welded At Intersection, Nes",132,52253,53304
73144100,"Iron/Steel Cloth,Grill, Netting & Fencing, Nes, Plated Or Coated With Zinc",32,17086,17430
73144900,"Iron/Steel Cloth, Grill, Netting & Fencing, Nes,",970,178592,303624
73151110,"Roller chain of iron or steel Of a kind used exclusively ..or automotive vehicles , nes",18538,19818865,20243749
73151200,Articulated Link Chain (Excl. Roller Chain) Of Iron Or Steel,5461,8094197,8945210
73158100,Stud-Link Of Iron Or Steel,18,36810,37550
73158200,Welded Link Chain (Excl. Stud-Link) Of Iron Or Steel,1,18187,18990
73158900,"Chain, Nes, Of Iron Or Steel",4823,12568927,13579907
73159000,"Parts Of Chains, Nes, Of Iron Or Steel",1,12,798
73170000,"Nails, tacks, drawing pins, ...erial, but excluding such articles with heads of copper.",27572,42887846,43983819
73181100,Threaded Coach Screws Of Iron Or Steel,2659,3130882,3334282
73181200,Threaded Wood Screws (Excl. Coach Screws) Of Iron Or Steel,292,89756,91560
73181300,Threaded Screw Hooks And Screw Rings Of Iron Or Steel,39056,11854817,12781425
73181400,Threaded Self-Tapping Screws Of Iron Or Steel Imp by pre-fab. Buil. industry,3699,1900477,2115774
73181510,Flus type tower bolt,90,221016,225461
73181590,"Threaded Screws&Bolts Of Iron Or Steel,Nes Whether Or Not With Nuts/Washer",11113,9865695,10142570
73181600,Threaded Nuts Of Iron Or Steel,1108,1866324,1911122
73181900,"Threaded Articles, Nes, Of Iron Or Steel",10710,4639807,4733124
73182100,Non-Threaded Spring Washers And Other Lock Washers Of Iron/Steel,151,901563,959568
73182200,Other washers,1392,4608094,4709071
73182390,"Rivets, Nes",38910,23680200,29927884
73182400,Cotters And Cotter-Pins Of Iron/Steel,390,570514,582365
73182990,"Screw,bolts,nuts,coach,screws,screw hooks,river,cotters,cotter-pins,washers..,NES",55155,17972303,18365116
73194000,Safety pins and other pins,659,4379523,4460924
73199000,"Knitting needles, bodkins, crochet hooks, etc, of iron or steel",564,1347527,1384665
73201000,LEAF SPRINGS AND LEAVES THERE FOR,3,161671,165037
73202000,Helical springs of iron or steel,298,656928,670132
73209000,Other,6554,7479485,7781395
73249000,Sanitary Ware And Parts Of Sanitary Ware Of Iron Or Steel,123,138663,159416
73251000,"Other Cast Articles Of Non-Malleable Cast Iron, Nes",26,24549,25042
73259900,"Cast articles of iron or steel, nes",1,20368,20776
73261100,"Grinding Balls... For Mills, Forged Or Stamped, Of Iron Or Steel",0,3768,3844
73261900,"Forged Or Stamped Articles Of Iron Or Steel, Nes",11,114213,116375
73262090,Other Articles Of Ironor Steel Wire( Excl.Bead Wire For Cycle Tyres),48009,10685374,10912985
73269010,Steel bobbin,4,50259,58643
73269090,"Other Articles Of Iron Or Steel, Nes(Excl.S.S.Screen, Burette Stand)",1623737,346231448,362767229
74020000,Unrefined Copper; Copper Anodes For Electrolytic Refining,14541,12623326,12839493
74032100,"Copper-Zinc Base (Brass) Alloys, Unwrought",872,1551966,1583160
74032200,"Copper-Tin Base Alloys (Bronze), Unwrought",64,22078,22298
74071000,"Bars, rods and profiles of refined copper",800,1666677,1669759
74072190,"Bars,rods and profiles of brass",220077,334029302,337902033
74072900,"Bars, rods and profiles of copper alloys, nes",621,1194677,1218689
74081100,"Wire Of Refined Copper, Maximum Cross-Sectional Dimension >6mm",759,863289,880641
74081900,Other,81981,102614040,103649046
74082100,Wire Of Brass,81889,107470447,113353746
74082200,Wire Of Cupro-Nickel Or Nickel Silver,2463,1813819,1839322
74082900,"Wire Of Copper Alloy, Nes",1486,22245473,22692607
74091100,"Plates, Sheets And Strip, Of Refined Copper, In Coils, >0.15mm Thick",2000,4805400,4901989
74091900,"Plates, Sheets And Strip, Of Refined Copper, Uncoiled, >0.15mm Thick",3620,4819875,5439536
74092100,"Plates, sheets and strip, of brass, in coils, >0.15mm thick In coils",102190,138352640,140660611
74092900,"Plates, Sheets And Strip, Of Brass, Uncoiled, >0.15mm Thick",17755,24141609,24574286
74094000,"Plates, Sheets And Strip, Of Cupro-Nickel/Nickel Silver, >0.15mm Thick",595,730102,737402
74112200,Tubes And Pipes Of Cupro-Nickel Or Nickel Silver,12220,26199897,31149617
74122000,Tube Or Pipe Fittings Of Copper Alloys,9,18614,18990
74130000,"Stranded Wire, Cables... Of Copper, Not Electrically Insulated",277,233789,238093
74151000,"Nails And Tacks, Drawing Pins, Staples, Etc, Of Copper Or Partly Copper",10455,23549297,23793743
74152100,Washers Of Copper (Including Spring Washers),183,89643,91445
74152900,"Non-Threaded Articles Such As Rivets, Cotters, Cotter-Pins... Of Copper",148,137227,139985
74153390,"SCREWS;BOLTS AND NUTS, EXCLUDING SCREWS FOR WOOD",1,86306,90392
74192000,"Cast, moulded, stamped or forged, but not further worked",10,98661,100645
74198090,Other,23,39566,40359
75021000,"Unwrought Nickel, Not Alloyed",1,41242,42068
75022000,Unwrought Nickel Alloys,200,122498,123723
75071200,Tubes And Pipes Of Nickel Alloys,13541,4409293,4497920
75072000,Tubes Or Pipe Fittings Of Nickel,18601,7530135,7681489
76020000,Aluminium Waste And Scrap,124252,27804205,28363069
76041000,"Bars, rods and profiles of aluminium, not alloyed",15269,19424082,19814284
76042100,Hollow Profiles Of Aluminium Alloys,95581,58649707,59983777
76042900,"Bars, rods and profiles of aluminium alloys",15356,13190758,14060073
76051100,"Wire Of Aluminium, Not Alloyed, Maximum Cross-Sectional Dimension > 7mm",1000,625991,638573
76052900,"Wire of aluminium alloys, maximum cross-sectional dimension =<7mm",183,334455,338001
76061100,"Of Aluminium, not alloyed",12204,3798906,3875145
76061200,"Of Aluminium, alloys",432,231201,235846
76069190,"Plates... (Excl. Rectangular) Of Aluminium, Not Alloyed, >0.2mm Thick",196,214338,218645
76069200,"Plates...(Excl. Rec) of aluminium alloys,>0.2mm thick NES Of aluminium alloys",2469,1304125,1317166
76071100,Rolled but not further worked,17863,8601411,8774261
76071990,"Aluminium foil, =<0.2mm thick, not backed (excl. rolled),Nes",14150,8719005,9381848
76072099,"Aluminium foil backed, NES",48,177231,180855
76081000,"Tubes And Pipes Of Aluminium, Not Alloyed",2063,3024217,3074910
76082000,Tubes And Pipes Of Aluminium Alloys,134056,84742434,88040798
76090000,Aluminium Tube Or Pipe Fittings,35988,3683301,3757333
76101000,"Doors, Windows And Their Frames And Thresholds For Doors, Of Aluminium",19491,12662630,12890295
76109010,"Aluminium Structure And Parts Of Structures..., Nes",987,1377036,1404754
76109090,"Aluminium Structure And Parts Of Structures..., Nes",7150,1438095,1464697
76129090,"Aluminium casks, drums, etc, nes (excl. for gas), <300 l, nes",85,36516,39908
76141000,"Cables... of aluminium, with steel core, not electically insulated",13,88344,108144
76149000,"Stranded wire, cables... of aluminium alloys, not electrically insulated",210,283537,347082
76161000,"Nails, Tacks, Staples, Screws, Bolts, Nuts... Of Aluminium",38628,32962638,33670338
76169100,"Cloth, Grill, Netting And Fencing, Of Aluminium Wire",1,614,626
76169900,"Articles of aluminium, nes",26334,33218776,34177555
78011000,"Refined Lead, Unwrought",50200,13586579,13859669
78019100,"Unwrought Lead, Containing Antimony As The Principale Other Element",49755,17058698,17401578
78060090,Other Articles Of Lead Nes,388,1215963,1424979
79011110,"Zinc,Callots Not Alloyed Containing By Weight >=99.99% Pure Of Zinc",1508,728562,874277
79011190,"Zinc, Not Alloyed, >=99.99% Pure, Nes",70370,23640690,25625574
79011210,Zinc ingots,4000,1227433,1252112
79012000,Zinc alloys,611994,288816257,293512726
79040000,"Zinc Bars, Rods, Profiles And Wire",13021,5855953,5973659
79050000,"Zinc Plates, Sheets, Strip And Foil",12204,6768127,6949960
79070090,"Other Articles Of Zinc, Nes",1109,3537868,3608978
80012000,"Tin Alloys, Unwrought",700,1836086,1872993
80030000,"Tin bars, rods, profiles and wire",141,52068,53113
82011000,Spades And Shovels,159,37216,37963
82014000,"Axes, Bill Hooks And Similar Hewing Tools",2,25365,25872
82022000,Band Saw Blades,133,966070,985487
82023100,Circular Saw Blades With Working Part Of Stl(Inc.Slittng/Slottng Saw Blade,7,14962,15263
82029910,Hand saws; blades for saws of all kinds....Toothless saw blades,4,6137,9390
82029990,Hand saws; blades for saws of all kinds....Excl. Toothless saw blades,22,28722,29296
82031090,"Files, Raspsand Similar Tools Nes.",26,92278,93201
82032000,"Tweezers, Pliers, Pincers And Similar Tools",73,65027,71731
82033000,Metal Cutting Shears And Similar Hand Tools,3,599070,611114
82041100,"Non-Adjustable, Hand-Operated Spanners And Wrenches",2,52653,53681
82041200,"Adjustable, Hand-Operated Spanners And Wrenches",163,136930,138715
82051000,"Drilling, Threading Or Tapping Hand Tools",224,1385210,1412600
82052000,Hammers And Sledge Hammers,44,106708,108844
82053000,"Planes, Chisels, Gouges And Similar Cutting Tools For Working Wood",60,123864,126353
82054000,Screwdrivers,0,2578,2629
82055990,"HAND TOOLS, NES (INCL. GRAZIERS' DIAMONDS) EXCLUDING FIBRE OPTIC CABLE FUSION SLICER",1399,5243809,5342610
82057000,"Vices, Clamps And The Like",9,90785,92407
82059000,"Other,incl.sets of articles of two or more of sub-headings of this heading",131,417584,426588
82060000,"Tools Of Two Or More Of 82.02 To 82.05, Put Up In Sets For Retail Sale",80,324042,330556
82072000,Dies For Drawing Or Extruding Metal,353,3734099,3828759
82073000,"Interchangeable Tools For Pressing, Stamping Or Punching",3021,5483380,5687282
82074000,Interchangeable Tools For Tapping Or Threading,0,8140,8303
82075000,"Interchangeable Tools For Drilling, Other Than For Rock Drilling",298,419268,426689
82077000,Interchangeable Tools For Milling,3,304778,310904
82078000,Interchangeable Tools For Turning,0,1694,1728
82079000,"Other Interchangeable Tools For Hand Or Machine-Tools, Nes",42,100980,102561
82081000,"Knives And Cutting Blades, For Metal Working Machines",9,372500,378290
82082000,"Knives And Cutting Blades, For Wood Working Machines",125,15957,16277
82084000,"Knives And Cutting Blades, For Agricultural, Horticultural... Machines",1,6800,6935
82089000,"Knives And Cutting Blades, For Machines Or Mechanical Appliances Nes",4164,16106145,17125353
82111000,"Sets Of Assorted Knives, Nes",6,854654,871832
82119200,Other Knives With Fixed Blades (Excl. Table Knives),230,443542,449155
82119300,Knives(Excl. With Fixed Blades),10176,1910522,1995103
82130000,"Scissors, Tailors' Shears And Similar Shears, And Blades Therefor",623,975009,994293
83011000,Padlocks Of Base Metal,4805,8506219,9234491
83013000,Locks For Furniture Of Base Metal,14,8420,8505
83014090,Other locks,3679,18941755,19382073
83015000,"Clasps And Frames With Clasps, Incorporating Locks Of Base Metal",2589,3053685,3228209
83016000,Parts Of Padlocks And Locks Of Base Metals,1042,2739900,2860601
83017000,Keys Presented Separately Of Base Metal,4,21726,22164
83021000,Hinges Of Base Metal,386,273746,282610
83022000,Castors Of Base Metal,444,239980,244038
83024100,"Mountings, Fittings, Etc, Suitable For Buildings, Of Base Metal, Nes",96,77830,79497
83024290,"Mountings, Fittings, Etc, Suitable For Furniture, Of Base Metal, Nes",1618,1093078,1115039
83024910,"OTHR MOUNTING, FIT.&SIMILAR ARTICLES, DEV. /FITTINGS FOR BARR.WIND. & OR PANIC EXIT DOOR",488,5337263,5444198
83024991,OTR MOUNTING FITTINGS &SIMILAR ARTI.EXCL. DEVICE/FIT.FOR BARRED WINDOWS & OR PANIC EXIT,31259,12227470,12473242
83024999,OTR MOUNTING FITTINGS &SIMILAR ARTI.EXCL. DEVICE/FIT.FOR BARRED WINDOWS & OR PANIC EXIT,3072,15100833,15404365
83025000,"Hat-Racks, Hat-Pegs, Brackets And Similar Fixtures Of Base Metal",13,5377,7598
83026000,Automatic door closers,14,11609,11844
83030000,"Armoured Or Reinforced Safes, Strong-Boxes And Doors... Of Base Metal",298,70086,71496
83051000,Fittings For Loose-Leaf Binders Or Files Of Base Metal,50,5217,15649
83052000,"Staples In Strips, Of Base Metal",644,527305,537904
83059000,"Office Artcls.Such As Ltr.Clips,Ltr.Corners..Of Base Metal Incldng.Parts",743,2935843,2993205
83061000,"Bells, Gongs, Etc, Non-Electric, Of Base Metal Containing more than 99.99 % of bismut",919,1221509,1261643
83062100,"Statuettes And Other Ornaments Of Base Metal, Plated With Precious Metal",24,110506,112726
83062900,Statuettes and other ornaments of base metal (excl. plated),1502,1477727,1505037
83063000,"Photograph, Picture Or Similar Frames; Mirrors Of Base Metal",5,5446,5695
83071000,Flexible Tubing Of Iron Or Steel,108,885343,903265
83079000,Flexible Tubing Of Other Base Metal (Excl. Iron Or Steel),5815,1764950,1863921
83081000,"Hooks, Eyes And Eyelets Of Base Metal",392603,501459291,524496362
83082000,Tubular Or Bifurcated Rivets Of Base Metal,120459,473403345,490244695
83089000,"Clasps, Buckles... Beads Andspangles Of Base Metal (Incl. Parts)",250563,496534938,519209267
83091000,Crown Corks Of Base Metal,33,22298,23152
83099010,Lug Caps,90,436518,444083
83099020,Container Seal,13,24311,24799
83099030,Combination seal for vials,1764,4021614,4102289
83099091,"Stoppers, caps and lids.. excl.Crown corks nes,",293,3470374,3533668
83099099,"Stoppers, caps and lids.. excl.Crown corks nes,",96390,62800005,64198443
83100000,"Sign-Plates, Name-Plates, Address-Plates, Etc, Of Base Metal(Ex.Hsno-94.05",13679,52906018,54616001
83111010,"Coated electrodes of base metal, for electric arc-welding......Welding wire",11601,18255003,18475058
83111090,"Coat electrode of base metal, for elec arc-weld, ExWeld wire imp by VAT reg com. manu",2068,739549,754413
83112000,"Cored Wire Of Base Metal, For Electric Arc-Welding",7930,2209440,2253848
83113000,"Coated rods and cored wire of base metal, for soldering, brazing...",234,3124323,3531155
83119000,"Wires, Rods... Of Base Metal, Coated/Cored (Incl. Powder For Sprays) Nes",922,3028247,3109244
84021900,"Other Vapour Generating Boilers, Nes (Incl. Hybrid Boilers)",13391,9570600,9762969
84029000,Parts Of Sheam On Oth.Vapour Genrtng.Boilers & Super-Heated Water Boiles,21,140276,143094
84031000,Central Heating Boilers For Oth.Than Hs Code No-84.02,3940,3998363,4152423
84099910,For Engines of Industrial use and fishing trawler,353,9512022,9773597
84099990,"Parts For Compression-Ignition Internal Combustion Engines, Nes",90,405979,406374
84109000,"Parts Of Hydraulic Turbines, Water Wheels Including Regulators",0,1502,1516
84118100,"Gas Turbines,Of A Power =<5000kw",708,154945478,158059881
84119100,Parts Of Turbo-Jets Or Turbo-Propellers,190,12274,12521
84122900,Hydraulic Power Engines And Motors (Excl. Linear Acting),162,12033913,12275914
84123100,"Pneumatic Power Engines And Motors, Linear-Acting (Cylinders)",100,2665567,2738616
84123900,Pneumatic Power Engines And Motors (Excl. Linear Acting),36,437862,445460
84129090,"Parts Of Engines And Motors Of 8412.10 To 8412.80, Nes",321,1489250,1519185
84131900,"Pumps For Liquids, With Or Designed To Be Fitted With A Measuring Device",120,292640,298522
84133000,Fuel/Lubricating/Cooling-Medium Pumps For Internal Combustion Engines,46,5822738,5939200
84136000,Rotary Positive Displacement Pumps,31,19639,29427
84137000,Other Centrifugal Pumps,489,1881559,1969377
84138100,Other Liquid Elevatos Pumps,18,417429,428029
84139100,Parts of Pumps for liq. whts or not fitted with fitted with meas. dev.liquied elev.,32,2264255,2362117
84141000,Vacuum Pumps,337,10617124,10830529
84142000,Hand Or Foot-Operated Air Pumps,2775,1734487,1756687
84143010,Compressors For Refrigerating Equipment For Industrial Use,831,3207306,3295039
84143090,"Other Compressors For Refrigerating Equipment, Nes",11,17798,18155
84144000,Air Compressors Mounted On A Wheeled Chassis For Towing,65,257460,262635
84145100,"Table, floor, wall, window, ceiling or roof fans, with a....output not exceeding 125W",4,8116054,8278378
84145910,Venlating exhaust fan with blade rotating diameter of 24 inch or mere,1918,857815,870565
84145920,"Laminar air flow equipment, industrial type",1256,1109355,1127667
84145990,"Otherv Fans, Nes",400,102419437,104485285
84148010,Air Compressors,18031,98057235,99975924
84148020,"Pumps & Compressors; Hodds With A Fan, Blowers For Use In Piciculture Only",11,2455,29434
84148090,"Other Air Pumps; Air Or Gas Compressors; Hoods With A Fan, Nes",994,1438951,1467755
84149010,Parts Of Fan,711,4514916,5526798
84151010,"A/C, Window/wall self contained Requiring more than 300,000 BTU or equivalent",12164,13278862,13437274
84158210,"Requiring more than 3,00,000 BTU or equivalent",1505,2068967,2089657
84158220,"Air handling unit or HVAC system requiring more than 2,00,000 BTU or equivalent",24531,11046897,11268940
84158290,"Air conditioning machines, with refrigerating unit, no valve, nes",11,7228,7589
84159090,Parts of other Air Conditioning Machine,9,79564,97394
84169000,Parts Of Furnace Burners For Liquid/Solid/Gas Fuel; Mechanical Grates...,7,218303,222691
84181000,"Combined refrigerator-freezers, fitted with separate external doors",120,51552,52588
84186910,"Refrigerating Or Freezing Equipment,Heat Pumps, Industrial",51951,70181534,71592927
84189900,Parts for imported by VAT registered refrigerator and freezer manufacturers,2,87704,107360
84193300,"Lyophilisation apparatus, freeze drying units and spray dryers",310,536879,542248
84193900,"Non-Domestic Dryers, Nes",5420,11138787,12900000
84195000,Heat Exchange Units,161,44104089,44994997
84198100,"Non-Domestic Equipment, For Cooking Or Heating Food",1560,2200301,2658832
84198990,Other,84,2759905,2815376
84199000,Parts Of Non-Domestic Heating/Cooling Equipment,2,197949,201915
84209100,Cylinders For Calendering Or Other Rolling Machines,10,236913,240298
84211910,"Other Centrifuges,Including Contrifugal Dryers Nes, For Laboratory Use",148,292241,298113
84211990,"Oth. Centrifuges, incl. Centrifugal dryers; filtering.. Excl.laboratory, industrial type",95,933859,954351
84212192,Water purifying machine (Industrial type),10508,4136449,4208099
84212300,Oil Or Petrol-Filters For Internal Combustion Engines,252,2914961,3054366
84212910,Cartridge/Membrane filter,1508,6759490,6895357
84212990,"Filtering or purifying machinery and apparatus for liquids, NES",233,1690824,1728957
84213100,Intake Air Filters For Internal Combustion Engines,11,94040,95707
84213920,Industrial filter for air or other gases; overhead travelling .. cyclone of industria,30391,11470143,12978366
84213990,Other,226,10754890,10971788
84219100,"Parts Of Centrifuges, Including Centrifugal Dryers",1,56376,57510
84219910,Parts Of Machinery... For Filtering/Purifying Liquids Or Gases,9,995608,1014735
84219990,Parts Of Machinery... For Filtering/Purifying Liquids Or Gases,778,2048410,2087599
84223000,"Machinery For Filling,Closing...Etc.Bottles,Cans Etc,& Aerating Drinks",292,251188,256236
84224000,"Oth.Packing/Wrapping Machinery, (Incl. Heat-Shrink Wrapping Machinery)Nes",10222,2573147,2613593
84229000,Parts Of Machinery Of 8422.11 To 8422.40,8,244971,249894
84233000,Constant Weight Scales And Scales For Discharging A Predetermined Weight,122,9981,10182
84238210,Weighting Capacity Exceeding 200KG,836,241373,246224
84238900,"Weighing Machinery, Nes, Of Weighing Capacity >5000kg",456,100065,102077
84239000,Weighing Machine Weights Of All Kinds; Parts Of Weighing Machinery,2,61372,62605
84242010,Spray Guns And Similar Appliances Of Industrial Use,567,565988,579650
84242030,SPRINKLER SYSTEM AND EQUIPMENTS,136701,52750353,53656141
84248900,Mechanical Appliances For Projecting/Dispersing/Spraying Liquids/Powders,140,106771,108917
84249000,Parts Of Machinery And Apparatus Of 8424.10 To 8424.89,50,1999744,2022476
84269900,"Ships Derricks, Cranes, Etc, Nes",9540,8068899,8231085
84271000,Self-Propelled Works Trucks Powered By An Electric Motor,14538,7918494,8077622
84272000,Self-Propelled Works Trucks (Excl. Electic),7338,3005002,3087180
84281000,Lifts And Skip Hoists,50199,12654865,13222562
84283300,"Continuous-Action Elevators And Conveyors, Belt Type, Nes",3366,623618,636153
84289000,"Lifting, Handling, Loading Or Unloading Machinery, Nes",1060,2427072,2446857
84293000,Self-Propelled Scrapers,0,16614,16947
84312000,Parts Of Machinery Of 84.27,1026,3999152,4084715
84313100,"Parts Of Lift, Skip Hoists Or Escalators",1120,1039636,1060532
84313900,"Parts Of Machinery Of 84.28 (Excl. Lift, Skip Hoists Or Escalators)",6270,11166643,11381174
84314900,"Parts of machinery of 84.26, 84.29 and 84.30, nes",1,4724,5783
84386000,"Machinery For The Preparation Of Fruits, Nuts Or Vegetables",336,595144,721314
84393000,Machinery For Finishing Paper Or Paperboard,4220,6241497,6416612
84411000,Cutting Machines,25477,27359083,29061349
84418000,"Machinery For Making Up Paper Pulp, Paper Or Paperboard, Nes",15,220938,223147
84419000,"Parts Of Machinery For Making Up Paper Pulp, Paper Or Paperboard, Nes",295,681709,772307
84423000,"Machinery, apparatus and equipment for pre. or making plates, ..comp. Machiner",1170,1657035,1690341
84425020,PRINTING PLATES,4156,1613072,1730995
84425090,"Other Printing Type,Blocks,Plates,Cylinders...Other Printing Components",3953,2617361,2644105
84431900,"Other printing components(excl.Offset printing machinery, Letterpress printing",4541,6104253,6192557
84433290,Other printer (excl. computer printer),30,1462601,1491880
84433910,Inkjet printer,2062,1737647,2250652
84433991,Copying machine & fax machine,55,208317,210400
84433999,"Other printing machine,nes",1245,5435610,6587959
84439100,"Parts & acces.of printing m/c used for print. by means of plates, cylinders an",242,4226454,4338123
84439910,Toner cartridge/Inkjet cartridge,169,2642790,2715041
84439920,Other parts for Computer Printer,323,7220605,7365737
84439990,Parts & accessories other than compuet printer,570,20914493,21329815
84440000,"Machines For Extruding, Drawing... Or Cutting Man-Made Textile Materials",129,193866,197763
84451100,"Carding Machines, For Preparing Textile Fibres",253914,356168634,364131299
84451300,"Drawing Or Roving Machines, For Preparing Textiles Fibres",39445,59335707,60498896
84451900,"Other Machines For Preparing Textile Fibres, Nes",96220,53279324,54350239
84454000,Textile Winding (Incl. Weft-Winding) Or Reeling Machines,295,555045,566216
84459000,"Machinery For Producing Or Preparing Textile Yarns, Nes",205947,687362480,700992976
84462100,"Power Looms For Weaving Fabrics, >30cm Wide, Shuttle Type",120940,22513576,22684796
84472000,Flat Knitting Machines; Stitch-Bonding Machines,3646,2821342,2874188
84479000,"Machines For Making Gimped Yarn, Tulle, Lace, Embroidery, Trimmings, Etc",21696,33594427,34216311
84481900,"Auxiliary Machinery For Machines Of 84.44, 84.45, 84.46, 84.47",4080,7428425,7577732
84482010,Parts And Accessories Of Machines Of 84.44 Or Their Auxiliary Machinery,3,64724,66047
84482090,Parts And Accessories Of Machines Of 84.44 Or Their Auxiliary Machinery,396,2158991,2202387
84483300,"Spindles, spindle flyers, spinning rings and ring travellers",2,613717,626052
84483900,"Parts And Accessories Of Machines Of 84.45, Etc, Nes",418,2787313,2843338
84484210,"Reeds And Wire Healds, For Loom",0,228716,232206
84484290,Other Reeds For Looms Healds And Heald-Frames,67,235138,239864
84484900,"Parts And Accessories Of Weaving Machines (Looms), Nes",21581,15176382,15967328
84485100,"Sinkers, needles and other articles used in forming stitches",189,11731318,11966413
84485900,"Other Parts And Accessories Of Machines Of 84.47, Etc, Nes",625,7084589,22465512
84490000,Machinery For The Manufacture Or Finishing Of Felt Or Nonwovens,11490,21202560,25954477
84502090,"Washing Machines, Household/Laundry Type, Capacity >10kg",2200,809820,826097
84512900,"Drying Machines, Of A Dry Linen Capacity >10kg",7550,5859982,5977767
84513000,Ironing Machines And Presses (Incl. Fusing Presses),24765,32767842,33319904
84514000,"Washing, Bleaching Or Dyeing Machines, Nes",48364,88272046,89813939
84515000,"Machines For Reeling, Unreeling, Folding, Cutting... Textile Fabrics",38162,72417957,73644692
84518000,"Machines For Wringing, Dressing, Finishing... Textile Yarns, Fabrics...",51944,68768835,70136465
84519000,"Parts Of Machines For Cleaning, Drying, Ironing, Etc",19515,88199413,92128832
84522100,Automatic Sewing Machines,99644,237937899,242659977
84522990,Sewing Machines Of Industrial Type (Excl. Automaic Units ) Nes.,34031,33341776,33901018
84523000,Sewing Machine Needles,977,16187170,17210411
84529090,Other parts of sewing machines,3213,35952063,39245908
84532000,Machinery For Making Or Repairing Footwear,18195,23907174,27992634
84538000,"Machinery For Making/Repairing Articles Of Hides, Skins Or Leather, Nes",5449,6073895,6751113
84539000,"Parts Of Machinery For Preparing ... Leather, Making Footware, Etc",2577,3279067,3432806
84549000,"Parts Of Converters, Ladles... Casting Machines",998,1992969,2021835
84561100,"Operated by laser or other light or photon beam processes,Operated by laser",1695,4909732,5008418
84563000,Machine-Tools Operated By Electro-Discharge Processes,8,196389,200318
84564000,Operated by plasma arc processes,450,13976674,14116441
84569000,"Other m/c-tools(excl. laser or other light or photon beam, ultra-sonic, electr",1478,3270620,3298797
84581900,Horizontal Lathes For Removing Metal (Excl. Numerically Controlled),690,506676,511741
84592900,"Drilling Machines For Removing Metal, Nes",1624,1156746,1179998
84597000,"Threading Or Tapping Machines For Metal, Worked By Removing Metal, Nes",62,40589,41405
84602900,"Grinding Machines, Nes, Accurate To 0.01mm",704,408843,416836
84603100,"Sharpening (Tool Or Cutter Grinding) Machines, Numerically Controlled",235,448627,549173
84603900,"Sharpening (Tool Or Cutter Grinding) Machines, Nes",1227,551546,563556
84609000,"Other Machines For Deburring, Grinding, Polishing, Etc, Metal, Nes",360,321785,327200
84614000,Gear Cutting/Grinding/Finishing Machines For Working Metal Or Cermets,800,853066,1044255
84619000,"Other Machine Tools Working By Removing Metal Or Cermets,Nes",399,164065,167370
84622600,"Other numerically controlled bending, folding, straightening or flattening machines",38,43206,44075
84622900,"Bending, Folding, Straightening Or Flattening Machines (Incl. Presses)",956,2678911,2732758
84624900,"Punching Or Notching Machines (Incl. Presses), Nes",1346,3658911,3695493
84633000,"Machines For Working Wire, Without Removing Material",105,292041,297911
84642000,"Grinding Or Polishing Machines, For Working Stone, Ceramics, Etc",79,70910,72334
84659100,"Sawing Machines For Working Wood, Cork, Bone, Hard Rubber, Etc",240,294584,360606
84659300,"Grinding, Sanding Or Polishing Machines For Working Wood, Cork, Etc",847,171612,175061
84659500,"Drilling Or Morticing Machines For Working Wood, Cork, Bone, Etc",522,883752,1081818
84659900,"Other Machine-Tools, Nes, For Working Wood, Cork, Bone, Hard Rubber, Etc",3045,3535007,3570357
84661000,Tool Holders And Self-Opening Dieheads,179,2917244,2999520
84662000,Work Holders For Machine-Tools,21,74651,76151
84669100,Parts And Accessories For Machines Of 84.64,45,145894,147353
84669200,Parts And Accessories For Machines Of 84.65,333,336797,342910
84669300,Parts And Accessories For Machines Of 84.56 To 84.61,58,5172825,5194472
84669400,Parts And Accessories For Machines Of 84.62 To 84.63,39,3020019,3039521
84672100,DRILLS OF ALL KINDS;WITH SELF CONTAINED ELECTRIC MOTOR,196,295588,301528
84672200,SAWS; WITH SELF-CONTAINED ELECTRIC MOTOR,4,24533,24778
84672900,TOOLS FOR WORKING IN THE HAND;EXCLUDING DRILLS AND SAWS,15,33141,33807
84678900,"Tools for working in the hand, with non-electric motor, nes",1003,923323,1128092
84679900,"Parts Of Hand-Tools, With Non-Electric Motor, Nes",6,33066,32492
84682000,"Gas-Operated Machinery And Apparatus, For Soldering, Brazing...",4,330018,330018
84688000,"Machinery And Apparatus For Soldering, Brazing Or Welding, Nes",356,310393,313576
84689000,"Parts Of Soldering, Brazing Or Welding Machinery And Apparatus",1,3361,3394
84713000,"Portable Digital Adp Machines,Wt<=10 Kg,Comp.At Least Cpu,Keyboard&Display",41,1554421,1572185
84714100,"Nonportable Adp Machines,Comprisng At Least Cpu & I/O Unit In Same Housing",4,385350,389032
84714900,"Non-Portable Adp Machines, Nes, Presented In The Form Of Systems",43,480744,490408
84715000,"Processing units other than those of subheading 8471.41 or 8471.49, whether or",160,38309166,39079306
84716090,Adp Input/Output Units Whether/Not Containg. Storage Units In Same Housing,99,749493,766589
84717000,Automatic Data Processing Machine Storage Units,2,76688,77454
84719000,Magnetic or optical readers; machines for transcribing data onto data media...nes,404,1604368,1636739
84729090,"Office machines (incl. coin-sorting/counting/wrapping machines...) , nes",6,73450,74925
84733000,Parts And Accessories Of The Machines Of 84.71,5,162291,165554
84742000,"Crushing Or Grinding Machines For Earth, Stone, Ores, Etc",1928,763832,935022
84771000,"Injection-Moulding Machines For Working Rubber Or Plastics, Etc",6369,3436812,4172705
84772000,Extruders For Working Rubber Or Plastics And Making Products Thereof,4341,6261381,7664681
84774000,Vacuum Moulding Machines And Other Thermoforming Machines For Rubber...,39960,15588399,15901726
84778000,"Other Machinery For Working Rubber/Plastics Or Making Products Thereof,Nes",1040,3917966,3996716
84779000,"Parts Of Machinery For Working Rubber Or Plastics, Etc",901,6791142,7172678
84791000,"Machinery For Public Works, Building..., Having Individual Functions",5860,41793564,42211500
84795000,"Industrial Robots, Nes",1550,2035599,2076515
84796000,Evaporative Air Coolers,4233,1787616,1822071
84798200,"Machines For Mixing,Kneading,Crushing,Grinding,Having Individual Functions",729,604511,733948
84798900,"Machines, having individual functions, nes",127499,180780932,184986263
84799000,Parts Of Machines Having Individual Functions Of Hs Heading 8479,3918,55290709,56476688
84802000,Mould Bases,122941,56534475,90484860
84803000,Moulding Patterns,5,1227,3509
84804100,Injection Or Compression Type Moulds For Metal Or Metal Carbides,323,906319,923627
84804900,Moulds For Metal Or Metal Carbides (Excl. Injection Or Compression),237,1025716,1101083
84806000,Moulds For Mineral Materials,1049,344139,425398
84807100,Injection Or Compression Type Moulds For Rubber Or Plastics,9169,12648246,13248208
84807900,Moulds For Rubber Or Plastics (Excl. Injection Of Compression),56016,71874769,74200878
84811011,"Pressure-reducing valves,... not exceeding 1 inch Pressure regulator/valve for LPG",7,181200,184843
84811019,"Pressure-reducing valves,... not exceed 1 inch, Excl. Press. regulator/valve for LPG",67,407090,415274
84811090,Exclu. Inner Diameter not exceeding 1 inch,30,243567,248701
84812010,"Valves for oleohydraulic or pneumatic transmission, inner diameter not exceeding 1 inch",45,5298727,5405236
84812090,"Valves for oleohydraulic or pneumatic transmissions,Excl.Inner diameter not excee. 1 inc",543,1567136,1595979
84813019,"Check (nonreturn) valves, inner diameter <= 1 inch.",2,84838,91534
84813090,"Check (nonreturn) valves, Excl. Inner Diameter <= 1 inch.",10,99422,101420
84814019,"Safety or relief valves, Inner dia. <= 1 inch., Excl. Safety or relief valve for LPG",10,216365,220713
84814090,"Safety or relief valves, Excl. diameter <= 1 Inch",7101,13003276,13264640
84818021,Hand diaphragm valve,1,9080,9171
84818029,Hand diaphragm valve,10,1102245,1124471
84818090,"Inner Diameter <1 inch,nes",7673,54728762,55849088
84819090,"Parts of taps and cocks, NES",18,9258927,9444850
84821000,Ball Bearings,199,3556938,3649191
84823000,Spherical Roller Bearings,0,1228,1240
84824000,Needle Roller Bearings,25,710650,724585
84825000,Other Cylindrical Roller Bearings (Excl. Needle),1,36578,37313
84828000,"Ball Or Roller Bearings (Incl. Combined Ball/Roller Bearings), Nes",506,923203,941005
84829100,"Balls, Needles And Rollers",22,88475,89912
84829900,"Parts Of Ball Or Roller Bearings (Excl. Balls, Needles And Rollers)",3,36111,36835
84831000,Transmission shafts (incl. cam and crank shafts) and cranks,5221,6959417,7102561
84833000,"Bearing Housings, Nes; Plain Shaft Bearings",227,10467179,10685064
84834000,Gears and gearing; ball or roller screws; gear boxes and other speed changers...,635,2517126,2575508
84835000,Flywheels And Pulleys (Incl. Pulley Blocks),204,526748,571980
84836000,Clutches And Shaft Couplings (Incl. Universal Joints),1,103419,105554
84839000,"Parts Of Transmission Shafts, Cranks, Bearing Housings, Gears, Etc",355,3867111,4158708
84841000,Gaskets... Of Metal Combined With Other Materials Or >1 Metal Layer,58,277444,293663
84842000,Mechanical Seals,6,1400878,1428807
84849000,Sets Or Assortments Of Gaskets And Similar Joints,44,1801349,2082019
84879000,Machinery Parts other than ships' or boats' propellers and blades therefore,38,1036743,1060689
85011090,Motors Of An Output =<37.5 W,2392,20278141,20805202
85012091,Motors of an output not exceeding 37.5 W but not exceeding 750 W,487,174541,177959
85012099,Excluding Motors of an output not exceeding 37.5 W but not exceeding 750 W,6,233129,237720
85013100,"Oth DC motors; DC generators, other than photovoltaic genera <=1200 W",40,1478157,1518860
85013200,"Oth DC motors; DC generators, other than photovoltaic generators : >1200 W But <=75 Kw",68,14051898,14355563
85014010,"Ac motors, single-phase.. Of an output not exceeding 750 W",547,1580195,1688065
85014090,"Ac motors, single-phase...Excl. Of an output not exceeding 750 W",35,227951,232531
85015100,"Ac Motors, Multi-Phase, Of An Output =<750 W",154,657264,669369
85015200,"Ac motors, multi-phase, of an output >750 W-<=75 kW",141,1405480,1430786
85016200,"AC generators (alternators), other than photovoltaic generators=>75 Kva But <=375 Kva",60,11802066,12039194
85017210,Photovoltaic DC generators : Of an output exceeding 50 W :,59616,12794958,13052135
85017240,Photovoltaic DC generators : Of an output exceeding 50 W :,83103,64490518,65786776
85021300,"Generating Sets With Compression-Ignition Engines, >375 Kva",12232,10080708,10283329
85022000,Generating sets with spark-ignition internal combustion piston engines,20687,78638045,80218670
85030030,Rotor/Motor bush/Casing for electric motors,17,67213,76551
85030093,Others parts of motor,1,196192,198154
85030099,Stator other than with/without winding wire,0,46642,46987
85043100,"Transformers, Nes, Power Handling Capacity =<1 Kva",1760,4209443,5146031
85043400,"Transformers, Nes, Power Handling Capacity >500 Kva",18977,701965,10582808
85044010,Mobile battery charger(less than 6V),256,1334190,1361007
85044020,UPS/IPS (Capacity upto 2000 VA),20,3759179,3834672
85044030,"Voltage stabilizer (capacity upto 2,000 VA)",20,136994,139748
85044090,Other Static converters,4494,15520667,15856384
85045000,"Inductors, Nes",137,333943,373681
85049010,"Electrical transformers, static converters .. Tap Changer",2,7556,7632
85049090,"Parts Of Transformers, Inductors And Static Converters, Nes",32,184115,283132
85051100,Permanent Magnets And Articles Becoming Permanent Magnets Of Metal,868,131335,234229
85051900,Permanent Magnets And Articles Becoming Permanent Magnets (Excl. Metal),24,66159,67489
85052000,"Electro-Magnetic Couplings, Clutches And Brakes",0,2405,2944
85059000,"Other Electro-Magnetic Or Permanent Magnet Chucks,Etc;Incl.Parts Of Magnet",142,388956,397529
85065000,Primary Cells And Primary Batteries Of Lithium,568,681225,694919
85068000,"Primary Cells And Primary Batteries, Nes",414,253989,287625
85071000,Lead-Acid Accumulators For Starting Piston Engines,81,634760,647516
85073000,"Nickel-Cadmium Accumulators, Separators.",28,10307,11671
85076000,Lithium-ion,8906,81709036,83351390
85079010,Separators,19906,8122925,8224993
85079090,"Parts Of Electric Accumulators, Nes",424,1121233,1151775
85086010,"Other vacuum cleaners, Industrial type",54,250376,267000
85099000,Parts Of Electro-Mechanical Domestic Appliances,0,71175,86264
85111090,Sparking Plugs,23,1882417,1920253
85114000,Starter motors and dual purpose starter-generators,208,117467779,119828891
85119000,Parts Of Electrical Ignition/Starting Equipment Of 85.11,5,1801176,1817148
85121000,Lighting Or Visual Signalling Equipment For Bicycles,1513,8684679,9335801
85131090,"Lamps, NES",1,18405,18790
85151100,Soldering Irons And Guns,4,67170,71712
85151900,"Brazing Or Soldering Machines And Apparatus, Nes",5,149017,182415
85152100,"Machines For Resistance Welding Of Metal, Fully Or Partly Automatic",50,117834,120203
85153100,"Machines For Arc (Incl. Plasma Arc) Welding Of Metals, Automatic",9,24540,25055
85153900,"Machines For Arc (Incl. Plasma Arc) Welding Of Metals, Not Automatic",981,3481880,3551865
85158000,"Machines And Apparatus For Welding/Spraying Of Metals, Nes",13,527796,538405
85159000,"Parts Of Soldering, Brazing, Welding, Etc, Machines/Apparatus Of 85.15",222,362845,370362
85161090,Other than water heater with insulated storage tank,19,266721,272057
85162100,Electric Storage Heating Radiators,1,18405,18776
85162900,"Electric space heating and soil heating apparatus, nes",427,15263058,15567334
85163100,Electro-Thermic Hair Dryers,240,291024,296874
85164010,Industrial Steam Iron,2560,3030165,3088951
85167100,Electro-Thermic Coffee Or Tea Makers,18,846929,863952
85168000,Electric Heating Resistors (Excl. Those Of 85.45),647,7111329,7259053
85169000,Parts Of Electro-Thermic Appliances Of 85.16,53,657351,731285
85176290,"Other reception, transmission app.(excl. modem, telephonic/telegraphic switch.",3,74148,75642
85182900,"Loudspeakers, Not Mounted In Encloseurs",450,942055,967890
85183000,"Headphones, Earphones And Combined Microphone/Speaker Sets",3,1321726,1323026
85219020,"Vdo Rcding./Reprod.Appa.,With/Without Vdo Tuner,Exc.Mag.Tape Type In Cbu",11,4313954,4400579
85235200,Smart cards,38,290714,293975
85235910,Proximity Cards and tags,115184,640121518,653281711
85235920,RFID TAG,683616,3181937068,9678640821
85235990,Semiconductor media : Excl. Proximity Cards and tags,17103,70218735,72589516
85249900,"Flat panel display modules, whether or not incorporating touch-sensitive screens,NES",2,897499,916359
85258110,High-speed goods as specified in Subheading Note 1 to this Chapter,9,68385,69760
85258390,"Other, night vision goods as specified in Subheading Note 3 to this Chapter",0,11752,11870
85258900,"Flat panel display modules, whether or not incorporating touch-sensitive screens. NES",234,957456,971292
85269190,Radio Navigational Aid Apparatus,32,613717,2404040
85285290,"Other Monitor, excluding Computer monitor size not exceeding 22 inch",37,450812,459872
85285900,"Other Monitor, excl, of a kind solely or principally?.an automatic data proc..",10,467953,524004
85287200,"Other Reception apparatus for television,.,Colour, CKD",59,41936,42782
85291000,Aerials And Aerial Reflectors Of All Kinds And Parts Thereof,1,159566,162774
85299030,Loaded printed circuit board of Heading 85.27 and 85.28,3,600509,621456
85299090,Parts Of Apparatus Of Heading No. 85.25 & 85.26,18,625404,641743
85311000,Electrical Burglar Or Fire Alarms And Similar Apparatus,16718,17226378,17572623
85318000,"Electrical Apparatus For Sound Or Visual Signalling, Nes",25535,30275658,79125901
85319000,Parts Of Apparatus Of 85.31,107804,148965504,158551846
85322200,Aluminium electrolytic,2,45792,56054
85322300,"Fixed Electrical Capacitors Of Ceramic Dielectric, Single Layer",10,237303,250634
85322910,Capacitor,0,781,795
85322990,"Fixed electrical capacitors, nes, Excl capacitors imp by VAT reg comp. manu.",507,248825,253827
85323000,Electrical Variable Or Adjustable (Pre-Set) Capacitors,1733,4508869,5480276
85331000,"Fixed Carbon Resistors, Composition Or Film Types",537,2771128,3310687
85332900,Other Fixed Resistors For A Power Handling Capacity >20w,7,170563,180269
85333900,Wirewound Variable Resistors For A Power Handling Capacity >20 W,16,189934,232501
85334000,"Variable Resistors, Nes (Incl. Rheostats And Potentiometers)",0,55247,56759
85339000,"Parts Of Electrical Resistors, Rheostats And Potentiometers",82,30305,30914
85340000,Printed Circuits,10647,32062127,34346105
85359090,"Other Apparatus For Switching... Electrical Circuits, >1000 V, Nes",59,986414,1008070
85361000,"Fuses, =<1000 V",259,3373919,3665961
85362000,"Automatic Circuit Breakers, =<1000 V",542,3165962,3222736
85364100,Relays For A Voltage =<60 V,14,1678490,1714312
85364990,Relays For A Voltage 60-1000 V,127,448256,541037
85365000,Other switches,114,1289571,1379736
85366100,"Lamp-Holders, =<1000 V",6,2392513,2440602
85366900,Other,1249,976236,996700
85367000,"Connectors for optical fibres, optical fibre bundles or cables",325,3100465,3355083
85369010,"Connector, Terminal and Electrical apparatus",1893,6313865,6477042
85369090,"Apparatus For Switching... Electrical Circuits, Nes, =<1000 V",1117,2322306,2590450
85371010,BUSBAR TRUNKING SYSTEM,4943,9226754,9958101
85371020,Electric panel,9198,20510264,20914419
85371090,Other,1582,173668278,177174621
85372000,"Boards...Equipped With Two/More Apparatus Of 85.35/85.36, Voltage > 1000v",11610,68236221,69088201
85381000,"Boards... Desks, Cabinets And Other Bases For Goods Of 85.37, Not Equipped",6,538909,552684
85389000,"Other than Parts Of Apparatus Of 85.35 To 85.37, Nes",43,3398694,3467003
85392990,"Elec.filmnt.or discharge lamps,incl. sealed beam..excl.Indicator pilot lamp 6V-60V/5 wa",3,462088,471377
85393110,Energy Saving Lamp having an output of light 3 times or more compared to normal fla.,519,5520699,5577780
85393120,T5 tube light,188,153736,156829
85393190,"Discharge Lamp other than Ultra-Violet Lamps, Fluorescent, Hot Cathode",1250,856850,868708
85394100,Arc-Lamps,0,19616,20011
85394990,Other Ultra-Violet Or Infra-Red Lamps Nes.,633,1227585,1406201
85395100,Light-emitting diode (LED) light sources :,40,313861,317660
85395200,Light-emitting diode (LED) light sources :Light-emitting diode (LED) lamps,11120,15319311,18557439
85399010,Base Cap For Lamps,610,845165,853617
85399030,Of Light-emitting diode (LED) lamps,656,560361,565965
85399090,"Parts For Filament Or Discharge Lamps,Excl.Aluminum Base Cap For Lamps,Nes",0,123,125
85401100,Colour,96,74839,76341
85411000,"Diodes, other than photosensitive or light-emitting diodes (LED)",988,7503079,8564715
85412100,"Transistors (Excl. Phototransistors), With A Dissipation Rate <1w",1,100249,122361
85412900,"Transistors (Excl. Phototransistors), With A Dissipation Rate >=1w",136,5628895,6163160
85414100,"Photosensitive semi-conductor devices, including....Light-emitting diodes (LED)",766,28388187,37043595
85414900,"Other --- Photosensitive semi-conductor devices,..light-emitting diodes (LED) NES",3,86026,125411
85423120,Other module,3,1316422,1342753
85423990,"Electronic integrated circuits,nes",170,8698474,8960345
85429000,Parts,28,12716813,15566905
85433000,"Machines/Apparatus For Electroplating, Electrolysis Or Electrophoresis",24,64861,65509
85437090,"Other machines & appa., Excl. Remote control for electronic and electrical appa.",1859,6635877,6857669
85441990,Other Winding Wire (Excl Wire Of Copper & Cotton Braided Electric Cables),614,11613059,11854479
85442000,Co-Axial Cable And Other Co-Axial Electric Conductors,3,19849,21069
85443000,"Ignition Wiring Sets And Other Wiring Sets For Vehicles, Aircraft...",4,864302,881676
85444200,"Other electric conductors for a voltage not exceeding 1,000 V: Fitted with conn",18760,35306004,38836666
85444900,"Electric Conductors, Nes, For A Voltage <=80 V, Not Fitted With Connectors",54850,70518021,71670305
85447000,Optical Fibre Cables Made Up Of Individually Sheathed Fibres,4,289780,295406
85452000,Carbon Brushes,0,6626,8110
85459090,"Articles Of Graphite Or Other Carbon, Nes, For Electrical Purposes, Nes",5,2663,2717
85472000,Insulating Fittings Of Plastics For Electrical Machines...,0,38885,39790
85479000,Other,18,20320,21229
87088000,Suspension shock absorbers,4,723,2638
87089900,"Parts and accessories, nes, for vehicles of 87.01 to 87.05",1,9968,10067
87149100,"Frames and forks, and parts thereof",113605,107765318,111834943
87149210,"Wheel Rims & Spokes Of Bicycles & Other Cycles, Not Motorised",41904,44042789,46812507
87149311,"Hubs, other Than Coaster Braking Hubs & Hub ... Free-wheel sprocket-wheels of bicycle",33927,65916102,67697631
87149319,"Hubs, other Than Coaster Braking Hub excluding Free-wheel sprocket-wheels of bicycle",52139,80132792,82472969
87149390,"Hubs,Other Than Coaster Braking Hubs & ....Of Bicycles (Excl.Not Motorised",2340,1600770,1632072
87149410,"Brakes,Including Coaster Braking Hubs & Hubs...Of Bicycles, Not Motorised",63203,101635723,103909762
87149490,"Brakes,Including Coaster Braking Hubs &..Of Bicycle (Excl.Not Motorised)",9307,22943732,23324718
87149510,"Saddles Of Bicycles & Other, Not Motorised",23214,25284617,26246018
87149610,"Pedals & Crank-Gear Of Bicycles & Other, Not Motorised",73830,60319080,63500236
87149690,Pedals & Crank-Gear Of Bicycles & Other (Excl. Not Motorised),5736,2344854,2387187
87149900,"Parts and accessories of cycles, nes",241146,229503476,237632902
87168000,"Vehicles, Not Mechanically Propelled, Nes",3880,643271,656200
88073090,"Other parts of aeroplanes, helicopters or unmanned aircraft :",3594,382945353,391490294
89040000,Tugs And Pusher Craft,168,30398237,31009241
90011090,COLOR OPTICAL FIBRES EXCLUDING IMPORTED BY VAT REGISTERED OPTICAL FIBRE CABLE MFG.INDUS,0,7365,7513
90015000,Spectacle Lenses (Excl. Of Glass),8513,3026462,3066352
90019010,Blanks And Demos Of Plastic,30,8169117,8320144
90019090,"Oth. Prisms, Mirrors And Other Optical Elements, Unmounted, Nes",2905,22929988,23393738
90021100,"Mounted Objective Lenses, Of Any Material, For Cameras, Projectors, Etc",349,13181362,15315599
90021900,"Mounted Objective Lenses, Of Any Material, Nes",13,598251,1906707
90022000,"Mounted Filters, Of Any Material",0,6137,6176
90029000,"Oth. Mounted Lenses, Prisms, Mirrors, Etc, Of Any Material, Nes",1970,40641985,41659239
90031100,"Frames And Mountings For Spectacles, Goggles Or The Like, Of Plastics, TV",28,292804,298324
90031900,"Frames And Mountings For Spectacles, Goggles Or The Like, Nes, TV",263,6145786,6268704
90039000,"Other Parts Of Frames And Mountings For Spectacles, Goggles Or The Like",1778,23442756,23911612
90049000,"Spectacles, Goggles And The Like (Excl. Sunglasses), TV",3,7014,7156
90069100,Parts And Accessories For Cameras (Not Cine-),87,3339804,3505463
90089000,"Parts And Accessories Of Image Projectors, Photo Enlargers/Reducers",509,7337829,7485316
90101000,Apparatus And Equipment For Automatically Developing Photographic Film,75,55234,55234
90118000,"Other Optical Microscopes, Nes",282,275942,281488
90142000,Instruments/Apparatus For Aeronautical/Space Navigation (Excl Compasses),18,17106856,17450703
90173000,"Micrometers, Calipers And Gauges",13,373294,381327
90178010,Plotter,710,3925399,4642245
90178090,Other Instruments,99,36087,36812
90179000,Parts And Accessories Of Drawing/Measuring Instruments Of 90.17,1,174072,177569
90183200,"Tubular Metal Needles And Needles For Sutures, For Medical... Sciences",0,37,37
90183913,Feeding tube,2,5648,6914
90200000,Other Breathing Appliances And Gas Masks,97,85890,87616
90211000,ORTHOPAEDIC OR FRACTURE APPLIANCES,2747,4585420,4757400
90248010,Other Machines/Appliances For Testing... Materials (Excl. Metals),38,488420,498237
90248090,Other Machines/Appliances For Testing... Materials (Excl. Metals),2322,6077443,6188184
90249000,Parts And Accessories Of Machines For Testing... Materials Of 90.24,1,115568,117891
90251900,"Thermometers/Pyrometrs,Not Comb.With Other Instrumts,Not Liquid-Filled Nes",22,67067,68276
90258000,"Oth.Instruments Hydrometers,Pyrometers, Hygrometers, Etc, And Combinations",15,1265310,1290471
90259000,"Parts And Accessories Of Hydrometers... Thermometers, Etc, Of 90.25",7,747792,762818
90261000,"Instruments... For Measuring/Checking The Flow Or Level Of Liquids, Nes",283,1327239,1351558
90262000,Instruments... For Measuring Or Checking Pressure,543,2935958,3002478
90268000,Oth.Instruments... For Measuring Or Checking Variables Of Liquids Or Gas,2,2214411,2258857
90269000,Parts And Accessories Of Instruments For Measuring Flows... Of 90.26,3,3421698,3490472
90271000,Gas Or Smoke Analysis Apparatus,1,21610,26452
90273000,"Spectrometers, Spectrophotometers... Using Optical Radiations",11,3104309,3167588
90278100,Other instruments and apparatus : Mass spectrometers,1,73523,75001
90278900,"Other instruments and apparatus, OTHER Excl. Mass spectrometers",0,6779,6507
90279000,Parts And Accessories Of Instruments For Analysis Of 90.27,3,414113,422530
90291090,"Revolution Or Producton Counters,Taximeters,Mileometers,Pedometers, Nes",1,69203,84712
90299000,"Parts And Accessories Of Revolution Counters, Etc, Of 90.29",0,9036,9126
90303300,"Other inst and appt, for measr or chk volt, cur., resis.or power : Multim. wit",9,121516,123958
90308900,"Instruments... For Measuring/Checking Electronic Gain Etc, Nes",57,662814,676135
90312000,Test Benches,91,1091582,1113522
90314900,"Optical Instruments And Appliances For Measuring Or Checking, Nes",815,9886733,10085395
90318000,"Instruments, Appliances And Machines For Measuring Or Checking, Nes",5957,47285901,48900051
90319000,"Parts And Accessories Of Measuring Instruments... Nes, Of 90.31",54,2162772,2209866
90321000,Thermostats,1500,15842049,16165405
90328100,"Automatic Regulating... Instruments/Apparatus, Hydraulic Or Pneumatic",4,1185598,1209429
90328900,"Automatic Regulating Or Controlling Instruments And Apparatus, Nes",134,7668162,7997219
90329000,Parts And Accessories Of Automatic Regulating Devices Of 90.32,1,57910,59074
91040010,Instrument Panel Clocks For Aircraft Or Helicopter,1,4140009,4223223
91061000,Time-Registers; Time-Recorders,3,50112,61046
91069000,"Other Apparatus For Indicating Time, Nes",0,6429,6493
91070000,Time Switches With Clock Or Watch Movement Or With Synchronous Motor,0,3756,3832
92079000,"Oth.Musical Instruments,Nes,With Electrically Produced Or Amplified Sound",1,42133,42554
94011000,Seats Of A Kind Used For Aircraft,134,12545459,12797620
94017900,"Seats With Metal Frames, Not Upholstered",1418,780635,794848
94018000,"Seats, Nes",1464,1153754,1176944
94019900,"Seats (Other Then 94.02) Whether or not cnvrt. into beds, and parts :Parts : others",15294,37128959,37875027
94031000,Metal Furniture Of A Kind Used In Offices (Excl. Seats),10593,4196185,4264493
94032030,Cutting table of kind used with cutting machine,14537,7088868,7538824
94032090,Other metal furniture EXCL.specially design to receive apparatus of heading 84.7,10,1179917,1212198
94033000,Wooden Furniture Of A Kind Used In Offices (Excl. Seats),16676,12208958,13406720
94037000,Furniture (Excl. Seats) Of Plastics,97,11391,11505
94038200,"Furniture of other materials, including cane, osier, bamboo or similar..: Of bamb",6920,987002,1001026
94038900,"Furniture of other material, including cane,osier or similar materials: Excl b",4143,361813,374576
94042100,Mattresses Of Cellular Rubber Or Plastics,538,229345,237587
94043000,Sleeping Bags,18,8055,12293
94049000,"Articles Of Bedding, Stuffed, Etc (Excl. Mattresses And Sleeping Bags)",5,1227,4791
94051900,"Designed for use solely with light-emitting diode (LED) light sources,NES",655,12761832,13319516
94052100,Designed for use solely with light-emitting diode (LED) light sources,20,142429,174350
94052900,"Electric table, desk, bedside or floor-standing luminaires ,OTHER",280,158770,194353
94053900,"Lighting sets of a kind used for Christmas trees,OTHER",357,586900,596823
94054110,"Photovoltaic, dsgn. use solely with light-emitting diode (LED) light sources",168,70111,71524
94054190,"Photovoltaic, dsgn. use solely with light-emitting diode (LED) light sources",84,491628,501503
94054200,"Oth.elec.lum. &..Other, designed for use solely light-emitting diode (LED) light sour",53,5824413,5942721
94054920,Energy saving light with balast and fittings,149,68915,70304
94054990,"Other electric luminaires and lighting fittings,NES",6766,10700680,11753364
94059100,Glass parts for lamps and lighting fittings etc of glass,602,470953,475663
94059200,Luminating and lighting fittings including searchlights .........Parts of Plastic,12,1413512,1441912
94069010,"Prefabricated Buildings,,,, SANDWICH PANEL WITH OR WITHOUT cold room fac.",105,201304,205804
94069090,Prefabricated buildings. nes,578993,88714950,89625490
95030010,Puzzles,190,1051296,1072427
95030090,"Tricycl, scotr, pedal car and simlr whel toy; dolls? carg..Excl puzzles",1246,2635684,2907616
95051000,Articles For Christmas Festivities,3902,2841777,2898896
95063900,"Golf Equipment, Nes",16,65904,67477
95069900,"Other articles and equipment for sport and open-air games, nes",3489,4273072,4359481
95072000,"Fish-Hooks, Wheather Or Not Snelled",29,928763,947433
95079000,"Line fishing tackle, fish landing nets, butterfly and similar nets...",25,137364,140126
96011000,Worked Ivory And Articles Of Ivory,49,174858,178371
96019000,"Worked Bone, Tortoise-Shell, Horn... And Articles Thereof, Nes",534,1336740,1363590
96032900,"Oth. Brushes For Shaving, Hair, Nail, Eyelash, Toilet Brushes",14,24335,25720
96033000,"Artists', Writing Brushes And Brushes For The Application Of Cosmetics",139,452895,459847
96034000,"Paint, Distemper, Varnish Or Similar Brushes; Paint Pads And Rollers",117,107202,110112
96035000,"Brushes Constituting Parts Of Machines, Appliances Or Vehicles, Nes",22,250298,255323
96039000,"Hand-Operated Floor Sweepers, Mops, Feather Dusters, Etc, Nes",982,1420528,1454103
96061000,"Press-Fasteners, Snap-Fasteners And Press-Studs And Parts Therefor",412267,1177878836,1213456306
96062100,"Buttons Of Plastics, Not Covered With Textile Material",172939,699477043,720398480
96062200,"Buttons Of Base Metal, Not Covered With Textile Material",280495,869727393,903567149
96062900,"Oth. Buttons, Nes",80213,165204319,169124306
96063000,Button moulds and other parts of buttons; button blanks:,39800,86550249,88582109
96071100,Slide Fasteners Fitted With Chain Scoops Of Base Metal,1306251,2658779985,2736074993
96071900,Slide Fasteners Not Fitted With Chain Scoops Of Base Metal,1077771,2311073012,2402105346
96072000,Slide Fastener Parts,918594,1268565932,1307307135
96082000,Felt-Tipped And Other Porous-Tipped Pens And Markers,961,4628388,4725186
96083000,"Fountain pens, stylograph pens and other pens",2,2535,2586
96086000,"Refils For Ball-Point Pens, Comprising The Ball-Point And Ink-Reservoir",2,9141,9666
96089990,"Duplicating Stylos; Pen/Pencil Holders; Parts Of Pens, Nes",37,330614,340691
96092000,"Pencil Leads, Black Or Coloured",2,15595,15909
96099090,"Crayons, Nes; Drawing Charcoals And Chalks (Incl. Tailors'Chalks) Nes.",17,17184,17529
96121010,Ribbons (Computer Printers Ribbons),2533,5035911,5136324
96121090,Other Ribbons(excl.computer printer ribbons),18081,53818022,57256356
96151100,"Combs, Hair-Slides And The Like Of Hard Rubber Or Plastics",3521,2645057,2690101
96151900,"Combs, Hair-Slides And The Like Of Other Materials, Nes",6421,8029900,8180634
96159000,"Hairpins; Curling Pins, Curling Grips, Etc, And Parts Thereof",2096,1206689,1230955
96180000,"Tailors' Dummies, Etc; Automata And Other Animated Displays",980,11091593,11520741
