hscode,description,net_wt_kg,assess_value_bdt
04022190,,1521350,706408108
04051000,Butter,4275,6114167
04059000,Fats And Oils Derived From Milk (Excl. Butter And Dairy Spreads),1728,4436900
05051000,Raw Feathers For Stuffing; Down,80514,758123233
05059000,Skins And Parts Of Birds (Excl. Feathers For Stuffing; Down),35,356086
08028090,"Other Areca nuts, EXCL. Wrapped/canned upto 2.5 Kg",3544360,879486607
08029919,Betelnuts,662000,162483056
11081200,Maize (Corn) Starch,118000,10055671
11081400,Manioc (Cassava) Starch,265000,20281592
11081900,"Other Starches, Nes",95000,6023251
14019090,Other than Areca Leaves; Sal Leaves; Siali Leaves; Polash Leaves,9765,3464525
15071000,"CRUDE OIL, WHETHER OR NOT DEGUMMED",27500000,3996572245
15111000,Crude oil,110000,13805191
15119090,Palm Oil(Excl.Cude)&Its Fractns....Nes.Incld.Refiend Palm Oil,87348502,11606605103
15162000,"Vegetable fats and oils and their fractions, hydrogenated, etc",51000,6898839
15211000,Vegetable waxes (excl. triglycerides),16500,4148947
17011400,Other cane sugar,69193180,3415787802
19019011,Filled milk powder,225000,65489490
19041000,Prepared food obtained by the swelling or roasting of cereals or cereal products,94,335664
20081100,"Ground-Nuts, Prepared On Preserved",432,1294702
20091900,"Unfrzn.Orange Juice,Unfermented,Not Containing Added Spirit,Sweetened/Not",18522,3896050
20095000,"Tomato Juice, Unfermented, Not Containing Added Spirit,Sweetened Or Not",504,106015
20097900,"OTHER, APPLE JUICE EXCL. BRIX VALUE NOT EXCEEDING 20",78209,17330311
20098900,Juice of any other single fruit or vegetable other than Cranberry Juice,7409,1558359
21039090,sauce preparations; mixed condiments and seasonings;NES,12,431568
21069060,Food supplement,4,2456
21069090,Other food preparations not elsewhere specified or incl.(excl. beverage concentrate),886,422015
22029900,"Waters, including mineral waters and aerated waters...Excl. Non-alcoholic beer",1260,794204
22041000,Sparkling Wine,8945,5613181
22083000,Whiskeys,1920,2413155
22086000,Vodka,16800,14618569
24011000,"Tobacco, Not Stemmed/Stripped",300000,58266879
24022000,Cigarettes Containing Tobacco,7429,13111941
24039100,Homogenized Or Reconstituted Tobacco,85,225178
24039900,OTHER MANUFACTURED TOBACCO AND MANUFACTURED TOBACCO..EXCL.HOMOGENISED OR RECONS.TOBACCO,1215,882301
25010010,Pure Sodium Chloride Bp/Usp Pyrogen Free,310000,3184258
25010020,Salt (other than pure sodium chlo.)...solution ..salt boulder for crushing & salt in bul,28003,339575
25010099,Other Salt,2050,47702
25059000,Natural Sands(Ex.Silica & Quartz Sands & Metal-Bearing Sands Of Ch.26)Nes,1488000,4408424
25070090,"Kaolin And Other Kaolinic Clays, Whether Or Not Calcined",14,19981
25084090,"Other Clays, Nes",2335,1406066
25131000,Pumice stone,3047682,57496097
25132000,"Emery, Natural Corundum, Natural Garnet And Other Natural Abrasives",63000,15859022
25171010,Flint/grinding pebbles,9,1573
25171090,Broken or crushed stone,60790000,155757356
25174900,"GRANULES, CHIPPINGS AND POWDER, OF STONES OF HEADING 2515 OR 2516..,EXCL. MARBLE",100,19842
25199000,Magnesia And Other Magnesium Oxide,29000,4169441
25201090,Gypsum; Anhydrite,6014108,26303844
25221000,Quicklime,454700,8680831
25222000,Slaked Lime,200,12001
25232900,"PORTLAND CEMENT, EXCL WHITE CEMENT, WHETHER OR NOT ARTIFICIALLY COLOURED",1353000,12384353
25233000,Aluminous Cement,500,168337
25262010,"Natural Steatite, Talc, Crushed Or Powdered",6,6325
27079990,"Other Oils And Other Products, Of The Distil Of Coal Tar.",20370,2841300
27090000,"Petroleum Oils And Oils Obtained From Bituminous Minerals, Crude TV",239047887,16084923981
27101211,"Motor spirit of HBOC Type, TV",14718761,1243104683
27101241,"JP1 kerosene type jet fuels, TV",52125488,4498519701
27101262,"High speed diesel oils, TV",168257776,14179128850
27101269,Other gas oils (EXCL. Lithg diesel oil &high speed disel oils),70,90591
27101911,"OTHER FUEL OILS FURNACE OILS, TV",30142295,1780614412
27101921,Base oil,3008407,483752954
27101929,"LUBRICATING OILS, NES",225,56364
27101931,LUBRICATING OIL WHICH HAS ITS FLASHING POINT .. below 220 F b..Jy Abel close test,70861,23037763
27101939,"OTHER HEAVY OILS AND PREPARATIONS, NES",13202,2978205
27101951,LIQUID PARAFFIN IN DRUM,149160,17682458
27101959,LIQUID PARAFIN OTHER THAN DRUM,1321,530707
27101981,Greases (mineral) wrapped/canned up to 2.5kg,17,303274
27101989,Greases (mineral) other than wrapped/canned,844,443623
27101991,MINERAL OIL WHICH HAS ITS FLASIHING POINT =>200D F USED AT JUT OF OTHER FIBER,11577,4000988
27101999,"OTHER HEAVY OILS AND PREPARATION, NES",830,263833
27122000,"Paraffin Wax, Containing <0.75% Oil By Weight",101556,14960902
27132090,Other Petrolium bitumen,6000000,373521711
28061000,Hydrogen Chloride (Hydrochloric Acid),14310,831567
28070000,Sulphuric Acid; Oleum,354830,11137223
28092000,Phosphoric Acid And Polyphosphoric Acids,300,10521
28100010,Boric Acid,50,4340
28111100,Hydrogen Fluoride (Hydrofluoric Acid),5,620
28111900,"Other Inorganic Acids, Nes",89,35580
28112200,Silicon Dioxide,37985,6904008
28112910,Silica gel,41033,20079272
28112990,Silica gel imported by other than VAT registered motorcycle assembling and manufa,4422,1778336
28142000,Ammonia In Aqueous Solution,176,29786
28151100,"Sodium Hydroxide (Caustic Soda), Solid",738550,50449158
28151200,Sodium Hydroxide In Aqueous Solution (Soda Lye Or Liquid Soda),117000,6968551
28152000,Potassium Hydroxide (Caustic Potash),1000,1018844
28170000,Zinc Oxide; Zinc Peroxide,8670,3668378
28199000,Chromium Oxides And Hydroxides (Excl. Chromium Trioxide),280,64529
28220000,Cobalt Oxides And Hydroxides; Commercial Cobalt Oxides,140,131219
28230000,Titanium Oxides,2000,1277563
28251000,Hydrazine And Hydroxylamine And Their Inorganic Salts,40000,16050086
28259000,"Other Inorganic Bases; Other Metal Oxides, Hydroxides And Peroxides, Nes",32000,938731
28261200,Fluorides Of Aluminium,25,2015
28272000,Calcium Chloride,12169,10019848
28273200,Aluminium Chloride,97800,3949766
28273900,"Chlorides, nes",8,7013
28274900,Chloride Oxides And Chloride Hydroxides (Excl. Of Copper),213,404894
28281000,Commercial Calcium Hypochlorite And Other Calcium Hypochlorites,1958237,87979283
28289000,Hypochlorites (Excl. Of Calcium) And Chlorites; Hypobromites,68425,14265599
28299090,"CHLORATED AND PERCHLORATE; BROMATES AND PERBROMATES: IODATES AND PERIODATES, NES",5040,1956925
28301000,Sodium Sulphides,425000,22362831
28311000,Dithionites And Sulphoxylates Of Sodium,826640,123880934
28319000,Dithionites And Sulphoxylates (Excl. Of Sodium),28450,4510848
28321000,Sodium Sulphites,359325,37811185
28322000,Other Sulphites (Excl. Sodium),27000,1359478
28323000,Thiosulphates,27280,791539
28331100,Disodium Sulphate,41866900,735485474
28331900,Sodium Sulphates (Excl. Disodium Sulphate),749500,15309131
28332200,Sulphates Of Aluminium,42500,2604881
28332400,Sulphates Of Nickel,300,66222
28332500,Sulphates Of Copper,400,263612
28332910,Zinc sulphate,3000,147340
28332920,CHROMIUM SULPHATE,105000,12381086
28332990,"Sulphates; alums; peroxosulphates (persulphates), nes",280000,7507073
28333000,Alums,56000,1206420
28351000,Phosphinates (hypophosphites) and phosphonates (phosphites),2,13403
28362000,Disodium Carbonate,8871048,391105982
28363000,Sodium Hydrogencarbonate (Sodium Bicarbonate),27500,861103
28365000,Calcium Carbonate,26000,354318
28371900,"Other Cyanides, Cyanide Oxides (Excl. Sodium)",180,487795
28391900,"Other Silicates And Com. Alkali Metal Silicates,Of Sodium (Ex.Metasilicate",148880,5015548
28416100,Potassium Permanganate,600,299705
28419000,"Other Salts Of Oxometallic And Peroxometallic Acids, Nes",28,100200
28470000,"Hydrogen Peroxide, Whether Or Not Sokidified With Urea",247815,11058084
29011000,"Acyclic Hydrocarbons, Saturated",1,7087
29023000,Toluene,14320,1802564
29025000,Styrene,59130,12915167
29031200,Dichloromethane (Methylene Chloride),11000,4811730
29041090,Hydrocarbon Derivatives Cont.Only Sulpho Grp.Treir Slats(Ex.Methane Sulp..,520,199961
29049900,Other,26880,9711366
29051110,Methanol (Methyl Alcohol),24776,2094687
29094100,"2,2-Oxydiethanol (Diethylene Glycol, Digol)",6125,5533599
29094300,Monobutyl Ethers Of Ethylene Glycol Or Of Diethylene Glycol,9,955
29096000,"Alcohol, Ether And Ketone Peroxides And Their... Derivatives, Nes",2500,2141919
29141900,"Other acyclic ketones, without oxygen function, nes",300,106993
29151100,Formic Acid,712448,55750593
29151200,Salts Of Formic Acid,124000,9134399
29152100,Acetic Acid,1638290,164449585
29152990,"Formic acid, its salts and esters:Excl. Sodium Acetate",10080,2184181
29153100,Ethyl Acetate,47980,6067064
29157010,"Stearic Acid,Their Salts And Esters",19250,3803803
29157020,Ethyl Palmitate And Isopropyl Palmitate,2840,1324908
29159000,"Other Saturated Acyclic Monocarboxylic Acids And Their... Derivatives, Nes",57995,4575870
29161200,ESTERS OF ACRYLIC ACID,21540,6376955
29163100,"Benzoic Acid, Its Salts And Esters",100,58409
29163900,"Aromatic monocarboxylic acids, etc, their... derivatives, nes",24320,3959943
29171100,"Oxalic Acid, Its Salts And Esters",26000,1546910
29171900,"Acyclic polycarboxylic acids, etc, their... derivatives, nes",2400,630225
29173990,"Other Aromatic Polycarboxylic Acids, Etc, Their... Derivatives, Nes",62000,11351623
29181100,"Lactic Acid, Its Salts And Esters",89,8234
29181400,Citric Acid,197150,23713776
29211990,,600,266785
29212190,Ethylenediamine And Its Salts,13,2084
29221100,Monoethanolamine And Its Salts,210,21354
29221200,Diethanolamine And Its Salts,35600,4676315
29239000,"Quaternary Ammonium Salts And Hydroxides, Nes",255,208562
29242100,Ureines And Their Derivatives; Salts Thereof,300,1170418
29270000,"Diazo-, Azo- Or Azoxy-Compounds",4000,2129272
29291000,Isocyanates,60470,17122371
29299090,Other,60040,7240033
29303000,"Thiuram Mono-, Di- Or Tetrasulphides",300,191634
29319090,"Other organo-inorganic compounds, (EXCL.Tetramethyl lead and tetraethyl lead & Tributylt",79600,15307673
29337910,Other Lactams (Excl. Epsilon-Caprolactam),900,613195
29339900,"Heterocyclic compounds with nitrogen hetero-atom(s) only,nes",50,183598
29342000,"Compounds Containing A Benzothiazole Ring-System, Not Further Fused",240,127681
30059000,"Wadding, Gauze, Etc With Pharmaceutical Substances For Retail Sale, Nes",22,18430
31022100,Ammonium Sulphate,200,33483
32011000,Quebracho Extract,58800,15717794
32012000,Wattle Extract,155000,42166101
32021000,Synthetic Organic Tanning Substances,495085,119464027
32029000,"Inorganic Tanning Substances; Tanning Preparations..., Nes",17490,3753628
32041100,Disperse Dyes And Preparations Based Thereon,255170,369944611
32041200,Acid Dyes And Preparations; Mordant Dyes And Preparations,90452,103131214
32041390,Other basic dyes and preparation,8895,10062570
32041400,Direct Dyes And Preparations Based Thereon,11470,23164323
32041500,Vat Dyes And Preparations Based Thereon,1244185,468512601
32041600,Reactive Dyes And Preparations Based Thereon,3309031,2397430631
32041700,Pigments And Preparations Based Thereon,115311,99750844
32041900,Other Synthetic Organic Coloring Matter(Inc.Mixtrs) Of Prods 320411-320419,958141,200405911
32042000,Synthetic Organic Products Used As Fluorescent Brightening Agents,99640,61562865
32049000,Synthetic Organic Products Used As Luminophores,9954,11895897
32050000,Colour Lakes; Preparations Based On Colour Lakes As Specified In Note 3,16,83739
32061100,"Pigments & Preparatns Based On Titanium Dioxide,Cont.=>80%Titanium Dioxide",34140,11223861
32061910,"Pigments/Preparatns Based On Titanium Dioxide, Cont.< 80% Titanium Dioxide",70000,6453085
32061920,Color master batch,98135,23562816
32061990,"Pigments/Preparatns Based On Titanium Dioxide, Cont.< 80% Titanium Dioxide",28225,12804470
32064900,"Other Colouring Matter; Preparations As Specified In Note 3, Nes",4009,3724612
32065000,Inorganic Products Of A Kind Used As Luminophores,100,174828
32071000,"Prepared Pigments, Opacifiers & Colours... For Ceramics And Glass Ind.Etc",2650,2021777
32081090,"Other Paints Based On Polyesters, In A Non-Aqueous Medium",20922,23641583
32082099,"Other Paints Based On Acrylic Or Vinyl Polymers, In A Non-Aqueous Medium",33366,43391426
32089090,"Other Paints And Varnishes, In A Non-Aqueous Medium, Nes",229587,167613169
32091000,Based on acrylic or vinyl polymers,100,220443
32099090,"Other Paints And Varnishes, In An Aqueous Medium, Nes",25195,24530215
32100020,Prepared Water Pigments Of A Kind Used For Finishing Leather For Cleaning.,2540,2117115
32100090,Other Paints & Varnishes,35884,22365985
32110000,Prepared Driers,48,45091
32121000,Stamping Foils,5745,10184172
32129000,"PIGMENTS(INCL.METALIC..) DISPERSED IN NON AQUEOUS MEDIA..,EXCL. STAMPING FOILS",1066,2112161
32139000,"Artists', Students' Or Signboard Painters' Colours In Packings, Nes",12,43753
32141000,"GLAZIERS PUTTY,GRAFTING PUTTY, RESIN CEMENTS, CAULKING COMPOUNDS AND OTHER MASTICS...",3040,1422339
32149000,Non-Refractory Surfacing Preparations,2556,910789
32151100,"Black printing ink, whether or not concentrated or solid",64910,118205097
32151900,"Printing ink, whether or not concentrated or solid (excl. black)",598834,397831615
32159090,"Other Ink,Wheterh Or Not Concentrated Or Solid(Ex.Ink For Ball Points Pens",220159,111918942
33051000,Shampoos,9660,4685231
33052000,Preparations For Permanent Waving Or Straightening,668,2497383
33053000,Hair Lacquers,9453,1462237
33059000,"Preparations For Use On The Hair, Nes",6219,5961208
34011900,"Soap And Organic Surface-Active Products In Bars, Etc, Nes",4640,674828
34012000,SOAP IN OTHER FORMS,5555,2173074
34023100,Anionic organic surface-active ageLinear alkylbenzene sulphonic acids and their salts,81400,12945467
34023990,Other than Chips of Sodium Isethionate,2235,753573
34024100,"Other organic surface-active agents, whether or not put up for retail sale :, Cationi",62430,17115562
34024290,"Other organic surface-active agents, whether or not put up for retail sale :, Non-ion",211550,49029033
34024910,"Other organic surface-active agents, NES",30745,13763939
34024990,"Other organic surface-active agents, NES",2380,757290
34029010,Detergents,1022138,310114513
34029020,Cleaning preparation for steel industries,14278,3939210
34029090,Washing & Cleaning Preparations (Excl. Detergents),2379060,765823369
34031100,Lub.Preparations For Treatement Of Tex.Leather Etc With=<70% Petroleum Oil,112520,35345203
34031900,"Other Lubricating Preparations, With =<70% Petroleum Oil, Nes",52633,15373066
34039100,"Lub.Preparations For Treatement Of Tex. Leather Etc, Nes",318001,86340698
34039910,Compressor oil,2016,959400
34039990,"Other Lubricating Preparations, Nes",24942,8702601
34042000,Artificial Waxes Of Polyethylene Glycol,42280,7530216
34049010,Other Waxes,16005,4507791
34049090,"Artificial Waxes And Prepared Waxes, Nes",88912,23336508
34051000,"Polishes, Creams And Similar Preparations For Footwear Or Leather",23712,12272013
34052000,"Polishes,Cream.&Similar Prepa.For Mainten. Of Woodwork Woden Fur.Flo.&Othr",1400,388804
34053000,Polishes And Similar Preparations For Coachwork (Excl. Metal Polishes),2106,378482
34054000,Scouring Pastes And Powders And Other Scouring Preparations,6100,1067853
34059010,Polishes and other preparations used in the finishing (including electroplating) of met,44575,20637579
34059090,"Other polishes, creams and similar preparations, nes",3544,2590219
34060000,"Candles, Tapers And The Like",2,1513
35051000,Dextrin and other modified starches,2240200,224208320
35052000,"Glues Based On Starches, Dextrins Or Other Modified Starches",114582,25263016
35061000,"Products Put Up As Glues Or Adhesives For Retail Sale, =<1kg",56391,33299418
35069110,Adhesives Based On Rubber Or Plastic (Incl. Artificial Resins),39827,24516194
35069190,Adhesives Based On Rubber Or Plastic (Incl. Artificial Resins),1080632,392728708
35069900,Stripping chemical,114957,60049803
35071000,Rennet And Concentrates Thereof,5000,3168237
35079010,Streptokinase,900,416972
35079090,Other than Streptokinase,803983,289423267
37012000,"Instant Print Flat Film, Unexposed",3,4689
37013000,,16513,47777858
37024400,"Photo Film, In Rolls, Non-Perforated, Width >105mm But =<610mm",55,223663
37032000,"OTHER PHOTOGRAPHIC PAPER, FOR COLOUR PHOTOGRAPHY(POLYCHROME)",1411,353455
37050000,"Photographic plates and film, exposed and developed, other than cinematographic film",57,65005
37071000,Sensitising emulsions,11966,9693560
37079000,"OTH.CHEMICAL PREPARATIONS FOR PHOTOGRAPHIC USES..,EXCL.SENSITISING EMULSIONS",8678,7174360
38051000,"Gum, Wood Or Sulphate Turpentine Oils",18,4509
38059000,"Oth.Turpenic Oils,Nes;Crude Dipentene,Sulphite Turpentine&Oth.Crude Parac.",10725,2392733
38061010,Rosin And Rasin Asids,600,197797
38061090,Rosin And Rasin Asids,540,351435
38085200,Goods specified in Subheading Note 1 to this Chapter,1399,5527942
38085900,Other,80,20040
38089291,"Fungicides, NES In bulk",3700,6839038
38089299,"Fungicides, NES Cxcl.in bulk",1702,2116214
38091000,"Finishing Agents, Etc, With A Basis Of Amylaceous Substances Nes",6710,2862389
38099100,Finishing Agents Etc. Of A Kind Used In The Textile Or Like Industries Nes,5688541,1874875081
38099200,"Finishing Agents, Etc, Of A Kind Used In The Paper Or Like Industries Nes",6000,1287124
38099300,Finishing Agents Etc. Of A Kind Used In The Leather Or Like Industries Nes,89603,44416237
38101000,Pickling Preparations For Metal Surfaces;Soldering..Powders&Pastes..Mater.,2307,3676983
38109090,Pickling preparations for metal surface.... Excl. Submerge welding flux for LPG,50,18787
38111900,Anti-Knock Preparations (Excl. Based On Lead),860,592904
38119000,"OTHER PREPARATIONS, EXCL.ANTI-KNOCK PREPARATIONS, ADDITIVES FOR LUBRICATING OILS",1623,1876631
38121000,Prepared Rubber Accelerators,5615,3051510
38122000,"Compound Plasticisers For Rubber Or Plastics, Nes",7201,2631740
38123910,Other,17600,2204422
38123990,Other,27860,7415147
38140010,Organic composite solvent,21703,8272213
38140090,"Organic Composite Solvents And Thinners, Nes; Paint Or Varnish Removers",293220,103819256
38151100,Supportedcatalysts With Nickel Or Its Compounds,235,174205
38159000,"Reaction Initiators, Accelerators And Catalytic Preparations, Nes",10468,5475195
38170090,"MIXED ALKYLBENZENES AND MIXED ALKYLNAPHTHALENES,OTHER THAN THOSE OF HEADING 2707 OR 2902",600,344503
38190000,Hydraulic Brake Fluids And Similar Liquids With <70% Petroleum Oil,1290,76844
38200000,Anti-Freezing Preparations And Prepared De-Icing Fluids,160,331318
38231100,Stearic Acid,34300,3544610
38231200,Oleic Acid,13000,6419126
38231900,"OTH.INDUST. MONOCARBOXYLIC FATTY ACIDS.., EXCL.ST.ACID,OLEIC ACID,TALL OIL FATTY ACIDS",11200,4949928
38241000,Prepared Binders For Foundry Moulds Or Cores,144080,27477232
38249100,Mixtures and preparations consisting mainly of (5-ethyl-2-methyl-2-.......,2864,2490041
38249910,Other,2730,667520
38249920,Chlorinated paraffin wax,3057,2388022
38249960,Desiccant,82690,74187440
38249992,Master batch not containing pigments,135000,10483745
38249999,Other,1523058,342511488
39011000,Polyethylene having a specific gravity of less than 0.94,3880238,566901156
39012000,Polyethylene having a specific gravity of 0.94 or more,5440525,755352282
39013000,"Ethylene-Vinyl Acetate Copolymers, In Primary Forms",459787,103803797
39014000,"Ethylene-alpha-olefin copolymers, having a specific gravity of less than 0.94",14059721,1871256703
39019000,"Other Polymers Of Ethylene, In Primary Forms, Nes",57050,10547628
39021000,"Polypropylene, In Primary Forms",18380127,2250467106
39023000,"Propylene Copolymers, In Primary Forms",447250,59551832
39029000,"Other Polymers Of Propylene Or Of Other Olefins, In Primary Forms, Nes",131384,17756786
39031900,"Polystyrene (Excl. Expansible), In Primary Forms",1751400,249307718
39033000,Acrylonitrile-butadiena-styrene(ABS) copolymers,228612,56072596
39039000,"Polymers Of Styrene, In Primary Forms, Nes",69300,11419830
39041000,"Polyvinyl Chloride, Not Mixed With Other Substances, In Primary Forms",134150,22547562
39042100,"Non-Plasticised Polyvinyl Chloride, In Primary Forms",50000,6888818
39042200,"Plasticised Polyvinyl Chloride, In Primary Forms",378550,70433261
39049000,"Polymers Of Halogenated Olefins, In Primary Forms, Nes",9960,995048
39051200,Polyvinyl Acetate In Aqueous Dispersion,34160,4888709
39053000,"Polyvinyl Alcohol, Whether Or Not Containing Unhydrolysed Acetate Groups",90100,27553540
39059100,Copolymers In Primary Forms,32760,5447408
39059900,Polymers Of Other Vinyl Esters & Other Vinyl Polymers In Primary Forms Nes,19000,7837963
39061000,"Polymethyl Methacrylate, In Primary Forms",8270,4386904
39069000,"Acrylic Polymers, In Primary Forms, Nes",1886628,464381456
39071000,"Polyacetals, In Primary Forms",83901,16959529
39072900,Other polyethers :EXLCUDING Bis (polyoxyethylene) methylphosphonate,50105,9995617
39073000,"Epoxide Resins, In Primary Forms",12575,7497838
39074000,Polycarbonate,16638,5068119
39076100,Having a viscosity number of 78 ml/g or higher,467000,62011993
39077000,Poly (lactic acid),500,71957
39079100,"Unsaturated Polyesters, In Primary Forms, Nes",367016,83052300
39079900,"Polysters, In Primary Forms,NES",125367,29196099
39081000,"Polyamide 6,11,12,6,6,6,9,6,10 or 6,12:",114940,30848576
39089000,"Other polymides, in primary forms, nes",47600,18487276
39091000,UREA RESINS; THIOUREA RESINS,100,45032
39092000,Melamine resins,106000,14346151
39093100,"Poly(methylene phenyl isocyanate) (crude MDI, polymeric MDI)",7360,2236169
39095000,"Polyurethanes, In Primary Forms",273162,97950077
39100000,Silicones Inprimary Forms,500072,219615195
39111000,"Petroleum Resins... Other Resins And Polyterpenes, In Primary Forms",411,740123
39119000,"Polysulphides, Polysulphones And Other Products..., In Primary Forms",7793,5148136
39121200,"Plasticised Cellulose Acetates, In Primary Forms",400,94248
39123900,"Other Cellulose Ethers, In Primary Forms, Nes",80,76542
39131000,"Alginic Acid, Its Salts And Esters, In Primary Forms",10786,14704451
39139000,"Natural and modified natural polymers, in primary forms",25731,13773041
39140000,"Ion-Exchangers Based On Polymers Of 39.01 To 39.13, In Primary Forms",24400,4280999
39151000,"Waste, Parings And Scrap, Of Polymers Of Ethylene",74850,11249432
39159000,"Waste, Parings And Scrap, Of Other Plastics, Nes",291964,18224804
39161000,"Monofilament Dimenson>1mm,Rods..&Prof.Sha.,Polym. Of Ethylene",3,6526
39162000,"Monofil..>1mm,..Of Vinyl Chloride For door, window and photo frame",261,255247
39169010,"Monofil.Dimension>1mm,Rods..&Profile Shapes,Of Other Plastics",311,278182
39169020,Fibre reinforced polymer (FRP) sticks and profile shapes,98815,31392630
39169090,"Monofil.Dimension>1mm,Rods..&Profile Shapes,Of Other Plastics",12552,7705417
39171000,Artificial Guts Of Hardened Proteins Or Of Cellulosic Materials,4044,7062972
39172100,"Tubes, Pipes And Hoses, Rigid, Of Polymers Of Ethylene",21427,28480538
39172310,Pvc Shrinkable Tube(Plain),1262,2386169
39172390,"Tubes,Pipes And Hoses, Rigid, Of Polymers Of Vinyl Chloride, Nes",6462,2585957
39172991,"Tubes, Pipes And Hoses, Rigid, Of Other Plastics, Nes",10152,7309362
39172999,"Tubes, Pipes And Hoses, Rigid, Of Other Plastics, Nes",181138,29458648
39173190,"Other Flexible Tubes,Pipes And Hoses,With A Burst Pressure >=27.6 Mpa",231,72296
39173290,"Tubes, Pipes And Hoses, Not Reinforced, Without Fittings, Nes",107,165201
39173390,"Other Tubes,Pipes&Hoses With Fittings",101,127154
39173990,"Other Tubes, Pipes And Hoses, Nes",7595,5321496
39174000,"Fittings, For Tubes, Pipes And Hoses, Of Plastic",741,1078890
39181000,"Floor... Coverings Of Polymers Of Vinyl Chloride, In Rolls Or Tiles",54280,7277097
39191000,"Self-Adhesive Tape, Plates, Strip..., In Rolls, Width =<20cm",160875,84090786
39191090,"Self-Adhesive Tape, Plates, Strip..., In Rolls, Width =<20cm",179,45713
39199010,"OTHER SELF-ADHESIVE PLATES, TAPE, STRIP, FOIL... OF PLASTICS, NES",1662097,592116357
39199020,Performance Tape/Closure/Side Tape,75762,56255206
39199030,Scratch off label imp. by IND_IRC_VAT reg. SIM_Smart card or Gypsum Boad manf. ind,20,456403
39199091,Re-seal/Self adhesive tape,17378,5040564
39199099,"OTHER SELF-ADHESIVE PLATES, TAPE, STRIP, FOIL... OF PLASTICS, NES",290854,372249717
39201010,Stretch Wrapping Film,20923,7127699
39201090,"Plates..,Of Polymers Of Ethylene, Laminated.. Not Reinforced,Etc.,Nes",290390,298041318
39202010,Polymers of propylene in printed form,546,8272767
39202020,Non-printed cast polypropylene film,53231,25630369
39202090,Other polymers of propylene(excl printed form),1604017,400719510
39203000,"Plates..., Of Polymers Of Styrene, Laminated..Not Reinforced, Etc",27691,5384063
39204300,CONTAINING BY WEIGHT NOT LESS THAN 6% OF PLASTICISERS,125700,19276865
39204910,PVC FILM & PVDC FILM FOR BLISTER PACK FOR MEDICINE,2829,1081093
39204920,Printed PVC sheet,138176,42696100
39204930,PVC film imp. by Ind. IRC_VAT compliant medicine pack. Industries,5780,1040227
39204950,PVC FILM IMP. BY IND. IRC VAT COMPLI. GYPSUM BOARD MFG IND.,178607,41453859
39204990,"Other plates...,of polymers of vinyl chloride other than not<6% of plasticisers",911843,222716999
39205100,"Plates..., Of Polymethyl Methacrylate, Laminated Not Reinforced, Etc",2030,719481
39205900,"Plates..., Of Other Acrylic Polymers, Laminated Not Reinforced, Etc, Nes",3200,1656913
39206100,"Plates..., Of Polycarbonates,Laminated Not Reinforced, Etc",1078,756529
39206210,poly(ethylene terephthalate in printed form,94869,34776893
39206290,Other poly(ethylene terepthalate) excl printed form,1435880,366727467
39206390,"Plates..., Of Unsaturated Polyesters, Laminated Not Reinforced, Etc",11,62626
39206910,Other polyester in printed form,2,13694
39206920,Unprinted in roll form imported by VAT registered plastic products manufacturing indu,27,18936
39206991,"Other polyesters, Nes (excl. printed form)",100,658947
39207100,"Plates..., Of Regenerated Cellulose, Laminated Not Reinforced, Etc",199,187343
39207300,"Plates..., Of Cellulose Acetate, Not Reinforced, Etc",41040,35500945
39207900,"Plates..., Of Other Cellulose Derivatives, Not Reinforced, Etc, Nes",8557,1751162
39209100,"Plates..., Of Polyvinyl Butyral, Not Reinforced, Etc",1738,470177
39209210,Other plastics polyamides in printed form,3,143198
39209220,Unprinted in roll form imported by VAT registered plastic products manufacturing indu,147,77656
39209290,"Other plastics polymides, Nes (excl. printed form)",1318,8807990
39209910,Film For Blister Packing Of Other Plastics,62,200893
39209990,"Plates..., Of Other Plastics, Not Reinforced, Etc, Nes",76559,134125137
39211100,"Cellular Plates, Strips... Of Polymers Of Styrene",4293,4213447
39211200,"Cellular Plates, Strips... Of Polymers Of Vinyl Chloride",83378,39680065
39211300,"Cellular Plates, Strips... Of Polymers Of Polyurethanes",714280,308299635
39211400,"Cellular Plates, Strips... Of Polymers Of Regenerated Cellulose",16,13778
39211990,"Microcellular PET light sheet having a power saving capa.of 20% or more, NES",187006,160482613
39219010,"Vulcanised fibre sheet imp.in preunched,cut to size shape for the mfg.of silver cans.",4475,2766262
39219020,Multilayer extruded sheet for plastic.. imported by VAT regtd. plastic tube manufactu,20500,5135219
39219091,"Other cellular plates, strips in printed form..., of plastics",573,4478431
39219093,Tarpaulin,88423,23469932
39219099,"Other cellular plates, strips ..., of plastics, nes",721574,241881195
39231000,"Boxes, Cases, Crates And Similar Articles Of Plastics",81347,30804286
39232100,Sacks and bags (incl. cones) of polymers of ethylene,1399320,424482786
39232910,AIRTIGHT STORAGE BAGS WITH ZIPPER,14154,18631319
39232990,Article for the conve..of polymers of ther plastic excl.airtght storage bag with zipp,183124,78380352
39233090,"Other Carboys, Bottles, Flasks And Similar Articles Of Plastics",54,59709
39234010,Bobbins; Sliver/spinning can,35123,6378368
39235000,"Stoppers, Lids, Caps And Other Closures Of Plastics",146353,158143521
39239010,"Trays For Transportation And Keeping For Chicks And Eggs, Of Plastics",2750,623210
39239090,"Articles for the packing of goods, of plastics, nes",186399,44271872
39241000,Tableware And Kitchenware Of Plastics,45150,22630194
39259000,"Builders' Ware Of Plastics, Nes",2670,794916
39261000,Office Or School Supplies Of Plastics,27,12839
39262010,Gloves (Surgical) Of Plastics & Materials Of Heading 39.01-39.04,39,160209
39262090,Art.Of App.&Clothing Accessories(Exl.Gloves)Of Plastics Hd.No.39.01-39.04,2953017,1473452687
39263000,"Fittings For Furniture, Coachwork Or The Like Of Plastics",4,4735
39264000,Statuettes And Other Ornamental Articles Of Plastics,1680,6600062
39269010,Plastic Coil Used As Contraceptive And Coil Inserter,6627,3791448
39269030,"Parts And Fittings For Infusino Set, Of Plastics",8180,3152598
39269050,Taflon tape/PTFE tape,1093,2443566
39269060,Cot and Apron,9,31000
39269091,Conveyor or transmission belts of belting,2062,3956228
39269093,PLASTIC FRAME WORKS IMP. BY INDUS. IRC VAT COMPLI CABLE MFG. INDU.,4,3503
39269099,"PVC scrn.having intrnl.dia.from 4-8 Mulch and strct.thereof used in agri.& hoti.,nes",563462,451509497
40011000,"Natural Rubber Latex, In Primary Forms Or In Plates, Sheets Or Strips",56990,13365498
40012100,Natural rubber imported by VAT registered tyre manufacturing industries,2,979
40012200,"Technically Specified Natural Rubber, In Primary Forms Or In Plates, Etc",20160,5164876
40012900,"Other Natural Rubber, In Primary Forms Or In Plates, Etc, Nes",33704,11584216
40021100,Latex Of Styrene-Butadiene Or Carboxylated Styrene-Butadiene Rubber,67315,16592968
40021900,"Styrene-Butadiene Rubber; Carboxylated Styrene-Butadiene Rubber, Nes",222805,62688244
40022000,"Butadiene Rubber, In Primary Forms Or In Plates, Sheets Or Strip",86200,20544183
40024900,Chloroprene (Chlorobutadiene) Rubber (Excl. Latex),3650,8378581
40025100,Latex Of Acrylonitrile-Butadiene Rubber,150063,29742062
40025900,Acrylonitrile-Butadiene Rubber (Excl. Latex),14,8487
40029900,"Other Synthetic Rubber (Excl. Latex), Nes",221032,73857534
40030000,"Reclaimed Rubber In Primary Forms Or In Plates, Sheets Or Strip",602,258018
40040000,"Waste,Parings & Scrap Of Rubber(Ex.Hard Rubber)&Powders Gran.Obt.Therefrom",120,11905
40051000,"Rubber Compounded With Carbon Black Or Silica, Unvulcanized",97810,32675700
40059100,"Plates, Sheets And Strip Of Unvulcanized, Compounded Rubber, Nes",18400,15082895
40059900,"Compounded Rubber, Unvulcanized, In Primary Forms",67300,19699730
40061000,Camel-Back Strips For Retreading Rubber Tyres,35,28909
40069000,"Other Forms And Articles Of Unvulcanized Rubber, Nes",49341,76014425
40070000,Vulcanized Rubber Thread And Cord,1093996,371340751
40081100,"Plates, Sheets And Strip Of Cellular Vulcanized Rubber",30931,10345085
40081900,"Rods And Profile Shapes Of Cellular Vulcanized Rubber, Nes",26742,6180645
40082100,"Plates, Sheets And Strip Of Non-Cellular, Vulcanized Rubber(Excl. Hard)",72691,29315844
40082900,"Rods And Profile Shapes Of Non-Cellular, Vulcanized Rubber (Excl. Hard)",5131,2774047
40091100,NOT REINFORCED OR OTHERWISE COBINED WITH OTH.MATERIAL WITHOUT FITTINGS,1,614
40091200,"TUBES,PIPES & HOSES ..NOT REINFORCED OR OTHERWISE COMB.WITH MAT.WITH FITT.",209,165197
40092100,REINFORCED OR OTH.WISE COMBINED ONLY WITH METAL-WITHOUT FITTINGS,2,25439
40092200,REINFORCED OR OTHERWISE COMBINED ONLY WITH METAL WITH FITTING,2,168461
40093100,REINFORCED OR OTH.WISE COMBINED ONLY WITH TEXTILE MTRLS.WITHOUT FITTINGS,0,47124
40094100,REINFORCED OR OTHERWISE COMBINED WITH OTHER MATERIALS-WITHOUT FITTINGS,370,171494
40094200,REINFORCED OR OTHERWISE COMBINED WITH OTHER MATERIALS-WITH FILLINGS,6,37399
40101100,"Conveyor Belts Or Belting,Of Vulcanized Rubber Reinforced Only With Metal",17,39517
40101200,Conveyor Belts/Belting Of Vulcanised Rubber Reinf'D Only With Textile Mats,6,64319
40101900,"Conveyor Belts Or Belting, Of Vulcanised Rubber, Nes",607,1798085
40103100,"ENDLESS TRNSMSN.BELTS OF TRPZDL.CROSS-SEC.(V-BLT),V-RIBBED OF..>60CM,<180",9,732128
40103200,"ENDLESS TRNSMSN.BELTS OF TRPZODL.CROS-SECTION(V-BELTS),OTHER..>60CM<180CM",8,70615
40103300,"ENDLESS TRNSMSN.BELTS OF TRZDL.CROSS-SECTION(V-BELTS)V-RIBED..>180CM,<240",2,60088
40103500,"ENDLESS SYNCHRONOUS BELTS,OF AN OUTSIDE CIRCUMFERENCE EXCEEDING >60CM,<150",9,296651
40103600,"ENDLESS SYNCHRONOUS BELTS,OF AN OUTSIDE CIRCUMFERENCE >150CM,<198CM",98,247051
40103910,RUBBER BELT ROUND NOT EXCEEDING 10 in DIA/FLAT,1,7264
40103990,"TRANSMISSION BELTS OR BELTING,NES OTHER THAN RUBBER BELT ROUND<10"" dia/Flat",693,377515
40112090,"New pneumatic tyres, of rubber of a kind used on buses or lorries",2000,398298
40113000,"New Pneumatic Tyres, Of Rubber For Aircraft",2530,5868509
40115000,"New Pneumatic Tyres, Of Rubber Of A Kind Used On Bicycles",81809,63062423
40118000,"Of a kind used on construction, mining or industrial handling vehicles and machines",85,180055
40119000,"Other Tyre, excl. construction, mining or industrial handling vehicles and machines",41,23620
40132000,"Inner Tubes, Of Rubber Of A Kind Used On Bicycles",21157,17611202
40151900,Gloves Of Vulcanized Rubber (Excl. Surgical Gloves),2138,5001558
40159000,"Articles Of Apparel And Clothing Accessories Of Vulcanized Rubber, Nes",232005,222124634
40161000,Articles Of Vulcanized Cellular Rubber,5836,9363056
40169100,"Floor Coverings And Mats Of Vulcanized Rubber, Non-Cellular",676,68198
40169200,"Erasers, Of Vulcanized Rubber",0,1363
40169300,"Gaskets, Washers And Other Seals, Of Vulcanized Rubber",432,18476097
40169500,"Inflatable Articles, Of Vulcanized Rubber, Nes",11727,24696300
40169910,"ARTICLES OF VULCANIZED RUBBER, RUBBER CO /APRON",971,11289149
40169920,Rubber bearing,5,6441
40169990,"ARTICLES OF VULCANIZED RUBBER,NES EX.RUBBER COT/APRON",71018,96615139
40170000,"HARD RUBBER(FOR EX.,EBONITE) IN ALL FORMS,INCL.WASTE AND SCRAP; ARTICLES OF HARD RUBBER",20000,3632722
41019000,"OTHER, INCLUDING BUTTS, BENDS AND BELLIES",2369,7389240
41022900,"Raw Skins Of Sheep Or Lambs, Without Wool, Not Pickled, Not Tanned",1544,2822161
41041110,"Tanned or...,in the wet state (including wet-blue) full grains,.......Split leather",18569,6725767
41041190,"Tanned or...,in the wet state (inclu wet-blue) full grains, .....excl. Split leather",240529,92285357
41041910,"Tanned..wet-blue other than full grains unsplit, grain splits , split leather",124585,15604407
41041990,"Tanned..wet-blue other than full grains unsplit, grain splits , excl split leather",681356,48161620
41044110,Tanned or crust hieds. in the dry state full grains..Split leather,18880,28105349
41044190,Tanned or crust hieds. in the dry state full grains..Excl Split leather,9436,21528282
41044910,"Tanned or crust. in the dry state other than full grains...,Split leather",67872,8500999
41044990,"Tanned or crust. in the dry state other than full grains..., Excl Split leather",86178,145145282
41053000,IN THE DRY STATE (CRUST),16,109590
41071100,"WHOLE HIDES AND SKINS,FULL GRAIN,UNSPLIT",37953,90758291
41071200,"WHO;E HIDES AND SKINS, GRAIN SPLITS",6411,11274912
41071900,"WHOLE HIDES AND SKINS, NES",200694,426600112
41079100,"OTHER INCL. SIDES,FULL GRAINS,INSPLIT",1300,585269
41079200,"OTHER, INCLUDING SIDES, GRAIN SPLITS",199892,432618111
41079900,"OTHER,INCLUDING SIDES,NES",365030,774998828
41120000,"LEATHER FURTHER PREPARED AFTER TANNING OR CRUSTING,INC.PARCHMENT DRESSED..",18385,36449315
41131000,OF GOATS OR KIDS,11260,44709623
41139000,"LEATHR FUTHER PREPARED AFTER TUNNING OF CRUSTING,INCL PARCHMETN-DRSED..NES",5185,6201178
41142000,PATENT LEATHER & PATENT LAMINATED LEATHER;METALLISED LEATHER,7153,7070539
41151000,"COMPOSITION LEATHER WITH A BASIS OF LEAHTER OR LEATHER FIBR,IN SLABS...",24204,18643533
42021100,"Trunks, Suit-Cases..., Etc, With Outer Surface Of Leather,Or Of composition leather",93,72810
42022100,"Handbags With Outer Surface Of Leather, Or Composition Leather",170,996409
42022200,Handbags with outer.. with outer surface of sheeting of plastics or of tex.. material,38,63937
42022900,"Handbags, Nes",903,1203272
42023100,With outer surface of leather or of composition leather,1106,787151
42023200,Articles.... in pocket or handbag.. With outer surface of sheeting of plastics or....,0,113
42023900,"Articles Normally Carried In Pocket Or Handbag, Nes",16,13662
42029200,With outer surface of sheeting of plastics or of textile materials,144,93339
42031000,Articles Of Apparel Of Leather Or Of Composite Leather,1225,9778933
42032900,"Gloves, Mittens And Mitts Nes, Of Leather Excl. For Sports",1986,2537764
42033000,Belts And Bandoliers Of Leather Or Of Composition Leather,83365,179200621
42034000,OTHER CLOTHING ACCESSORIES,56140,171163536
42050010,Of a kind used in machinery or mechanical appliances or for other technical uses.,0,76
42050090,"Other articles of leather or of composition leather, NES",15120,14615491
42060090,"Articles of gut (excl. silk-worm), goldbeater's skin, bladders, nes",525,2116531
43021900,"Tanned Or Dressed Whole Furskins, Nes, Not Assembled",3163,6191145
43039000,"Articles Of Furskin, Nes",3,6514
43040000,Artificial Fur And Articles Thereof,3352,3163253
44012200,Non-Coniferous Wood In Chips Or Particles,6900,327513
44031100,"Treated with paint, stains, creosote or other preservatives :Coniferous",630,33142
44041000,"Coniferous Hoopwood; Split Poles, Etc; Wooden Sticks, Etc; Chipwood",8800,2485181
44072900,Other Tropical Wood not specified in Subheading Note 2,13160,2196995
44079200,Beech Wood (Fagus Spp.) Sawn/Chipped Lengthwise Sliced Or Peeled >6m Thick,123,23310
44123900,"Other, with both outer plies of coniferous wood",55619,2527276
44129900,"Plywood, veneered panels and similar laminated wood, nes",14134,3439899
44130029,"Treated Wood,Nes",1323,141635
44149000,"Wooden frames for paintings, photographs, mirrors or.... Excluding Of tropical wood",14674,2148790
44170000,"Tools, tool bodies, tool handles, broom or brush bodies.lasts and trees, of wood.",12557,5804134
44191900,"Other, excl. Bread boards, chopping boards and similar boards & Chopsticks",370,447229
44211000,Clothes Hangers Of Wood,13424,4721033
44219100,Of bamboo,10742,3405621
45031000,CORKS AND STOPPERS,29,220763
45049000,"OTH, AGGLOMERATED CORK(WITH OR WITHOUT A BINDING SUB-STANCE) AND ARTICLES OF AGG. CORK",2500,2321423
46012200,"Mats, matting and screens of vegetable materials Of rattan",1851,3336227
46012900,"Mats, matting and screens of vegetable materials, Excl. materials of bamboo &",1699,5811869
46019900,"OTH, PLAITS AND SIMILAR PRODUCTS OF PLAITING MATERIALS...(EXCL. OF VEGETABLES MATERIALS)",3523,3742033
48010000,"Newsprint, In Rolls Or Sheets",12765,1951448
48021000,Hand-Made Paper And Paperboard,0,1845
48022000,Paper And Paperboard As A Base For Photo-Sensitive... Paper,10886,3010328
48024000,"Wallpaper Base,Uncoated,In Rolls Or Sheets(Ex.For Newspaper & Periodicals)",10107,1066853
48025400,,44,13574
48025590,Other Paper EXCL.ECG and ultrasonogram recording paper,37921,8394088
48025600,"OTHER PAPER OR PAPERBOARD, NOT CONTAINING...,WEIGHING 40 G/M2 OR MORE...",7055,1844754
48025700,"OTHER,WEIGHING 40 G/M2 OR MORE BUT NOT MORE THAN 150G/M2",41144,10229834
48025800,WEIGHING MORE THAN 150G/M2,746874,139527234
48026100,"OTH.PAPER& PAPERBOARD,WEIGHT >10% BY WEIGHT OF TOTAL FIBRE CONTENT,IN ROLL",653,67941
48026900,"OTH. PAPER & PAPER BOARD, IN ROLL, NES",464313,49809188
48030000,"Toilet,Facial Tissue,Towel,Napkin Stock & Similar Paper, In Rolls Or Sheet",27573,7827453
48041100,"Unbleached Kraftliner, Uncoated Paper & Paperboard In Rolls Or Sheets",6028555,504704998
48041900,"Kraftliner,Uncoated(Excl.Unbleached),Paper & Paperboard,In Rolls Or Sheets",61017,9821804
48042900,"Sack Kraft Paper (Excl. Unbleached), Uncoated, In Rolls Or Sheets",2814,538408
48043100,"Unbleached Kraft Paper..., Weighing =<150g/M2",460839,36268919
48043900,"Kraft Paper... (Excl. Unbleached), Weighing =<150g/M2",203817,26286626
48044100,"Unbleached Kraft Paper..., Weighing >150g/M2 But <225g/M2",3255246,284653903
48044200,"Kraft Paper..., Weigh.>150g/M2 But<225g/M2,Bleach Uniformally>95% By Wt...",217358,19033929
48044900,"Kraft Paper..., Weighing >150g/M2 But <225g/M2, Nes",652954,57177156
48045100,"Unbleached Kraft Paper..., Weighing >=225g/M2",1497796,133860863
48045900,"Kraft Paper..., Weighing >=225g/M2, Nes",62348,24410685
48051100,"FLUTING PAPER, SEMI-CHEMICAL FLUTING PAPER",7885052,665902805
48051200,"FLUTING PAPER,STRAW FLUTING PAPER",33,12192
48051900,"FLUTING PAPER,NES",4584982,397164899
48052400,"TESTLINER(RECYCLED LINER BOARD),WEIGHING 150G/M2 OR LESS",310218,25944524
48053000,"Sulphite Wrapping Paper, Uncoated In Rolls Or Sheets",3321,1394598
48059110,Uncoated paper board,23,2950
48059190,"Fluting paper, NES, weighing 150 g/m2 or less",379733,33286361
48059290,"Fluting paper, NES weighting more than 150 g/m2 but less than 225 g/m2",548305,47614003
48059390,"Fluting paper, NES weighing 225 g/m2 or more",5070,806433
48063000,"Tracing Papers, In Rolls Or Sheets",24,14674
48064000,"Glassine And Other Glazed Transparent Or Translucent Papers, Nes",146723,56990814
48070000,"CMPST.PAPER&PAPER BOARD,NOT SURFACE -COATED OR IMPREGBATED..,IN ROLL/SHEET",911,109297
48081000,"Corrugated Paper And Paperboard, In Rolls Or Sheets",42823,6430698
48084000,"Kraft paper, creped or crinkled, whether or not embossed or perforated",1288,139492
48089000,"Paper And Paperboard, Corrugated, Creped, Etc, In Rolls Or Sheets, Nes",2315,5186609
48092000,"Self-Copy Paper, In Rolls Or Sheets",6,151722
48099010,Carbon or similar copying papers,2,1252
48099090,"Carbon or similar copying papers, nes",35954,13937078
48101300,"MECHANICL OR CHEMICAL-MECHANICAL, IN ROOLS",519922,42895876
48101400,IN SHEETS WITH ONE SIDE <435MM AND OTH.SIDE <297 IN THE UNFOLDED STATE,15455,7993430
48101900,"PAPER&PAPERBOARD OF A KIND USED FOR WRITTING,PRINTING OR OTH.GRAPHIC..NES",995672,170497415
48102200,LIGHT-WEIGHT COATED PAPER,374719,37113598
48102900,"Paper... For Writing, Etc, >10% Mechanical Fibres, Coated...",151121,20238457
48103200,"Kraft Paper, Bleach By Chem.Process >95% Chem.Fibres, >150g/M2,Coated(Ex..",49930,3868798
48103900,"Kraft Paper & P.Board,Beach By Chem.Process,Coated,Nes(Ex.Writing,Printing",440140,58423871
48109200,"OTHER PAPER & P.BOARD,MULTIPLY PAPER & PAPERBOARD",21190346,2504388916
48109910,Single/double side coated relse. paper Imp. by VAT reg. Refrigtr. or freez manf. Ind,82,138507
48109990,"Single/double side coated relse. paper Imp. by VAT reg. Refrigtr./freez manf. Ind,Nes",7439573,917855832
48111000,"Tarred, Bituminized Or Asphalted Paper And Paperboard",28717,10020459
48114100,Self-adhesive,414311,189306940
48114110,Self-adhesive Imp. by VAT reg. label printing Industries,294,2111417
48114900,"SELF ADHESIVE,PAPER & PAPER BOARD, NES",206282,347362087
48115990,"PAPER,PAPERBOARD,CELLULOSE WADDING AND ...EXCL.TETRAPACK/ASCEPTIC PACK",46275,9804659
48116020,Paraffin wax or stearin covered or lates coated or waterproof paper and paperboard by,20,21514
48119029,Excl. Insulated paper imp. by VAT reg. electric fan/water pump motor manf. Ind.,913,222997
48119090,"Other Paper,Paperboard,Cellulose Wadding And Webs Of Cellulose Fibres,Nes",488620,130452895
48149000,"Wallpaper And Other Wall Coverings; Window Transparencies Of Paper, Nes",1934,804299
48169000,"Copying Or Transfer Paper, Nes; Offset Plates, Of Paper (Excl.Heading 4809",20116,5163768
48172000,"Letter Cards, Plain Postcards And Correspondance Cards Of Paper...",15013,2211699
48173000,"Boxes, Etc, Of Paper Or Paperboard Containing Paper Stationery",3033,552948
48181000,Toilet Paper,38,23007
48185000,Articles Of Apparel And Clothing Accssories Of Paper,183945,23642535
48189000,"Household, Sanitary Or Hospital Articles Of Paper..., Etc, Nes",32745,8852711
48191000,"Cartons, Boxes And Cases, Of Corrugated Paper Or Paperboard",7437574,1098579014
48192010,"Folding Cartons, Boxes And Cases, Of Non-Corrugated Paper Or Paperboard",28470,5248616
48192090,"Folding Cartons, Boxes And Cases, Of Non-Corrugated Paper Or Paperboard",205598,66385542
48193000,"Sacks And Bags, Having A Base Of A Width Of >=40cm Of Paper, Paperboard",2973,2233605
48194090,Other than Fruit Bag,2119,794488
48195000,"Packing Containers, Including Record Sleeves, Of Paper..., Nes",5374,1321225
48196000,"Box Files,Letter Trays,Storage Boxes,Etc,Of Paper Used In Office,Shops Etc",0,225
48201000,"Registers,Acc.Books,Diaries,Similar Articles,Order & Receipt Books,Of ....",1847,716067
48203000,Binders (Other Than Book Covers) Folders & File Covers Of Paper/Paperboard,1314,454492
48204000,Manifold Business Forms And Interleaved Carbon Sets,198,18602
48209000,"Blotting Pads, Book Covers And Other Articles Of Stationery Of Paper...Nes",424,196277
48211000,Printed Paper Or Paperboard Labels Of All Kinds,1749271,1749733918
48219010,Sticker,22002,39420205
48219090,Excl. Sticker imp. by VAT reg. electric fan or water pump motor manf. Ind.,262462,184654908
48221000,"Bobbins, Spools..., Of Paper Or Paperboard For Winding Textile Yarn",84593,41546690
48229000,"Bobbins, Spools,Cops And Similar Supports Of Paper Or Paperboard, Nes",121134,20162803
48232000,"Filter Paper And Paperboard, Cut To Shape",45239,6725706
48234000,"Rolls, sheets and dials, printed for self recording apparatus",68,40830
48236900,"Trays, dishes, plates, cups and the like, of paper and paperboard Excl. Of bam",1516,693788
48237010,"Moduled or pressed articles of paper pulp, Gasket imp by VAT reg. comp. manu.",135,58773
48237090,"Moduled or pressed articles of paper pulp, Excl Gasket imp by VAT reg. comp. manu.",19314,6945619
48239010,"Paper And Paperboard, Cut To Size And Articls Of Paper",199685,39716811
48239091,Paper Separator,575,144034
48239093,Surface coloured or printed paper or paper board,1703,823365
48239099,"Paper And Paperboard, Cut To Size And Articles Of Paper, Etc, Nes",366325,104949591
49011000,"Printed Books, Brochures, Leaflets, Etc, In Single Sheets",1052,657939
49019910,"Religious,Reference,Scientific,Medical,Engg,Agril. & Oth.Books for higher education",4,2505
49019930,Other books,171,102642
49019990,"Printed Books,Brichures,Leaflets&Similar Printed Metter, Nes",9236,4777938
49060000,Plans...For Archit...Purposes;Handwitten Texts;Photogr.Of Repo.Of The ....,1,2210
49070090,"New Stamps,Stamp-Impressed Paper,Cheque Forms,Banknotes,Nes",0,632
49081010,Transfers(Decalcomanias) Imported By VAT Regd. Ceramic/Melamine Ind./Opal glassware,4,37575
49081090,"Transfers(Decalcomanias), Vitrifiable, Nes",1160,12774540
49089000,Transfers (Decalcomanias) (Excl. Vitrifiable),51382,211182449
49100000,"CALENDER OF ANY KIND, PRINTED, INCLUDING CALENDER BLOCKS",16,18528
49111000,"Trade Advertising Material, Commercial Catalogues And The Like",31497,8610624
49119100,"Pictures, Designs And Photographs",2430,10147648
49119990,"Other printed matter, including printed pictures and photographs., NES",412,1246254
50020000,Raw Silk (Not Thrown),9684,9243782
50060000,"Silk yarn, put up for retail sale; silk-worm gut",24,113087
50072000,"Woven Fabrics Of Silk, Containing >=85% Silk Or Of Silk Waste",29,453468
51011900,"Greasy Wool (Excl. Shorn), Not Carded Or Combed",59,121256
51021100,"FINE ANIMAL HAIR,OF KASHMIR (CASHMERE) GOATS NES",296,4033929
51032000,"Other Waste Of Wool Or Of Fine Animal Hair, Not Garnetted Stock, Nes",81,50727
51051000,Carded Wool,17,21333
51052900,Wool tops and combed wool (excl. in fragments),6,2840
51053100,"FINE ANIMAL HAIR,CARDED OR COMBED , OF KASHMIR (CASHMERE) GOATS",33,544273
51061000,"Yarn Of Carded Wool, Not Put Up For Retail Sale, With >=85% Wool",1699,5031693
51062000,"Yarn Of Carded Wool, Not Put Up For Retail Sale, With <85% Wool",12610,35320508
51071000,"Yarn Of Combed Wool, Not Put Up For Retail Sale, With >=85% Wool",40365,107476491
51072000,"Yarn Of Combed Wool, Not Put Up For Retail Sale, With <85% Wool",5616,7113842
51081000,"Carded Yarn Of Fine Animal Hair, Not Put Up For Retail Sale",902,13252075
51082000,"Combed Yarn Of Fine Animal Hair, Not Put Up For Retail Sale",37,131599
51091000,"Yarn, with >=85% wool or of fine animal hair, put up for retail sale",257,179569
51099000,"Yarn, with <85% wool or of fine animal hair, put up for retail sale",27,31268
51111100,"Woven Fbrcs.With>=85% Carded Wool Or Of Fine Animal Hair, =<300g/M2 Weight",1715,14230785
51111900,"Woven Fbrcs.With>=85%Carded Wool Or Of Fine Animal Hair, >300g/M2 Weight",504,253820
51112000,"Woven Fabrics Of Carded Wool, Mixed With Man-Made Filaments",72,259266
51113000,"Woven Fabrics Of Carded Wool, Mixed With Man-Made Staple Fibres",1065,1837353
51119000,"Other Woven Fabrics Of Carded Wool Or Carded Fine Animal Hair, Nes",748,640349
51121100,"Woven Fabrics With>=85%Combed Wool/Of Fine Animal Hair,=<200g/M2 Weight",3085,9197955
51121900,"Woven Fabrics With >=85% Combed Wool Or Of Fine Animal Hair, >200g/M2",842,4699343
51122000,"Woven Fabrics Of Combed Wool, Mixed With Man-Made Filaments",6,3761
51123000,"Woven Fabrics Of Combed Wool, Mixed With Man-Made Staple Fibres",59253,175369963
51129000,"Woven Fabrics Of Combed Wool Or Of Combed Fine Animal Hair, Nes",387,757724
51130000,Woven Fabrics Of Coarse Animal Hair Or Of Horsehair,700,330768
52029100,Garnetted Stock Of Cotton,165938,13017482
52029910,Cotton waste,468946,52361736
52030000,"Cotton, Carded Or Combed",449866,161737237
52041100,"Cotton Sewing Thread, With >=85% Cotton, Not Put Up For Retail Sale",83958,67409478
52041900,"Cotton Sewing Thread, With <85% Cotton, Not Put Up For Retail Sale",7597,13303413
52042000,"Cotton Sewing Thread, Put Up For Retail Sale",3235,5273496
52051100,"Uncombed Sin.Cot.Yarn,With>=85%Cot.,Nprs,=>714.29 Decitex (<=14mn).",1637788,525549910
52051200,"Uncom.Sin.Cot.Yarn,With>=85%Cot.Nprs,<714.29de(>14mn)But(>=232.56de)<=43mn",5545349,1762525884
52051300,"Uncom.Sin.Cot.Yarn,With>=85%Cot.,Nprs,<232.56(>43mn)But(>=192.31de)(<=52mn",2733742,1074321470
52051400,"Uncombed Sin.Cot.Yarn,With>=85%Cot.Nprs,<192.31de(>52mn)But>=125de(<=80mn)",1512589,593720332
52052100,"Combed Single Cotton Yarn, With >=85% Cotton, Nprs,>=714.29 Decitex(<=14mn",917654,421514899
52052200,"Combed Sin.Cot.Yarn,With>=85%Cot.,Nprs,<714.29(>14mn)But>=232.56de.(<=43mn",6272201,2349022507
52052300,"Com.Sin.Cot.Yarn,With>=85%Cot.,Nprs,<232.56deci(>43mm)But>=192.31de(<=52mn",11798425,4501911199
52052400,"Com.Sin.Cot.Yarn,With>=85%Cot.,Nprs,<192.31de.But>=125de>52mn But<=80mn",8660363,3443644507
52052600,"Com.Sin.Cot.Yarn,With>=85%Cot.,Nprs,<125 De.But >=106.38>80mn But<=94mm",287055,140689147
52052700,"Com.Sin.Cot.Yarn,With>=85%Cot.Nprs,<106.38de But>=83.33de>94mn But<=120mn",262746,147417069
52052800,"Combed Single Cotton Yarn, With >=85% Cotton, Nprs,<83.33 >120mn",738363,398526399
52053100,"Mul.Unco.Cabled Cotton Yarn,With >=85% Cot.,Nprs,<=14mn Per Single Yarn",15,9394
52053200,"Mul. Unco.Cabled Cotton Yarn,>=85%Cot.,Nprs,>14mn But<=43mn P.Single Yarn",919019,375310861
52053300,"Uncombed Cabled Cotton Yarn,>=85%Cotton,Nprs,>43mn But<=52mn P.Single Yarn",35245,11800990
52053400,"Uncombed Cabled Cotton Yarn,>=85%Cotton,Nprs,>52mn But<=80mn P.Single Yarn",810187,318455845
52054100,"Combed Cabled Cotton Yarn, With >=85% Cotton, Nprs, <=14mn Per Single Yarn",23395,9344828
52054200,"Combed Cabled Cotton Yarn,With>=85%Cotton,Nprs,>14mn But<=43mn P.Sing.Yarn",549630,310949671
52054300,"Combed Cabled Cotton Yarn,With>=85%Cotton,Nprs,>43mn But<=52mn P.Sing.Yarn",78898,50684182
52054400,"Combed Cabled Cotton Yarn,>=85% Cotton,Nprs,>52mn But<=80mn Pr.Single Yarn",977888,540317668
52054600,"Combed Cabled Cotton Yarn,>=85% Cotton,Nprs,>80mn But<=94mn Pr.Single Yarn",37884,32536968
52054700,"Combed Cabled Cotton Yarn,>=85% Cotton,Nprs,>94mn But<=120mn P.Single Yarn",118553,70713116
52054800,"Combed Cabled Cotton Yarn, With >=85% Cotton, Nprs, >120mn Per Single Yarn",21102,16108520
52061100,"Uncombed Single Cotton Yarn, With <85% Cotton, Nprs, <=14mn",116976,63196688
52061200,"Uncombed Single Cotton Yarn, With <85% Cotton, Nprs, >14mn But <=43mn",386306,139324472
52061300,"Uncombed Single Cotton Yarn, With <85% Cotton, Nprs, >43mn But <=52mn",133864,47653264
52061400,"Uncombed Single Cottonyarn, With <85% Cotton, Nprs, >52mn But <=80mn",55428,20102436
52061500,"Uncombed Single Cotton Yarn, With <85% Cotton, Nprs, >80mn",6978,7648611
52062100,"Combed Single Cotton Yarn, With <85% Cotton, Nprs, <=14mn",77436,80755440
52062200,"Combed Single Cotton Yarn, With <85% Cotton, Nprs, >14mn But <=43mn",136426,51298975
52062300,"Combed Single Cotton Yarn, With <85% Cotton, Nprs, >43mn But <=52mn",702572,283938868
52062400,"Combed Single Cotton Yarn, With <85% Cotton, Nprs, >52mn But <=80mn",741505,310688897
52062500,"Combed Single Cotton Yarn, With <85% Cotton, Nprs, >80mn",3509,2286360
52063100,"Uncombed Cabled Cotton Yarn, With <85% Cotton, Nprs, <=14mn",1630,1576486
52063200,"Uncombed Cabled Cotton Yarn,<85% Cotton,Nprs,>14mn But<=43mn P.Single Yarn",120471,64614252
52063300,"Uncombed Cabled Cotton Yarn,<85%Cotton,Nprs,>43mn But<=52mn Pr.Single Yarn",79,52360
52063500,"Uncombed Cabled Cotton Yarn, With <85% Cotton, Nprs, >80mn Per Single Yarn",46,28892
52064100,"Combed Cabled Cotton Yarn, With <85% Cotton, Nprs, <=14mn Per Single Yarn",518,594836
52064200,"Combed Cabled Cotton Yarn,<85% Cotton,Nprs,>14mn But<=43mn Per Single Yarn",328461,195321143
52064300,"Combed Cabled Cotton Yarn,<85% Cotton,Nprs,>43mn But<=52mn Per Single Yarn",20465,16353237
52064400,"Combed Cabled Cotton Yarn,<85% Cotton,Nprs,>52mn But<=80mn Per Single Yarn",132855,121992338
52064500,"Combed Cabled Cotton Yarn, With <85% Cotton, Nprs, >80mn Per Single Yarn",1432,1008018
52071000,"Cotton Yarn (Excl. Sewing), Put Up For Retail Sale, With >=85% Cotton",12418,5307212
52079000,"Cotton Yarn (Excl. Sewing), Put Up For Retail Sale, With <85% Cotton",1551,811159
52081100,"Unbleached Plain Woven Fabrics Of Cotton With>=85%Cotton, =<100g/M2",211272,156490900
52081200,"Unbleached Plain Woven Fabrics Of Cotton>=85%Cotton,>100g/M2 But<200g/M2",225538,115516326
52081300,"Unbleached 3 Or 4-Thread Twill, With >=85% Cotton, <200g/M2",147161,71687858
52081900,"Unbleached Woven Cotton Fabrics, Nes, With >=85% Cotton",73774,46921448
52082100,"Bleached Plain Woven Fabrics Of Cotton With >=85% Cotton, =<100g/M2",49036,38527626
52082200,"Bleached Plain Woven Fbrcs.Of Cotton With>=85%Cotton,>100g/M2 But<200g/M2",83956,107089146
52082300,"Bleached 3 Or 4-Thread Twill (Incl. Cross Twill), With >=85% Cotton",68930,79406818
52082900,"Bleached Woven Cotton Fabrics, Nes, With >=85% Cotton",183245,251672300
52083100,"Dyed Plain Cotton Woven Fabrics With >=85% Cotton, =<100g/M2",160368,186174155
52083200,"Dyed Plain Cotton Woven Fabrics With >=85% Cotton, >100g/M2",1011606,1202978777
52083300,"Dyed 3 Or 4-Thread Twill (Incl. Cross Twill), With >=85% Cotton",526394,511082306
52083900,"Dyed Woven Cotton Fabrics, With >=85% Cotton, Nes",1052844,1250439810
52084100,"Coloured Plain Cotton Woven Fabrics With >=85% Cotton, =<100g/M2",58996,121966339
52084200,"Coloured Plain Cotton Woven Fabrics With >=85% Cotton, >100g/M2",1000837,1175251367
52084300,"Coloured 3 Or 4-Thread Twill (Incl. Cross Twill), With >=85% Cotton",188689,171942998
52084900,"Coloured Woven Cotton Fabrics, With >=85% Cotton, Nes",1123496,1387273958
52085100,"Printed Plain Cotton Woven Fabrics With >=85% Cotton, =<100g/M2",76689,136433686
52085200,"Printed Plain Cotton Woven Fabrics With >=85% Cotton, >100g/M2",403998,500287860
52085900,"Printed Woven Cotton Fabrics, With >=85% Cotton, Nes",405228,485678718
52091100,"Unbleached Plain Cotton Woven Fabrics With >=85% Cotton, >=200g/M2",67179,41346500
52091200,"Unbleached 3 Or 4-Thread Twill (Incl. Cross Twill), With >=85% Cotton",2190152,884029592
52091900,"Unbleached Cotton Fabrics, With >=85% Cotton, >=200g/M2, Nes",91606,60289917
52092100,"Bleached Plain Cotton Woven Fabrics With >=85% Cotton, >=200g/M2",6991,6939347
52092200,"Bleached 3 Or 4-Thread Twill, >=85% Cotton, >=200g/M2",281872,223720792
52092900,"Bleached Woven Cotton Fabrics, With >=85% Cotton, >=200g/M2, Nes",147421,101948903
52093100,"Dyed Plain Cotton Woven Fabrics With >=85% Cotton, >=200g/M2",545341,441362808
52093200,"Dyed 3 Or 4-Thread Twill (Incl. Cross Twill), With >=85% Cotton",4939778,3778119515
52093900,"Dyed Woven Cotton Fabrics, With >=85% Cotton, >=200g/M2, Nes",878979,743485524
52094100,"Coloured Plain Cotton Woven Fabrics With >=85% Cotton, >=200g/M2",23090,20595467
52094200,"Denim, With >=85% Cotton, >=200g/M2",13461957,8353634242
52094300,"Coloured 3 Or 4-Thread Twill (Incl.Cross Twill)With>=85% Cotton,>=200g/M2",208218,164980960
52094900,"Coloured Woven Cotton Fabrics, With >=85% Cotton, >200g/M2",62969,65956638
52095100,"Printed Plain Cotton Woven Fabrics With >=85% Cotton, >200g/M2",38031,38198930
52095200,"Printed 3 Or 4-Thread Twill (Incl.Cross Twill)With >=85% Cotton, >200g/M2",398760,296614773
52095900,"Printed Woven Cotton Fabrics, With >=85% Cotton, >200g/M2",41283,44200364
52101100,"Unbleached Plain Cotton Woven Fabrics With <85% Cotton, =<200g/M2",39845,38488316
52101900,"Unbleached Woven Cotton Fabrics, Nes, With <85% Cotton, =<200g/M2",603,1621740
52102100,"Bleached Plain Cotton Woven Fabrics With <85% Cotton, =<200g/M2",93276,109720771
52102900,"Bleached Woven Cotton Fabrics, Nes, With <85% Cotton, =<200g/M2",63376,92912879
52103100,"Dyed Plain Cotton Woven Fabrics With <85% Cotton, =<200g/M2",530159,676561084
52103200,"Dyed 3 Or 4-Thread Twill, With <85% Cotton, =<200g/M2",156448,246294949
52103900,"Dyed Woven Cotton Fabrics, Nes, With <85% Cotton, =<200g/M2",542305,626717594
52104100,"Coloured Plain Cotton Woven Fabrics With <85% Cotton, =<200g/M2",273770,370472364
52104900,"Coloured Woven Cotton Fabrics, Nes, With <85% Cotton, =<200g/M2",294870,381170194
52105100,"Printed Plain Cotton Woven Fabrics With <85% Cotton, =<200g/M2",73716,109026445
52105900,"Printed Woven Cotton Fabrics, Nes, With <85% Cotton, =<200g/M2",45772,56066531
52111100,"Unbleached Plain Cotton Woven Fabrics With <85% Cotton, >200g/M2",28594,11093406
52111200,"Unbleached 3 Or 4-Thread Twill(Incl.Cross Twill)With <85% Cotton, >200g/M2",365558,291087891
52111900,"Unbleached Woven Cotton Fabrics, Nes, With <85% Cotton, >200g/M2",9286,7431848
52112000,Bleached,103519,108657135
52113100,"Dyed Plain Cotton Woven Fabrics With <85% Cotton, >200g/M2",103428,103930697
52113200,"Dyed 3 Or 4-Thread Twill (Incl. Cross Twill) With <85% Cotton, >200g/M2",1025153,904970355
52113900,"Dyed Woven Cotton Fabrics, Nes, With <85% Cotton, >200g/M2",731415,727464698
52114100,"Coloured Plain Cotton Woven Fabrics With <85% Cotton, >200g/M2",5849,5152755
52114200,"Coloured Denim, With <85% Cotton, >200g/M2",9879718,5912716914
52114300,"Color.Fab.Of 3 Or 4-Thread Twill(Inc.Cross Twill)With<85%Cotton,>200g/M2",33861,33912980
52114900,"Coloured Woven Cotton Fabrics, Nes, With <85% Cotton, >200g/M2",49256,81131924
52115100,"Printed Plain Cotton Woven Fabrics With <85% Cotton, >200g/M2",85,97980
52115200,"Printed 3 Or 4-Thread Twill,(Incl.Cross Twill) With <85% Cotton, >200g/M2",201279,113887645
52115900,"Printed Woven Cotton Fabrics, Nes, With <85% Cotton, >200g/M2",95399,51954015
52121100,"Unbleached Woven Fabrics Of Cotton, =<200g/M2, Nes",22054,36997979
52121200,"Bleached Woven Fabrics Of Cotton, =<200g/M2, Nes",7000,10770601
52121300,"Dyed Woven Fabrics Of Cotton, =<200g/M2, Nes",602131,794617992
52121400,"Coloured Woven Fabrics Of Cotton, =<200g/M2, Nes",194882,293852809
52121500,"Printed Woven Fabrics Of Cotton, =<200g/M2, Nes",59619,84705687
52122100,"Unbleached Woven Fabrics Of Cotton, >200g/M2, Nes",2888,2169998
52122200,"Bleached Woven Fabrics Of Cotton, >200g/M2, Nes",58024,48414495
52122300,"Dyed Woven Fabrics Of Cotton, >200g/M2, Nes",93633,103625408
52122400,"Coloured Woven Fabrics Of Cotton, >200g/M2, Nes",103385,119005693
52122500,"Printed Woven Fabrics Of Cotton, >200g/M2, Nes",1,1254
53012990,"Flax, Hackled Or Otherwise Processed, But Not Spun",7275,7631052
53050090,"Coconut, avaca.... Excl. Coco substrate; coco pellet; growing media",34,102306
53061000,Single Flax Yarn,160391,152714754
53062000,Multiple Or Cabled Flax Yarn,16806,38405005
53071000,Single yarn of jute or of other textile bast fibres of 53.03,104385,17660178
53082000,True Hemp Yarn,42,39267
53089000,"Yarn Of Vegetable Textile Fibres, Nes",29,20043
53091100,"Bleached Or Unbleached, Woven Fabrics Of Flax, With >=85% Flax",103457,272712401
53091900,"Woven Fabrics Of Flax, With >=85% Flax, Printed, Dyed Or Coloured",1457554,3678859398
53092100,"Bleached Or Unbleached, Woven Fabrics Of Flax, With <85% Flax",172996,290429406
53092900,"Woven Fabrics Of Flax, With <85% Flax, Printed, Dyed Or Coloured",3134954,5031722228
53110000,Woven fabrics of other vegetable textile fibres; woven fabrics of paper yarn.,333,738642
54011000,Sewing Thread Of Synthetic Filaments,2169724,1364920400
54012000,Sewing Thread Of Artificial Filaments,12381,29193692
54021100,Synthetic filament yarn?High tenacity of nylon or other polyamides Of aramids,39686,13637094
54021900,"Synthetic filament yarn?High tenacity of nylon or other polyamides, Excl.Of ar",2372,3264054
54022000,"High tenacity yarn of polyesters, whether or not textured",28507,13165430
54023100,"Textured Yarn, Of Nylon Or Other Polyamides, =<5tex, Nprs",553620,246669844
54023200,"Textured Yarn, Of Nylon Or Other Polyamides, >50tex, Nprs",511922,182022818
54023300,TEXTURED YARN OF POLYESTER,12784811,4209951225
54023400,Textured yarn Of polypropylene,125524,45524299
54023900,"Synthetic Textured Yarn, Nes, Nprs",19696,6508565
54024400,"Other yarn, single, untwisted or with a twist not exceeding 50 turns per metre",1425604,761217297
54024500,"Other yarn,single,untwisted or with a twist <=50 turns per metre Othr,of nylon",625417,254498084
54024600,"Other yarn,single,untwisted or with a twist <=50 turns per metre Other, of pol",82389,12802006
54024700,"Other yarn,single,untwisted or with a twist <=50 turns per metre Other, of pol",3760384,1209833518
54024800,"Other yarn,single,untwisted or with a twist <=50 turns per metre Other, of pol",45358,14233572
54024900,"Single Synthetic Yarn, Nes,Untwisted With =<50turns/M, Nprs",79338,67679704
54025100,"Single Yarn Of Nylon Or Other Polyamides, With >50turns/M, Nprs",103573,65653816
54025200,"Single Yarn Of Polyesters, With >50turns/M, Nprs",322283,123549900
54025900,"Single Synthetic Yarn, Nes, With >50turns/M, Nprs",11291,5156810
54026100,"Multiple Or Cabled Yarn Of Nylon Or Other Polyamides, Nprs",468825,229620125
54026200,"Synthetic Multiple Or Cabled Yarn Of Polyesters, Nprs",4118919,1577933855
54026900,"Synthetic Multiple Or Cabled Yarn, Nes, Nprs",27763,21180605
54031000,"High Tenacity Yarn Of Viscose Rayon, Nprs Excl. Sewing Thread",4840,2680835
54033100,"Single Yarn Of Viscose Rayon,Untwisted Or With =<120turns/M, Nprs",158234,54983328
54033200,"Single Yarn Of Viscose Rayon, With >120turns/M, Nprs",23861,15484728
54033300,"Single Yarn Of Cellulose Acetate, Nprs",337,766738
54033900,"Single Artificial Yarn, Nes, Nprs",106469,86965072
54034100,"Multiple Or Cabled Yarn Of Viscose Rayon, Nprs",1509404,623000688
54034200,"Multiple Or Cabled Yarn Of Cellulose Acetate, Nprs",1312,3219469
54034900,"Multiple Or Cabled Artificial Yarn, Nes, Nprs",936160,460699632
54041100,Monofilament Elastomeric,19814,6589230
54041200,"Monofilament Other, of polypropylene",29088,25274115
54041900,Monofilament Excl. Elastomeric & other of polypropylene,1548,1193150
54049000,OTH. SYNTHETIC MONOFILAMENT OF 67 DECITEX OR MORE... (EXCL. MONOFILAMENT),380,2493322
54050000,Artfcl.Monofilament Of>=67dec.Strip&The Like Of Artfcl.Txte.Mtrl.Width=<5m,974,1093070
54071010,Rejected fabrics generated during manu.of garments or processing of fabrics,1717,2871198
54071090,"Rejected fabrics generated during manu.of garments or processing of fabrics, nes",11930,8008539
54072000,Woven Fabrics Obtained From Synthetic Strip Or The Like,17338,52197154
54073000,Fabrics Of Synthetic Filament Yarn Specified In Note 9 To Section Xi,27894,12637001
54074100,"Unbleached Or Bleached Woven Fabrics, >=85% Nylon...",311723,233097036
54074200,"Dyed Woven Fabrics Of Synthetic Filament Yarn, >=85% Nylon...",1422974,2614371438
54074300,"Coloured Woven Fabrics Of Synthetic Filament Yarn, >=85% Nylon...",31473,28429611
54074400,"Printed Woven Fabrics Of Synthetic Filament Yarn, >=85% Nylon...",26324,64227229
54075100,"Unbleached Or Bleached Woven Fabrics, >=85% Textured Polyester",87818,46765842
54075200,"Dyed Woven Fabrics Of Synthetic Filament Yarn, >=85% Textured Polyester",8181265,5862481182
54075300,"Coloured Woven Fabrics Of Synthetic Yarn, >=85% Textured Polyester",270857,211793320
54075400,"Printed Woven Fabrics Of Synthetic Yarn, >=85% Textured Polyester",1322350,1034772257
54076100,Other Woven Fabrics Of Synthetic Yarn>=85% Nontextured Polyester Filaments,2230683,1690948156
54076900,Other Woven Fabrics Of Synth'C Yarn >=85% Textrd/Non-Textrd Polystr Filmnt,1747521,1370916565
54077100,"Unbleached Or Bleached Woven Fabrics, >=85% Synthetic Filaments, Nes",99846,74917297
54077200,"Dyed Woven Fabrics, >=85% Synthetic Filaments, Nes",426085,336469366
54077300,"Coloured Woven Fabrics, >=85% Synthetic Filaments, Nes",37525,33834129
54077400,"Printed Woven Fabrics, >=85% Synthetic Filaments, Nes",172104,163937353
54078100,"Unbleached/Bleached Woven Fbrc.,<85% Synthetic Filaments,Mixed With Cotton",7075,6648768
54078200,"Dyed Woven Fabrics, <85% Synthetic Filaments, Mixed With Cotton",154448,191356029
54078300,"Coloured Woven Fabrics, <85% Synthetic Filaments, Mixed With Cotton",19355,24648677
54078400,"Printed Woven Fabrics, <85% Synthetic Filaments, Mixed With Cotton",4647,6884058
54079100,"Unbleached Or Bleached Woven Fabrics <85% Synthetic Filament Yarn, Nes",5550,5986930
54079200,"Dyed Woven Fabrics <85% Synthetic Filament Yarn, Nes",152688,152668851
54079300,"Coloured Woven Fabrics <85% Synthetic Filament Yarn, Nes",17567,18616566
54079400,"Printed Woven Fabrics <85% Synthetic Filament Yarn, Nes",8571,20184335
54081000,"Woven Fabrics Of High Tenacity Synthetic Filament Yarn, Of Viscose Rayon",5105,9009994
54082100,"Unbleached Or Bleached Woven Fabrics, >=85% Artificial Filaments Or Strip",1589,787008
54082200,"Dyed Woven Fabrics, >=85% Artificial Filaments Or Strip",35677,26078939
54082400,"Printed Woven Fabrics, >=85% Artificial Filaments Or Strip",20267,21402495
54083100,"Unbleached Or Bleached Woven Fabrics Of Artificial Filament Yarn, Nes",5105,6020643
54083200,"Dyed Woven Fabrics Of Artificial Filament Yarn, Nes",4049,9708386
54083300,"Coloured Woven Fabrics Of Artificial Filament Yarn, Nes",1115,210052
54083400,"Printed Woven Fabrics Of Artificial Filament Yarn, Nes",17086,15713381
55011100,"Snthetic filament tow Of nylon or other polyamides ,Of aramids",4636,7403686
55011900,Synthetic filament tow Of nylon or other polyamides : Excluding Of aramids,38,25050
55013000,,292556,56060292
55021000,Artificial filament tow of cellulose acetate,4916,5735149
55031900,"Syn.Sta.fibres,not carded, combed or othrwise pro.for spin.Of nylon or othr po",927,905140
55032000,"Synthetic Staple Fibres, Of Polyesters, Not Carded, Combed Or Processed",1731647,266705388
55033000,"Acrylic Or Modacrylic Synth. Staple Fibres,Not Carded,Combed Or Processed",7859,4502667
55034000,"Synthetic Staple Fibres,Of Polypropylene,Not Carded,Combed Or Processed",324922,63079432
55039000,"Syn.Staple Fibres,Not Carded,Combed Or Processed(Exl.Nyl/Polest./Acry./Pp)",2213,555464
55041000,"Artificial Staple Fibres,Of Viscose Rayon,Not Carded,Combed Or Processed",564883,93347905
55049000,"Artificial Staple Fibres, (Excl. Viscose), Not Carded,Combed Or Processed",36279,7364547
55051000,"Waste Of Synthetic Fibre, (Incl. Noils, Yarn Waste And Garnetted Stock)",175183,1098840
55062000,"Synthetic Staple Fibres, Of Polyesters, Carded, Combed Or Processed",2433,1005944
55063000,"Acrylic Or Modacrylic Synthetic Staple Fibres,Carded,Combed Or Processed",9400,3909833
55069000,"Syn.Staple Fibres,Nes,Carded,Combed Or Processed(Exl.Nyl./Polester/Acry.)",290,264340
55081000,Sewing Thread Of Synthetic Staple Fibres,127035,165932245
55082000,Sewing Thread Of Artificial Staple Fibres,13731,11953324
55091100,"Single Yarn, With >=85% Staple Fibres Of Nylon Or Other Polyamides, Nprs",22522,15408618
55091200,"Multiple Or Cabled Yarn, >=85% Staple Fibres Of Nylon, Etc, Nprs",103961,47898403
55092100,"Single Yarn, With >=85% Polyester Staple Fibres, Nprs",554225,258975140
55092200,"Multiple Or Cabled Yarn, With >=85% Polyester Staple Fibres, Nprs",741616,298443475
55093100,"Single Yarn, With >=85% Acrylic Or Modacrylic Staple Fibres, Nprs",157614,82774755
55093200,"Multiple Or Cabled Yarn, >=85% Acrylic Or Modacrylic Staple Fibres, Nprs",1814660,647470940
55094100,"Single Yarn, With >=85% Synthetic Staple Fibres, Nes, Nprs",1182,981925
55094200,"Multiple Or Cabled Yarn, With >=85% Synthetic Staple Fibres, Nes, Nprs",80,243334
55095100,"Yarn,<85% Polyester Staple Fibres,Mixed With Artificial Staple Fibres,Nprs",313733,170577248
55095200,"Yarn,<85% Polyester Staple Fibres,Mixed With Wool Or Fine Animal Hair,Nprs",157852,107022002
55095300,"Yarn, <85% Polyester Staple Fibres, Mixed With Cotton, Nprs",931444,412452054
55095900,"Yarn,<85%Polyester Staple Fibres,Nes,Nprs(Exl.Arti/Wool/Cotton Staplefibre",118679,81566871
55096100,"Yarn, <85% Acrylic Or Modacrylic Staple Fibres, Mixed With Wool..., Nprs",63711,49879481
55096200,"Yarn, <85% Acrylic Or Modacrylic Staple Fibres, Mixed With Cotton, Nprs",574379,238184558
55096900,"Yarn, <85%Acrylic Or Modacrylic Staple Fibres, Nes, Nprs(Exl. Wool/Cotton)",614240,411226816
55099100,"Yarn, Synthetic Staple Fibres, Nes, Mixed With Wool..., Nprs",10607,12634896
55099200,"Yarn, Synthetic Staple Fibres, Nes, Mixed With Cotton, Nprs",307,304242
55099900,"Yarn, Synthetic Staple Fibres,Nes, Nprs (Exl. Wool/Cotton)",4944,2930831
55101100,"Single Yarn, With >=85% Artificial Staple Fibres, Nprs",393473,169159460
55101290,"YARN OF ARTIFICIAL STAPLE FIBRES, .. EXCL. WATER BLOCKING YARN IMP BY VAT REG. OPTICAL F",99934,48349685
55102000,"Yarn, Artificial Staple Fibres, Mixed With Wool..., Nprs",222,176346
55103090,"YARN OF ARTIFICIAL STAPLE FIBRES,..EXCL. W/BLOCKING TAP IMPTD. BY VAT REG. OPTICAL FIBRE",412199,188688369
55109000,"Yarn, Artificial Staple Fibres, Nes, Nprs (Exl. Wool/Cotton)",436917,205753258
55111000,"Yarn, With >=85% Synthetic Staple Fibres, Put Up For Retail Sale",3132,3798505
55121100,"Unbleached or bleached woven fabrics, >=85% polyester staple fibres",87010,63367129
55121990,"Woven Fabrics, >=85% Polyester Staple Fibres, Excl.Unbleached Or Bleached",197253,156979570
55122100,"Unbleached or bleached woven fabrics, >=85% acrylic... staple fibres",33454,16704131
55122900,"Woven Fabrics, >=85% Acrylic... Staple Fibres, Excl.Unbleached Or Bleached",336,291098
55129100,"Unbleached or bleached woven fabrics, >=85% synthetic staple fibres, nes",814,775808
55129900,"Woven Fabrics, >=85% Synthetic Fibres, Nes",577,397290
55131100,"Plain weave fabrics, <85% polyester fibres + cotton, =<170g/m2 fibres, plain weave",1428243,965085486
55131200,"3-Thread or 4-thread twill, including cross twill ,of polyester staple fibres",339583,227891381
55131300,Other woven fabrics of polyester staple fibres,75977,39276490
55131900,Other woven fabrics,57369,28147069
55132100,"Dyed Plain Weave Fabrics, <85% Polyester Fibres + Cotton, =<170g/M2",982645,821179852
55132300,"Dyed Woven Fabrics, Nes, <85% Polyester Fibres + Cotton, =<170g/M2",333380,249726002
55132900,"Dyed Woven Fabrics, <85% Synthetic Fibres + Cotton, Nes, =<170g/M2",144883,143463600
55133100,"Coloured Plain Weave Fabrics, <85% Polyester Fibres + Cotton, =<170g/M2",78566,98348551
55133900,"Coloured Woven Fabrics, <85% Synthetic Fibres + Cotton, Nes, =<170g/M2",49849,61539545
55134100,"Printed Plain Weave Fabrics, <85% Polyester Fibres + Cotton, =<170g/M2",32221,38459437
55134900,"Printed Woven Fabrics, <85% Synthetic Fibres + Cotton, Nes, =<170g/M2",22556,19828910
55141100,"Of polyester staple fibres, plain weave",18863,12303720
55141200,"3-Thread for 4-thread twill, including cross twill, of polyester staple fibres",18717,10336341
55141900,Other woven fabrics,70373,65127112
55142100,"Dyed Plain Weave Fabrics, <85% Polyester Fibres + Cotton, >170g/M2",38751,29770979
55142200,"Dyed 3 Or 4-Thread Twill, <85% Polyester Fibres + Cotton, >170g/M2",1034566,725574817
55142300,"Dyed Woven Fabrics, Nes, <85% Polyester Fibres + Cotton, >170g/M2",146641,145241110
55142900,"Dyed Woven Fabrics, <85% Synthetic Fibres + Cotton, Nes, >170g/M2",168993,233540951
55143000,"Unbleached or bleached Of polyester staple fibres, plain weave: dyed Of yarns",44325,26088600
55144200,"Printed 3 Or 4-Thread Twill, <85% Polyester Fibres + Cotton, >170g/M2",8188,29837850
55144300,"Printed Woven Fabrics, Nes, <85% Polyester Fibres + Cotton, >170g/M2",2203,5567215
55144900,"Printed Woven Fabrics, <85% Synthetic Fibres + Cotton, Nes, >170g/M2",26,21120
55151100,Mixed mainly or solely with viscose rayon staple fibres,1889840,1793997983
55151200,Mixed mainly or solely with man-made filaments:,34269,15187537
55151300,Mixed mainly or solely with wool or fine animal hair:,55229,125927835
55151900,"Woven fabrics of polyester staple fibres, nes",198579,217224005
55152100,Mixed mainly or solely with man-made filaments,518,1284496
55152200,Mixed mainly or solely with wool or fine animal hair,8208,19812651
55152900,"Woven fabrics of acrylic or modacrylic staple fibres, nes",18483,41135654
55159900,"Woven fabrics of synthetic staple fibres, nes",13493,16705787
55161100,"Unbleached or bleached woven fabrics, >=85% artificial staple fibres",269074,155213722
55161200,"Dyed Woven Fabrics, >=85% Artificial Staple Fibres",1496059,1415594095
55161300,"Coloured Woven Fabrics Of Yarn, >=85% Artificial Staple Fibres",235235,198208027
55161400,"Printed Woven Fabrics, >=85% Artificial Staple Fibres",1777329,1469259542
55162100,"Woven fab. <85% artificial fibres, with man-made filas, Unbleached or bleached",8362,16205212
55162200,"Dyed Woven Fabrics, <85% Artificial Fibres, With Man-Made Filaments",1175344,1245884663
55162300,"Coloured Woven Fabrics, <85% Artificial Fibres, With Man-Made Filaments",236829,261440940
55162400,"Printed Woven Fabrics, <85% Artificial Fibres, With Man-Made Filaments",149514,168708363
55163200,"Dyed Woven Fabrics, <85% Artificial Fibres, With Wool...",89,89241
55163300,"Coloured Woven Fabrics, <85% Artificial Staple Fibres, With Wool...",16224,10400235
55164100,"Woven fabrics, <85% artificial staple fibres, mixed with cotton Unblea. or bleached",59899,30538279
55164200,"Dyed Woven Fabrics, <85% Artificial Staple Fibres, Mixed With Cotton",294243,412746463
55164300,"Coloured Woven Fabrics, <85% Artificialstaple Fibres, Mixed With Cotton",27003,35711671
55164400,"Printed Woven Fabrics, <85% Artificial Staple Fibres, Mixed With Cotton",14036,18944342
55169100,"Woven fabrics, <85% artificial staple fibres, nes Unbleached or bleached",51031,67417088
55169200,"Dyed Woven Fabrics, <85% Artificial Staple Fibres, Nes",845551,1154481970
55169300,"Coloured Woven Fabrics, <85% Artificial Staple Fibres",91607,138116769
55169400,"Printed Woven Fabrics, <85% Artificial Staple Fibres, Nes",90446,116646412
56012100,Cotton Wadding And Articles Thereof,2447,4082806
56012200,Wadding Of Man-Made Fibres And Articles Thereof,200616,178178851
56012900,"Wadding and articles of wadding, nes",37636,28336449
56013000,Textile Flock And Dust And Mill Neps,40,80160
56021000,,10733,5927143
56022100,"Felt Of Wool Or Fine Animal Hair (Excl. Impregnated, Coated, Etc)",668,1324503
56022900,"Felt of textile materials (excl. impregnated, coated, etc) Of other textile materials",5590,8026730
56029000,"Felt, Nes (Exl. Needleloom, Wool, Text Material, Jute, Other Than Jute)",9700,9859641
56031110,"Nonwovens, Of Man-Made Filaments, Weighing <=25g/M2",20111,5502566
56031190,"Nonwovens, Of Man-Made Filaments, Weighing <=25g/M2",427468,154970832
56031210,"Nonwovens, Of Man-Made Filaments, Weighing >25g/M2 But <=70g/M2",9626,5158701
56031290,"Nonwovens, Of Man-Made Filaments, Weighing >25g/M2 But <=70g/M2",478896,185283213
56031310,Elastic back ear,9996,6139914
56031390,"Nonwovens, Of Man-Made Filaments, Weighing >70g/M2 But <=150g/M2",12118,5202692
56031400,"Nonwovens, Of Man-Made Filaments, Weighing >150g/M2",431247,138523068
56039100,"Nonwovens, Not Of Man-Made Filaments, Weighing <=25g/M2",406370,157742922
56039210,"Dry web, Weighing more than 25 g/m2 but not more than 70 g/m2",15212,7425711
56039290,"Nonwovens, Not Of Man-Made Filaments, Weighing >25g/M2 But <=70g/M2",183420,77810935
56039300,"Nonwovens, Not Of Man-Made Filaments, Weighing >70g/M2 But <=150g/M2",49752,28642236
56039400,"Nonwovens, Not Of Man-Made Filaments, Weighing >150g/M2",104706,88897398
56041000,"Rubber Thread And Cord, Textile Covered",223625,167327347
56049000,"Textile Yarn And Strip, Etc, Impregnated Or Coated",34470,32658953
56050010,Metalized round yarn,176222,60264194
56050090,Other metalized yarn,229000,78219662
56060000,"Gimped yarn, & strip & the like .... (including flock chenille yarn); loop wale-yarn.",135118,68507053
56072100,"Binder Or Baler Twine Of Sisal, Etc, Of The Genus Agave",1731,2536749
56072900,"Twine,Cordage,Rope & Cables,Of Sisal,Etc. Of The Genus Agave,Nes,Ex.Binder",36774,51022271
56074100,Binder Or Baler Twine Of Polyethylene Or Polypropylene,140629,94403963
56074910,"Twine,Cordage,Rope&Cables,Of Polyethylene/Polypropy. For Fishing Trawlers",43,190559
56074990,"Twine, Cordage,Rope & Cables, Of Polyethylene Or Polypropylene, Other",24846,35029345
56075000,"Twine, Cordage, Rope And Cables, Of Synthetic Fibres, Nes",65236,149951704
56079000,"Twine, cordage, ropes and cables, whether or not plaited .. with rubber or pla",88705,161791330
56090010,"Twine,Cordage,Rope Or Cables For Fishing Trawler And Factory Ships, Nes",685,1652372
56090090,"Articles Of Yarn,Strip,Etc,Twine,Cordage, Rope Or Cables, Nes",11707,13498014
57022000,Floor Coverings Of Coconut Fibres (Coir),198,188908
58011000,Woven Pile Fabrics And Chenille Fabrics Of Wool Or Fine Animal Hair,3,2142
58012100,UNCUT WEFT PILE FABRICS,270,510202
58012200,Cut Corduroy Of Cotton,188457,169350698
58012300,"Weft Pile Fabrics Of Cotton, Nes",12,26303
58012700,Warp pile fabrics,12,7516
58013200,"Cut Corduroy Of Man-Made Fibres, Nes",7630,5726396
58013300,"Weft Pile Fabrics Of Man-Made Fibres, Nes",1915,1368336
58013600,"Chenille Fabrics Of Man-Made Fibres, Nes",63,40078
58013700,Warp pile fabrics,1863,1402316
58021000,"Terry towelling and similar woven terry fabrics, of cotton",184076,57489502
58022000,"Terry towelling and similar woven terry fabrics, of other textile materials",1971,2206277
58030000,"Gauze, other than narrow fabrics of heading 58.06.",885666,837938662
58041000,Tulles And Other Net Fabrics,387955,306580921
58042100,"Mechanically Made Of Lace Of Man-Made Fibres In Piece,In Strips/In Motifs",227089,574745549
58042900,"Mechanically Made Of Lace Of Oth.Textiles In Piece,In Strips Or In Motifs",203329,544954165
58043000,"Hand-Made Lace In Pieces, In Strips Or In Motifs",5539,13780623
58050000,"Han.Wov.Tapestr.Of The Ty.Gobelins,Flandres,Aubu.,Beauvais&Needle-Work Tap",1451,2793558
58061000,Narrow Woven Pile Fabrics And Chenille Fabrics,23145,43184042
58062000,"Narrow Woven Fabrics, Width >=5% Elastomeric Yarn Or Rubber Thread",1351179,1761369440
58063100,OTHER WOVEN FABRICS OF COTTON,34588,61426565
58063200,,776084,385981572
58063900,"Narrow Woven Fabrics Of Other Textiles, Nes",437619,506517471
58064000,Fabrics With Warp Without Weft Assembled By An Adhesive (Bolducs),54667,38834909
58071000,"Labels, Badges... Of Textiles, Woven, In Piece..., Not Embroidered",163349,857883992
58079000,"Labels, Badges... Of Textiles, Unwoven, In Piece..., Not Embroidered",189904,547563718
58081000,"Braids, In The Piece",38,118485
58089000,"Ornamental Trimmings In The Piece; Tassels, Pompons, Etc, Nes(Excl.Braids)",8251,13146427
58090000,"Woven Fabrics Of Metal Thread And Woven Fabrics Of Metallized Yarn, Nes",400,696391
58101000,Embroidery Without Visible Ground,11104,59464502
58109100,"Cotton Embroidery, In The Piece, In Strips Or In Motifs",142974,304500228
58109200,"Embroidery Of Man-Made Fibres, In The Piece, In Strips Or In Motifs",62221,87622632
58109900,"Embroidery Of Other Textiles, In The Piece, In Strips Or In Motifs",22653,71960036
58110000,Quilted Tex.Produ.In The Piece(Excl.Embroi.Of 58.10)One Or More Layers Tax,245363,189847058
59011000,Tex.Fab.Coated With Gum/Amyla.. Substances For Other Convers Or Books Etc,6840,2593919
59019000,"Tracing Cloth; Prepared Painting Canvas; Buckram, Etc",240942,125935157
59021000,Tyre Cord Fabric Of High Tenacity Yarn Of Nylon Or Other Polyamides,2851,3531286
59022000,Tyre Cord Fabric Of High Tenacity Yarn Of Polyesters,12252,4381975
59031010,Fusing Interlining Mate.(Tex.Mat.For Stiffening Cuffs&Col.With Poly V.Chlo,991312,768986270
59031090,Other Fabrics Impregnated...With Polyvinyl Chloride,558480,245084633
59032010,Fusing Interlining Mat.(Tex.Mat.For Stiffening Cuffs&Col. With Poly Ureth.,806346,648441126
59032090,Other Textile Fabrics Impregnated....With Polyurethane,3913525,3582308866
59039010,"Textile fabrics impregnated... with plastics, nes",170,189216
59039090,"Textile fabrics impregnated... with plastics, nes",1273527,1040467114
59061000,Adhesive Tape Of A Width =<20cm,9523,24768114
59069100,Knitted Or Crocheted Rubberized Textile Fabrics (Excl. Adhesive Tape),11574,13258214
59069910,REFLECTIVE TAPE,66972,126472431
59069990,"RUBBERIZED TEXTILE FABRICS EXCLUDING REFLECTIVE TAPE, KNITTED OR CROCHETED & ADHESIVE TA",41204,18802479
59070000,Textile Fabrics Otherwise Impregnated... ; Painted Canvas...,206736,208065933
59090000,"Textile... Tubing, With Or Without Lining, Etc, Of Other Materials",10,4759
59100000,"Transmission Or Conveyor Belts Or Belting, Of Textile Material",1733,1112159
59111090,Other,26093,42985959
59112000,Bolting Cloth Whether Or Not Made Up,3148,12629762
59119000,"Textile Articles For Technical Uses, Nes, As Specified In Chapter Note 7",559,383997
60011000,"Long Pile Fabrics, Knitted Or Crocheted",160602,134876399
60012100,"Looped Pile Fabrics Of Cotton, Knitted Or Crocheted",667623,408860686
60012200,"Looped Pile Fabrics Of Man-Made Fibres, Knitted Or Crocheted",346840,225754034
60012900,"Looped Pile Fabrics Of Textile Materials, Knitted Or Crocheted",50735,39335914
60019100,"Pile Fabrics Of Cotton, Nes, Knitted Or Crocheted",1672891,1030347921
60019200,"Pile Fabrics Of Man-Made Fibres, Nes, Knitted Or Crocheted",3623808,2357249348
60019900,"Pile Fabrics Of Textile Materials, Nes, Knitted Or Crocheted",41277,24640852
60024000,CONTAINING BY WEIGHT 5%OR MORE ELASTOMERIC YARN BUT NOT CONTNG.RUBER THRED,481,303152
60029000,"KNITTED OR CROCHETED FABRICS OF A WIDTH <30CM,CONTAINING BY WEIGHT 5%..NES",43975,41098605
60032000,KNITTED OR CROCHETED FABRICS OF A WIDTH <30CM.. OF COTTON,11177,11391328
60033000,"KNITTED OR CROCHETED FABRICS OF A WIDTH <30CM,OF SYNTHETIC FIBRES",23649,20288584
60034000,"KNITTED OR CROCHETED FABRICS OF WIDTH <30CM,OF ARTIFICIAL FIBRES",335,3900914
60039000,"KNITTED/CROCTD.FBRCS.OF A WIDTH <30CM,OTH THAN THOSE OF HD60.01/60.02,NES",2222,1335928
60041000,CONTING. BY WEIGHT 5%OR MORE OF ELASTOMERIC YARN BUT NOT CONT.RUBER THRED,13104611,10529161033
60049000,"CONTNG.BY WEIGHT 5%OR MORE ELSTMRC.YARN BUT NOT CONTAINING RUBR.THREAD,NES",168803,246194266
60052100,"WRAP KNIT FABRICS,OF COTTON, UNBLEACHED OR BLEACHED",5190,3196039
60052200,"WRAP KNIT FABRICS OF COTTON,DYED",45701,53391099
60052300,"WRAP KNIT FABRICS OF COTTON,OF YARNS OF DIFFERENT COLOURS",751,582699
60052400,"WRAP KNIT FABRICS,OF COTTON PRINTED",9186,12814181
60053500,Fabrics specified in Subheading Note 1 to this Chapter,16106,12683314
60053600,"Other, unbleached or bleached",132856,84455678
60053700,Of synthetic fibres other dyed,1095266,808680983
60053800,Synthetic fibres Other of yarns of different colours,40826,46651863
60053900,"Other, of yarns of different colours other printed",27669,21011673
60054100,"WRAP KNIT FABRICS OF ARTIFICIAL FIBRES,UNBLEACHED OR BLEACHED",50156,26495748
60054200,"WARP KNIT FABRICS,OF ARTIFICIAL FIBRES DYED",6927,8361878
60054300,"WARP KNIT FABRICS,OF ARTIFICIAL FIBRES OF YARN OF DIFFERENT COLOURS",55659,92025486
60059010,"WARP KNIT FABRICS OF ARTIFICIAL FIBRES, NES",1601,2077536
60059090,"WARP KNIT FABRICS OF ARTIFICIAL FIBRES, NES",30870,20891497
60061000,OTHER KNITTED OR CROCHETED FABRICS OF WOOL OR FINE ANIMAL HAIR,25036,41304296
60062100,OTHER KNITED OR CROCHETED FABRICS OF COTTON UNBLEACHED OR BLEACHED,234112,202663534
60062200,OTH.KNITTED OR CROCHETED FABRICS OF COTTON DYED,4412252,3401687923
60062300,"OTH.KNITTED OR CROCHETED FABRICS OF COTTON, OF YARNS OF DIFFERENT COLOURS",305742,232026340
60062400,OTH.KNITTED OR CROCHETED FABRICS OF COTTON PRINTED,893267,637424718
60063100,"OTH.KNITTED OR CROCHETED FABRICS. OF SYNTHETIC FIBRES,UNBLEACHED OR BLEACH",231747,124327713
60063200,"OTH.KNITTED OR CROCHETED FABRICS OF SYNTHETIC FIBRES,DYED",7264872,4726187821
60063300,OTH.KNITTED OR CROCHETED FABRICS OF SYNTH. FIBRES OF YARNS OF DIFF.COLOUR,297736,195756942
60063400,OTH KNITTED OR CROCHETED FABRICS OF SYNTHETIC FIBRES PRINTED,1127424,704630247
60064100,"OTH.KNITTED OR CROCHETED FIBRICS OF ARTIFICIAL FIBRES,UNBLEACHED/BLEACHED",64795,65173485
60064200,"OTH.KNITTED OR CROCHETED FABRICS OF ARTIFICIAL FIBRES,DYED",316447,234424926
60064300,OTH.KNITTED OR CROCHETED FABRICS OF ARTFCL.FIBRES OF YARNS OF DIFF.COLOUR,21596,16987344
60064400,Printed,78034,56204860
60069000,"OTH.KNITTED OR CROCHETED FABRICS OF ARTIFICIAL FIBRES,NES",527030,477791697
61012000,"Men'S Or Boys' Over/Car Coats, Etc, Of Cotton, Knitted Or Crocheted",18,54543
61013000,"Men'S Or Boys'Over/Car Coats, Etc, Of Man-Made Fibres,Knitted Or Crocheted",8,60688
61022000,"Woman'S Or Girls' Over/Car Coats, Etc, Of Cotton, Knitted Or Crocheted",1,7516
61023000,"Woman'S Or Girls' Over/Car Coats,Etc,Of Man-Made Fibres,Knitted/Crocheted",1,6287
61031000,"Men's or boys' Suits, Excl. Sports out fit for sports shooting",16,35450
61032200,"Men'S Or Boys' Ensembles Of Cotton, Knitted Or Crocheted",16,62701
61032900,"Men'S Or Boys' Ensembles Of Other Textiles, Nes, Knitted Or Crocheted",2,3760
61033100,"Men'S Or Boys' Jackets And Blazers Of Wool..., Knitted Or Crocheted",7,46883
61033200,"Men'S Or Boys'Jackets And Blazers Of Cotton, Knitted Or Crocheted",40,71142
61033300,"Men'S Or Boys' Jackets... Of Synthetic Fibres, Knitted Or Crocheted",16,26572
61033900,"Men'S Or Boys' Jackets... Of Other Textiles, Nes, Knitted Or Crocheted",39,77293
61034100,"Men'S Or Boys' Trousers, Etc, Of Wool..., Knitted Or Crocheted",2,12614
61034200,"Men'S Or Boys' Trousers, Etc, Of Cotton, Knitted Or Crocheted",35,105445
61034300,"Men'S Or Boys' Trousers, Etc, Of Synthetic Fibres, Knitted Or Crocheted",17,47784
61034900,"Men'S Or Boys' Trousers, Etc, Of Other Textiles, Knitted Or Crocheted",1,1127
61042900,"Women'S Or Girls' Ensembles, Of Other Textiles, Knitted Or Crocheted",14,17510
61043300,"Women'S Or Girls' Jackets, Of Synthetic Fibres, Knitted Or Crocheted",2,4762
61043900,"Woman'S Or Girls' Jackets, Of Other Textiles, Knitted Or Crocheted",2,5841
61044200,"Dresses Of Cotton, Knitted Or Crocheted",10,32614
61044300,"Dresses Of Synthetic Fibres, Knitted Or Crocheted",1,3772
61044900,"Dresses Of Other Textile Material, Nes, Knitted Or Crocheted",5,21919
61045200,"Skirts And Divided Skirts Of Cotton, Knitted Or Crocheted",6,11903
61046200,"Women'S Or Girls' Trousers, Etc, Of Cotton, Knitted Or Crocheted",10,35726
61046300,"Women'S Or Girls' Trousers, Etc, Of Synthetic, Knitted Or Crocheted",9,49684
61046900,"Women'S Or Girls' Trousers, Etc, Of Other Textile, Knitted Or Crocheted",12,28943
61051000,"Men'S Or Boys' Shirts Of Cotton, Knitted Or Crocheted",41,191924
61052000,"Men'S Or Boys' Shirts Of Man-Made Fibres, Knitted Or Crocheted",12,44416
61059000,"Men'S Or Boys' Shirts Of Other Textiles, Nes, Knitted Or Crocheted",8,19211
61061000,"Women'S Or Girls' Blouses, Etc, Of Cotton, Knitted Or Crocheted",6,13051
61071100,"Men'S Or Boys' Underpants And Briefs Of Cotton, Knitted Or Crocheted",15,60016
61071900,"Men'S Or Boys' Underpants Etc. Of Other Textiles Nes, Knitted Or Crocheted",0,1002
61072100,"Men'S Or Boys' Night Shirt Pyjamas Of Cotton, Knitted Or Crocheted",9,30145
61081100,"Women'S Or Girls' Slips, Etc, Of Man-Made Fibres, Knitted Or Crocheted",1,3069
61082100,"Women'S Or Girls' Briefs And Panties Of Cotton, Knitted Or Crocheted",5,99098
61082200,"Women'S Or Girls' Briefs, Etc, Of Man-Made Fibres, Knitted Or Crocheted",10,57901
61083100,"Women'S Or Girls' Night Dresses, Pyjama Etc, Of Cotton, Knitted Or Croched",1,7517
61083200,"Women'S Or Girls' Pyjamas,Night Dresses Of Man-Made Fibres,Knitted/Croched",6,13513
61089900,"Women'S/Girls' Negliges Dressing Gowns.. Of Other Tex.,Nes,Knitted/Croche.",16,106394
61091000,"T-Shirts, Singlets And Other Vests, Of Cotton, Knitted Or Crocheted",336,1230767
61099000,"T-Shirts, Singlets, Etc, Of Other Textiles, Nes, Knitted Or Crocheted",129,491614
61101100,OF WOOL OR FINE ANIMAL HAIR. OF WOOL,14,71558
61101200,OF KASHMIR(CASHMERE)GOATS,13,15670
61101900,"OF WOOL OR FINE ANIMAL HAIR,NES",34,105321
61102000,"JERSEYS, PULLOVERS, CARDIGANS, WAISTCOATS & SIMILAR ART., KNITTED OR CROCHETED OF COT",152,490255
61103000,"JERSEYS,PULLOVERS,CARDIGANS,WAISTCOATS.., KNITTED OR CROCHETED OF MAN-MADE FIBRE",72,255585
61109000,"JERSEYS, PULLOVERS, CARDIGANS, WAISTCOATS.. ,KNITTED OR CROCHETED OF OTH. TEXT. MATER",81,205652
61112000,"Babies' Garments, Etc, Of Cotton, Knitted Or Crocheted",26,159696
61121100,"Track-Suits Of Cotton, Knitted Or Crocheted",1,1252
61123900,"MEN'S OR BOY'S SWIMWEAR, OF OTHER TEXTILE MATERIALS",6,10520
61124100,"Women'S Or Girls' Swimwear Of Synthetic Fibres, Knitted Or Crocheted",6,54792
61142000,"Garments Of Cotton, Knitted Or Crocheted, Nes",1,1252
61143000,"Garments Of Man-Made Fibres, Knitted Or Crocheted, Nes",0,3396
61149000,"Garments Of Other Textiles, Knitted Or Crocheted, Nes",4,11899
61152200,Other panty hose and tights Of synthetic fibres measuring per single yarn 67 d,0,626
61159500,"Panty hose,tights,stockings,sock..., inclu.grad.Comp.hos.Of Cotton, NES",2,6826
61159600,"Panty hose,tights,stockings,sock..., inclu.grad.Comp.hos.Of synthetic fibres",582,1299931
61159900,"Hosiery And Footwear Without Soles Of Other Tex., Knitted Or Crochete, Nes",3129,3639258
61161000,"IMPREGNATED, COATED OR COVERED WITH PLASTICS OR RUBBER",1,313
61169200,"Gloves, Mittens And Mitts, Of Cotton, Knitted Or Crocheted",13706,10247986
61169300,"Gloves, Mittens And Mitts, Of Synthetic Fibres, Knitted Or Crocheted",9018,6643619
61169900,"Gloves, Mittens And Mitts, Of Other Textiles, Knitted Or Crocheted",40,9869
61171000,"SHAWLS, SCARVES, MUFFLERS, MANTILLAS, VEILS AND THE LIKE",1066,317025
61178090,"Other clothing accessories, knitted or crocheted, nes",43269,42861173
61179000,"Parts Of Garments Or Clothing Accessories, Knitted Or Crocheted",181586,243983067
62013000,"overcoat, rain-coat, of cotton",3,11945
62014000,Other Of man-made fibres,8,23676
62019000,"Mens or boys overcoat, car-coats, cloaks excludin Of other textile materials",4,16894
62023000,"Womens or girls overcoat , car-coad capes, cloaks, anoraks ...Of cotton",3,14061
62024000,"Womens or girls overcoat , car-coad capes, cloaks, anoraks ...Of man-made fibres",24,30125
62029000,"Woent or gilrs overcoat, raincot car-coat capes, ......Of other textile materials",2,4911
62031200,Men'S Or Boys' Suits Of Synthetic Fibres,0,1698
62032200,Men'S Or Boys' Ensembles Of Cotton,1,6002
62032900,"Men'S Or Boys' Ensembles Of Other Textiles, Nes",2,1868
62033100,Men'S Or Boys' Jackets And Blazers Of Wool Or Fine Animal Hair,9,24557
62033200,Men'S Or Boys' Jackets And Blazers Of Cotton,216,450063
62033300,Men'S Or Boys' Jackets And Blazers Of Synthetic Fibres,123,356562
62033900,"Men'S Or Boy'S Jackets And Blazers Of Other Textiles,(Exl.Wool,Syn.Fab,Cot",125,342034
62034100,"Men'S/Boy'S Bib&Brace Trousers,Breeches,Shorts Of Wool Or Fine Animalhar",5,10019
62034200,"Men'S Or Boys' Bib & Brace Trousers, Breeches, Shorts, Of Cotton",1918,4228517
62034300,"Men'S Or Boys' Bib & Brace Trousers, Breeches & Shorts Of Synthetic Fibres",100,328631
62034900,"Men'S Or Boys' Bib&Brace Trousers,Breeches & Shorts Of Other Textiles,Nes",36,75430
62041200,Women'S Or Girls' Suits Of Cotton,1,1002
62042200,Women'S Or Girls' Ensembles Of Cotton,3,6263
62042300,Women's or girls' ensembles of synthetic fibres,0,614
62042900,"Women'S Or Girls' Ensembles Of Other Textiles, (Exl.Wool,Cotton,Syn.Fibre)",2,1252
62043100,Women'S Or Girls' Jackets And Blazers Of Wool Or Fine Animal Hair,4,3133
62043200,Women'S Or Girls' Jackets And Blazers Of Cotton,54,115222
62043300,Women'S Or Girls' Jackets And Blazers Of Synthetic Fibres,11,47866
62043900,"Women'S Or Girls' Jackets&Blazers Of Oth.Tex.,(Exl.Wool,Cotton,Syn.Fibre)",21,87163
62044200,Dresses Of Cotton,51,158504
62044300,Dresses Of Synthetic Fibres,43,97240
62044900,"Dresses Of Other Textiles, (Exl.Wool,Cotton,Syn./Arti.Fibre)",2,3865
62045100,Skirts And Divided Skirts Of Wool Or Fine Animal Hair,1,5953
62045200,Skirts And Divided Skirts Of Cotton,57,129686
62045300,Skirts And Divided Skirts Of Synthetic Fibres,3,11717
62045900,"Skirts And Divided Skirts Of Other Textiles, (Exl.Wool,Cotton,Syn.Fibre)",5,20444
62046100,"Women'S Or Girls' Trousers, Breeches, Etc, Of Wool Or Fine Animal Hair",24,42098
62046200,"Women'S Or Girls' Trousers, Breeches, Etc, Of Cotton",404,982841
62046300,"Women'S Or Girls' Trousers, Breeches, Etc, Of Synthetic Fibres",32,82506
62046900,"Women'S/Girl'S Trousers,Breeches,Etc,Of Oth.Tex.,(Exl.Wool,Cotton,Syn.Fib.",36,78282
62052000,Men'S Or Boys' Shirts Of Cotton,186,579798
62053000,Men'S Or Boys' Shirts Of Man-Made Fibres,12,24201
62059000,"Men'S Or Boy'S Shirts Of Other Textiles,(Exl.Wool,Cotton,Man Made Fibre)",13,48094
62061000,"Women'S Or Girl'S Blouses, Shirts/Blouses Of Silk Or Silk Waste",6,52492
62062000,"Women'S Or Girl'S Blouses, Shirts/Blouses Of Wool Or Fine Animal Hair",14,28170
62063000,"Women'S Or Girls' Blouses, Shirts/Blouses Of Cotton",55,212672
62064000,"Women'S Or Girl'S Blouses, Shirts/Blouses Of Man-Made Fibres",7,32652
62069000,"Women/Girl'S Blouses,Shirts/Blouses Of Oth.Tex.(Exl.Silk,Wool,Of Man M.Fib",5,22126
62071100,Men'S Or Boys' Underpants And Briefs Of Cotton,1,2017
62072100,Men'S Or Boys' Nightshirts And Pyjamas Of Cotton,0,1134
62079900,"Mens/Boy'S Singlets,Vests Dressing Gowns,Etc,Of Oth.Tex.(Exl.Cot.Man M.Fib",1,3890
62082100,Women'S Or Girls' Nightdresses And Pyjamas Of Cotton,0,626
62089200,"Women'S Or Girls' Dressing Gowns, Panties, Etc, Of Man-Made Fibres",2,10022
62092000,Babies' Garments And Clothing Accessories Of Cotton,2,5052
62101000,"GARMENTS, MADE UP..OF HEAD.5602,5603,5903, 5906 OR 5907 OF FABRICS OF HEAD.5602 OR 5603",0,614
62102000,"Garments Of 6201.11 To 19, Made Up Of Fabrics Of 59.03, 59.06 Or59.07",11,20023
62104000,"Men'S Or Boys' Garments Made Up Of Fabrics Of 59.03, 59.06 Or 59.07",2,7514
62105000,"Women'S Or Girls' Garments Made Up Of Fabrics Of 59.03, 59.06 Or 59.07",2,6888
62111100,Men'S Or Boys' Swimwear,4,15908
62111200,Women'S Or Girls' Swimwear,21,115158
62113200,"Men's or boys' garments of cotton, nes",8,14040
62113300,"Men's or boys' garments of man-made fibres, nes",21,39099
62113900,"Men's or boys' garments of other textiles, nes",0,751
62114200,"Women's or girls' garments of cotton, nes",1,5011
62114300,"Women's or girls' garments of man-made fibres, nes",10,117302
62114900,"Women's or girls' garments of other textiles, nes",2,4648
62121000,Brassisres,4253,14683986
62122000,Girdles And Panty-Girdles,1,6262
62129000,"Corsets, Braces, Garters, Suspenders And Similar Articles",320871,838096387
62139000,"Handkerchiefs Of Other Textiles, (Exl. Silk/Silk Waste,Cotton).",165,2006932
62143000,"Shawls,Scarves,Mufflers,Mantillas,Veils,Etc & The Like Of Synthetic Fibres",58,344942
62149000,"Shawls,Scrvs.,Mflrs.,Mntls.,Veils,Etc,Of Oth.Textls.(Exl.Silk/Wool,Syn/Art",0,8905
62151000,"Ties, Bow Ties And Cravats Of Silk Or Silk Waste",335,4007367
62152000,"Ties, Bow Ties And Cravats Of Man-Made Fibres",3646,23882056
62159000,"Ties, Bow Ties And Cravats Of Other Textiles,Nes(Excl.Silk Man Made Fibre)",1805,27943382
62160000,"Gloves, Mittens And Mitts",3094,3238399
62171000,"Clothing Accessories, Nes",693987,566358195
62179000,"Parts Of Garments Or Clothing Accessories, Nes",31586,72761183
63019000,"Blankets And Travelling Rugs, Nes",1,626
63023100,"Bed Linen Of Cotton (Excl. Printed, Knitted Or Crocheted)",10,10144
63023200,"Bed Linen Of Man-Made Fibres (Excl. Printed, Knitted Or Crocheted)",7,17227
63029900,"Linen Of Other Textiles, Nes",347,355875
63031200,"Curtains, Etc; Bed Valances Of Synthetic Fibres, Knitted Or Crocheted",3,3134
63039900,Curtains&Intror.Blinds;Curtain/Bed Valances Of Oth.Txtls.(Exl.Knitted/Croc,39,35427
63049200,"Furnishing Articles, Nes, Of Cotton (Excl. Knitted Or Crocheted)",5,18057
63051000,"Sacks And Bags, Used For Packing Goods, Of Jute, Etc",171,67744
63052000,"Sacks And Bags, Used For Packing Goods, Of Cotton",734,1270873
63053300,"Sacks And Bags,For Packing Goods,Of Polyethylene/Polypropylene Strip Nes",33245,9724657
63059000,"Sacks And Bags, Used For Packing Goods, Of Other Textiles, Nes",647,1759859
63061200,"Tarpaulins, Awnings And Sunblinds, Of Synthetic Fibres",259,81099
63061900,"Tarpaulins, Awnings And Sunblinds, Of Other Textiles, Nes",40905,5415901
63062200,Tents Of Synthetic Fibres,305,229058
63069000,Other camping goods,821,355133
63071000,"Floor-Cloths, Dish-Cloths, Dusters And Similar Cleaning Cloths",84,94695
63072000,Life-Jackets And Life-Belts,45,625004
63079000,"Made Up Articles (Incl. Dress Patterns), Nes",10942,18795864
63101000,"USED OR NEW RAGS, SCRAP TWINE, CORDAGE, ROPE AND CABLES AND WORN OUT ART..,SORTED",10000,97943
63109000,"USED OR NEW RAGS, SCRAP TWINE, CORDAGE, ROPE AND CABLES AND WORN OUT ART..,EXCL. SORTED",1093500,8290965
64011000,Waterproof Footwear Incorporating A Protective Metal Toe-Cap...,288,335669
64019900,Waterproof Footwear Nes.,19,11273
64021900,"Sport Footwear, Nes, Of Rubber Or Plastics",15,34070
64022000,"Footwear With Upper Straps/Thongs Plugged Into Soles,Of Rubber Or Plastics",6102,5263004
64029100,"Footwear, Nes, Covering The Ankle Of Rubber Or Plastics",6,11916
64029900,"Footwear, Nes, Exl. Covering The Ankle, Of Rubber Or Plastics",542,858088
64031900,"Sports Footwear, With Rubber, Plastics, Leather...Soles, Leather Uppers",8,25050
64032000,"Footwear With Leather Soles And Straps (Over Instep, Around Big Toe)",138,93893
64034000,"Footwear, With A Metal Toe-Cap, Leather Uppers",5,6279
64035100,"Footwear With Leather Soles And Uppers, Covering The Ankle",243,249124
64039100,"Footwear With Rubber... Soles And Leather Uppers, Covering The Ankle,Nes",174,98724
64039900,"Footwear With Rubber... Soles, Leather Uppers, Not Covering The Ankle",109,145619
64041900,"Sports Footwear, With Rubber Or Plastic Soles And Textile Uppers",234,252436
64042000,Footwear With Leather Or Composition Leather Soles And Textile Uppers,160,194565
64052000,"Footwear, Nes, With Textile Uppers",723,1599690
64059000,"Footwear, Nes",1018,1474727
64061000,,82384,97701006
64062000,"Outer soles and heels, of rubber or plastics",1871980,1278840430
64069000,Other Parts of footwear,1195739,1037643613
65010000,"Hat-Forms, Hat Bodies And Hoods Of Felt; Plateaux And Manchons Of Felt",12838,14215694
65050000,"Hats and other headgear, knitted or crocheted, . trimmed; hair-nets of any material, wh",33267,36162680
65070000,"Head-Bands, Linings, Covers, Hat Foundations, Etc, For Headgear",101539,83205306
67010000,"Skins Of Birds With Feathers Or Down, Feathers, Etc",756,5259309
67021000,"Artificial Flowers, Foliage And Fruit And Articles Thereof Of Plastics",265,589750
67029000,"Artificial Flowers, Foliage, Etc And Articles Thereof Of Other Materials",250,2123391
67030000,"Human Hair, Dressed, Etc; Animal Hair And Synthetic Materials For Wigs",457999,404264690
67041900,"False Beards, Eyebrows And Eyelashes, Etc, Of Synthetic Fibres",10036,6213150
67049000,"Wigs,False Beards,Eyebrows,Etc Of Animal Hair Or Text,Material",6826,20749600
68021010,"Tiles, Cubes...; artificially coloured granules, chippings and powder",3500,776558
68021090,"Tiles, Cubes...; Artificially Coloured Granules..., For Mosaics",3436,225834
68029900,"Monumental/Building Stone, Nes, Worked",10,15900
68041000,"Millstones And Grindstones For Milling, Grinding Or Pulping",138,264080
68042100,"Millstones, etc, of agglomerated synthetic or natural diamond",114,174260
68042200,"Millstones, etc, of other agglomerated abrasives or of ceramics",14506,2125541
68042300,"Millstones, etc, of natural stone",147,144137
68043000,Hand Sharpening Or Polishing Stones,554,1096842
68051000,"NATURAL OR ARTIFICIAL ABRASIVE POWDER OR GRAIN..,ON A BASE OF WOVEN TEXTILE FABRIC ON",21,118698
68052000,"Natural Or Artificial Abrasive Powder/Grain, On Paper/Paperboard",2576,2807938
68053000,"Natural Or Artificial Abrasive Powder/Grain, On A Base Of Materials, Nes",482,1976712
68061000,"Slag Wool, Rock Wool, Etc (Incl. Intermixtures) In Bulk, Sheets Or Rolls",223,27931
68069000,"OTH. WOOL,EXCL.SLAG WOOL,ROCK WOOLAND SIMILAR, EXFOLIATED VERMICULITE, EXPANDED CLAYS..",92167,13222406
68080000,"Panels, Boards..., Of Wood Waste, Etc, Agglomerated With Cement, Etc",31650,2766770
68099000,"Articles Of Plaster Or Compositions Based On Plaster, Nes",48100,725961
68101100,"Building Blocks And Bricks, Of Cement Or Artificial Stone Or Concrete",5900750,27536822
68109900,"Articles Of Cement, Concrete Or Artificial Stone, Nes",11046037,65071807
68118200,"Arti.of asbestos-cement, of cellu...Not cont.asbestos.Ottr sheets, panels, tile",17070,852633
68129100,"Clothing, clothing accessories, footwear and headgear, Excl. Of crocodile",1334,1137820
68138100,Friction material and articles thereof ..not Containing asbestos Brake linings,0,8267
68151100,Articles of stone or of other mineral substance ...Carbon fibres,19720,97010469
68151300,Articles of stone or of other mineral substance ...Other articles of carbon fibres,200,1392363
68151900,Articles of stone or of other mineral substance .. NES,8,11483
68159900,"Articles Of Stone Or Other Mineral Substances, Nes",3,32123
69031090,"Other Refactory Ceramic Goods,Nes,>50% Of Graphite (Excl.Lab.Articles)....",73,65974
69073000,"Mosaic cubes and the like, other than those of subheading 6907.40",45,53275
69074000,Finishing ceramics,379659,14924664
69091200,"Ceramic Wares For Laboratory...Use, Having A Hardness >=9 On The Mohsscale",10,6385
69099000,"Ceramic (Agricultural) Troughs, Tubs...; Ceramic Pot, Jars..., Nes",2,32378
69109000,"Ceramic Sinks, Wash Basins, Baths... And Other Sanitary Fixtures, Nes",252,55805
69149000,"Ceramic Articles, Nes (Excl. Porcelain Or China)",35,55200
70021000,"Balls Of Glass, Unworked",139,478328
70023110,Neutral Glass Tubes For The Manufacture Of Ampoules And Vials,513,70929
70031900,"Non-Wired Unworked Sheets Of Cast/Rolled Glass, Nes",240,60121
70060000,"Glass Of 70.03, 70.04 Or 70.05, Bent, Edge-Worked, Engraved, Etc",2061,226314
70071990,"Toughened (Tempered) Safety Glass, Nes",6760,1239548
70099190,Unframed Glass Mirrors (Excl.Spherical & Cylinderical Only For Lab Use),9507,2994128
70099290,Framed Glass Mirrors (Excl. Spherical & Cylindrical Only For Lab.Use),115,18818
70102000,"Stoppers, Lids And Other Closures Of Glass",35,320649
70139100,"Glassware For Toilet, Office, Indoor Decorations, Etc, Of Lead Crystal",15,186017
70140000,"Signalling Glassware And Optical Elements Of Glass, Not Optically Worked",3127,6384618
70181000,"Glass Smallware (Incl. Beads, Imitation Pearls/Stones, Etc)",12408,31911644
70189000,"Glass Statuettes And Other Ornaments Of Lamp-Worked Glass, Nes",3354,13392114
70191200,Rovings Of Glass Fibres,20479,1769128
70196300,"Closed woven fabrics, plain weave, of yarns, not coated or laminated",16,6751
70196590,Open woven fabrics of a width not exceeding 30 cm,228,308120
70196990,Other,780,832460
70198000,Glass wool and articles of glass wool,11478,1345158
70199090,"GLASS FIBRES (INCL. GLASS WOOL) AND ARTICLES THEREOF (EG WOVEN FABRICS), NES",411729,119325165
70200090,"Other articles of glass, Excl. Glass inners for vacuum flasks or for other vac",1125,16711
71041000,Piezo-Electric Quartz,4,126305
71059000,"Dust... Of Natural Or Synthetic Precious Or Semi-Precious Stones, Nes",100,27868
71131900,Articles Of Jewellery And Parts Thereof Of Precious Metal (Excl. Silver),14,539457
71171100,Cuff-Links And Studs Of Base Metal (Incl. Plated),634,6219012
71171900,"Imitation Jewellery Of Base Metal (Incl. Plated), Nes",6610,3310129
71179000,Imitation Jewellery (Excl. Of Base Metal),943,6788088
72039000,"Spongy Ferrous Products, Nes, And 99.94% Pure Iron, In Lumps, Pellets...",1650,1030815
72052100,Powders Of Alloy Steel,400,56531
72083900,Of a thickness of less than 3 mm,22041930,1391682378
72085100,,29559,2929616
72085200,,54915,4946162
72085300,,17234,1714550
72085400,,20259,2352355
72089000,Other,20139,1592449
72091610,COLD ROLLED STEEL SHEET..Of a thickness exceeding 1 mm but less than 3 mm,12856,805115
72091790,"Flat/Coldrolled Iron/Steel,In Coils,Width >=600mm, >=0.5mm But <=1mm Thick",1185,229877
72101100,"Flatrolled Iron/Steel, Width>=600mm, >= 0.5mm Thick,Clad,Plated...With Tin",39693,7185248
72101200,"Flat-Rolled Iron/Steel, Width >=600mm, <0.5mm Thick, Plated... With Tin",46296,5800383
72103000,Electrolytically plated or coated with zinc,2610,653811
72104100,"Flatrolld Iron/Steel,Wid.>=600mm,Plated Wth Zinc(Exc.Electroplatd)Corrugtd",760,83682
72104910,Flat rolled prod. of a thickness => 0.4 mm Imp.VAT reg. Refri. & Pre. Fab.bu.Industry,13309,1682459
72104990,"Flat rolled products, NES",2500,287218
72107010,Of a thickness of 0.3 mm or more,25810,1842659
72109000,"Rolled Iron/Steel, Width >=600mm, Otherwise Clad,Plated Or Coated Nes",631,122904
72111400,"Flat/Hotrolled Iron/Steel,Wid<600mm,>=4.75mm Thick,Not Clad/Plated Etc Nes",137,14833
72112910,Carbon Steel Strips Of Thickness Not Exceeding 0.125mm,14,15030
72119000,"Flatrolled Iron/Nonalloy Steel,Wid<600mm,Nes(Inc.Furthr Worked Than Rolled",884887,67252178
72125010,Steel plate of a thickness of 0.25 mm to 0.50 mm,4,142079
72132000,"Hot-rolled bars & rods of free-cutting steel, in coils",1620,409034
72142000,"Iron/steel bars & rods, hot-rolled...,twisted, or with deformations from rolling proc",1885556,142339028
72149100,,702,415761
72149900,"Iron/steel bars and rods, hot-rolled, hot-drawn or hot extruded, nes",5450,801781
72151000,"Bars and rods of free-cutting steel, not further worked than cold-formed/cold-finishe",3736,270032
72161000,"U, I Or H Sections Of Iron/Steel, Hot-Rolled..., <80mm High",1500,127347
72162100,"L Sections Of Iron/Steel, Hot-Rolled..., <80mm High",2195,218026
72163100,"U Sections Of Iron/Steel, Hot-Rolled..., >=80mm High",4200,678611
72163300,"H Sections Of Iron/Steel, Hot-Rolled..., >=80mm High",76216,4391229
72165000,"Angles/Shapes/Sections Of Iron/Steel,Not Furthr Worked Than Hot-Rolled Nes",89851,9362164
72166100,"Angles,Shapes.. Of Iron/Steel,No More Workd Thn Cold-Formed,From Flat Rol.",9167,4903495
72166900,"Angles,Shapes..Of Iron/Steel,Not Further Worked Thn Coldformd/Finished Nes",7575,838604
72169900,"Angles, Shapes And Sections Of Iron Or Non-Alloy Steel, Nes",19182,3067293
72171000,"Wire Of Iron/Non-Alloy Steel,Not Plated/Coated,Whether Or Not Polished",293635,45770398
72172000,"Wire Of Iron Or Non-Alloy Steel,Plated Or Coated With Zinc",641,844715
72179000,"Wire Of Iron Or Non-Alloy Steel, Nes",20,31001
72191100,"Hot-Rolled Stainless Steel, In Coils, >=600mm By >10mm",42554,31112312
72192400,"Hot-Rolled Stainless Steel, Uncoiled, >=600mm By <3mm",5346,2057014
72193300,"Cold-Rolled Stainless Steel, Uncoiled, >=600mm By 1-3mm",3340,1100404
72201290,Hot-Rolled Stainless Steel (Excl.Thickness Less Than 0.125mm),5670,2723422
72202090,Not Further Worked Than Cold-Rolled(Cold-Reduced)Excl.Thickness <0.125 Mm,38933,11957341
72209000,"Rolled products stainless steel, <600mm wide, nes",39215,20416785
72221900,"Stainlss Steel Bars/Rods,Not Furthr Workd Than Hotrolld,Not Circ.X-Section",15750,1062882
72223000,"Stainless Steel Bars And Rods, Nes",76,105413
72230000,Wire Of Stainless Steel,90168,58375487
72269990,"Flat-Rolled Products Of Other Alloy Steel, <600mm Wide, Nes",2026,672600
72283000,"Bars And Rods Of Alloy Steel, Nes, Hot-Rolled, -Drawn Or Extruded",493,640093
72284000,Bars And Rods Of Alloy Steel Not Further Worked Than Fooged,52958,40594297
72286000,"Bars And Rods Of Alloy Steel, Nes",21,21416
72299000,"Wire Of Alloy Steel, Nes",430,640829
73012000,"Angles, Shapes And Sections Of Iron Or Steel",91152,23393184
73029000,"Railway Track Construction Material Of Iron Or Steel, Etc, Nes",130,214324
73030000,"Tubes, Pipes And Hollow Profiles, Of Cast Iron",28808,3271192
73042320,"Casing,tubing & drill pipe,Excl.Drill pipe of stainless steel: Exceed. 8 inch d",2584,290951
73042410,"Casing, tubing and drill pipe..Other, of stainless steel , Exceeding 8 inch di",1420,115607
73043900,Other Circular cross section of iron or non alloy steel (Excl cold drawn or cold rol),4277,7479710
73049000,Seamless Iron/Steel Tubes/Pipes/Profiles Of Non-Circular X-Section,123395,17805407
73053100,Longitudinally welded,18399,108796
73062120,"Casing and tubing of a kind used in the dril for oil/gas,Welded,of stainless st",16017,1334813
73063000,"Other, welded, of circular cross-section of iron or non-alloy steel",84681,10565967
73066100,"Othr,weld, of non-circu.cr.section Of square or rec.cross-sec., NES",78127,9469786
73066900,"Othr,weld, of non-circu. C.-sec.Of othr non-Circu.cr.-section ERW pipes&s.less",662,63016
73069000,"Tubes, pipes and hollow profiles, riveted, of iron or steel, nes",65449,12297890
73071100,Cast Tube Or Pipe Fittings Of Non-Malleable Cast Iron,536,349121
73071900,"Cast Tube Or Pipe Fittings Of Iron,Oth.Than Non-Malleable Steel",2592,825511
73072200,"Threaded Elbows, Bends And Sleeves Of Stainless Steel",64497,12193564
73072900,"Tube Or Pipe Fittings Of Stainless Steel, Nes",1,11930
73079100,Flanges Of Iron Or Steel (Excl. Stainless),453,104638
73079290,"Threaded Elbows, Bends And Sleeves Of Iron Or Steel (Excl. Stainless)",5557,2089942
73079990,"Tube Or Pipe Fittings Of Iron Or Steel (Excl. Stainless), Nes",35817,7749934
73081000,Bridges And Bridge-Sections Of Iron Or Steel,14160,3272216
73083000,"Doors, Window-Frames And Thresholds For Doors Of Iron Or Steel",578,135441
73084000,"Equipment For Scaffolding,Shuttering,Propping Or Pitpropping Of Iron/Steel",283,54233
73089010,Door co-ordinator,12071,2767450
73089020,Industrial .. System Imp. by Ind. IRC Holder VAT ... 100% Exp. Oriented Garments ind.,164434,43712331
73089091,"Structures And Parts Of Structures, Nes, Of Iron Or Steel",12415,2247435
73089099,"Structures And Parts Of Structures, Nes, Of Iron Or Steel",527662,94560345
73102900,"Tanks, Casks, Drums... (Excl. For Gas) Of Iron Or Steel, <50 L",1,10236
73121000,"Stranded Wire, Cables Of Iron Or Steel, Not Electically Insulated",13542,4901072
73141200,Stainless Steel Woven Cloth Endless Bands For Machinery,855,751507
73141400,Woven Cloth Of Stainless Steel (Excl. Endless Bands For Machinery),149,229898
73141900,Woven Cloth Of Iron Or Steel Wire (Excl.Endless Bands Or Stainless Steel),234,147041
73143100,"Iron/steel grill, netting & fencing, welded at intersection,plated or coated with zinc",3000,955330
73143900,"Iron/Steel Grill, Netting & Fencing, Welded At Intersection, Nes",75,31134
73144900,"Iron/Steel Cloth, Grill, Netting & Fencing, Nes,",295,420379
73151110,"Roller chain of iron or steel Of a kind used exclusively ..or automotive vehicles , nes",32544,24913320
73151190,"Roller Chain Of Iron Or Steel, Nes",34,294138
73151200,Articulated Link Chain (Excl. Roller Chain) Of Iron Or Steel,7237,4276329
73158100,Stud-Link Of Iron Or Steel,9,5385
73158900,"Chain, Nes, Of Iron Or Steel",8479,46521596
73170000,"Nails, tacks, drawing pins, ...erial, but excluding such articles with heads of copper.",84402,39469749
73181100,Threaded Coach Screws Of Iron Or Steel,1661,597389
73181200,Threaded Wood Screws (Excl. Coach Screws) Of Iron Or Steel,1,376
73181300,Threaded Screw Hooks And Screw Rings Of Iron Or Steel,695,185789
73181400,Threaded Self-Tapping Screws Of Iron Or Steel Imp by pre-fab. Buil. industry,7468,2575464
73181510,"Threaded Screws&Bolts Of Iron Or Steel,Nes Whether Or Not With Nuts/Washer",258,492855
73181590,"Threaded Screws&Bolts Of Iron Or Steel,Nes Whether Or Not With Nuts/Washer",11378,7696079
73181600,Threaded Nuts Of Iron Or Steel,1418,2537387
73181900,"Threaded Articles, Nes, Of Iron Or Steel",5433,1955676
73182100,Non-Threaded Spring Washers And Other Lock Washers Of Iron/Steel,629,1557644
73182200,Other washers,1358,1461716
73182390,"Rivets, Nes",60460,40960430
73182400,Cotters And Cotter-Pins Of Iron/Steel,285,346886
73182990,"Screw,bolts,nuts,coach,screws,screw hooks,river,cotters,cotter-pins,washers..,NES",113045,37745233
73194000,Safety pins and other pins,1566,1944047
73199000,"Knitting needles, bodkins, crochet hooks, etc, of iron or steel",296,2828711
73201000,LEAF SPRINGS AND LEAVES THERE FOR,1,43681
73202000,Helical springs of iron or steel,248,556077
73209000,"Springs, nes, of iron or steel",8542,12576553
73239990,"Table, kitchen or household articles... of iron or steel, nes",3972,1833882
73261900,"Forged Or Stamped Articles Of Iron Or Steel, Nes",114,215439
73262090,Other Articles Of Ironor Steel Wire( Excl.Bead Wire For Cycle Tyres),50219,14446595
73269010,Steel bobbin,8,79254
73269090,"Other Articles Of Iron Or Steel, Nes(Excl.S.S.Screen, Burette Stand)",1347334,295633686
74020000,Unrefined Copper; Copper Anodes For Electrolytic Refining,11385,8197666
74031100,Cathodes And Sections Of Cathodes Of Refined Copper,1,751
74032100,"Copper-Zinc Base (Brass) Alloys, Unwrought",6497,11312854
74032200,"Copper-Tin Base Alloys (Bronze), Unwrought",103,28019
74050000,Master Alloys Of Copper,600,193457
74072190,"Bars,rods and profiles of brass",277740,348266110
74072900,"Bars, rods and profiles of copper alloys, nes",2120,2760549
74081100,"Wire Of Refined Copper, Maximum Cross-Sectional Dimension >6mm",539,674878
74081900,Other,75749,90320287
74082100,Wire Of Brass,169172,198988955
74082200,Wire Of Cupro-Nickel Or Nickel Silver,3693,2747914
74082900,"Wire Of Copper Alloy, Nes",3174,48457890
74091100,"Plates, Sheets And Strip, Of Refined Copper, In Coils, >0.15mm Thick",2421,3812300
74091900,"Plates, Sheets And Strip, Of Refined Copper, Uncoiled, >0.15mm Thick",40006,51172568
74092100,"Plates, sheets and strip, of brass, in coils, >0.15mm thick In coils",107591,125489405
74092900,"Plates, Sheets And Strip, Of Brass, Uncoiled, >0.15mm Thick",35635,38995382
74093900,"Plates, Sheets And Strip, Of Bronze, Uncoiled, >0.15mm Thick",304,382668
74099000,"Plates, Sheets And Strip, Of Copper Alloys, Nes, >0.15mm Thick",1601,2045377
74112200,Tubes And Pipes Of Cupro-Nickel Or Nickel Silver,5206,11638718
74112900,"Tubes And Pipes Of Copper Alloys, Nes",1,13527
74122000,Tube Or Pipe Fittings Of Copper Alloys,8,7342
74130000,"Stranded Wire, Cables... Of Copper, Not Electrically Insulated",2882,1715439
74151000,"Nails And Tacks, Drawing Pins, Staples, Etc, Of Copper Or Partly Copper",4430,10648336
74152100,Washers Of Copper (Including Spring Washers),506,142382
74152900,"Non-Threaded Articles Such As Rivets, Cotters, Cotter-Pins... Of Copper",97,90367
74198090,Other,2002,5444590
75022000,Unwrought Nickel Alloys,125,77507
75062000,"Plates, sheets, strip and foil of nickel alloys",501,987735
75072000,Tubes Or Pipe Fittings Of Nickel,9211,3189443
75081000,"Cloth, Grill And Netting Of Nickel Wire",20,8784
76020000,Aluminium Waste And Scrap,131948,31842534
76041000,"Bars, rods and profiles of aluminium, not alloyed",13949,20277055
76042100,Hollow Profiles Of Aluminium Alloys,63325,37958021
76042900,"Bars, rods and profiles of aluminium alloys",54709,39201005
76051100,"Wire Of Aluminium, Not Alloyed, Maximum Cross-Sectional Dimension > 7mm",1300,1875042
76051900,"Wire of aluminium, not alloyed, maximum cross-sectional dimension =<7mm",20,64464
76052900,"Wire of aluminium alloys, maximum cross-sectional dimension =<7mm",523,1236298
76061100,"Rectangular (Incl. Square) Plates... Of Aluminium, Not Alloyed, >0.2mm",32382,18176899
76061200,"Of Aluminium, alloys",3318,2154545
76069190,"Plates... (Excl. Rectangular) Of Aluminium, Not Alloyed, >0.2mm Thick",10,4383
76069200,"Plates...(Excl. Rec) of aluminium alloys,>0.2mm thick NES Of aluminium alloys",3999,2076255
76071100,Rolled but not further worked,244592,119072760
76072010,"Aluminium Foil, Backed By Paper/Paperboard",86,82248
76072099,"Aluminium foil backed, NES",16618,7284866
76081000,"Tubes And Pipes Of Aluminium, Not Alloyed",6543,3818349
76082000,Tubes And Pipes Of Aluminium Alloys,82149,72548619
76090000,Aluminium Tube Or Pipe Fittings,16213,22660443
76101000,"Doors, Windows And Their Frames And Thresholds For Doors, Of Aluminium",5883,8811239
76109010,"Aluminium Structure And Parts Of Structures..., Nes",106,160281
76109090,"Aluminium Structure And Parts Of Structures..., Nes",9159,3301888
76149000,"Stranded wire, cables... of aluminium alloys, not electrically insulated",210,292249
76151010,"Table, kitchen or other household articles and parts thereof; of aluminium... polishing",1,55736
76161000,"Nails, Tacks, Staples, Screws, Bolts, Nuts... Of Aluminium",53842,55263519
76169100,"Cloth, Grill, Netting And Fencing, Of Aluminium Wire",141,25426
76169900,"Articles of aluminium, nes",42951,46760509
78011000,"Refined Lead, Unwrought",186233,52439268
78019100,"Unwrought Lead, Containing Antimony As The Principale Other Element",124843,44765406
78019900,Unwrought Lead (Excl. Refined And Containing Antimony),235747,77348517
78020000,Lead Waste And Scrap,99409,25890800
78060090,Other Articles Of Lead Nes,1,9078
79011210,Zinc ingots,2000,1169846
79012000,Zinc alloys,485807,218782020
79040000,"Zinc Bars, Rods, Profiles And Wire",8,67635
79050000,"Zinc Plates, Sheets, Strip And Foil",12993,8789075
79070090,"Other Articles Of Zinc, Nes",1188,1818104
80012000,"Tin Alloys, Unwrought",272,541687
80030000,"Tin bars, rods, profiles and wire",158,59293
82011000,Spades And Shovels,50,12525
82022000,Band Saw Blades,209,805111
82023100,Circular Saw Blades With Working Part Of Stl(Inc.Slittng/Slottng Saw Blade,24,264675
82023900,Circular Saw Blades(Inc.Slitting Blades)Excl.With Steel Working Part;Parts,59,167670
82029910,Hand saws; blades for saws of all kinds....Toothless saw blades,89,116260
82029990,Hand saws; blades for saws of all kinds....Excl. Toothless saw blades,1,23950
82031090,"Files, Raspsand Similar Tools Nes.",1,27899
82032000,"Tweezers, Pliers, Pincers And Similar Tools",6,31796
82033000,Metal Cutting Shears And Similar Hand Tools,4,645747
82034000,"Pipe-Cutters, Bolt Croppers, Perforating Punches And Similar Tools",2,22179
82041100,"Non-Adjustable, Hand-Operated Spanners And Wrenches",186,442586
82041200,"Adjustable, Hand-Operated Spanners And Wrenches",150,37454
82051000,"Drilling, Threading Or Tapping Hand Tools",46,1255479
82052000,Hammers And Sledge Hammers,24,12229
82054000,Screwdrivers,4,27949
82055100,Household Hand Tools,2,1882
82055990,"HAND TOOLS, NES (INCL. GRAZIERS' DIAMONDS) EXCLUDING FIBRE OPTIC CABLE FUSION SLICER",2739,11314601
82057000,"Vices, Clamps And The Like",7,5901
82059000,"Other,incl.sets of articles of two or more of sub-headings of this heading",367,336672
82071900,Oth.Rock Drilling/Earth Boring Tool(Ex.With Working Part Of Cermets);Parts,1,13778
82072000,Dies For Drawing Or Extruding Metal,440,8244732
82073000,"Interchangeable Tools For Pressing, Stamping Or Punching",1693,7001376
82074000,Interchangeable Tools For Tapping Or Threading,1,9519
82075000,"Interchangeable Tools For Drilling, Other Than For Rock Drilling",148,60183
82076000,Interchangeable Tools For Boring Or Broaching,0,15602
82077000,Interchangeable Tools For Milling,12,228728
82079000,"Other Interchangeable Tools For Hand Or Machine-Tools, Nes",430,218431
82081000,"Knives And Cutting Blades, For Metal Working Machines",347,301605
82082000,"Knives And Cutting Blades, For Wood Working Machines",363,1613708
82089000,"Knives And Cutting Blades, For Machines Or Mechanical Appliances Nes",3347,13232520
82090000,"Plates, Sticks... For Tools, Unmounted, Of Metal Carbides Or Cermet",1,8130
82111000,"Sets Of Assorted Knives, Nes",249,341279
82119200,Other Knives With Fixed Blades (Excl. Table Knives),375,1434986
82119300,Knives(Excl. With Fixed Blades),2971,1006145
82130000,"Scissors, Tailors' Shears And Similar Shears, And Blades Therefor",47,185880
82141000,"Paper Knives, Letter Openers, Erasing Knives, Pencil Sharpeners...",0,21547
83011000,Padlocks Of Base Metal,419,1434904
83012000,Locks of a kind used for motor vehicle,0,15068
83014090,Other locks,4463,7208320
83015000,"Clasps And Frames With Clasps, Incorporating Locks Of Base Metal",3,1882
83016000,Parts Of Padlocks And Locks Of Base Metals,3672,1510396
83021000,Hinges Of Base Metal,541,242512
83022000,Castors Of Base Metal,9299,4757675
83023000,"Mountings, Fittings, Etc, For Motor Vehicles, Of Base Metal, Nes",386,957679
83024290,"Mountings, Fittings, Etc, Suitable For Furniture, Of Base Metal, Nes",1628,2059515
83024910,"OTHR MOUNTING, FIT.&SIMILAR ARTICLES, DEV. /FITTINGS FOR BARR.WIND. & OR PANIC EXIT DOOR",1093,936757
83024991,OTR MOUNTING FITTINGS &SIMILAR ARTI.EXCL. DEVICE/FIT.FOR BARRED WINDOWS & OR PANIC EXIT,144914,46860058
83024999,OTR MOUNTING FITTINGS &SIMILAR ARTI.EXCL. DEVICE/FIT.FOR BARRED WINDOWS & OR PANIC EXIT,5438,24364038
83025000,"Hat-Racks, Hat-Pegs, Brackets And Similar Fixtures Of Base Metal",58,26496
83026000,Automatic door closers,145,500013
83030000,"Armoured Or Reinforced Safes, Strong-Boxes And Doors... Of Base Metal",70,22478
83052000,"Staples In Strips, Of Base Metal",747,508370
83059000,"Office Artcls.Such As Ltr.Clips,Ltr.Corners..Of Base Metal Incldng.Parts",1477,5809206
83061000,"Bells, Gongs, Etc, Non-Electric, Of Base Metal Containing more than 99.99 % of bismut",2294,2923697
83062900,Statuettes and other ornaments of base metal (excl. plated),977,747438
83063000,"Photograph, Picture Or Similar Frames; Mirrors Of Base Metal",9,13935
83071000,Flexible Tubing Of Iron Or Steel,982,1307640
83079000,Flexible Tubing Of Other Base Metal (Excl. Iron Or Steel),1300,698886
83081000,"Hooks, Eyes And Eyelets Of Base Metal",360057,454911262
83082000,Tubular Or Bifurcated Rivets Of Base Metal,93895,322429915
83089000,"Clasps, Buckles... Beads Andspangles Of Base Metal (Incl. Parts)",263154,511829955
83091000,Crown Corks Of Base Metal,4,14296
83099010,Lug Caps,48,351343
83099020,Container Seal,3927,1283333
83099030,Combination seal for vials,408,1844069
83099091,"Stoppers, caps and lids.. excl.Crown corks nes,",383,2709160
83099099,"Stoppers, caps and lids.. excl.Crown corks nes,",10102,23713207
83100000,"Sign-Plates, Name-Plates, Address-Plates, Etc, Of Base Metal(Ex.Hsno-94.05",12825,47284173
83111010,"Coated electrodes of base metal, for electric arc-welding......Welding wire",600,1685631
83111090,"Coat electrode of base metal, for elec arc-weld, ExWeld wire imp by VAT reg com. manu",1500,174907
83113000,"Coated rods and cored wire of base metal, for soldering, brazing...",33,385327
83119000,"Wires, Rods... Of Base Metal, Coated/Cored (Incl. Powder For Sprays) Nes",5185,5005454
84021900,"Other Vapour Generating Boilers, Nes (Incl. Hybrid Boilers)",3000,3746318
84022000,Super-Heated Water Boilers,700,491112
84029000,Parts Of Sheam On Oth.Vapour Genrtng.Boilers & Super-Heated Water Boiles,40,2261712
84099910,For Engines of Industrial use and fishing trawler,17,1824323
84099990,"Parts For Compression-Ignition Internal Combustion Engines, Nes",7,192362
84119100,Parts Of Turbo-Jets Or Turbo-Propellers,1,189867
84119900,Oth. Parts Of Gas Turbines (Excl. Of Turbo-Jets And Turbo-Propellers),6,3790103
84122100,"Hydraulic Power Engines And Motors, Linear Acting (Cylinders)",162,499827
84122900,Hydraulic Power Engines And Motors (Excl. Linear Acting),2,100957
84123100,"Pneumatic Power Engines And Motors, Linear-Acting (Cylinders)",136,2588898
84123900,Pneumatic Power Engines And Motors (Excl. Linear Acting),1,59971
84129010,Parts Of Engines And Motors Of 8412.10 To 8412.80 For Aircraft Engines,92,17322183
84129090,"Parts Of Engines And Motors Of 8412.10 To 8412.80, Nes",48,4069693
84131900,"Pumps For Liquids, With Or Designed To Be Fitted With A Measuring Device",2542,4635465
84133000,Fuel/Lubricating/Cooling-Medium Pumps For Internal Combustion Engines,113,394111
84135000,Reciprocating Positive Displacement Pumps,35,2114855
84136000,Rotary Positive Displacement Pumps,14,21149340
84137000,Other Centrifugal Pumps,2623,4422054
84138100,Other Liquid Elevatos Pumps,2133,4982350
84139100,Parts of Pumps for liq. whts or not fitted with fitted with meas. dev.liquied elev.,69,1375320
84141000,Vacuum Pumps,702,336794
84142000,Hand Or Foot-Operated Air Pumps,8841,15671780
84143010,Compressors For Refrigerating Equipment For Industrial Use,653,767257
84144000,Air Compressors Mounted On A Wheeled Chassis For Towing,530,109833
84145910,Venlating exhaust fan with blade rotating diameter of 24 inch or mere,3572,5458994
84145920,"Laminar air flow equipment, industrial type",2978,1718419
84145990,"Otherv Fans, Nes",104,48655953
84148010,Air Compressors,10280,21834083
84148020,"Pumps & Compressors; Hodds With A Fan, Blowers For Use In Piciculture Only",661,920888
84148090,"Other Air Pumps; Air Or Gas Compressors; Hoods With A Fan, Nes",100,25050
84149020,Parts...Of compressor,92,4076531
84149090,"Parts Of Air/Vacum Pumps, Of Air/Gas Compressors, Nes",95,1332993
84151010,"A/C, Window/wall self contained Requiring more than 300,000 BTU or equivalent",17612,4357543
84159090,Parts of other Air Conditioning Machine,24,5110918
84178000,Industrial Or Laboratory Furnaces (Incl. Incinerators),1754,486067
84179000,Parts Of Industrial Or Laboratory Furnaces And Ovens,23,6007
84181000,"Combined refrigerator-freezers, fitted with separate external doors",102,50100
84182100,Compression-type household refrigerators,46,6741
84185000,"Other furniture (chests, cabinets, display counters, show-cases and",124,92171
84186110,"Indstrl.Refrigeration/Freezing Equipment,Compression Type..Heat Excharger)",345,556384
84186910,"Refrigerating Or Freezing Equipment,Heat Pumps, Industrial",580,3044858
84186999,"Freezers of the upright type, (Excl.) exceeding 900 L or 800L capacity",111,8549822
84193900,"Non-Domestic Dryers, Nes",873,1501788
84195000,Heat Exchange Units,10,1563053
84201000,Calendering Or Other Rolling Machines (Excl. For Metal/Glass),500,1227462
84209100,Cylinders For Calendering Or Other Rolling Machines,40,374210
84209900,"Parts Of Calendering Or Other Rolling Machines, Nes",11,920161
84211910,"Other Centrifuges,Including Contrifugal Dryers Nes, For Laboratory Use",907,5957550
84212192,Water purifying machine (Industrial type),2901,1437784
84212193,Effluent (waste water) Treatment Plant,20799,19044514
84212300,Oil Or Petrol-Filters For Internal Combustion Engines,48,1560573
84212990,"Filtering or purifying machinery and apparatus for liquids, NES",162,2137022
84213100,Intake Air Filters For Internal Combustion Engines,22,595006
84213920,Industrial filter for air or other gases; overhead travelling .. cyclone of industria,1200,5291420
84213990,Other,38,527378
84219990,Parts Of Machinery... For Filtering/Purifying Liquids Or Gases,172,1957147
84222000,Machinery For Cleaning Or Drying Bottles Or Other Containers,1450,539448
84223000,"Machinery For Filling,Closing...Etc.Bottles,Cans Etc,& Aerating Drinks",7,1753
84224000,"Oth.Packing/Wrapping Machinery, (Incl. Heat-Shrink Wrapping Machinery)Nes",5306,3456901
84229000,Parts Of Machinery Of 8422.11 To 8422.40,1099,904752
84232000,Scales For Continuous Weighing Of Goods On Conveyors,8,4698
84238210,Weighting Capacity Exceeding 200KG,296,415130
84239000,Weighing Machine Weights Of All Kinds; Parts Of Weighing Machinery,1,3757
84242010,Spray Guns And Similar Appliances Of Industrial Use,137,577557
84242030,SPRINKLER SYSTEM AND EQUIPMENTS,600,42611
84248900,Mechanical Appliances For Projecting/Dispersing/Spraying Liquids/Powders,2152,1405033
84249000,Parts Of Machinery And Apparatus Of 8424.10 To 8424.89,106,300393
84251900,"Pulley Tackle And Hoists..., Nes (Excl. Skip Or Vehicle Hoists)",2,2183
84261100,Overhead Travelling Cranes On Fixed Support,102262,26406737
84271000,Self-Propelled Works Trucks Powered By An Electric Motor,17610,12124498
84272000,Self-Propelled Works Trucks (Excl. Electic),5855,4139177
84279000,"Other Works Trucks Fitted With Lifting Or Handling Equipment, Nes",506,155240
84281000,Lifts And Skip Hoists,71075,27146418
84282000,Pneumatic Elevators And Conveyors,22700,57479099
84283900,"Continuous-Action Elevators And Conveyors, Nes",8546,12325975
84287000,Industrial robots,5247,48973111
84289000,"Lifting, Handling, Loading Or Unloading Machinery, Nes",6292,77888296
84312000,Parts Of Machinery Of 84.27,2195,1333933
84313100,"Parts Of Lift, Skip Hoists Or Escalators",13,176905
84313900,"Parts Of Machinery Of 84.28 (Excl. Lift, Skip Hoists Or Escalators)",115,1256182
84314900,"Parts of machinery of 84.26, 84.29 and 84.30, nes",31,75064
84388000,"Machinery for the preparation or manufacture of food or drink, nes",3500,319851
84393000,Machinery For Finishing Paper Or Paperboard,24255,25458211
84401000,Book-Binding Machinery (Incl. Book-Sewing Machines),1936,1044847
84411000,Cutting Machines,38528,17127226
84413000,"Machines For Making Cartons, Boxes, Etc, Of Paper Or Paperboard",1800,3309467
84418000,"Machinery For Making Up Paper Pulp, Paper Or Paperboard, Nes",1600,619993
84419000,"Parts Of Machinery For Making Up Paper Pulp, Paper Or Paperboard, Nes",839,1797876
84423000,"Machinery, apparatus and equipment for pre. or making plates, ..comp. Machiner",1148,14348782
84424000,Parts Of Type-Setting... Machinery,0,13805
84425020,PRINTING PLATES,12799,11914226
84425090,"Other Printing Type,Blocks,Plates,Cylinders...Other Printing Components",14,17659
84431900,"Other printing components(excl.Offset printing machinery, Letterpress printing",55546,15180667
84433290,Other printer (excl. computer printer),121,669088
84433991,Copying machine & fax machine,81,136792
84433999,"Other printing machine,nes",32,62626
84439100,"Parts & acces.of printing m/c used for print. by means of plates, cylinders an",728,6107556
84439920,Other parts for Computer Printer,270,3397583
84439990,Parts & accessories other than compuet printer,4446,39214485
84451900,"Other Machines For Preparing Textile Fibres, Nes",1160,1218153
84454000,Textile Winding (Incl. Weft-Winding) Or Reeling Machines,235,427107
84471100,"Circular Knitting Machines, With Cylinder Diameter =<165mm",103,225452
84472000,Flat Knitting Machines; Stitch-Bonding Machines,51520,50878924
84479000,"Machines For Making Gimped Yarn, Tulle, Lace, Embroidery, Trimmings, Etc",12540,21417963
84482090,Parts And Accessories Of Machines Of 84.44 Or Their Auxiliary Machinery,4060,17056101
84483200,"Parts And Accessories Of Machines For Preparing Textile Fibres, Nes",2322,7435438
84483300,"Spindles, spindle flyers, spinning rings and ring travellers",2,375754
84483900,"Parts And Accessories Of Machines Of 84.45, Etc, Nes",2060,4178610
84484290,Other Reeds For Looms Healds And Heald-Frames,131,557617
84484900,"Parts And Accessories Of Weaving Machines (Looms), Nes",102,4022663
84485100,"Sinkers, needles and other articles used in forming stitches",265,16745782
84485900,"Other Parts And Accessories Of Machines Of 84.47, Etc, Nes",48,3758099
84502090,"Washing Machines, Household/Laundry Type, Capacity >10kg",50,4957
84511000,Dry-Cleaning Machines,1400,1941394
84512100,"Drying Machines, Of A Dry Linen Capacity =<10kg",50,99902
84512900,"Drying Machines, Of A Dry Linen Capacity >10kg",30765,50758654
84513000,Ironing Machines And Presses (Incl. Fusing Presses),41850,85864778
84514000,"Washing, Bleaching Or Dyeing Machines, Nes",92159,240393737
84515000,"Machines For Reeling, Unreeling, Folding, Cutting... Textile Fabrics",53174,175005359
84518000,"Machines For Wringing, Dressing, Finishing... Textile Yarns, Fabrics...",30286,73901798
84519000,"Parts Of Machines For Cleaning, Drying, Ironing, Etc",11186,39964865
84522100,Automatic Sewing Machines,261669,727060227
84522990,Sewing Machines Of Industrial Type (Excl. Automaic Units ) Nes.,19822,31542808
84523000,Sewing Machine Needles,653,12298012
84529090,Other parts of sewing machines,3572,50932760
84532000,Machinery For Making Or Repairing Footwear,4882,5933287
84538000,"Machinery For Making/Repairing Articles Of Hides, Skins Or Leather, Nes",2708,3020177
84539000,"Parts Of Machinery For Preparing ... Leather, Making Footware, Etc",544,3394270
84541000,Converters Of A Kind Used In Metallurgy Or In Metal Foundries,2,129167
84543000,Casting Machines Used In Metallurgy Or In Metal Foundries,2320,16954759
84549000,"Parts Of Converters, Ladles... Casting Machines",146,10095223
84553000,Rolls For Rolling Mills,6173,2319553
84561100,"Operated by laser or other light or photon beam processes,Operated by laser",12630,49663928
84562000,Machine-Tools Operated By Ultrasonic Processes,397,401268
84592900,"Drilling Machines For Removing Metal, Nes",1020,833815
84597000,"Threading Or Tapping Machines For Metal, Worked By Removing Metal, Nes",130,438379
84602900,"Grinding Machines, Nes, Accurate To 0.01mm",986,1118556
84603900,"Sharpening (Tool Or Cutter Grinding) Machines, Nes",50,79560
84609000,"Other Machines For Deburring, Grinding, Polishing, Etc, Metal, Nes",91,146221
84621900,Other Than Closed die forging machines,100,98750
84623200,Slitting lines and cut-to-length lines,750,187877
84624900,"Punching Or Notching Machines (Incl. Presses), Nes",2788,1710017
84626300,Cold metal working presses : Servo-presses,1976,2912048
84629000,Machine-tools (Including presses) for working metal by... not specified above NES,8294,1500393
84633000,"Machines For Working Wire, Without Removing Material",13744,22096452
84639000,"Other Machine-Tools For Working Metal, Without Removing Material, Nes",244,160322
84642000,"Grinding Or Polishing Machines, For Working Stone, Ceramics, Etc",42,35649
84649000,"Machine-Tools For Working Stone, Ceramics, Concrete, Etc",3,3609
84659200,"Planing, Milling Or Moulding Machines For Working Wood, Cork, Bone, Etc",880,478683
84659900,"Other Machine-Tools, Nes, For Working Wood, Cork, Bone, Hard Rubber, Etc",808,1074265
84661000,Tool Holders And Self-Opening Dieheads,157,2227491
84669100,Parts And Accessories For Machines Of 84.64,1,14881
84669200,Parts And Accessories For Machines Of 84.65,390,479884
84669300,Parts And Accessories For Machines Of 84.56 To 84.61,145,3889661
84669400,Parts And Accessories For Machines Of 84.62 To 84.63,6,852100
84671100,"Pneumatic Tools, Rotary Type, For Working In The Hand",1,29910
84671900,"Pneumatic Tools (Excl. Rotary Type), For Working In The Hand",3,2755
84672100,DRILLS OF ALL KINDS;WITH SELF CONTAINED ELECTRIC MOTOR,140,164438
84672900,TOOLS FOR WORKING IN THE HAND;EXCLUDING DRILLS AND SAWS,28,404171
84679200,Parts Of Pneumatic Tools,1,111531
84688000,"Machinery And Apparatus For Soldering, Brazing Or Welding, Nes",3,20478
84689000,"Parts Of Soldering, Brazing Or Welding Machinery And Apparatus",18,81170
84713000,"Portable Digital Adp Machines,Wt<=10 Kg,Comp.At Least Cpu,Keyboard&Display",84,3230842
84714100,"Nonportable Adp Machines,Comprisng At Least Cpu & I/O Unit In Same Housing",8,56032
84714900,"Non-Portable Adp Machines, Nes, Presented In The Form Of Systems",27,132266
84715000,"Processing units other than those of subheading 8471.41 or 8471.49, whether or",1,234508
84716090,Adp Input/Output Units Whether/Not Containg. Storage Units In Same Housing,8,351159
84717000,Automatic Data Processing Machine Storage Units,1,257411
84718000,Other Units Of Automatic Data Processing Machines Nes,2,201279
84719000,Magnetic or optical readers; machines for transcribing data onto data media...nes,819,1769837
84729090,"Office machines (incl. coin-sorting/counting/wrapping machines...) , nes",3,12024
84733000,Parts And Accessories Of The Machines Of 84.71,0,11936
84741000,"Sorting, Screening, Separating Or Washing Machines For Earth, Stone...",240,90181
84773000,"Blow Moulding Machines For Working Rubber Or Plastics, Etc",6,44644
84778000,"Other Machinery For Working Rubber/Plastics Or Making Products Thereof,Nes",14354,14864188
84779000,"Parts Of Machinery For Working Rubber Or Plastics, Etc",1841,2421245
84796000,Evaporative Air Coolers,4994,4746118
84798900,"Machines, having individual functions, nes",41794,36882046
84799000,Parts Of Machines Having Individual Functions Of Hs Heading 8479,922,52698801
84802000,Mould Bases,167021,76598284
84803000,Moulding Patterns,30,241173
84804100,Injection Or Compression Type Moulds For Metal Or Metal Carbides,1928,4379199
84804900,Moulds For Metal Or Metal Carbides (Excl. Injection Or Compression),9245,11074583
84806000,Moulds For Mineral Materials,1184,4578354
84807100,Injection Or Compression Type Moulds For Rubber Or Plastics,40114,99295912
84807900,Moulds For Rubber Or Plastics (Excl. Injection Of Compression),40130,70467275
84811011,"Pressure-reducing valves,... not exceeding 1 inch Pressure regulator/valve for LPG",2,71302
84811019,"Pressure-reducing valves,... not exceed 1 inch, Excl. Press. regulator/valve for LPG",54,589612
84811090,Exclu. Inner Diameter not exceeding 1 inch,0,62400
84812010,"Valves for oleohydraulic or pneumatic transmission, inner diameter not exceeding 1 inch",27,5079254
84812090,"Valves for oleohydraulic or pneumatic transmissions,Excl.Inner diameter not excee. 1 inc",25,16384959
84813019,"Check (nonreturn) valves, inner diameter <= 1 inch.",5,97157
84813090,"Check (nonreturn) valves, Excl. Inner Diameter <= 1 inch.",116,645006
84814019,"Safety or relief valves, Inner dia. <= 1 inch., Excl. Safety or relief valve for LPG",26,11089705
84814090,"Safety or relief valves, Excl. diameter <= 1 Inch",33,1514359
84818029,Hand diaphragm valve,73,18078995
84818090,"Inner Diameter <1 inch,nes",3726,50992849
84819090,"Parts of taps and cocks, NES",27,701019
84821000,Ball Bearings,384,3450547
84822000,"Tapered Roller Bearings, Including Cone And Tapered Roller Assemblies",16,807853
84824000,Needle Roller Bearings,146,657430
84825000,Other Cylindrical Roller Bearings (Excl. Needle),1,19741
84828000,"Ball Or Roller Bearings (Incl. Combined Ball/Roller Bearings), Nes",2661,3784234
84829100,"Balls, Needles And Rollers",2,78928
84829900,"Parts Of Ball Or Roller Bearings (Excl. Balls, Needles And Rollers)",0,2706
84831000,Transmission shafts (incl. cam and crank shafts) and cranks,18859,30782630
84832000,"Bearing housings, incorporating ball or roller bearings",106,103294
84833000,"Bearing Housings, Nes; Plain Shaft Bearings",9,2075849
84834000,Gears and gearing; ball or roller screws; gear boxes and other speed changers...,455,971263
84835000,Flywheels And Pulleys (Incl. Pulley Blocks),78,684033
84836000,Clutches And Shaft Couplings (Incl. Universal Joints),21,277865
84839000,"Parts Of Transmission Shafts, Cranks, Bearing Housings, Gears, Etc",2497,16780438
84841000,Gaskets... Of Metal Combined With Other Materials Or >1 Metal Layer,243,428265
84842000,Mechanical Seals,13,198570
84849000,Sets Or Assortments Of Gaskets And Similar Joints,33,989627
84871000,Ships' or boats' propellers and blades therefore,28763,130682995
84879000,Machinery Parts other than ships' or boats' propellers and blades therefore,75,865774
85011010,Fan motor fitted with revolving mechanism,4,189227
85011090,Motors Of An Output =<37.5 W,68,1046099
85012010,Fan motor fitted with revolving mechanism,3,5577
85012091,Motors of an output not exceeding 37.5 W but not exceeding 750 W,364,5301511
85012099,Excluding Motors of an output not exceeding 37.5 W but not exceeding 750 W,52,15892153
85013100,"Oth DC motors; DC generators, other than photovoltaic genera <=750 W",1171,5105158
85013200,"Oth DC motors; DC generators, other than photovoltaic generators : >1200 W But <=75 Kw",128,413272
85013300,"Oth DC motors; DC generators, other than photovoltaic generators >75 Kw But <=375 Kw",65,248930
85014010,"Ac motors, single-phase.. Of an output not exceeding 750 W",87,724478
85014090,"Ac motors, single-phase...Excl. Of an output not exceeding 750 W",10,9885661
85015100,"Ac Motors, Multi-Phase, Of An Output =<750 W",193,10696693
85015200,"Ac motors, multi-phase, of an output >750 W-<=75 kW",18,260541
85016300,"AC generators (alternators), other than photovoltaic generato >=375 Kva But <=750 Kva",40,19483
85017100,Photovoltaic DC generators : Of an output not exceeding 50 W,3,2254
85021200,"Generating Sets With Compression-Ignition Engines, >75 Kva But <=375 Kva",1670,1978970
85021300,"Generating Sets With Compression-Ignition Engines, >375 Kva",23469,32070298
85030010,Parts Of Photovoltic Generators Of Heading No 85.01 Or 85.02,1,22545
85030020,PARTS OF OTHER GENERATOR,85,144951
85030099,Stator other than with/without winding wire,40,251096
85041000,Ballasts For Discharge Lamps Or Tubes,2,338397
85043100,"Transformers, Nes, Power Handling Capacity =<1 Kva",452,1694081
85043200,"Transformers, Nes, Power Handling Capacity =>1 Kva But <=16 Kva",9,1640747
85044030,"Voltage stabilizer (capacity upto 2,000 VA)",2,168774
85044090,Other Static converters,419,7679765
85045000,"Inductors, Nes",381,1155033
85049090,"Parts Of Transformers, Inductors And Static Converters, Nes",1,1734
85051100,Permanent Magnets And Articles Becoming Permanent Magnets Of Metal,835,10369063
85051900,Permanent Magnets And Articles Becoming Permanent Magnets (Excl. Metal),266,11500341
85052000,"Electro-Magnetic Couplings, Clutches And Brakes",2,74862
85059000,"Other Electro-Magnetic Or Permanent Magnet Chucks,Etc;Incl.Parts Of Magnet",360,1189330
85065000,Primary Cells And Primary Batteries Of Lithium,386,908071
85072090,Other Lead Acid Accumulators,200,95403
85073000,"Nickel-Cadmium Accumulators, Separators.",65,13339677
85079090,"Parts Of Electric Accumulators, Nes",1795,1610488
85086010,"Other vacuum cleaners, Industrial type",80,38830
85087000,Parts,157,39329
85111010,Sparking Plugs,6,2696216
85111090,Sparking Plugs,14,4799977
85114000,Starter motors and dual purpose starter-generators,24,2779950
85121000,Lighting Or Visual Signalling Equipment For Bicycles,1832,8000074
85123000,Sound Signalling Equipment For Cycles Or Motor Vehicles,208,712801
85141900,Resistance heated furnaces and ovens : Excluding Hot isostatic presses,42,83044
85142000,Induction Or Dielectric Industrial Or Laboratory Furnaces And Ovens,4102,3530900
85151100,Soldering Irons And Guns,28,46227
85151900,"Brazing Or Soldering Machines And Apparatus, Nes",4,151008
85152100,"Machines For Resistance Welding Of Metal, Fully Or Partly Automatic",108,81413
85158000,"Machines And Apparatus For Welding/Spraying Of Metals, Nes",117,1584006
85159000,"Parts Of Soldering, Brazing, Welding, Etc, Machines/Apparatus Of 85.15",48,255867
85162900,"Electric space heating and soil heating apparatus, nes",0,179825
85164010,Industrial Steam Iron,424,1048402
85165000,Microwave Ovens,22,8267
85166000,"Electric Ovens, Nes; Cookers, Cooking Plates, Boiling Rings, Grillers...",1,10020
85167990,"Electro-Thermic Domestic Appliances, Nes",3,127513
85168000,Electric Heating Resistors (Excl. Those Of 85.45),17,102167
85169000,Parts Of Electro-Thermic Appliances Of 85.16,0,20264
85181000,Microphones And Stands Therefor,1,1547905
85182900,"Loudspeakers, Not Mounted In Encloseurs",68,174094
85232913,Other software for automatic data processing machines,0,1715
85235129,Other software for automatic data processing machines,0,1151864
85235190,"Solid-state non-volatile storage devices, excl flash memory",0,489765
85235200,Smart cards,2,34700
85235910,Proximity Cards and tags,74579,436436201
85235920,RFID TAG,594233,6757149887
85235990,Semiconductor media : Excl. Proximity Cards and tags,28400,198639869
85238020,Other software for automatic data processing machines,2,240482
85241190,Flat panel display module Without drivers or control circuits :Of liquid crystals :,1,31496
85241290,Flat panel display modules ..:Of liquid crystals :Of organic light-emitting diodes,1,878
85249900,"Flat panel display modules, whether or not incorporating touch-sensitive screens,NES",4,3006
85258900,"Flat panel display modules, whether or not incorporating touch-sensitive screens. NES",1,297777
85284200,Capable of directly connecting to and designed for use with an automatic data process,3,64723
85285290,"Other Monitor, excluding Computer monitor size not exceeding 22 inch",22,343234
85285900,"Other Monitor, excl, of a kind solely or principally?.an automatic data proc..",21,1433997
85286900,"Other Projections, excl. of a kind solely or prin?.an automatic data proc..sys",57,49385
85299031,"LOADED PRINTED CIRCUIT BOARD OF HEADING 85.27 AND 85.28, IMPORTED BY VAT REGISTERED",0,12546
85299090,Parts Of Apparatus Of Heading No. 85.25 & 85.26,1,735951
85308000,"Electrical Signalling... Equipment For Roads, Inland Waterways...",358,454286
85311000,Electrical Burglar Or Fire Alarms And Similar Apparatus,8120,62038940
85312000,ndicator panels incorp. liquid crystal devices (LCD) or light-emitting diodes (LED),15,991990
85318000,"Electrical Apparatus For Sound Or Visual Signalling, Nes",19280,64946536
85319000,Parts Of Apparatus Of 85.31,130465,185818365
85321000,Fixed Capacitors For 50/60 Hz Circuits Having Power Capacity >=0.5kvar,0,27992
85322200,Aluminium electrolytic,4,45698
85322300,"Fixed Electrical Capacitors Of Ceramic Dielectric, Single Layer",2,252015
85322500,Fixed Electrical Capacitors Of Dielectric Of Paper Or Plastics,1,1954
85322910,"Fixed electrical capacitors, nes, capacitors imp by VAT reg comp. manu.",6,126922
85322990,"Fixed electrical capacitors, nes, Excl capacitors imp by VAT reg comp. manu.",394,207135
85323000,Electrical Variable Or Adjustable (Pre-Set) Capacitors,1894,6333146
85331000,"Fixed Carbon Resistors, Composition Or Film Types",175,1312611
85332100,Fixed Resistors For A Power Handling Capacity =<20w,0,300575
85332900,Other Fixed Resistors For A Power Handling Capacity >20w,0,1498
85333100,Wirewound Variable Resistors For A Power Handling Capacity =<20w,0,3624
85333900,Wirewound Variable Resistors For A Power Handling Capacity >20 W,1,23056
85334000,"Variable Resistors, Nes (Incl. Rheostats And Potentiometers)",6,63680
85339000,"Parts Of Electrical Resistors, Rheostats And Potentiometers",73,27375
85340000,Printed Circuits,5412,26437585
85353000,"Isolating Switches And Make-And-Break Switches, >1000 V",7898,11803102
85359090,"Other Apparatus For Switching... Electrical Circuits, >1000 V, Nes",248,3555914
85361000,"Fuses, =<1000 V",127,1446172
85362000,"Automatic Circuit Breakers, =<1000 V",33,675811
85363010,"Apparatus For Protecting Electrical Circuits, Nes, =<1000 V",0,15269
85363090,"Apparatus For Protecting Electrical Circuits, Nes, =<1000 V",3,168888
85364100,Relays For A Voltage =<60 V,1,33328
85364910,Relays For A Voltage 60-1000 V,1,1879
85364990,Relays For A Voltage 60-1000 V,30,167671
85365000,Other switches,93,1663008
85366100,"Lamp-Holders, =<1000 V",2,37649
85366900,Other,345,5756596
85367000,"Connectors for optical fibres, optical fibre bundles or cables",813,5881246
85369010,"Apparatus For Switching... Electrical Circuits, Nes, =<1000 V",1324,4631330
85369090,"Apparatus For Switching... Electrical Circuits, Nes, =<1000 V",600,689617
85371010,BUSBAR TRUNKING SYSTEM,980,3082293
85371020,Electric panel,7718,14665961
85371090,Other,6549,104783867
85372000,"Boards...Equipped With Two/More Apparatus Of 85.35/85.36, Voltage > 1000v",1402,1434342
85381000,"Boards... Desks, Cabinets And Other Bases For Goods Of 85.37, Not Equipped",355,2165969
85389000,"Parts Of Apparatus Of 85.35 To 85.37, Nes",48,2142167
85392110,Tungsten Halogen Lomp For Use In Laboratories Or Operation Theatres,32,304403
85392190,Other Tungsten Halogen Filament Lamps (Excl.Ultra-Violet Or Infra-Red)Nes.,801,767825
85393110,Energy Saving Lamp having an output of light 3 times or more compared to normal fla.,1095,1565641
85393120,T5 tube light,515,1308663
85393190,"Discharge Lamp other than Ultra-Violet Lamps, Fluorescent, Hot Cathode",383,367165
85394100,Arc-Lamps,1,312753
85394990,Other Ultra-Violet Or Infra-Red Lamps Nes.,94,703811
85395100,Light-emitting diode (LED) light sources :,86,49456
85395200,Light-emitting diode (LED) light sources :Light-emitting diode (LED) lamps,618,2209405
85399090,"Parts For Filament Or Discharge Lamps,Excl.Aluminum Base Cap For Lamps,Nes",0,39579
85411000,"Diodes, other than photosensitive or light-emitting diodes (LED)",513,40297751
85412100,"Transistors (Excl. Phototransistors), With A Dissipation Rate <1w",0,16270
85412900,"Transistors (Excl. Phototransistors), With A Dissipation Rate >=1w",39,2039084
85414100,"Photosensitive semi-conductor devices, including....Light-emitting diodes (LED)",474,5694964
85414900,"Other --- Photosensitive semi-conductor devices,..light-emitting diodes (LED) NES",1,42057
85423120,Other module Imp by VAT Reg SIM card or smart card or Dig card manu,4,1208907
85423990,"Electronic integrated circuits,nes",97,913763
85429000,Parts,112,15787212
85433000,"Machines/Apparatus For Electroplating, Electrolysis Or Electrophoresis",3978,3235341
85437090,"Other machines & appa., Excl. Remote control for electronic and electrical appa.",1462,6472185
85439090,Parts excluding Electronic Cigarattes and Similar personal electric vaporising device,1,626
85441100,Of copper,11,10413
85441990,Other Winding Wire (Excl Wire Of Copper & Cotton Braided Electric Cables),605,1401748
85442000,Co-Axial Cable And Other Co-Axial Electric Conductors,1,38568
85444200,"Other electric conductors for a voltage not exceeding 1,000 V: Fitted with conn",6808,23409727
85444900,"Electric Conductors, Nes, For A Voltage <=80 V, Not Fitted With Connectors",18808,26443872
85446000,"Other electric conductors, for a voltage exceeding 1000V",7,152171
85447000,Optical Fibre Cables Made Up Of Individually Sheathed Fibres,1,39868
85452000,Carbon Brushes,2,83430
85479000,"Insulating Fittings, Nes, For Electrical Machines...; Conduit Tubing...",87,33591
87051000,Crane Lorries,31470,11400096
87088000,Suspension shock absorbers,3,40320
87089900,"Parts and accessories, nes, for vehicles of 87.01 to 87.05",71,1775815
87099000,Parts Of Works Trucks Of 87.09,200,2352915
87149100,"Frames and forks, and parts thereof",134025,133432316
87149210,"Wheel Rims & Spokes Of Bicycles & Other Cycles, Not Motorised",48607,42679976
87149290,Wheel Rims & Spokes Of Bicycles & Other Cycles (Excl. Not Motorised),1710,648505
87149311,"Hubs, other Than Coaster Braking Hubs & Hub ... Free-wheel sprocket-wheels of bicycle",33546,73197619
87149319,"Hubs, other Than Coaster Braking Hub excluding Free-wheel sprocket-wheels of bicycle",67294,104976583
87149390,"Hubs,Other Than Coaster Braking Hubs & ....Of Bicycles (Excl.Not Motorised",14777,11182408
87149410,"Brakes,Including Coaster Braking Hubs & Hubs...Of Bicycles, Not Motorised",58232,96930583
87149490,"Brakes,Including Coaster Braking Hubs &..Of Bicycle (Excl.Not Motorised)",8890,9856294
87149510,"Saddles Of Bicycles & Other, Not Motorised",22485,20207492
87149610,"Pedals & Crank-Gear Of Bicycles & Other, Not Motorised",94780,69964943
87149690,Pedals & Crank-Gear Of Bicycles & Other (Excl. Not Motorised),12309,7292218
87149900,"Parts and accessories of cycles, nes",565989,495487326
87168000,"Vehicles, Not Mechanically Propelled, Nes",653,224056
88073090,"Other parts of aeroplanes, helicopters or unmanned aircraft :",1307,372998301
89071000,Inflatable Rafts,2,313073
90015000,Spectacle Lenses (Excl. Of Glass),10612,7429242
90019010,Blanks And Demos Of Plastic,29,9772213
90019090,"Oth. Prisms, Mirrors And Other Optical Elements, Unmounted, Nes",2282,14395974
90021100,"Mounted Objective Lenses, Of Any Material, For Cameras, Projectors, Etc",82,4146532
90029000,"Oth. Mounted Lenses, Prisms, Mirrors, Etc, Of Any Material, Nes",2995,26789890
90031100,"Frames And Mountings For Spectacles, Goggles Or The Like, Of Plastics, TV",20,306985
90031900,"Frames And Mountings For Spectacles, Goggles Or The Like, Nes, TV",189,5410590
90039000,"Other Parts Of Frames And Mountings For Spectacles, Goggles Or The Like",3223,29325675
90041000,"Sunglasses, TV",1606,1640980
90066900,"Photographic Flashlight Apparatus, Nes",113,31312
90069100,Parts And Accessories For Cameras (Not Cine-),87,1678454
90085000,"Projectors, enlargers and reducers",264,929494
90089000,"Parts And Accessories Of Image Projectors, Photo Enlargers/Reducers",458,7150724
90105000,"Oth Apparatus & Equipment For Photographic(& Cinema.)Labs,Nes;Negatoscopes",200,166960
90118000,"Other Optical Microscopes, Nes",0,179472
90132000,"Lasers, Other Than Laser Diodes",94,1078436
90138090,"Optical devices, appliances and instruments, nes",0,9519
90139090,"Parts And Accessories Of Lasers And Optical Devices, Nes, Of 90.13",4,42959
90142000,Instruments/Apparatus For Aeronautical/Space Navigation (Excl Compasses),6,13456226
90158090,"Other Instruments And Appliances For Meteorological... Purposes, Nes",172,33812204
90159000,Parts And Accessories Of Surveying... Instruments/Apparatus Of 90.15,0,96838
90160000,"Balances Of A Sensitivity Of 5cg Or Better, With Or Without Weights",9,38212
90173000,"Micrometers, Calipers And Gauges",9,45092
90178010,Plotter,134,1359603
90178090,Other Instruments,1,18662
90183200,"Tubular Metal Needles And Needles For Sutures, For Medical... Sciences",0,484
90200000,Other Breathing Appliances And Gas Masks,151,1008075
90211000,ORTHOPAEDIC OR FRACTURE APPLIANCES,2561,6930398
90230000,"Instruments, Apparatus And Models Designed For Demonstrational Purposes",3118,1694557
90248010,Other Machines/Appliances For Testing... Materials (Excl. Metals),272,2267048
90248090,Other Machines/Appliances For Testing... Materials (Excl. Metals),2284,9161695
90249000,Parts And Accessories Of Machines For Testing... Materials Of 90.24,9,1054572
90251900,"Thermometers/Pyrometrs,Not Comb.With Other Instrumts,Not Liquid-Filled Nes",2,1616458
90258000,"Oth.Instruments Hydrometers,Pyrometers, Hygrometers, Etc, And Combinations",12,571931
90259000,"Parts And Accessories Of Hydrometers... Thermometers, Etc, Of 90.25",16,1513128
90261000,"Instruments... For Measuring/Checking The Flow Or Level Of Liquids, Nes",23,645644
90262000,Instruments... For Measuring Or Checking Pressure,16,1419082
90268000,Oth.Instruments... For Measuring Or Checking Variables Of Liquids Or Gas,4,4463861
90273000,"Spectrometers, Spectrophotometers... Using Optical Radiations",19,3059330
90275000,"Instruments And Apparatus Using Optical Radiations, Nes",5,1138410
90278900,"Other instruments and apparatus, OTHER Excl. Mass spectrometers",16,1149079
90282000,Liquid Meters,0,34966
90291090,"Revolution Or Producton Counters,Taximeters,Mileometers,Pedometers, Nes",160,286708
90314100,Instruments For Inspecting Semiconductor Wafers/Devices/Photomasks/Reticls,1,12956
90314900,"Optical Instruments And Appliances For Measuring Or Checking, Nes",94,1232377
90318000,"Instruments, Appliances And Machines For Measuring Or Checking, Nes",369,7002330
90319000,"Parts And Accessories Of Measuring Instruments... Nes, Of 90.31",62,340350
90321000,Thermostats,1522,16634874
90328900,"Automatic Regulating Or Controlling Instruments And Apparatus, Nes",5178,16938303
90329000,Parts And Accessories Of Automatic Regulating Devices Of 90.32,5,448434
90330090,"Parts And Accessories, Nes, For Machines, Appliances, Etc, Of Chapter 90",245,2045671
91061000,Time-Registers; Time-Recorders,7,54880
91069000,"Other Apparatus For Indicating Time, Nes",4,111948
91070000,Time Switches With Clock Or Watch Movement Or With Synchronous Motor,0,1866
94011000,Seats Of A Kind Used For Aircraft,214,16853527
94013900,Swivel seats with variable height adjustment :OTHER,2707,2029669
94017100,"Upholstered Seats, With Metal Frames",117,32871
94017900,"Seats With Metal Frames, Not Upholstered",38,17415
94019900,"Seats (Other Then 94.02) Whether or not cnvrt. into beds, and parts :Parts : others",11897,28733444
94031000,Metal Furniture Of A Kind Used In Offices (Excl. Seats),16470,4964414
94032030,Cutting table of kind used with cutting machine,944,561272
94032090,Other metal furniture EXCL.specially design to receive apparatus of heading 84.7,311,204699
94033000,Wooden Furniture Of A Kind Used In Offices (Excl. Seats),8486,2602669
94037000,Furniture (Excl. Seats) Of Plastics,1548,558452
94038200,"Furniture of other materials, including cane, osier, bamboo or similar..: Of bamb",12720,1888548
94038900,"Furniture of other material, including cane,osier or similar materials: Excl b",8605,721137
94042100,Mattresses Of Cellular Rubber Or Plastics,338,234876
94043000,Sleeping Bags,25,14116
94049000,"Articles Of Bedding, Stuffed, Etc (Excl. Mattresses And Sleeping Bags)",16,19809
94051900,"Designed for use solely with light-emitting diode (LED) light sources,NES",364,4230485
94053900,"Lighting sets of a kind used for Christmas trees,OTHER",965,3697370
94054190,"Photovoltaic, dsgn. use solely with light-emitting diode (LED) light sources",14625,17477172
94054200,"Oth.elec.lum. &..Other, designed for use solely light-emitting diode (LED) light sour",20,3697883
94054990,"Other electric luminaires and lighting fittings,NES",1892,5606545
94059900,"Parts, NES",9,3031752
94069010,"Prefabricated Buildings,,,, SANDWICH PANEL WITH OR WITHOUT cold room fac.",26667,3910740
94069090,Prefabricated buildings. nes,62465,13903494
95030090,"Tricycl, scotr, pedal car and simlr whel toy; dolls? carg..Excl puzzles",56,351742
95051000,Articles For Christmas Festivities,337,93782
95059000,"Festive, Carnival Or Other Entertainment Articles, Nes",0,629
95063900,"Golf Equipment, Nes",7,10805
95069900,"Other articles and equipment for sport and open-air games, nes",1554,3666014
95079000,"Line fishing tackle, fish landing nets, butterfly and similar nets...",22,32852
96011000,Worked Ivory And Articles Of Ivory,832,2133664
96019000,"Worked Bone, Tortoise-Shell, Horn... And Articles Thereof, Nes",52,150723
96034000,"Paint, Distemper, Varnish Or Similar Brushes; Paint Pads And Rollers",224,92050
96035000,"Brushes Constituting Parts Of Machines, Appliances Or Vehicles, Nes",13,48436
96039000,"Hand-Operated Floor Sweepers, Mops, Feather Dusters, Etc, Nes",588,952690
96061000,"Press-Fasteners, Snap-Fasteners And Press-Studs And Parts Therefor",261939,768609094
96062100,"Buttons Of Plastics, Not Covered With Textile Material",139750,545157050
96062200,"Buttons Of Base Metal, Not Covered With Textile Material",224587,664395906
96062900,"Oth. Buttons, Nes",57327,161612207
96063000,Button moulds and other parts of buttons; button blanks:,83751,151706564
96071100,Slide Fasteners Fitted With Chain Scoops Of Base Metal,893997,1981390421
96071900,Slide Fasteners Not Fitted With Chain Scoops Of Base Metal,820963,1561391116
96072000,Slide Fastener Parts,959931,1409755213
96081000,Ball-Point Pens,5,82720
96082000,Felt-Tipped And Other Porous-Tipped Pens And Markers,246,562707
96083000,"Fountain pens, stylograph pens and other pens",17,8950
96089100,Pen nibs and nib points,1,40369
96089990,"Duplicating Stylos; Pen/Pencil Holders; Parts Of Pens, Nes",140,487128
96091000,"Pencils And Crayons, With Leads Encased In A Rigid Sheath",488,2205213
96099090,"Crayons, Nes; Drawing Charcoals And Chalks (Incl. Tailors'Chalks) Nes.",102,17640
96110000,"Date, Sealing Or Numbering Stamps, Etc, For Use In The Hand....Sticks",0,50957
96121010,Ribbons (Computer Printers Ribbons),1119,2088272
96121090,Other Ribbons(excl.computer printer ribbons),11700,47007591
96140000,"Smoking pipes (including pipe bowls) and cigar or cigarette holders, and parts",207,782820
96151100,"Combs, Hair-Slides And The Like Of Hard Rubber Or Plastics",3278,1523238
96151900,"Combs, Hair-Slides And The Like Of Other Materials, Nes",6394,10880549
96159000,"Hairpins; Curling Pins, Curling Grips, Etc, And Parts Thereof",2775,4708811
96161000,"Scent Sprays And Similar Toilet Sprays, And Mounts And Heads Therefor",130,1181288
96180000,"Tailors' Dummies, Etc; Automata And Other Animated Displays",2058,18662336
