hscode,description,net_wt_kg,assess_value_bdt,invoice_value_bdt
04069000,"Cheese, Nes",460,870365,887860
05051000,Raw Feathers For Stuffing; Down,61402,493292114,520271251
05059000,Skins And Parts Of Birds (Excl. Feathers For Stuffing; Down),139,976966,996604
08028090,"Other Areca nuts, EXCL. Wrapped/canned upto 2.5 Kg",1368240,386920708,394699699
09023000,"Black Tea Fermented/Partly Fermented,Flavoured Or Not,In Packings Of <=3kg",72,88344,89600
09093190,Seeds of Cumin : Neither crushed or ground EXCL. Wrapped/canned upto 2.5 Kg,24600,7847892,10798001
11081200,Maize (Corn) Starch,117000,7741143,8365298
11081400,Manioc (Cassava) Starch,62000,4560146,4651813
11081900,"Other Starches, Nes",33000,2107986,2613129
15071000,"CRUDE OIL, WHETHER OR NOT DEGUMMED",33987969,4896267518,4952557065
15111000,Crude oil,660000,85031100,86740220
15119090,Palm Oil(Excl.Cude)&Its Fractns....Nes.Incld.Refiend Palm Oil,84797747,11294494068,11500906761
15180000,"Animal Or Vegetable Fats And Oils... Chemically Modified, Nes",2040,1511424,1541803
15211000,Vegetable waxes (excl. triglycerides),15000,3625785,3683032
17011400,Other cane sugar,163850000,7205388358,7735290389
17023090,"GLUCOSE AND GLUCOSE SYRUP, NOT CONTAINING FRUCTOSE OR CONTAINING.. EXCL. LIQUID GLUCO",15000,1527615,1558273
18063100,"Chocolate, Etc, Containing Cocoa, In Blocks, Slabs Or Bars, Filled, TV",161,177351,199877
20091900,"Unfrzn.Orange Juice,Unfermented,Not Containing Added Spirit,Sweetened/Not",55566,6261541,11584166
20097900,"OTHER, APPLE JUICE EXCL. BRIX VALUE NOT EXCEEDING 20",30240,3492832,6262452
20098900,Juice of any other single fruit or vegetable other than Cranberry Juice,25313,2923783,5242081
21011200,Preparations With A Basis Of Extract/Essence Etc.Or With A Basis Of Coffee,35,28233,30838
21069090,Other food preparations not elsewhere specified or incl.(excl. beverage concentrate),160,57914,59329
22021000,"Waters (Incl. Mineral And Aerated), With Added Sugar, Sweetener, Etc",12544,1378559,1560841
22029900,"Waters, including mineral waters and aerated waters...Excl. Non-alcoholic beer",600,66258,149339
22030000,Beer Made From Malt,29925,4263948,7874797
22041000,Sparkling Wine,90,36810,58803
22042100,Wine(Not Sparkling);Grape Must With Fermt.Prevt.By Alcohol In: <=2 L Cont.,7677,3203010,4893532
22082000,Spirits From Distilled Grape Wine Or Grape Marc,300,111657,161835
22083000,Whiskeys,55185,23069961,41981656
22084000,Rum And Tafia,996,227505,418879
22085000,Gin And Geneva,874,437450,692969
22086000,Vodka,9186,4060806,8987874
22087000,Liqueurs And Cordials,8448,2609093,5130764
24022000,Cigarettes Containing Tobacco,3080,22622684,23175683
24039900,OTHER MANUFACTURED TOBACCO AND MANUFACTURED TOBACCO..EXCL.HOMOGENISED OR RECONS.TOBACCO,450,276504,282062
25010010,Pure Sodium Chloride Bp/Usp Pyrogen Free,170000,1852470,1874863
25010020,Salt (other than pure sodium chlo.)...solution ..salt boulder for crushing & salt in bul,70050,1108595,1130887
25010099,Other Salt,1000,17178,17523
25059000,Natural Sands(Ex.Silica & Quartz Sands & Metal-Bearing Sands Of Ch.26)Nes,2743500,7963230,8122519
25070010,China clays,56000,1910194,1935675
25070090,"Kaolin And Other Kaolinic Clays, Whether Or Not Calcined",440,88184,89958
25081000,Bentonite,200,27410,27961
25131000,Pumice stone,5626435,65659223,96377448
25132000,"Emery, Natural Corundum, Natural Garnet And Other Natural Abrasives",82000,21742440,22179610
25171010,Flint/grinding pebbles,1,491,496
25171090,Broken or crushed stone,30000000,64049400,64689894
25201090,Gypsum; Anhydrite,140,11696,12096
25221000,Quicklime,59000,1359271,1386592
25222000,Slaked Lime,20275,398039,406039
25232900,"PORTLAND CEMENT, EXCL WHITE CEMENT, WHETHER OR NOT ARTIFICIALLY COLOURED",680000,6302969,6378851
25262010,"Natural Steatite, Talc, Crushed Or Powdered",2500,159510,162716
27079990,"Other Oils And Other Products, Of The Distil Of Coal Tar.",51642,8984330,9217484
27101211,"Motor spirit of HBOC Type, TV",11201091,875189775,875189775
27101232,"Naphtha, TV",675,263805,263848
27101241,"JP1 kerosene type jet fuels, TV",80374113,6851535350,6851535350
27101262,"High speed diesel oils, TV",479166436,40266625171,40266625171
27101269,Other gas oils (EXCL. Lithg diesel oil &high speed disel oils),80,101203,102215
27101911,"OTHER FUEL OILS FURNACE OILS, TV",137727462,8174222039,8381433730
27101921,Base oil in bulk imported by petroleum products processing or lube blending industry,3384896,430792752,507028856
27101929,"LUBRICATING OILS, NES",1997,764421,779785
27101931,LUBRICATING OIL WHICH HAS ITS FLASHING POINT .. below 220 F b..Jy Abel close test,133962,22739460,44059635
27101951,LIQUID PARAFFIN IN DRUM,13600,3506962,3577451
27101981,Greases (mineral) wrapped/canned up to 2.5kg,0,77126,78676
27101989,Greases (mineral) other than wrapped/canned,1226,288517,577769
27101991,MINERAL OIL WHICH HAS ITS FLASIHING POINT =>200D F USED AT JUT OF OTHER FIBER,10870,2595678,2778298
27109900,OTHER WASTE OILS,230,101412,103451
27121000,Petroleum Jelly,1320,2431251,2480119
27122000,Paraffin wax containing by weight less than 0.75% of oil,276500,38678108,39364501
27129010,Tube lessening jel,54,148068,184838
27129090,"MICROCRYSTALLINE PETROLEUM WAX, SLACK WAX,OZOKERITE..,EXCL.PETROLEUM JELLY, PARAFFIN WAX",300,165645,168978
27132090,Other Petrolium bitumen,14280004,788290589,887855425
28011000,Chlorine,100,107363,109521
28020000,"Sulphur, Sublimed Or Precipitated; Colloidal Sulphur",200,320738,327184
28030000,"Carbon (Carbon Blacks And Other Forms Of Carbon, Nesoi)",100,80000,80014
28051100,Sodium,9600,942336,961243
28061000,Hydrogen Chloride (Hydrochloric Acid),12560,930253,947720
28070000,Sulphuric Acid; Oleum,240160,11371924,11565847
28092000,Phosphoric Acid And Polyphosphoric Acids,1340,482530,492229
28100010,Boric Acid,19950,2619216,2671861
28111900,"Other Inorganic Acids, Nes",590,323229,326461
28112200,Silicon Dioxide,154733,25567771,26044111
28112910,Silica gel,70690,14577283,15156072
28112990,Silica gel imported by other than VAT registered motorcycle assembling and manufa,430,470579,476254
28142000,Ammonia In Aqueous Solution,485,44172,45060
28151100,"Sodium Hydroxide (Caustic Soda), Solid",261750,16614194,16913564
28151200,Sodium Hydroxide In Aqueous Solution (Soda Lye Or Liquid Soda),109000,7548504,7690426
28152000,Potassium Hydroxide (Caustic Potash),250,250468,252912
28161000,Hydroxide and peroxide of magnesium,570,104909,107008
28170000,Zinc Oxide; Zinc Peroxide,19000,5212296,5516386
28182000,"Aluminium oxide, other than artificial corundum",54431,19568579,19811349
28199000,Chromium Oxides And Hydroxides (Excl. Chromium Trioxide),280,63215,64485
28212000,Earth Colours Containing >=70% By Weight Of Combined Iron,1675,2626717,2670505
28220000,Cobalt Oxides And Hydroxides; Commercial Cobalt Oxides,256,235584,239813
28230000,Titanium Oxides,5850,2438622,2683071
28251000,Hydrazine And Hydroxylamine And Their Inorganic Salts,69380,25204721,25885413
28256000,Germanium Oxides And Zirconium Dioxides,5,64579,66292
28259000,"Other Inorganic Bases; Other Metal Oxides, Hydroxides And Peroxides, Nes",86000,2657069,2708007
28261990,Other than Sodium silicon fluoride,33,289644,297322
28269000,"Fluorosilicates Nes;Fluoroaluminates And Other Complex Fluorine Salts,Nes",100,79019,80607
28272000,Calcium Chloride,6300,3274989,3327703
28273100,Magnesium Chloride,550,70859,72283
28273200,Aluminium Chloride,447025,16073096,20308398
28273500,Nickel Chloride,750,541107,551983
28281000,Commercial Calcium Hypochlorite And Other Calcium Hypochlorites,1640775,64709656,68596682
28289000,Hypochlorites (Excl. Of Calcium) And Chlorites; Hypobromites,49820,8951701,9127017
28299090,"CHLORATED AND PERCHLORATE; BROMATES AND PERBROMATES: IODATES AND PERIODATES, NES",3000,1141110,1164046
28301000,Sodium Sulphides,100100,4793278,5035907
28311000,Dithionites And Sulphoxylates Of Sodium,296350,64746374,65955754
28319000,Dithionites And Sulphoxylates (Excl. Of Sodium),4000,3993885,4074164
28321000,Sodium Sulphites,710600,47888760,48849823
28322000,Other Sulphites (Excl. Sodium),10000,3190200,3254323
28323000,Thiosulphates,27210,821746,838263
28331100,Disodium Sulphate,38039050,491680649,665690904
28331900,Sodium Sulphates (Excl. Disodium Sulphate),557000,8122740,10764679
28332200,Sulphates Of Aluminium,2400,338652,345459
28332400,Sulphates Of Nickel,750,472088,481578
28332500,Sulphates Of Copper,1000,539635,550481
28332910,Zinc sulphate,3000,147240,147240
28332920,CHROMIUM SULPHATE,568000,65043270,71797846
28332990,"Sulphates; alums; peroxosulphates (persulphates), nes",191500,5316284,5767684
28333000,Alums,59000,1281263,1298538
28334000,Peroxosulphates (Persulphates),525,164768,168052
28352400,Phosphates Of Potassium,1000,231903,236564
28352900,"Phosphates, nes",650,162271,165533
28362000,Disodium Carbonate,9624278,303379646,400398597
28363000,Sodium Hydrogencarbonate (Sodium Bicarbonate),60000,3649012,4675818
28365000,Calcium Carbonate,91118,6374393,6769404
28371100,Cyanides And Cyanide Oxides Of Sodium,48000,11661408,11814788
28391900,"Other Silicates And Com. Alkali Metal Silicates,Of Sodium (Ex.Metasilicate",70000,1864795,1899665
28416100,Potassium Permanganate,6000,2059826,2090619
28421010,Aluminium sodium silicate; Zeolite,270,1014210,1034596
28421090,Other salt of inorganic acids .. Excluding aluminium sodium silicate,25000,785280,801064
28429090,"Other Salts Of Inorganic Acids Or Peroxoacids,Excl. Azides",250,85890,85890
28469000,"Compounds, Inorganic Or Organic, Of Rare-Earth Metals, Etc(Excl. Cerium)",60,28939,29228
28470000,"Hydrogen Peroxide, Whether Or Not Sokidified With Urea",257610,12961275,13205229
28492000,Carbides Of Silicon,60,35123,35474
29023000,Toluene,14492,1807544,1843874
29025000,Styrene,83620,14712196,16431246
29031100,Chloromethane (Methyl Chloride) And Chloroethane (Ethyl Chloride),3410,2225422,2270173
29032200,Trichloroethylene,7250,2300625,2816241
29041090,Hydrocarbon Derivatives Cont.Only Sulpho Grp.Treir Slats(Ex.Methane Sulp..,12600,1538658,1569673
29049900,Other,2700,1046876,1067918
29051110,Methanol (Methyl Alcohol),95040,6238853,6285770
29051290,Propan101 (propy1 alcohol) and propan201 (isopropy1 alcohol):,7938,1863813,2281530
29053100,Ethylene glycol (ethanediol),240,103068,105139
29054500,Glycerol,12250,1858292,1894868
29094900,"Other Ether-Alcohols And Their Halogenated... Derivatives, Nes",14800,2418277,2466882
29096000,"Alcohol, Ether And Ketone Peroxides And Their... Derivatives, Nes",14123,8545028,8716782
29141300,4-Methylpentan-2-One (Methyl Isobutyl Ketone),16170,2460233,4715693
29142200,Cyclohexanone And Methylcyclohexanones,190,58283,58865
29151100,Formic Acid,579950,39511277,41917494
29151200,Salts Of Formic Acid,102000,6537456,6668859
29152100,Acetic Acid,697555,71019722,85883937
29153100,Ethyl Acetate,210600,24064243,24577573
29153200,Vinyl Acetate,15770,2140512,2180828
29156000,"Butyric Acids, Valeric Acids, Their Salts And Esters",1000,350636,350693
29157010,"Stearic Acid,Their Salts And Esters",196300,29619167,30009886
29157020,Ethyl Palmitate And Isopropyl Palmitate,1400,644175,657122
29157039,Other Palmatic Acid/Salt,2000,302824,308911
29159000,"Other Saturated Acyclic Monocarboxylic Acids And Their... Derivatives, Nes",14000,1030680,1051397
29161100,Acrylic Acid And Its Salts,13200,2629943,2658886
29161200,ESTERS OF ACRYLIC ACID,190800,30515784,31453027
29161400,ESTERS OF METHACRYLIC ACID,7920,2556066,2574281
29163100,"Benzoic Acid, Its Salts And Esters",15000,1958292,1997653
29163900,"Aromatic monocarboxylic acids, etc, their... derivatives, nes",24320,3909124,3987697
29171400,Maleic Anhydride,25000,2546025,2597199
29172000,"Cyclanic... Cycloterpenic Polycarboxylic Acids, Etc, Their...Derivatives",1750,736507,751311
29173990,"Other Aromatic Polycarboxylic Acids, Etc, Their... Derivatives, Nes",16000,3368851,3436564
29181400,Citric Acid,115100,10427721,12549977
29181500,Salts And Esters Of Citric Acid,5000,920250,929453
29211990,Other,150,55215,56327
29212900,"Other Acyclic Polyamines And Their Derivatives, Salts Thereof, Nes",15200,1865040,1902527
29221200,Diethanolamine And Its Salts,18000,2400041,2448281
29221910,"Amino-alcohols, their ethers and esters with only 1 oxygen function, nes",6300,1507370,1537667
29221999,"Other than N,N-Dialkyl (Me, Et, n-Pr or i-Pr) aminoethane-2-ols and corresponding protonated salts",36800,6238068,8915838
29224900,"Oth.Amino-Acids&Their Esters,>1 Kind Of Oxygen Function; Salts Thereof,Nes",2900,426996,435579
29241900,"Acyclic amides (incl. acyclic carbamates) and derivatives; salts thereof,nes",38600,11794366,11949890
29261000,Acrylonitrile,12800,4020634,4060840
29270000,"Diazo-, Azo- Or Azoxy-Compounds",19140,10638949,10836899
29291000,Isocyanates,16800,6019171,6140033
29299090,Other,150,649697,662755
29314990,Other,33200,10400052,11389989
29319090,"Other organo-inorganic compounds, (EXCL.Tetramethyl lead and tetraethyl lead & Tributylt",45530,12561546,12814032
29342000,"Compounds Containing A Benzothiazole Ring-System, Not Further Fused",480,225866,228124
30029090,Other,46,139494,142286
30051000,ADHESIVE DRESSINGS AND OTHER ARTICLES HAVING AND ADHESIVE LAYER,5,4663,4756
30059000,"Wadding, Gauze, Etc With Pharmaceutical Substances For Retail Sale, Nes",47,45662,46579
31022100,Ammonium Sulphate,600,96442,97407
32011000,Quebracho Extract,83400,23739996,24217169
32012000,Wattle Extract,207600,51862100,52863105
32021000,Synthetic Organic Tanning Substances,400665,100048481,102224443
32029000,"Inorganic Tanning Substances; Tanning Preparations..., Nes",28500,8383489,8673410
32030000,"Colouring Matter Of Vege./Animal Origin,& Prepa..As Spec.In Not 3 Chp.32",300,509082,519315
32041100,Disperse Dyes And Preparations Based Thereon,342510,527603695,539398329
32041200,Acid Dyes And Preparations; Mordant Dyes And Preparations,90038,114155202,116281600
32041310,AZO DYES,11045,11233760,11426700
32041390,Other basic dyes and preparation,14194,14917682,15170327
32041400,Direct Dyes And Preparations Based Thereon,45080,54154086,55242410
32041500,Vat Dyes And Preparations Based Thereon,1228485,439048747,447228937
32041600,Reactive Dyes And Preparations Based Thereon,3033807,2101658508,2144039535
32041700,Pigments And Preparations Based Thereon,101439,101227297,103192174
32041900,Other Synthetic Organic Coloring Matter(Inc.Mixtrs) Of Prods 320411-320419,624841,111669227,119040263
32042000,Synthetic Organic Products Used As Fluorescent Brightening Agents,144102,81511222,83249047
32049000,Synthetic Organic Products Used As Luminophores,300,911048,929359
32050000,Colour Lakes; Preparations Based On Colour Lakes As Specified In Note 3,1114,2566944,2618563
32061100,"Pigments & Preparatns Based On Titanium Dioxide,Cont.=>80%Titanium Dioxide",8965,3322949,3387383
32061910,"Pigments/Preparatns Based On Titanium Dioxide, Cont.< 80% Titanium Dioxide",243500,11441277,16672539
32061920,Color master batch,112861,32034550,33331198
32061990,"Pigments/Preparatns Based On Titanium Dioxide, Cont.< 80% Titanium Dioxide",98750,25901271,27610136
32064900,"Other Colouring Matter; Preparations As Specified In Note 3, Nes",4278,3035598,3116835
32065000,Inorganic Products Of A Kind Used As Luminophores,147,985281,1005085
32071000,"Prepared Pigments, Opacifiers & Colours... For Ceramics And Glass Ind.Etc",2210,3385784,3453868
32081090,"Other Paints Based On Polyesters, In A Non-Aqueous Medium",51919,19771176,20224562
32082099,"Other Paints Based On Acrylic Or Vinyl Polymers, In A Non-Aqueous Medium",25920,13611419,13945108
32089020,Heat Sealable Lacquers,120,344947,351847
32089090,"Other Paints And Varnishes, In A Non-Aqueous Medium, Nes",183945,132130461,135590993
32091000,Based on acrylic or vinyl polymers,6413,6776476,6912716
32099090,"Other Paints And Varnishes, In An Aqueous Medium, Nes",22251,13731542,14004553
32100020,Prepared Water Pigments Of A Kind Used For Finishing Leather For Cleaning.,3753,3050178,3100883
32100090,Other Paints & Varnishes,17896,16277171,17107152
32121000,Stamping Foils,1797,4670798,4846355
32129000,"PIGMENTS(INCL.METALIC..) DISPERSED IN NON AQUEOUS MEDIA..,EXCL. STAMPING FOILS",2620,1905643,2048380
32139000,"Artists', Students' Or Signboard Painters' Colours In Packings, Nes",7,6626,6692
32141000,"GLAZIERS PUTTY,GRAFTING PUTTY, RESIN CEMENTS, CAULKING COMPOUNDS AND OTHER MASTICS...",7177,919268,946321
32151100,"Black printing ink, whether or not concentrated or solid",56799,56337652,60762333
32151900,"Other printing ink, whether or not concentrated or solid (excl. black)",688708,337897347,389369321
32159090,"Other Ink,Wheterh Or Not Concentrated Or Solid(Ex.Ink For Ball Points Pens",198327,99445820,126337835
33021010,"Of a kind used in beve. and food indus., cont. alcohol <0.5 absolute per volume or free from alcohol",11720,13997125,14278534
33053000,Hair Lacquers,8130,2145900,2200173
33059000,"Preparations For Use On The Hair, Nes",11947,10236990,10442752
34011900,"Soap And Organic Surface-Active Products In Bars, Etc, Nes",11000,3064864,3126469
34012000,SOAP IN OTHER FORMS,5400,1422338,1450928
34013000,"ORGNC.SRFC.ACTIVE PROD.&PREPARATION FOR WASHING THE SKIN,IN THE FORM OF ..",750,318407,324807
34023910,Chips of Sodium Isethionate,1500,476301,476379
34023990,Other than Chips of Sodium Isethionate,364,476580,486861
34024100,"Other organic surface-active agents, whether or not put up for retail sale :, Cationi",83240,20353476,20762655
34024290,"Other organic surface-active agents, whether or not put up for retail sale :, Non-ion",82300,19252765,19599902
34024910,"Other organic surface-active agents, NES",38587,17116087,17451537
34024990,"Other organic surface-active agents, NES",7850,5657206,5770915
34029010,Detergents,772456,233677183,240455254
34029020,Cleaning preparation,10631,2124700,2190674
34029090,Washing & Cleaning Preparations (Excl. Detergents),2880006,876434040,901445416
34031100,Lub.Preparations For Treatement Of Tex.Leather Etc With=<70% Petroleum Oil,149345,42214865,43062756
34031900,"Other Lubricating Preparations, With =<70% Petroleum Oil, Nes",126012,49875887,56978812
34039100,"Lub.Preparations For Treatement Of Tex. Leather Etc, Nes",268325,73832823,76633497
34039930,Synthetic lubricating Oil,550,306382,312540
34039990,"Other Lubricating Preparations, Nes",56119,21291451,21686265
34042000,Artificial Waxes Of Polyethylene Glycol,38000,8496730,8843639
34049010,Other Waxes,2098,511944,567674
34049090,"Artificial Waxes And Prepared Waxes, Nes",51739,13658392,14138256
34051000,"Polishes, Creams And Similar Preparations For Footwear Or Leather",16231,6728336,7081317
34053000,Polishes And Similar Preparations For Coachwork (Excl. Metal Polishes),690,107301,108374
34054000,Scouring Pastes And Powders And Other Scouring Preparations,8405,1266219,1290778
34059010,Polishes and other preparations used in the finishing (including electroplating) of met,38369,18290165,18657636
34059090,"Other polishes, creams and similar preparations, nes",1162,5013079,5063209
35051000,Dextrin and other modified starches,2221700,192288999,205913413
35052000,"Glues Based On Starches, Dextrins Or Other Modified Starches",148619,26426913,36871092
35061000,"Products Put Up As Glues Or Adhesives For Retail Sale, =<1kg",13313,14323016,15591856
35069110,Elastic/construction glue,109519,42262630,44911201
35069190,Adhesives Based On Rubber Or Plastic (Incl. Artificial Resins),996966,291063471,332753903
35069900,Stripping chemical,56235,18915637,19861754
35079010,Streptokinase,6490,1037345,1053609
35079090,Other than Streptokinase,665845,233587825,238155540
37012000,"Instant Print Flat Film, Unexposed",3,37210,37955
37013000,"Other plates and film, with any side exceeding 255 mm",5009,15027063,15401066
37050000,"Photographic plates and film, exposed and developed, other than cinematographic film",1366,1655272,1688542
37071000,Sensitising emulsions,10889,5749975,5865549
37079000,"OTH.CHEMICAL PREPARATIONS FOR PHOTOGRAPHIC USES..,EXCL.SENSITISING EMULSIONS",2474,937764,956120
38021000,Activated Carbon,40,80164,81776
38061090,Rosin And Rasin Asids,4980,2360328,2407769
38085200,Goods specified in Subheading Note 1 to this Chapter,1005,3588975,3610632
38089220,Fungicides Chromatade copper arsenate,1110,445131,451725
38089291,"Fungicides, NES In bulk",18650,24026132,24546385
38089299,"Fungicides, NES Cxcl.in bulk",226,602596,611316
38091000,"Finishing Agents, Etc, With A Basis Of Amylaceous Substances Nes",9000,4470636,4560494
38099100,Finishing Agents Etc. Of A Kind Used In The Textile Or Like Industries Nes,5955115,1876097788,1929407603
38099300,Finishing Agents Etc. Of A Kind Used In The Leather Or Like Industries Nes,45878,26945318,27754038
38101000,Pickling Preparations For Metal Surfaces;Soldering..Powders&Pastes..Mater.,5259,5293916,5399731
38109010,Pickling preparations for metal surface....Submerge welding flux for LPG,400,1506756,1529896
38109090,Pickling preparations for metal surface.... Excl. Submerge welding flux for LPG,370,547029,606272
38111900,Anti-Knock Preparations (Excl. Based On Lead),40,14027,14302
38112900,Other additives for lubricating oils (excl. with petroleum oils),45,10491,10595
38119000,"OTHER PREPARATIONS, EXCL.ANTI-KNOCK PREPARATIONS, ADDITIVES FOR LUBRICATING OILS",228,238074,240620
38121000,Prepared Rubber Accelerators,19305,9644764,9781478
38122000,"Compound Plasticisers For Rubber Or Plastics, Nes",3000,3629741,3702447
38123100,"Mixtures of oligomers of 2,2,4-trimethyl-1,2-dihydroquinoline (TMQ)",200,325155,394088
38123910,Other,5560,1810070,1882699
38123990,Other,30063,14504734,15290139
38140010,Organic composite solvent,23183,12934390,13109462
38140090,"Organic Composite Solvents And Thinners, Nes; Paint Or Varnish Removers",215401,70882673,73615043
38159000,"Reaction Initiators, Accelerators And Catalytic Preparations, Nes",6710,2969906,3194425
38190000,Hydraulic Brake Fluids And Similar Liquids With <70% Petroleum Oil,7433,3678639,4437260
38210000,Prepared Culture Media For Development or maintenance of Micro-Organisms(incl.viruses..,9920,20407464,20817654
38231100,Stearic Acid,74800,10694679,10976748
38231900,"OTH.INDUST. MONOCARBOXYLIC FATTY ACIDS.., EXCL.ST.ACID,OLEIC ACID,TALL OIL FATTY ACIDS",14000,5938680,6058047
38241000,Prepared Binders For Foundry Moulds Or Cores,21320,6457091,7331383
38244000,"Prepared Additives For Cements, Mortars Or Concretes",81,381220,385032
38248100,Containing oxirane (ethylene oxide),675,1696205,1729589
38249100,Mixtures and preparations consisting mainly of (5-ethyl-2-methyl-2-.......,8829,7502493,7645612
38249910,Other,720,662580,675915
38249920,Chlorinated paraffin wax,6000,1457676,1486976
38249950,Coated calcium carbonate,260000,3509220,7159511
38249960,Desiccant,75330,56850010,60778086
38249992,Master batch not containing pigments,168000,10009375,16186320
38249999,Other,1349610,311237074,319034580
39011000,Polyethylene having a specific gravity of less than 0.94,3103198,426706574,457755672
39012000,Polyethylene having a specific gravity of 0.94 or more,8476500,945556507,1064133793
39013000,"Ethylene-Vinyl Acetate Copolymers, In Primary Forms",1071391,185730062,205339529
39014000,"Ethylene-alpha-olefin copolymers, having a specific gravity of less than 0.94",12778850,1446955073,1661958988
39019000,"Other Polymers Of Ethylene, In Primary Forms, Nes",71100,11085945,11253624
39021000,"Polypropylene, In Primary Forms",21315934,2287737504,2579138750
39023000,"Propylene Copolymers, In Primary Forms",682875,84996069,87477621
39029000,"Other Polymers Of Propylene Or Of Other Olefins, In Primary Forms, Nes",40035,5330131,5470967
39031900,"Polystyrene (Excl. Expansible), In Primary Forms",2170750,283082090,306476774
39032000,"Styrene-Acrylonitrile (San) Copolymers, In Primary Forms",47400,8032203,8191798
39033000,Acrylonitrile-butadiena-styrene(ABS) copolymers,752750,118508593,135166094
39039000,"Polymers Of Styrene, In Primary Forms, Nes",266100,40855904,45934186
39041000,"Polyvinyl Chloride, Not Mixed With Other Substances, In Primary Forms",155481,25543257,26479325
39042200,"Plasticised Polyvinyl Chloride, In Primary Forms",109375,19152679,20552455
39051200,Polyvinyl Acetate In Aqueous Dispersion,16080,2417926,2466525
39053000,"Polyvinyl Alcohol, Whether Or Not Containing Unhydrolysed Acetate Groups",65900,21792747,22171681
39059100,Copolymers In Primary Forms,5000,1006140,1026373
39069000,"Acrylic Polymers, In Primary Forms, Nes",2221735,518222220,530427983
39071000,"Polyacetals, In Primary Forms",166805,33796389,39676309
39072900,Other polyethers :EXLCUDING Bis (polyoxyethylene) methylphosphonate,202540,39080956,39747542
39073000,"Epoxide Resins, In Primary Forms",13380,5637137,5750372
39074000,Polycarbonate,13625,4472150,5189653
39076100,Having a viscosity number of 78 ml/g or higher,260050,26152769,36176737
39079100,"Unsaturated Polyesters, In Primary Forms, Nes",442679,88346575,90644804
39079900,"Polysters, In Primary Forms,NES",67603,20172334,20611273
39081000,"Polyamide 6,11,12,6,6,6,9,6,10 or 6,12:",27264,9617118,9983828
39089000,"Other polymides, in primary forms, nes",28800,13711304,13919034
39091000,UREA RESINS; THIOUREA RESINS,2820,930360,949059
39092000,Melamine resins,10500,3418824,3487543
39093100,"Poly(methylene phenyl isocyanate) (crude MDI, polymeric MDI)",33810,9375581,9469336
39093900,Other,7140,3767135,3842855
39095000,"Polyurethanes, In Primary Forms",231296,107872489,109767051
39100000,Silicones Inprimary Forms,542359,204439045,208619562
39111000,"Petroleum Resins... Other Resins And Polyterpenes, In Primary Forms",10202,3292592,3351146
39119000,"Polysulphides, Polysulphones And Other Products..., In Primary Forms",26173,8746676,10251967
39121200,"Plasticised Cellulose Acetates, In Primary Forms",3371,789863,797762
39131000,"Alginic Acid, Its Salts And Esters, In Primary Forms",15000,18410770,18780826
39139000,"Natural and modified natural polymers, in primary forms",120,22301,22750
39140000,"Ion-Exchangers Based On Polymers Of 39.01 To 39.13, In Primary Forms",25050,2028599,2069374
39159000,"Waste, Parings And Scrap, Of Other Plastics, Nes",109260,6548573,6636823
39161000,"Monofilament Dimenson>1mm,Rods..&Prof.Sha.,Polym. Of Ethylene",0,704,1334
39162000,"Monofil..>1mm,..Of Vinyl Chloride For door, window and photo frame",73,109486,110581
39169010,FRP rod,49,104448,107039
39169020,Fibre reinforced polymer (FRP) sticks and profile shapes,37038,11208890,11434184
39169090,"Monofil.Dimension>1mm,Rods..&Profile Shapes,Of Other Plastics",26384,14943076,15328559
39172100,"Tubes, Pipes And Hoses, Rigid, Of Polymers Of Ethylene",14297,12923137,13214227
39172200,"Tubes, Pipes And Hoses, Rigid, Of Polymers Of Propylene",10042,8702069,8876981
39172310,Pvc Shrinkable Tube(Plain),1027,731823,745306
39172390,"Tubes,Pipes And Hoses, Rigid, Of Polymers Of Vinyl Chloride, Nes",4424,3233863,3303128
39172991,Fibre glass,739,600502,606507
39172999,"Tubes, Pipes And Hoses, Rigid, Of Other Plastics, Nes",16329,2080921,2194782
39173190,"Other Flexible Tubes,Pipes And Hoses,With A Burst Pressure >=27.6 Mpa",22,193037,196916
39173290,"Tubes, Pipes And Hoses, Not Reinforced, Without Fittings, Nes",9075,2919274,2983656
39173390,"Other Tubes,Pipes&Hoses With Fittings",274,954676,973380
39173910,Other Silicone Tubing For Laboratory Use,14,27458,27733
39173990,"Other Tubes, Pipes And Hoses, Nes",27170,4225621,5792084
39174000,"Fittings, For Tubes, Pipes And Hoses, Of Plastic",936,359604,366671
39181000,"Floor... Coverings Of Polymers Of Vinyl Chloride, In Rolls Or Tiles",26000,2227984,6525254
39189000,"Floor, Wall Or Ceiling Coverings Of Plastics, Nes, In Rolls Or Tiles",15650,3576705,3865776
39191000,In rolls of a width not exceeding 20 cm,143538,57895078,68789642
39199010,Self adhesive tape in rolls exceeding 20cm,1569727,273086322,507709353
39199020,Performance Tape/Closure/Side Tape,7844,9346468,10068611
39199091,Re-seal/Self adhesive tape,2362,3269599,3305939
39199099,"OTHER SELF-ADHESIVE PLATES, TAPE, STRIP, FOIL... OF PLASTICS, NES",349804,268364486,303106901
39201010,Stretch Wrapping Film,6421,2300206,2559078
39201040,Tarpaulin,120,18172,18353
39201090,"Plates..,Of Polymers Of Ethylene, Laminated.. Not Reinforced,Etc.,Nes",298276,251753243,266239753
39202010,Polymers of propylene in printed form,377,4963845,5065086
39202020,Non-printed cast polypropylene film,83454,17463014,25717942
39202090,Other polymers of propylene(excl printed form),1704966,264260294,442741389
39203000,"Plates..., Of Polymers Of Styrene, Laminated..Not Reinforced, Etc",4593,909735,1533566
39204300,CONTAINING BY WEIGHT NOT LESS THAN 6% OF PLASTICISERS,223553,28392432,44317809
39204910,PVC FILM & PVDC FILM FOR BLISTER PACK FOR MEDICINE,551,295707,296733
39204920,Printed PVC sheet,227945,21335368,72650497
39204930,PVC film,12308,2176453,2220199
39204940,Unprinted PVC sheet,12387,2297312,2367499
39204950,PVC film,39852,5635569,9975964
39204990,"Other plates...,of polymers of vinyl chloride other than not<6% of plasticisers",642352,94738129,156883634
39205100,"Plates..., Of Polymethyl Methacrylate, Laminated Not Reinforced, Etc",2,12270,12517
39205900,"Plates..., Of Other Acrylic Polymers, Laminated Not Reinforced, Etc, Nes",1565,988562,1008432
39206100,"Plates..., Of Polycarbonates,Laminated Not Reinforced, Etc",6379,1478560,2114943
39206210,poly(ethylene terephthalate in printed form,70152,11790952,18376398
39206290,Other poly(ethylene terepthalate) excl printed form,1138475,163648605,263928094
39206310,Unprinted polyester film in roll form,51287,6199039,12844058
39206390,"Plates..., Of Unsaturated Polyesters, Laminated Not Reinforced, Etc",1436,2822100,2878824
39206999,"Other polyesters, Nes (excl. printed form)",2704,1673395,1730657
39207100,"Plates..., Of Regenerated Cellulose, Laminated Not Reinforced, Etc",7400,2239275,2284284
39207300,"Plates..., Of Cellulose Acetate, Not Reinforced, Etc",33904,29077585,29456301
39207900,"Plates..., Of Other Cellulose Derivatives, Not Reinforced, Etc, Nes",320,273576,282855
39209100,"Plates..., Of Polyvinyl Butyral, Not Reinforced, Etc",11960,2773361,3600437
39209210,Other plastics polyamides in printed form,192,698496,712516
39209220,Unprinted nylon film in roll form,174,36886,43660
39209290,"Other plastics polymides, Nes (excl. printed form)",799,3961162,3992808
39209910,Film For Blister Packing Of Other Plastics,44,32639,39581
39209990,"Plates..., Of Other Plastics, Not Reinforced, Etc, Nes",96930,112519442,115876300
39211100,"Cellular Plates, Strips... Of Polymers Of Styrene",9189,5289873,5462414
39211200,"Cellular Plates, Strips... Of Polymers Of Vinyl Chloride",179340,40545552,54288694
39211300,"Cellular Plates, Strips... Of Polymers Of Polyurethanes",509550,203859505,251530269
39211400,"Cellular Plates, Strips... Of Polymers Of Regenerated Cellulose",3709,710329,1448284
39211990,"Microcellular PET light sheet having a power saving capa.of 20% or more, NES",116921,54279035,64222871
39219010,"Vulcanised fibre sheet imp in pre punched, cut to size sha for the manuf of sliver cans plastic--yar",9195,5279864,5283631
39219020,Multilayer extruded sheet for plastic laminated collapsible tube,538,220166,224568
39219091,"Other cellular plates, strips in printed form..., of plastics",7004,1649922,1812549
39219093,Tarpaulin,63611,16039394,17161587
39219099,"Other cellular plates, strips ..., of plastics, nes",778378,196661762,251022288
39221000,"Baths, Shower-Baths And Wash-Basins, Of Plastics",13,5319,5426
39229000,"Bidets, Lavatory Pans... And Other Sanitary Ware Of Plastics, Nes",280,151314,154355
39231000,"Boxes, Cases, Crates And Similar Articles Of Plastics",62831,22684191,23428117
39232100,Sacks and bags (incl. cones) of polymers of ethylene,1397985,380674650,391421671
39232910,AIRTIGHT STORAGE BAGS WITH ZIPPER,3635,6053315,6430547
39232990,Article for the conve..of polymers of ther plastic excl.airtght storage bag with zipp,210151,65193708,66673953
39233090,"Other Carboys, Bottles, Flasks And Similar Articles Of Plastics",8,3449,3519
39234010,Bobbins; Sliver/spinning can,25031,9133334,9287507
39235000,"Stoppers, Lids, Caps And Other Closures Of Plastics",64471,132970610,139557391
39239090,"Articles for the packing of goods, of plastics, nes",32202,22448971,22990918
39249090,"Other Household Articles And Toilet Articles, Of Plastics, NES",10115,3980388,4060393
39251000,"Reservoirs... And Similar Containers, Capacity >300 L, Of Plastics",4704,1082214,1103966
39259000,"Builders' Ware Of Plastics, Nes",8208,3356597,3424064
39262010,Gloves (Surgical) Of Plastics & Materials Of Heading 39.01-39.04,1819,595545,607220
39262090,Art.Of App.&Clothing Accessories(Exl.Gloves)Of Plastics Hd.No.39.01-39.04,2925439,1320466242,1357258001
39263000,"Fittings For Furniture, Coachwork Or The Like Of Plastics",9,61964,63209
39264000,Statuettes And Other Ornamental Articles Of Plastics,451,3814898,3888956
39269010,Plastic Coil Used As Contraceptive And Coil Inserter,887,1018903,1039451
39269030,"Parts And Fittings For Infusino Set, Of Plastics",8584,2288263,2600968
39269050,Taflon tape/PTFE tape,3456,3104852,3167256
39269091,Conveyor or transmission belts of belting,4475,4896737,4992217
39269099,"PVC scrn.having intrnl.dia.from 4-8 Mulch and strct.thereof used in agri.& hoti.,nes",619913,346647327,378433549
40011000,"Natural Rubber Latex, In Primary Forms Or In Plates, Sheets Or Strips",29387,6694635,6807542
40012200,"Technically Specified Natural Rubber, In Primary Forms Or In Plates, Etc",40320,13011304,13272830
40012900,"Other Natural Rubber, In Primary Forms Or In Plates, Etc, Nes",24960,7688284,7827102
40021100,Latex Of Styrene-Butadiene Or Carboxylated Styrene-Butadiene Rubber,140279,19101541,27008398
40021900,"Styrene-Butadiene Rubber; Carboxylated Styrene-Butadiene Rubber, Nes",777672,206721545,212869826
40022000,"Butadiene Rubber, In Primary Forms Or In Plates, Sheets Or Strip",133645,32708679,37784326
40023100,Isobutene-Isoprene (Butyl) Rubber,6120,3228973,3913515
40024900,Chloroprene (Chlorobutadiene) Rubber (Excl. Latex),2972,643867,656785
40025100,Latex Of Acrylonitrile-Butadiene Rubber,46090,10183278,10350446
40025900,Acrylonitrile-Butadiene Rubber (Excl. Latex),9450,2340932,2761803
40026000,Isoprene Rubber,3780,1400694,1428848
40027000,Ethylene-Propylene-Non-Conjugated Diene Rubber,4784,1735817,1960018
40029100,"Latex Of Synthetic Rubber, Nes",8815,2373987,2421704
40029900,"Other Synthetic Rubber (Excl. Latex), Nes",183855,65268783,66452186
40030000,"Reclaimed Rubber In Primary Forms Or In Plates, Sheets Or Strip",2268,782151,797873
40040000,"Waste,Parings & Scrap Of Rubber(Ex.Hard Rubber)&Powders Gran.Obt.Therefrom",3890,375910,381986
40051000,"Rubber Compounded With Carbon Black Or Silica, Unvulcanized",93990,31175567,32198921
40059100,"Plates, Sheets And Strip Of Unvulcanized, Compounded Rubber, Nes",18422,23759496,24007014
40059900,"Compounded Rubber, Unvulcanized, In Primary Forms",49053,21090903,21434475
40069000,"Other Forms And Articles Of Unvulcanized Rubber, Nes",20784,28414858,30344629
40070000,Vulcanized Rubber Thread And Cord,931898,310659271,319718214
40081100,"Plates, Sheets And Strip Of Cellular Vulcanized Rubber",31570,8162298,9649974
40081900,"Rods And Profile Shapes Of Cellular Vulcanized Rubber, Nes",10893,1827794,1865569
40082100,"Plates, Sheets And Strip Of Non-Cellular, Vulcanized Rubber(Excl. Hard)",54399,16595953,18803016
40082900,"Rods And Profile Shapes Of Non-Cellular, Vulcanized Rubber (Excl. Hard)",845,857269,873730
40092100,REINFORCED OR OTH.WISE COMBINED ONLY WITH METAL-WITHOUT FITTINGS,35,19735,20131
40101100,"Conveyor Belts Or Belting,Of Vulcanized Rubber Reinforced Only With Metal",1,16933,17272
40101200,Conveyor Belts/Belting Of Vulcanised Rubber Reinf'D Only With Textile Mats,0,20246,24407
40101900,"Conveyor Belts Or Belting, Of Vulcanised Rubber, Nes",106,1668535,1740846
40103100,"ENDLESS TRNSMSN.BELTS OF TRPZDL.CROSS-SEC.(V-BLT),V-RIBBED OF..>60CM,<180",1,124997,132455
40103300,"ENDLESS TRNSMSN.BELTS OF TRZDL.CROSS-SECTION(V-BELTS)V-RIBED..>180CM,<240",1,37451,42989
40103500,"ENDLESS SYNCHRONOUS BELTS,OF AN OUTSIDE CIRCUMFERENCE EXCEEDING >60CM,<150",103,2067447,2117216
40103600,"ENDLESS SYNCHRONOUS BELTS,OF AN OUTSIDE CIRCUMFERENCE >150CM,<198CM",0,5569,5681
40103910,RUBBER BELT ROUND NOT EXCEEDING 10 in DIA/FLAT,0,39696,43433
40103990,"TRANSMISSION BELTS OR BELTING,NES OTHER THAN RUBBER BELT ROUND<10"" dia/Flat",999,968818,986669
40115000,"New Pneumatic Tyres, Of Rubber Of A Kind Used On Bicycles",64258,64429476,68634063
40119000,"Other Tyre, excl. construction, mining or industrial handling vehicles and machines",81,13119,13383
40122000,Used Pneumatic Tyres Of Rubber,4408,2825413,2882203
40129010,Tyre flaps of rubber of a kind used on tructor and aircraft,490,7561456,7713441
40129090,"Solid... tyres, interchangeable tyre treads and flaps, of rubber, nes",743,432044,436364
40132000,"Inner Tubes, Of Rubber Of A Kind Used On Bicycles",7754,6546062,9545544
40151900,Gloves Of Vulcanized Rubber (Excl. Surgical Gloves),629,5577060,6736454
40159000,"Articles Of Apparel And Clothing Accessories Of Vulcanized Rubber, Nes",281606,324554964,337268982
40161000,Articles Of Vulcanized Cellular Rubber,3256,7903058,8763254
40169100,"Floor Coverings And Mats Of Vulcanized Rubber, Non-Cellular",2096,843387,870423
40169300,"Gaskets, Washers And Other Seals, Of Vulcanized Rubber",114,4850933,4955359
40169500,"Inflatable Articles, Of Vulcanized Rubber, Nes",8662,19499832,19912759
40169910,"ARTICLES OF VULCANIZED RUBBER, RUBBER CO /APRON",498,6774508,6910959
40169990,"ARTICLES OF VULCANIZED RUBBER,NES EX.RUBBER COT/APRON",63193,72969717,75398871
40170000,"HARD RUBBER(FOR EX.,EBONITE) IN ALL FORMS,INCL.WASTE AND SCRAP; ARTICLES OF HARD RUBBER",374,148928,149760
41019000,"OTHER, INCLUDING BUTTS, BENDS AND BELLIES",841,1299842,1373234
41022900,"Raw Skins Of Sheep Or Lambs, Without Wool, Not Pickled, Not Tanned",19000,613500,625831
41041110,"Tanned or...,in the wet state (including wet-blue) full grains,.......Split leather",41928,19229396,19268045
41041190,"Tanned or...,in the wet state (inclu wet-blue) full grains, .....excl. Split leather",132507,41909149,42751521
41041990,"Tanned..wet-blue other than full grains unsplit, grain splits , excl split leather",293605,56749025,57889674
41044110,Tanned or crust hieds. in the dry state full grains..Split leather,24929,34725055,35078607
41044190,Tanned or crust hieds. in the dry state full grains..Excl Split leather,901,1647587,1801072
41044910,"Tanned or crust. in the dry state other than full grains...,Split leather",17410,4627997,4721020
41044990,"Tanned or crust. in the dry state other than full grains..., Excl Split leather",158573,232138660,236584203
41071100,"WHOLE HIDES AND SKINS,FULL GRAIN,UNSPLIT",31617,108657055,109885532
41071200,"WHO;E HIDES AND SKINS, GRAIN SPLITS",9428,19054112,19258094
41071900,"WHOLE HIDES AND SKINS, NES",142803,251027689,260334040
41079200,"OTHER, INCLUDING SIDES, GRAIN SPLITS",162020,353593021,361136290
41079900,"OTHER,INCLUDING SIDES,NES",405550,762259320,778272048
41120000,"LEATHER FURTHER PREPARED AFTER TANNING OR CRUSTING,INC.PARCHMENT DRESSED..",17413,31943815,32818532
41131000,OF GOATS OR KIDS,14800,68277882,69685208
41139000,"LEATHR FUTHER PREPARED AFTER TUNNING OF CRUSTING,INCL PARCHMETN-DRSED..NES",2030,2380380,2428226
41151000,"COMPOSITION LEATHER WITH A BASIS OF LEAHTER OR LEATHER FIBR,IN SLABS...",31192,9680852,15057688
42021100,"Trunks, Suit-Cases..., Etc, With Outer Surface Of Leather,Or Of composition leather",11,5399,8957
42021200,"Trunks, Suit-Cases..., Etc, With Outer Surface Of Plastic Or Textiles",680,1961973,2026513
42022100,"Handbags With Outer Surface Of Leather, Or Composition Leather",54,59632,66246
42022200,Handbags with outer.. with outer surface of sheeting of plastics or of tex.. material,257,244883,278719
42022900,"Handbags, Nes",1266,2561337,2614704
42023200,Articles.... in pocket or handbag.. With outer surface of sheeting of plastics or....,79,633868,646609
42029200,With outer surface of sheeting of plastics or of textile materials,331,102305,104857
42029900,"Cases And Containers, Nes, With Outer Surface Of Other Materials, Nes",1,245,626
42031000,Articles Of Apparel Of Leather Or Of Composite Leather,991,7943679,8096434
42032900,"Gloves, Mittens And Mitts Nes, Of Leather Excl. For Sports",62,41552,42396
42033000,Belts And Bandoliers Of Leather Or Of Composition Leather,40738,80780078,83761281
42034000,OTHER CLOTHING ACCESSORIES,21515,133395384,137026494
42050010,Of a kind used in machinery or mechanical appliances or for other technical uses.,13,31455,32087
42050090,"Other articles of leather or of composition leather, NES",5226,12859592,13221848
42060090,"Articles of gut (excl. silk-worm), goldbeater's skin, bladders, nes",18,91740,93582
43021900,"Tanned Or Dressed Whole Furskins, Nes, Not Assembled",3717,2913871,2972439
43031000,Articles Of Apparel And Clothing Accessories Of Furskins,111,90820,92646
43040000,Artificial Fur And Articles Thereof,1030,1398167,1436359
44012200,Non-Coniferous Wood In Chips Or Particles,500,20246,20448
44029090,"Wood charcoal (including shell or nut charcoal), whether or not agglomerated E",156,38282,39052
44071100,"Wood sawn or chipped length., sliced -- of a thick. exc. 6 mm Con.Of pine (Pinus spp)",44535,3965679,4045582
44079200,Beech Wood (Fagus Spp.) Sawn/Chipped Lengthwise Sliced Or Peeled >6m Thick,9688,1600069,1632181
44089000,"Veneer Sheets And Sheets For Plywood Of Other Wood, =<6mm Thick, Nes",1515,814605,830978
44111200,Medium density fiberboard (MDF) of a thickness not exceeding 5 mm,25476,1465971,1495436
44111400,Medium density fiberboard (MDF) of a thickness exceeding 9 mm,146087,9735018,9930683
44119300,F.board of wood or other .mat. Excl.Med.den. F.board (MDF)of a den.>0.5 g/cm3,5864,359756,366987
44123900,"Other, with both outer plies of coniferous wood",34910,1896378,1934494
44129900,"Plywood, veneered panels and similar laminated wood, nes",3928,692326,983302
44130029,"Treated Wood,Nes",1733,1087944,1109825
44130090,"Other Densified Wood In Blocks, Plates Strips Or Profile Shapes",3600,530064,540718
44149000,"Wooden frames for paintings, photographs, mirrors or.... Excluding Of tropical wood",27054,3531146,3758283
44170000,"Tools, tool bodies, tool handles, broom or brush bodies.lasts and trees, of wood.",16872,3966917,5068210
44191200,Chopsticks,138,29816,30415
44219990,Other,645,326364,376418
45020000,"Natural Cork, Debacked Or Roughly Squared..., Etc",69,370840,378294
46019200,"Mats, matting and screens of vegetable materials, NES Of bamboo",828,561573,572814
46019900,"OTH, PLAITS AND SIMILAR PRODUCTS OF PLAITING MATERIALS...(EXCL. OF VEGETABLES MATERIALS)",548,714461,735567
48010000,"Newsprint, In Rolls Or Sheets",15622,2541701,2582185
48021000,Hand-Made Paper And Paperboard,231,39264,39657
48022000,Paper And Paperboard As A Base For Photo-Sensitive... Paper,58088,20475567,20887144
48025400,Weighing less than 40 g/m²,3,233,1840
48025590,Other Paper EXCL.ECG and ultrasonogram recording paper,30700,3274816,3340641
48025700,"OTHER,WEIGHING 40 G/M2 OR MORE BUT NOT MORE THAN 150G/M2",3451,1785581,1821473
48025800,WEIGHING MORE THAN 150G/M2,532590,90585909,98872590
48026900,"OTH. PAPER & PAPER BOARD, IN ROLL, NES",53683,4474378,8172055
48030000,"Toilet,Facial Tissue,Towel,Napkin Stock & Similar Paper, In Rolls Or Sheet",17069,6412529,6558184
48041100,"Unbleached Kraftliner, Uncoated Paper & Paperboard In Rolls Or Sheets",9504595,602254073,820127832
48041900,"Kraftliner,Uncoated(Excl.Unbleached),Paper & Paperboard,In Rolls Or Sheets",199734,17332004,17616194
48042190,"Unbleached Sack Kraft Paper,Uncoated In Rolls Or Sheets, Nes",392,421630,511015
48042900,"Sack Kraft Paper (Excl. Unbleached), Uncoated, In Rolls Or Sheets",1900,246627,250033
48043100,"Unbleached Kraft Paper..., Weighing =<150g/M2",778576,50410572,68123985
48043900,"Kraft Paper... (Excl. Unbleached), Weighing =<150g/M2",444977,38571886,47337028
48044100,"Unbleached Kraft Paper..., Weighing >150g/M2 But <225g/M2",5500540,404937344,480708113
48044900,"Kraft Paper..., Weighing >150g/M2 But <225g/M2, Nes",375069,27009663,32859829
48045100,"Unbleached Kraft Paper..., Weighing >=225g/M2",2526986,185268826,220847773
48045900,"Kraft Paper..., Weighing >=225g/M2, Nes",43345,6930675,7069610
48051100,"FLUTING PAPER, SEMI-CHEMICAL FLUTING PAPER",10710904,630870029,914100342
48051900,"FLUTING PAPER,NES",2728176,129107284,240523012
48052400,"TESTLINER(RECYCLED LINER BOARD),WEIGHING 150G/M2 OR LESS",1269250,65981168,109792582
48053000,"Sulphite Wrapping Paper, Uncoated In Rolls Or Sheets",4014,2485583,2579818
48054000,"Filter Paper And Paperboard, Uncoated In Rolls Or Sheets",22,14037,14319
48055000,"Felt Paper And Paperboard, Uncoated In Rolls Or Sheets",10474,2111250,2153693
48059190,"Fluting paper, NES, weighing 150 g/m2 or less",747990,35185527,65591373
48059210,Uncoated paper board,39,30184,34998
48059290,"Fluting paper, NES weighting more than 150 g/m2 but less than 225 g/m2",548570,25917349,47647770
48059390,"Fluting paper, NES weighing 225 g/m2 or more",15104,2574129,2698404
48063000,"Tracing Papers, In Rolls Or Sheets",3275,1075634,1198665
48064000,"Glassine And Other Glazed Transparent Or Translucent Papers, Nes",107231,23503230,23968628
48070000,"CMPST.PAPER&PAPER BOARD,NOT SURFACE -COATED OR IMPREGBATED..,IN ROLL/SHEET",10202,673270,821089
48081000,"Corrugated Paper And Paperboard, In Rolls Or Sheets",17853,986422,2683303
48089000,"Paper And Paperboard, Corrugated, Creped, Etc, In Rolls Or Sheets, Nes",8084,10439846,10649392
48092000,"Self-Copy Paper, In Rolls Or Sheets",651,188038,191997
48099090,"Carbon or similar copying papers, nes",220224,27031490,37401944
48101300,"MECHANICL OR CHEMICAL-MECHANICAL, IN ROOLS",446582,47984437,62345734
48101400,IN SHEETS WITH ONE SIDE <435MM AND OTH.SIDE <297 IN THE UNFOLDED STATE,12561,12909833,13329854
48101900,"PAPER&PAPERBOARD OF A KIND USED FOR WRITTING,PRINTING OR OTH.GRAPHIC..NES",587292,91988288,115772385
48102200,LIGHT-WEIGHT COATED PAPER,154330,18505624,23795965
48102900,"Paper... For Writing, Etc, >10% Mechanical Fibres, Coated...",347499,36179522,37916014
48103200,"Kraft Paper, Bleach By Chem.Process >95% Chem.Fibres, >150g/M2,Coated(Ex..",8393,1092567,1141175
48103900,"Kraft Paper & P.Board,Beach By Chem.Process,Coated,Nes(Ex.Writing,Printing",1258850,84947081,157825793
48109200,"OTHER PAPER & P.BOARD,MULTIPLY PAPER & PAPERBOARD",22685387,1436791840,2710607379
48109910,Single/double side coated relse. paper Imp. by VAT reg. Refrigtr. or freez manf. Ind,48704,3675228,6096034
48109990,"Single/double side coated relse. paper Imp. by VAT reg. Refrigtr./freez manf. Ind,Nes",7788910,615426585,994931098
48111000,"Tarred, Bituminized Or Asphalted Paper And Paperboard",42438,15875639,17098166
48114100,Self-adhesive,820456,184519132,219996746
48114900,"SELF ADHESIVE,PAPER & PAPER BOARD, NES",161859,224722775,233631267
48115100,"Bleached, weighing more than 150 g/m2",26314,3131830,3194780
48115910,"PAPER & P.BOARD,PACK/ASCEPTIC PACK",85,147240,179645
48115990,"PAPER,PAPERBOARD,CELLULOSE WADDING AND ...EXCL.TETRAPACK/ASCEPTIC PACK",12688,4216476,4859639
48116020,Paraffin wax or stearin covered or latex coated or waterproof paper and paperboard,39,24540,25033
48116090,"Paper and paperboard, coated...parafin wx, stearing oil,(excl. ultrasonograme rec.paper)",1000,400570,408622
48119090,"Other Paper,Paperboard,Cellulose Wadding And Webs Of Cellulose Fibres,Nes",271217,80708089,93367567
48149000,"Wallpaper And Other Wall Coverings; Window Transparencies Of Paper, Nes",760,199396,204894
48162000,Self-Copy Paper (Excl. Heading 48.09),104,19068,19450
48169000,"Copying Or Transfer Paper, Nes; Offset Plates, Of Paper (Excl.Heading 4809",16091,6051905,6224089
48171000,Envelopes Of Paper Or Paperboard,133,1072535,1093089
48172000,"Letter Cards, Plain Postcards And Correspondance Cards Of Paper...",1632,45166,46074
48181000,Toilet Paper,66,18111,48822
48185000,Articles Of Apparel And Clothing Accssories Of Paper,202167,20396587,22000241
48189000,"Household, Sanitary Or Hospital Articles Of Paper..., Etc, Nes",43489,10834165,11043837
48191000,"Cartons, Boxes And Cases, Of Corrugated Paper Or Paperboard",7518655,1144305125,1172643138
48192010,"Folding Cartons, Boxes And Cases, Of Non-Corrugated Paper Or Paperboard",27262,8130833,8340439
48192090,"Folding Cartons, Boxes And Cases, Of Non-Corrugated Paper Or Paperboard",80823,36254389,36961513
48193000,"Sacks And Bags, Having A Base Of A Width Of >=40cm Of Paper, Paperboard",1685,1262833,1271317
48194090,Other than Fruit Bag,780,694091,708037
48195000,"Packing Containers, Including Record Sleeves, Of Paper..., Nes",9273,4977441,5195333
48196000,"Box Files,Letter Trays,Storage Boxes,Etc,Of Paper Used In Office,Shops Etc",0,15,74
48201000,"Registers,Acc.Books,Diaries,Similar Articles,Order & Receipt Books,Of ....",1891,348468,355472
48203000,Binders (Other Than Book Covers) Folders & File Covers Of Paper/Paperboard,0,123,200
48204000,Manifold Business Forms And Interleaved Carbon Sets,265,25154,25411
48209000,"Blotting Pads, Book Covers And Other Articles Of Stationery Of Paper...Nes",31,81112,81940
48211000,Printed Paper Or Paperboard Labels Of All Kinds,1402080,1478921641,1524006018
48219010,Sticker,7281,12126594,12592839
48219090,Excl. Sticker imp. by VAT reg. electric fan or water pump motor manf. Ind.,214264,105170834,108143116
48221000,"Bobbins, Spools..., Of Paper Or Paperboard For Winding Textile Yarn",113158,64384550,65841367
48229000,"Bobbins, Spools,Cops And Similar Supports Of Paper Or Paperboard, Nes",76126,10720149,10864653
48232000,"Filter Paper And Paperboard, Cut To Shape",30752,3804152,4679167
48236900,"Other trays, dishes, plates, cups and the like, of paper and paperboard Excl. Of bam",5245,2540357,2591418
48237090,"Moduled or pressed articles of paper pulp, Excl Gasket imp by VAT reg. comp. manu.",29816,2838590,2911204
48239010,"Paper And Paperboard, Cut To Size And Articls Of Paper",131097,21530010,29821899
48239091,Paper Separator,2385,342003,348873
48239092,Wrappers for confectionery,486,389819,396382
48239093,Surface coloured or printed paper or paper board,14183,2487481,2640483
48239099,"Paper And Paperboard, Cut To Size And Articles Of Paper, Etc, Nes",295878,50072717,61326569
49011000,"Printed Books, Brochures, Leaflets, Etc, In Single Sheets",2643,1291025,1353381
49019930,Other books,46,9244,10828
49019990,"Printed Books,Brichures,Leaflets&Similar Printed Metter, Nes",1933,3286231,3352257
49060000,Plans...For Archit...Purposes;Handwitten Texts;Photogr.Of Repo.Of The ....,0,614,614
49081010,Transfers (decalcomanias),93,231431,277381
49081090,"Transfers(Decalcomanias), Vitrifiable, Nes",1671,14682580,14981389
49089000,Transfers (Decalcomanias) (Excl. Vitrifiable),27995,206344064,218868929
49090000,"Printed Or Illustrated Postcards; Printed Cards Bearing Greetings, Etc",226,110430,112650
49111000,"Trade Advertising Material, Commercial Catalogues And The Like",55311,8643789,8745211
49119100,"Pictures, Designs And Photographs",1955,6685246,6820891
49119990,"Other printed matter, including printed pictures and photographs., NES",4,17785,19650
50040000,"Silk Yarn (Excl. Spun From Silk Waste), Not Put Up For Retail Sale",920,342039,348873
50072000,"Woven Fabrics Of Silk, Containing >=85% Silk Or Of Silk Waste",68,1567040,1597289
51012900,"Degreased Wool (Excl. Shorn), Not Carbonised, Not Carded Or Combed",4,650,663
51021100,"FINE ANIMAL HAIR,OF KASHMIR (CASHMERE) GOATS NES",495,5821638,5938652
51032000,"Other Waste Of Wool Or Of Fine Animal Hair, Not Garnetted Stock, Nes",29,18037,18400
51052900,Wool tops and combed wool (excl. in fragments),1636,3235460,3300494
51053100,"FINE ANIMAL HAIR,CARDED OR COMBED , OF KASHMIR (CASHMERE) GOATS",4,56080,57208
51061000,"Yarn Of Carded Wool, Not Put Up For Retail Sale, With >=85% Wool",59156,169223741,172569754
51062000,"Yarn Of Carded Wool, Not Put Up For Retail Sale, With <85% Wool",38612,75456393,77893464
51071000,"Yarn Of Combed Wool, Not Put Up For Retail Sale, With >=85% Wool",273044,747895151,763143374
51072000,"Yarn Of Combed Wool, Not Put Up For Retail Sale, With <85% Wool",60882,122386414,125420344
51081000,"Carded Yarn Of Fine Animal Hair, Not Put Up For Retail Sale",1484,20184105,20586228
51091000,"Yarn, with >=85% wool or of fine animal hair, put up for retail sale",76,49076,51644
51099000,"Yarn, with <85% wool or of fine animal hair, put up for retail sale",2,123,1011
51111100,"Woven Fbrcs.With>=85% Carded Wool Or Of Fine Animal Hair, =<300g/M2 Weight",6979,14087052,14370247
51111900,"Woven Fbrcs.With>=85%Carded Wool Or Of Fine Animal Hair, >300g/M2 Weight",1864,6668176,7038581
51112000,"Woven Fabrics Of Carded Wool, Mixed With Man-Made Filaments",8,5644,5782
51113000,"Woven Fabrics Of Carded Wool, Mixed With Man-Made Staple Fibres",4094,12397690,13121331
51119000,"Other Woven Fabrics Of Carded Wool Or Carded Fine Animal Hair, Nes",299,1603256,1635546
51121100,"Woven Fabrics With>=85%Combed Wool/Of Fine Animal Hair,=<200g/M2 Weight",856,5860414,5978225
51121900,"Woven Fabrics With >=85% Combed Wool Or Of Fine Animal Hair, >200g/M2",610,6764370,6901928
51122000,"Woven Fabrics Of Combed Wool, Mixed With Man-Made Filaments",16,12270,12517
51123000,"Woven Fabrics Of Combed Wool, Mixed With Man-Made Staple Fibres",15996,21892777,26112596
51129000,"Woven Fabrics Of Combed Wool Or Of Combed Fine Animal Hair, Nes",8978,21716038,22196033
51130000,Woven Fabrics Of Coarse Animal Hair Or Of Horsehair,2450,751538,912695
52010000,"Cotton, Not Carded Or Combed",8,4908,5011
52029100,Garnetted Stock Of Cotton,63195,4355641,4443183
52029910,Cotton waste,50280,4935485,5034688
52030000,"Cotton, Carded Or Combed",226856,63407241,65650331
52041100,"Cotton Sewing Thread, With >=85% Cotton, Not Put Up For Retail Sale",36255,28475807,29889896
52041900,"Cotton Sewing Thread, With <85% Cotton, Not Put Up For Retail Sale",4587,9319551,9433304
52051100,"Uncombed Sin.Cot.Yarn,With>=85%Cot.,Nprs,=>714.29 Decitex (<=14mn).",905917,246077572,279734737
52051200,"Uncom.Sin.Cot.Yarn,With>=85%Cot.Nprs,<714.29de(>14mn)But(>=232.56de)<=43mn",4113358,1215224049,1290951634
52051300,"Uncom.Sin.Cot.Yarn,With>=85%Cot.,Nprs,<232.56(>43mn)But(>=192.31de)(<=52mn",2022822,722913660,775101128
52051400,"Uncombed Sin.Cot.Yarn,With>=85%Cot.Nprs,<192.31de(>52mn)But>=125de(<=80mn)",1238861,450322031,470731642
52052100,"Combed Single Cotton Yarn, With >=85% Cotton, Nprs,>=714.29 Decitex(<=14mn",253625,98872066,116008779
52052200,"Combed Sin.Cot.Yarn,With>=85%Cot.,Nprs,<714.29(>14mn)But>=232.56de.(<=43mn",6505641,2286328173,2500726666
52052300,"Com.Sin.Cot.Yarn,With>=85%Cot.,Nprs,<232.56deci(>43mm)But>=192.31de(<=52mn",12488850,4485909729,4781611110
52052400,"Com.Sin.Cot.Yarn,With>=85%Cot.,Nprs,<192.31de.But>=125de>52mn But<=80mn",10228205,3999352950,4124658498
52052600,"Com.Sin.Cot.Yarn,With>=85%Cot.,Nprs,<125 De.But >=106.38>80mn But<=94mm",374530,178088114,181602189
52052700,"Com.Sin.Cot.Yarn,With>=85%Cot.Nprs,<106.38de But>=83.33de>94mn But<=120mn",320722,158726250,161883674
52052800,"Combed Single Cotton Yarn, With >=85% Cotton, Nprs,<83.33 >120mn",1068587,522962833,545163138
52053200,"Mul. Unco.Cabled Cotton Yarn,>=85%Cot.,Nprs,>14mn But<=43mn P.Single Yarn",973328,378464786,390907814
52053300,"Uncombed Cabled Cotton Yarn,>=85%Cotton,Nprs,>43mn But<=52mn P.Single Yarn",65447,24207633,24499177
52053400,"Uncombed Cabled Cotton Yarn,>=85%Cotton,Nprs,>52mn But<=80mn P.Single Yarn",888951,340928078,347326819
52053500,"Uncombed Cabled Cotton Yarn, With>=85% Cotton, Nprs, >80mn Per Single Yarn",26,18442,18812
52054100,"Combed Cabled Cotton Yarn, With >=85% Cotton, Nprs, <=14mn Per Single Yarn",41552,15192822,15498200
52054200,"Combed Cabled Cotton Yarn,With>=85%Cotton,Nprs,>14mn But<=43mn P.Sing.Yarn",790143,437342664,453428744
52054300,"Combed Cabled Cotton Yarn,With>=85%Cotton,Nprs,>43mn But<=52mn P.Sing.Yarn",20060,17084520,17428450
52054400,"Combed Cabled Cotton Yarn,>=85% Cotton,Nprs,>52mn But<=80mn Pr.Single Yarn",1603648,958321498,986295295
52054600,"Combed Cabled Cotton Yarn,>=85% Cotton,Nprs,>80mn But<=94mn Pr.Single Yarn",33212,26497510,27052161
52054700,"Combed Cabled Cotton Yarn,>=85% Cotton,Nprs,>94mn But<=120mn P.Single Yarn",39908,27069009,27613100
52054800,"Combed Cabled Cotton Yarn, With >=85% Cotton, Nprs, >120mn Per Single Yarn",1640,3806350,3882665
52061100,"Uncombed Single Cotton Yarn, With <85% Cotton, Nprs, <=14mn",196304,178559006,182455250
52061200,"Uncombed Single Cotton Yarn, With <85% Cotton, Nprs, >14mn But <=43mn",559508,171797908,219859943
52061300,"Uncombed Single Cotton Yarn, With <85% Cotton, Nprs, >43mn But <=52mn",189491,58915587,71847949
52061500,"Uncombed Single Cotton Yarn, With <85% Cotton, Nprs, >80mn",266,261106,261106
52062100,"Combed Single Cotton Yarn, With <85% Cotton, Nprs, <=14mn",45420,52868612,54193228
52062200,"Combed Single Cotton Yarn, With <85% Cotton, Nprs, >14mn But <=43mn",436155,136698301,165347213
52062300,"Combed Single Cotton Yarn, With <85% Cotton, Nprs, >43mn But <=52mn",621866,234050005,254629274
52062400,"Combed Single Cotton Yarn, With <85% Cotton, Nprs, >52mn But <=80mn",759327,272654403,305915169
52063200,"Uncombed Cabled Cotton Yarn,<85% Cotton,Nprs,>14mn But<=43mn P.Single Yarn",157276,98622620,100595411
52063300,"Uncombed Cabled Cotton Yarn,<85%Cotton,Nprs,>43mn But<=52mn Pr.Single Yarn",2768,2587856,2640718
52063400,"Uncombed Cabled Cotton Yarn,<85% Cotton,Nprs,>52mn But<=80mn P.Single Yarn",10353,4344643,4431911
52063500,"Uncombed Cabled Cotton Yarn, With <85% Cotton, Nprs, >80mn Per Single Yarn",6,982,4010
52064100,"Combed Cabled Cotton Yarn, With <85% Cotton, Nprs, <=14mn Per Single Yarn",1246,1014776,1034691
52064200,"Combed Cabled Cotton Yarn,<85% Cotton,Nprs,>14mn But<=43mn Per Single Yarn",482894,259457789,277703822
52064300,"Combed Cabled Cotton Yarn,<85% Cotton,Nprs,>43mn But<=52mn Per Single Yarn",101142,52877907,54044751
52064400,"Combed Cabled Cotton Yarn,<85% Cotton,Nprs,>52mn But<=80mn Per Single Yarn",91564,68947395,76715042
52064500,"Combed Cabled Cotton Yarn, With <85% Cotton, Nprs, >80mn Per Single Yarn",252,160358,163646
52071000,"Cotton Yarn (Excl. Sewing), Put Up For Retail Sale, With >=85% Cotton",32537,9692809,12148535
52079000,"Cotton Yarn (Excl. Sewing), Put Up For Retail Sale, With <85% Cotton",734,473391,720027
52081100,"Unbleached Plain Woven Fabrics Of Cotton With>=85%Cotton, =<100g/M2",240818,186698701,192297263
52081200,"Unbleached Plain Woven Fabrics Of Cotton>=85%Cotton,>100g/M2 But<200g/M2",169913,78805978,81935459
52081300,"Unbleached 3 Or 4-Thread Twill, With >=85% Cotton, <200g/M2",61827,29249064,30052523
52081900,"Unbleached Woven Cotton Fabrics, Nes, With >=85% Cotton",29152,9794199,11450531
52082100,"Bleached Plain Woven Fabrics Of Cotton With >=85% Cotton, =<100g/M2",14077,14039674,14737343
52082200,"Bleached Plain Woven Fbrcs.Of Cotton With>=85%Cotton,>100g/M2 But<200g/M2",115158,110063325,112221167
52082300,"Bleached 3 Or 4-Thread Twill (Incl. Cross Twill), With >=85% Cotton",54305,50243552,57183322
52082900,"Bleached Woven Cotton Fabrics, Nes, With >=85% Cotton",86795,123156736,125819847
52083100,"Dyed Plain Cotton Woven Fabrics With >=85% Cotton, =<100g/M2",116316,132976383,139444261
52083200,"Dyed Plain Cotton Woven Fabrics With >=85% Cotton, >100g/M2",555910,600437254,646551982
52083300,"Dyed 3 Or 4-Thread Twill (Incl. Cross Twill), With >=85% Cotton",241554,249208618,261085893
52083900,"Dyed Woven Cotton Fabrics, With >=85% Cotton, Nes",479347,500922467,525113800
52084100,"Coloured Plain Cotton Woven Fabrics With >=85% Cotton, =<100g/M2",55941,95228779,97210487
52084200,"Coloured Plain Cotton Woven Fabrics With >=85% Cotton, >100g/M2",1339171,1437567445,1493065974
52084300,"Coloured 3 Or 4-Thread Twill (Incl. Cross Twill), With >=85% Cotton",723267,784536777,804691747
52084900,"Coloured Woven Cotton Fabrics, With >=85% Cotton, Nes",1289723,1311394061,1350849945
52085100,"Printed Plain Cotton Woven Fabrics With >=85% Cotton, =<100g/M2",38985,62516194,65448496
52085200,"Printed Plain Cotton Woven Fabrics With >=85% Cotton, >100g/M2",243191,297788777,305954948
52085900,"Printed Woven Cotton Fabrics, With >=85% Cotton, Nes",213068,215263098,223827286
52091100,"Unbleached Plain Cotton Woven Fabrics With >=85% Cotton, >=200g/M2",132894,40554485,50834040
52091200,"Unbleached 3 Or 4-Thread Twill (Incl. Cross Twill), With >=85% Cotton",1596399,594108680,648684608
52091900,"Unbleached Cotton Fabrics, With >=85% Cotton, >=200g/M2, Nes",59756,18309893,25185987
52092100,"Bleached Plain Cotton Woven Fabrics With >=85% Cotton, >=200g/M2",17830,16712985,16957358
52092200,"Bleached 3 Or 4-Thread Twill, >=85% Cotton, >=200g/M2",378586,283377372,291694217
52092900,"Bleached Woven Cotton Fabrics, With >=85% Cotton, >=200g/M2, Nes",96471,104875131,107120474
52093100,"Dyed Plain Cotton Woven Fabrics With >=85% Cotton, >=200g/M2",644814,455460998,470777659
52093200,"Dyed 3 Or 4-Thread Twill (Incl. Cross Twill), With >=85% Cotton",4284972,2998486825,3131916273
52093900,"Dyed Woven Cotton Fabrics, With >=85% Cotton, >=200g/M2, Nes",1249116,878066741,946112734
52094100,"Coloured Plain Cotton Woven Fabrics With >=85% Cotton, >=200g/M2",108612,75902678,78374057
52094200,"Denim, With >=85% Cotton, >=200g/M2",18403853,10583434524,11136239793
52094300,"Coloured 3 Or 4-Thread Twill (Incl.Cross Twill)With>=85% Cotton,>=200g/M2",434394,350180170,360204563
52094900,"Coloured Woven Cotton Fabrics, With >=85% Cotton, >200g/M2",298057,279306251,286279132
52095100,"Printed Plain Cotton Woven Fabrics With >=85% Cotton, >200g/M2",22532,20478829,20809278
52095200,"Printed 3 Or 4-Thread Twill (Incl.Cross Twill)With >=85% Cotton, >200g/M2",535803,405953237,415231387
52095900,"Printed Woven Cotton Fabrics, With >=85% Cotton, >200g/M2",77211,79997112,81694790
52101100,"Unbleached Plain Cotton Woven Fabrics With <85% Cotton, =<200g/M2",33311,21213686,21583908
52101900,"Unbleached Woven Cotton Fabrics, Nes, With <85% Cotton, =<200g/M2",30,40552,42044
52102100,"Bleached Plain Cotton Woven Fabrics With <85% Cotton, =<200g/M2",84754,107916732,110892691
52102900,"Bleached Woven Cotton Fabrics, Nes, With <85% Cotton, =<200g/M2",48789,56831788,58006919
52103100,"Dyed Plain Cotton Woven Fabrics With <85% Cotton, =<200g/M2",227367,273284683,280881946
52103200,"Dyed 3 Or 4-Thread Twill, With <85% Cotton, =<200g/M2",150280,212073893,216392075
52103900,"Dyed Woven Cotton Fabrics, Nes, With <85% Cotton, =<200g/M2",239430,280805880,298574074
52104100,"Coloured Plain Cotton Woven Fabrics With <85% Cotton, =<200g/M2",349887,390790686,400693309
52104900,"Coloured Woven Cotton Fabrics, Nes, With <85% Cotton, =<200g/M2",480269,512945851,529062258
52105100,"Printed Plain Cotton Woven Fabrics With <85% Cotton, =<200g/M2",54637,71741810,73281351
52105900,"Printed Woven Cotton Fabrics, Nes, With <85% Cotton, =<200g/M2",33019,54085493,55892045
52111100,"Unbleached Plain Cotton Woven Fabrics With <85% Cotton, >200g/M2",6520,5638291,5751616
52111200,"Unbleached 3 Or 4-Thread Twill(Incl.Cross Twill)With <85% Cotton, >200g/M2",61551,39854727,40620984
52111900,"Unbleached Woven Cotton Fabrics, Nes, With <85% Cotton, >200g/M2",13131,7727094,7882195
52112000,Bleached,79573,65213397,67371259
52113100,"Dyed Plain Cotton Woven Fabrics With <85% Cotton, >200g/M2",137359,124933091,127569535
52113200,"Dyed 3 Or 4-Thread Twill (Incl. Cross Twill) With <85% Cotton, >200g/M2",850320,723214674,789278945
52113900,"Dyed Woven Cotton Fabrics, Nes, With <85% Cotton, >200g/M2",489848,541431981,564062516
52114100,"Coloured Plain Cotton Woven Fabrics With <85% Cotton, >200g/M2",2153,1222913,1247495
52114200,"Coloured Denim, With <85% Cotton, >200g/M2",9609810,5689160928,6023175921
52114300,"Color.Fab.Of 3 Or 4-Thread Twill(Inc.Cross Twill)With<85%Cotton,>200g/M2",30856,33109942,33826499
52114900,"Coloured Woven Cotton Fabrics, Nes, With <85% Cotton, >200g/M2",140661,168151774,188093464
52115100,"Printed Plain Cotton Woven Fabrics With <85% Cotton, >200g/M2",698,1423981,1452602
52115200,"Printed 3 Or 4-Thread Twill,(Incl.Cross Twill) With <85% Cotton, >200g/M2",93396,41891239,56201876
52115900,"Printed Woven Cotton Fabrics, Nes, With <85% Cotton, >200g/M2",27757,18538058,18910393
52121100,"Unbleached Woven Fabrics Of Cotton, =<200g/M2, Nes",47,31289,31923
52121200,"Bleached Woven Fabrics Of Cotton, =<200g/M2, Nes",621,1016702,1037136
52121300,"Dyed Woven Fabrics Of Cotton, =<200g/M2, Nes",116104,117902607,120760359
52121400,"Coloured Woven Fabrics Of Cotton, =<200g/M2, Nes",28157,42067111,43470351
52121500,"Printed Woven Fabrics Of Cotton, =<200g/M2, Nes",2340,6040872,6259141
52122100,"Unbleached Woven Fabrics Of Cotton, >200g/M2, Nes",107,298716,304719
52122200,"Bleached Woven Fabrics Of Cotton, >200g/M2, Nes",37873,38383205,41477186
52122300,"Dyed Woven Fabrics Of Cotton, >200g/M2, Nes",247231,184269494,194640268
52122400,"Coloured Woven Fabrics Of Cotton, >200g/M2, Nes",28524,31810370,32449893
53012100,"Flax, Broken Or Scutched, But Not Spun",76640,66592971,69333474
53012910,"Flax, Hackled Or Otherwise Processed, But Not Spun",396,184725,188437
53012990,"Flax, Hackled Or Otherwise Processed, But Not Spun",10333,9728095,9923628
53050090,"Coconut, avaca.... Excl. Coco substrate; coco pellet; growing media",26023,4216399,4301147
53061000,Single Flax Yarn,28679,23825103,24303987
53062000,Multiple Or Cabled Flax Yarn,911,1609182,1641538
53071000,Single yarn of jute or of other textile bast fibres of 53.03,104000,19651632,20046628
53082000,True Hemp Yarn,1,4175,4259
53091100,"Bleached Or Unbleached, Woven Fabrics Of Flax, With >=85% Flax",11155,31830113,32838374
53091900,"Woven Fabrics Of Flax, With >=85% Flax, Printed, Dyed Or Coloured",245561,515604363,539355396
53092100,"Bleached Or Unbleached, Woven Fabrics Of Flax, With <85% Flax",5638,7633577,7786975
53092900,"Woven Fabrics Of Flax, With <85% Flax, Printed, Dyed Or Coloured",196481,320514567,338133163
53110000,Woven fabrics of other vegetable textile fibres; woven fabrics of paper yarn.,261,885750,903686
54011000,Sewing Thread Of Synthetic Filaments,2029958,1303335490,1387306653
54012000,Sewing Thread Of Artificial Filaments,100247,34243085,38474460
54021100,Synthetic filament yarn?High tenacity of nylon or other polyamides Of aramids,631,459466,489871
54021900,"Synthetic filament yarn?High tenacity of nylon or other polyamides, Excl.Of ar",3009,3042262,3617269
54022000,"High tenacity yarn of polyesters, whether or not textured",36414,11747947,11893380
54023100,"Textured Yarn, Of Nylon Or Other Polyamides, =<5tex, Nprs",597951,189776273,227746680
54023200,"Textured Yarn, Of Nylon Or Other Polyamides, >50tex, Nprs",300560,85601763,100530537
54023300,TEXTURED YARN OF POLYESTER,15443131,2475696972,5058774505
54023400,Textured yarn Of polypropylene,41151,15241719,20108841
54023900,"Synthetic Textured Yarn, Nes, Nprs",36514,7838162,12136362
54024400,"Other yarn, single, untwisted or with a twist not exceeding 50 turns per metre",2205006,1026671840,1063014405
54024500,"Other yarn,single,untwisted or with a twist <=50 turns per metre Othr,of nylon",480179,178423761,183196677
54024600,"Other yarn,single,untwisted or with a twist <=50 turns per metre Other, of pol",67019,13460716,13595322
54024700,"Other yarn,single,untwisted or with a twist <=50 turns per metre Other, of pol",3675714,497073024,1180169213
54024800,"Other yarn,single,untwisted or with a twist <=50 turns per metre Other, of pol",70798,16258301,22985568
54024900,"Single Synthetic Yarn, Nes,Untwisted With =<50turns/M, Nprs",17468,19573239,21293487
54025100,"Single Yarn Of Nylon Or Other Polyamides, With >50turns/M, Nprs",195312,100517396,106235765
54025200,"Single Yarn Of Polyesters, With >50turns/M, Nprs",575189,151899957,200640570
54025900,"Single Synthetic Yarn, Nes, With >50turns/M, Nprs",21936,7005295,7146104
54026100,"Multiple Or Cabled Yarn Of Nylon Or Other Polyamides, Nprs",649745,302231077,328353288
54026200,"Synthetic Multiple Or Cabled Yarn Of Polyesters, Nprs",4493490,1596848452,1825216479
54026300,"Other yarn, multiple (folded) or cabled of polypropylene",3250,931800,949780
54026900,"Synthetic Multiple Or Cabled Yarn, Nes, Nprs",18895,9394808,9608842
54031000,"High Tenacity Yarn Of Viscose Rayon, Nprs Excl. Sewing Thread",14007,5976307,6413024
54033100,"Single Yarn Of Viscose Rayon,Untwisted Or With =<120turns/M, Nprs",296820,101729307,107551382
54033200,"Single Yarn Of Viscose Rayon, With >120turns/M, Nprs",69258,43069268,45379268
54033300,"Single Yarn Of Cellulose Acetate, Nprs",44,26994,27538
54033900,"Single Artificial Yarn, Nes, Nprs",35614,19717707,20732968
54034100,"Multiple Or Cabled Yarn Of Viscose Rayon, Nprs",2050531,898794780,918218335
54034900,"Multiple Or Cabled Artificial Yarn, Nes, Nprs",1299452,647723099,662224456
54041100,Monofilament Elastomeric,5178,1698044,1848919
54041200,"Monofilament Other, of polypropylene",35623,32808499,33589222
54041900,Monofilament Excl. Elastomeric & other of polypropylene,7335,2015284,2408517
54049000,OTH. SYNTHETIC MONOFILAMENT OF 67 DECITEX OR MORE... (EXCL. MONOFILAMENT),34088,10055802,11195712
54050000,Artfcl.Monofilament Of>=67dec.Strip&The Like Of Artfcl.Txte.Mtrl.Width=<5m,72,35338,36048
54071010,Rejected fabrics generated during manu.of garments or processing of fabrics,41,7362,25679
54071090,"Rejected fabrics generated during manu.of garments or processing of fabrics, nes",4825,4445458,4558165
54072000,Woven Fabrics Obtained From Synthetic Strip Or The Like,4062,3373887,3845847
54073000,Fabrics Of Synthetic Filament Yarn Specified In Note 9 To Section Xi,48780,38004665,42389305
54074100,"Unbleached Or Bleached Woven Fabrics, >=85% Nylon...",285797,206673217,210540011
54074200,"Dyed Woven Fabrics Of Synthetic Filament Yarn, >=85% Nylon...",1103878,1972849791,2109943788
54074300,"Coloured Woven Fabrics Of Synthetic Filament Yarn, >=85% Nylon...",11455,20169183,20592961
54074400,"Printed Woven Fabrics Of Synthetic Filament Yarn, >=85% Nylon...",2412,4523115,4599531
54075100,"Unbleached Or Bleached Woven Fabrics, >=85% Textured Polyester",188801,55574234,90703017
54075200,"Dyed Woven Fabrics Of Synthetic Filament Yarn, >=85% Textured Polyester",7070350,3335982756,5175113053
54075300,"Coloured Woven Fabrics Of Synthetic Yarn, >=85% Textured Polyester",165159,97370386,115825058
54075400,"Printed Woven Fabrics Of Synthetic Yarn, >=85% Textured Polyester",1088701,342300261,669099658
54076100,Other Woven Fabrics Of Synthetic Yarn>=85% Nontextured Polyester Filaments,1681733,1047890508,1367333418
54076900,Other Woven Fabrics Of Synth'C Yarn >=85% Textrd/Non-Textrd Polystr Filmnt,1503965,1012813176,1184156502
54077100,"Unbleached Or Bleached Woven Fabrics, >=85% Synthetic Filaments, Nes",77836,84441868,87179428
54077200,"Dyed Woven Fabrics, >=85% Synthetic Filaments, Nes",287789,234425750,254498996
54077300,"Coloured Woven Fabrics, >=85% Synthetic Filaments, Nes",17510,16639665,17146984
54077400,"Printed Woven Fabrics, >=85% Synthetic Filaments, Nes",150176,78342896,116858903
54078100,"Unbleached/Bleached Woven Fbrc.,<85% Synthetic Filaments,Mixed With Cotton",2980,3829358,4175992
54078200,"Dyed Woven Fabrics, <85% Synthetic Filaments, Mixed With Cotton",177708,187282941,195802443
54078300,"Coloured Woven Fabrics, <85% Synthetic Filaments, Mixed With Cotton",64119,41687887,42973382
54078400,"Printed Woven Fabrics, <85% Synthetic Filaments, Mixed With Cotton",118,105829,107956
54079100,"Unbleached Or Bleached Woven Fabrics <85% Synthetic Filament Yarn, Nes",4812,2860019,2916774
54079200,"Dyed Woven Fabrics <85% Synthetic Filament Yarn, Nes",115270,118114038,123721490
54079300,"Coloured Woven Fabrics <85% Synthetic Filament Yarn, Nes",19962,22259616,22660917
54079400,"Printed Woven Fabrics <85% Synthetic Filament Yarn, Nes",2525,6581094,6713669
54081000,"Woven Fabrics Of High Tenacity Synthetic Filament Yarn, Of Viscose Rayon",23424,6828570,16071779
54082200,"Dyed Woven Fabrics, >=85% Artificial Filaments Or Strip",5885,9025223,9506734
54082300,"Coloured Woven Fabrics, >=85% Artificial Filaments Or Strip",3011,58359,3768366
54082400,"Printed Woven Fabrics, >=85% Artificial Filaments Or Strip",942,980940,1000637
54083200,"Dyed Woven Fabrics Of Artificial Filament Yarn, Nes",2565,8061632,8259484
54083300,"Coloured Woven Fabrics Of Artificial Filament Yarn, Nes",1169,372419,378212
54083400,"Printed Woven Fabrics Of Artificial Filament Yarn, Nes",52,129529,132125
55012000,Synthetic Filament Tow Of Polyesters,1,614,652
55013000,ACRYLIC OR MOD ACRYLIC IMPORTED VAT REG. SYNTHETIC STAPLE FIBER MANUFACT.,712957,139566287,171559591
55019000,Synthetic Filament Tow (Excl. Nylon/Polyesters/Acrylic),471,458554,467597
55021000,Artificial filament tow of cellulose acetate,11423,5438406,5547719
55029000,"Artificial filament tow, nes",58,264952,270277
55032000,"Synthetic Staple Fibres, Of Polyesters, Not Carded, Combed Or Processed",2264644,346070304,372056202
55041000,"Artificial Staple Fibres,Of Viscose Rayon,Not Carded,Combed Or Processed",516473,83554718,86118610
55051000,"Waste Of Synthetic Fibre, (Incl. Noils, Yarn Waste And Garnetted Stock)",14656,1829178,4951669
55061000,"Synt.Staple Fibres,Of Nylon Or Other Polyamides,Carded,Combed Or Processed",2980,2472805,2522507
55062000,"Synthetic Staple Fibres, Of Polyesters, Carded, Combed Or Processed",18,3313,12027
55063000,"Acrylic Or Modacrylic Synthetic Staple Fibres,Carded,Combed Or Processed",4861,1751665,1786883
55069000,"Syn.Staple Fibres,Nes,Carded,Combed Or Processed(Exl.Nyl./Polester/Acry.)",74,65031,66338
55081000,Sewing Thread Of Synthetic Staple Fibres,168498,185582257,192423070
55082000,Sewing Thread Of Artificial Staple Fibres,7635,11006878,11221360
55091100,"Single Yarn, With >=85% Staple Fibres Of Nylon Or Other Polyamides, Nprs",111045,70912460,72448746
55091200,"Multiple Or Cabled Yarn, >=85% Staple Fibres Of Nylon, Etc, Nprs",57927,32500131,33101150
55092100,"Single Yarn, With >=85% Polyester Staple Fibres, Nprs",722860,307807297,344086111
55092200,"Multiple Or Cabled Yarn, With >=85% Polyester Staple Fibres, Nprs",1635883,675681415,716784086
55093100,"Single Yarn, With >=85% Acrylic Or Modacrylic Staple Fibres, Nprs",130409,54697361,55801451
55093200,"Multiple Or Cabled Yarn, >=85% Acrylic Or Modacrylic Staple Fibres, Nprs",2337642,845652026,889173278
55094100,"Single Yarn, With >=85% Synthetic Staple Fibres, Nes, Nprs",8919,4823508,5235170
55094200,"Multiple Or Cabled Yarn, With >=85% Synthetic Staple Fibres, Nes, Nprs",15659,15253537,15560134
55095100,"Yarn,<85% Polyester Staple Fibres,Mixed With Artificial Staple Fibres,Nprs",325014,219229115,223565301
55095200,"Yarn,<85% Polyester Staple Fibres,Mixed With Wool Or Fine Animal Hair,Nprs",1017114,763827782,779463787
55095300,"Yarn, <85% Polyester Staple Fibres, Mixed With Cotton, Nprs",588528,256544100,296005300
55095900,"Yarn,<85%Polyester Staple Fibres,Nes,Nprs(Exl.Arti/Wool/Cotton Staplefibre",593396,385275858,393353340
55096100,"Yarn, <85% Acrylic Or Modacrylic Staple Fibres, Mixed With Wool..., Nprs",419474,273705996,280003936
55096200,"Yarn, <85% Acrylic Or Modacrylic Staple Fibres, Mixed With Cotton, Nprs",528619,243708517,248703771
55096900,"Yarn, <85%Acrylic Or Modacrylic Staple Fibres, Nes, Nprs(Exl. Wool/Cotton)",1214962,907416987,927316425
55099100,"Yarn, Synthetic Staple Fibres, Nes, Mixed With Wool..., Nprs",185111,136205874,137753800
55099200,"Yarn, Synthetic Staple Fibres, Nes, Mixed With Cotton, Nprs",148,130553,145240
55099900,"Yarn, Synthetic Staple Fibres,Nes, Nprs (Exl. Wool/Cotton)",98371,75997254,78009375
55101100,"Single Yarn, With >=85% Artificial Staple Fibres, Nprs",467646,172849285,190233782
55101210,Water Blocking Yarn,17952,13173884,13430559
55101290,"YARN OF ARTIFICIAL STAPLE FIBRES, .. EXCL. WATER BLOCKING YARN IMP BY VAT REG. OPTICAL F",54348,26177856,26747863
55102000,"Yarn, Artificial Staple Fibres, Mixed With Wool..., Nprs",73,46626,47565
55103090,"YARN OF ARTIFICIAL STAPLE FIBRES,..EXCL. W/BLOCKING TAP IMPTD. BY VAT REG. OPTICAL FIBRE",213661,94051010,95953788
55109000,"Yarn, Artificial Staple Fibres, Nes, Nprs (Exl. Wool/Cotton)",734938,350974313,358161454
55121100,"Unbleached or bleached woven fabrics, >=85% polyester staple fibres",27977,25707398,26771960
55121910,Silk screen,3250,1445406,1474458
55121990,"Woven Fabrics, >=85% Polyester Staple Fibres, Excl.Unbleached Or Bleached",47015,45320131,46409302
55122100,"Unbleached or bleached woven fabrics, >=85% acrylic... staple fibres",64096,16756943,30931271
55122900,"Woven Fabrics, >=85% Acrylic... Staple Fibres, Excl.Unbleached Or Bleached",336,556993,681564
55129900,"Woven Fabrics, >=85% Synthetic Fibres, Nes",3704,27546721,33127548
55131100,"Plain weave fabrics, <85% polyester fibres + cotton, =<170g/m2 fibres, plain weave",1131295,733086543,798958670
55131200,"3-Thread or 4-thread twill, including cross twill ,of polyester staple fibres",221721,144565042,149803156
55131300,Other woven fabrics of polyester staple fibres,24444,8749392,9185655
55131900,Other woven fabrics,19085,13541904,13899124
55132100,"Dyed Plain Weave Fabrics, <85% Polyester Fibres + Cotton, =<170g/M2",692993,505541799,547821724
55132300,"Dyed Woven Fabrics, Nes, <85% Polyester Fibres + Cotton, =<170g/M2",267709,199738433,210860404
55132900,"Dyed Woven Fabrics, <85% Synthetic Fibres + Cotton, Nes, =<170g/M2",67785,51772399,53302158
55133100,"Coloured Plain Weave Fabrics, <85% Polyester Fibres + Cotton, =<170g/M2",58884,68639009,70206864
55133900,"Coloured Woven Fabrics, <85% Synthetic Fibres + Cotton, Nes, =<170g/M2",45970,65790556,66982088
55134100,"Printed Plain Weave Fabrics, <85% Polyester Fibres + Cotton, =<170g/M2",55877,51722513,52762136
55134900,"Printed Woven Fabrics, <85% Synthetic Fibres + Cotton, Nes, =<170g/M2",28825,29779305,30430985
55141100,"Of polyester staple fibres, plain weave",1660,1643432,1682301
55141200,"3-Thread for 4-thread twill, including cross twill, of polyester staple fibres",107011,55708438,56721328
55141900,Other woven fabrics,36676,40929250,41502634
55142100,"Dyed Plain Weave Fabrics, <85% Polyester Fibres + Cotton, >170g/M2",32335,20667222,24473142
55142200,"Dyed 3 Or 4-Thread Twill, <85% Polyester Fibres + Cotton, >170g/M2",1283375,906994347,936829069
55142300,"Dyed Woven Fabrics, Nes, <85% Polyester Fibres + Cotton, >170g/M2",115959,92742308,97111250
55142900,"Dyed Woven Fabrics, <85% Synthetic Fibres + Cotton, Nes, >170g/M2",18391,25613315,26570111
55143000,"Unbleached or bleached Of polyester staple fibres, plain weave: dyed Of yarns",21083,19541315,19927735
55144200,"Printed 3 Or 4-Thread Twill, <85% Polyester Fibres + Cotton, >170g/M2",4294,6777846,6916927
55144900,"Printed Woven Fabrics, <85% Synthetic Fibres + Cotton, Nes, >170g/M2",12184,76376938,77912112
55151100,Mixed mainly or solely with viscose rayon staple fibres,2089309,1696370147,1767478367
55151200,Mixed mainly or solely with man-made filaments:,23392,24399607,25183705
55151300,Mixed mainly or solely with wool or fine animal hair:,80048,112919085,122168180
55151900,"Woven fabrics of polyester staple fibres, nes",257756,214587187,219751814
55152100,Mixed mainly or solely with man-made filaments,1099,2563467,2589332
55152200,Mixed mainly or solely with wool or fine animal hair,3042,7099861,7224558
55152900,"Woven fabrics of acrylic or modacrylic staple fibres, nes",26581,64653547,65953432
55159100,Mixed mainly or solely with man-made filaments:,2788,1877993,1915740
55159900,"Woven fabrics of synthetic staple fibres, nes",3984,9022299,9231090
55161100,"Unbleached or bleached woven fabrics, >=85% artificial staple fibres",145987,55688585,65157784
55161200,"Dyed Woven Fabrics, >=85% Artificial Staple Fibres",411263,358265051,395076954
55161300,"Coloured Woven Fabrics Of Yarn, >=85% Artificial Staple Fibres",74700,77619449,79925973
55161400,"Printed Woven Fabrics, >=85% Artificial Staple Fibres",358132,250848134,306148407
55162100,"Woven fab. <85% artificial fibres, with man-made filas, Unbleached or bleached",61167,51348334,52373321
55162200,"Dyed Woven Fabrics, <85% Artificial Fibres, With Man-Made Filaments",573151,524291502,549429261
55162300,"Coloured Woven Fabrics, <85% Artificial Fibres, With Man-Made Filaments",159308,179563403,188737751
55162400,"Printed Woven Fabrics, <85% Artificial Fibres, With Man-Made Filaments",50613,55115944,59458657
55163100,"Woven fabrics, <85% artificial fibres, with wool..., Unbleached or bleached",35,503,21541
55163200,"Dyed Woven Fabrics, <85% Artificial Fibres, With Wool...",9,10282,10493
55163300,"Coloured Woven Fabrics, <85% Artificial Staple Fibres, With Wool...",8,859,10012
55164100,"Woven fabrics, <85% artificial staple fibres, mixed with cotton Unblea. or bleached",40153,18663591,20969287
55164200,"Dyed Woven Fabrics, <85% Artificial Staple Fibres, Mixed With Cotton",33542,39983985,41060471
55164300,"Coloured Woven Fabrics, <85% Artificialstaple Fibres, Mixed With Cotton",19895,22548962,23264172
55164400,"Printed Woven Fabrics, <85% Artificial Staple Fibres, Mixed With Cotton",1185,2589374,2650017
55169100,"Woven fabrics, <85% artificial staple fibres, nes Unbleached or bleached",2624,2580261,2631900
55169200,"Dyed Woven Fabrics, <85% Artificial Staple Fibres, Nes",69829,74154312,77938765
55169300,"Coloured Woven Fabrics, <85% Artificial Staple Fibres",9135,15811131,16119139
55169400,"Printed Woven Fabrics, <85% Artificial Staple Fibres, Nes",30948,7551969,15895932
56012100,Cotton Wadding And Articles Thereof,2001,2517191,2567900
56012200,Wadding Of Man-Made Fibres And Articles Thereof,719838,373127136,398809285
56012900,"Wadding and articles of wadding, nes",183482,83923433,90841201
56013000,Textile Flock And Dust And Mill Neps,24638,5367386,6052441
56021000,Needleloom felt and stitch-bonded fibre fabrics,19534,12205753,12437851
56022100,"Felt Of Wool Or Fine Animal Hair (Excl. Impregnated, Coated, Etc)",2138,692202,923460
56022900,"Felt of textile materials (excl. impregnated, coated, etc) Of other textile materials",3700,5605059,5754369
56029000,"Felt, Nes (Exl. Needleloom, Wool, Text Material, Jute, Other Than Jute)",9892,8003905,8237187
56031110,Hydrophilic/hydrophobic white/light/green,17676,4588509,4896789
56031190,"Nonwovens, Of Man-Made Filaments, Weighing <=25g/M2",208779,56677546,76687351
56031210,Textile back sheet/Non woven air through bonded (ADL),10563,4062813,4226922
56031290,"Nonwovens, Of Man-Made Filaments, Weighing >25g/M2 But <=70g/M2",423110,124128280,157991488
56031310,Elastic back ear,286,204321,275140
56031390,"Nonwovens, Of Man-Made Filaments, Weighing >70g/M2 But <=150g/M2",25125,16962870,17881255
56031400,"Nonwovens, Of Man-Made Filaments, Weighing >150g/M2",340569,95189224,114103575
56039100,"Nonwovens, Not Of Man-Made Filaments, Weighing <=25g/M2",334403,135241694,154241522
56039210,"Dry web, Weighing more than 25 g/m2 but not more than 70 g/m2",100084,34697002,46163648
56039290,"Nonwovens, Not Of Man-Made Filaments, Weighing >25g/M2 But <=70g/M2",68568,29780775,34862381
56039300,"Nonwovens, Not Of Man-Made Filaments, Weighing >70g/M2 But <=150g/M2",61503,34724601,36314815
56039400,"Nonwovens, Not Of Man-Made Filaments, Weighing >150g/M2",84114,67536737,69570031
56041000,"Rubber Thread And Cord, Textile Covered",329338,262666447,273714655
56049000,"Textile Yarn And Strip, Etc, Impregnated Or Coated",40941,28584273,29816930
56050010,Metalized round yarn,130217,34418002,48378958
56050090,Other metalized yarn,159531,43644617,59213791
56060000,"Gimped yarn, & strip & the like .... (including flock chenille yarn); loop wale-yarn.",151256,104113178,107532944
56072100,"Binder Or Baler Twine Of Sisal, Etc, Of The Genus Agave",566,536545,543145
56072900,"Twine,Cordage,Rope & Cables,Of Sisal,Etc. Of The Genus Agave,Nes,Ex.Binder",28633,30193137,30948918
56074100,Binder Or Baler Twine Of Polyethylene Or Polypropylene,118264,63130306,67115326
56074910,"Twine,Cordage,Rope&Cables,Of Polyethylene/Polypropy. For Fishing Trawlers",44,240598,247783
56074990,"Twine, Cordage,Rope & Cables, Of Polyethylene Or Polypropylene, Other",28248,33724927,34424644
56075000,"Twine, Cordage, Rope And Cables, Of Synthetic Fibres, Nes",30546,75844001,80300929
56079000,"Twine, cordage, ropes and cables, whether or not plaited .. with rubber or pla",73981,132440591,139312013
56089000,"Knotted netting of twine, cordage or rope of textile materials, nes",10,45941,56237
56090010,"Twine,Cordage,Rope Or Cables For Fishing Trawler And Factory Ships, Nes",1394,935745,1402046
56090090,"Articles Of Yarn,Strip,Etc,Twine,Cordage, Rope Or Cables, Nes",9665,8119963,8926868
57025000,"Carpets and other textile floor coverings Other, not of pile construction, not made up",3,123,2503
57033100,Carpet and other textile floor covering ...Of other man-made textile materials :Turf,39,4908,5006
57039000,Carpet and other textile floor covering..of other textile materials of jute,694,1672708,1706330
57042000,"Tiles, having a maximum surface area exceeding 0.3 m² but not exceeding 1m²",25,31693,76509
58011000,Woven Pile Fabrics And Chenille Fabrics Of Wool Or Fine Animal Hair,14035,15672876,16029846
58012100,UNCUT WEFT PILE FABRICS,55,33743,34420
58012200,Cut Corduroy Of Cotton,1527051,1557343996,1595371252
58012700,Warp pile fabrics,65,25587,31286
58013100,UNCUT WEFT PILE FABRICS,10,8834,9012
58013200,"Cut Corduroy Of Man-Made Fibres, Nes",46582,39253102,40916726
58013300,"Weft Pile Fabrics Of Man-Made Fibres, Nes",46857,44394455,46546870
58013600,"Chenille Fabrics Of Man-Made Fibres, Nes",6687,5276149,6004227
58013700,Warp pile fabrics,4,2454,2503
58019000,"Floor coverings of felt, not tufted or flocked Of other textile materials nes,",20,157608,160775
58021000,"Terry towelling and similar woven terry fabrics, of cotton",158873,46313942,47389905
58022000,"Terry towelling and similar woven terry fabrics, of other textile materials",98,50951,51972
58030000,"Gauze, other than narrow fabrics of heading 58.06.",107337,97577006,100114424
58041000,Tulles And Other Net Fabrics,193524,141408168,151817004
58042100,"Mechanically Made Of Lace Of Man-Made Fibres In Piece,In Strips/In Motifs",197666,510740896,525092481
58042900,"Mechanically Made Of Lace Of Oth.Textiles In Piece,In Strips Or In Motifs",149271,461584894,473675182
58043000,"Hand-Made Lace In Pieces, In Strips Or In Motifs",2428,2215979,2760843
58050000,"Han.Wov.Tapestr.Of The Ty.Gobelins,Flandres,Aubu.,Beauvais&Needle-Work Tap",1069,2005654,2067993
58061000,Narrow Woven Pile Fabrics And Chenille Fabrics,21398,40961915,44609243
58062000,"Narrow Woven Fabrics, Width >=5% Elastomeric Yarn Or Rubber Thread",1196443,1655065322,1724550164
58063100,OTHER WOVEN FABRICS OF COTTON,46216,47867168,54077218
58063200,Of man-made fibres,612012,288454461,314551835
58063900,"Narrow Woven Fabrics Of Other Textiles, Nes",278044,311647698,326106195
58064000,Fabrics With Warp Without Weft Assembled By An Adhesive (Bolducs),16495,33035395,34544033
58071000,"Labels, Badges... Of Textiles, Woven, In Piece..., Not Embroidered",155741,759384288,782873421
58079000,"Labels, Badges... Of Textiles, Unwoven, In Piece..., Not Embroidered",191252,653342841,666974116
58081000,"Braids, In The Piece",8191,2197513,2241961
58089000,"Ornamental Trimmings In The Piece; Tassels, Pompons, Etc, Nes(Excl.Braids)",1149,6612102,6740972
58090000,"Woven Fabrics Of Metal Thread And Woven Fabrics Of Metallized Yarn, Nes",955,1559364,1590834
58101000,Embroidery Without Visible Ground,4261,38148970,40078910
58109100,"Cotton Embroidery, In The Piece, In Strips Or In Motifs",25356,60012466,61259660
58109200,"Embroidery Of Man-Made Fibres, In The Piece, In Strips Or In Motifs",8137,45732745,47119460
58109900,"Embroidery Of Other Textiles, In The Piece, In Strips Or In Motifs",2240,31073110,33762145
58110000,Quilted Tex.Produ.In The Piece(Excl.Embroi.Of 58.10)One Or More Layers Tax,473917,257205405,275488094
59011000,"Textile fab. Coat. with gum/amylaceous sub.,of a kind used for the outer covers of books or the like",9292,3842544,4086988
59019000,"Tracing Cloth; Prepared Painting Canvas; Buckram, Etc",126751,90086141,91776100
59021000,Tyre Cord Fabric Of High Tenacity Yarn Of Nylon Or Other Polyamides,52,63730,64797
59022000,Tyre Cord Fabric Of High Tenacity Yarn Of Polyesters,124,327548,400957
59031010,Fusing Interlining Mate.(Tex.Mat.For Stiffening Cuffs&Col.With Poly V.Chlo,725065,612841312,648398614
59031090,Other Fabrics Impregnated...With Polyvinyl Chloride,739471,265755910,321627418
59032010,Fusing Interlining Mat.(Tex.Mat.For Stiffening Cuffs&Col. With Poly Ureth.,835990,650189612,671584182
59032090,Other Textile Fabrics Impregnated....With Polyurethane,3633237,3271375824,3766638133
59039010,Side tape (lock loop),1166,1707854,2013638
59039090,"Textile fabrics impregnated... with plastics, nes",1327248,1359233716,1459673823
59050000,Textile Wall Coverings,31,30430,31041
59061000,Adhesive Tape Of A Width =<20cm,6289,17199762,17577016
59069100,Knitted Or Crocheted Rubberized Textile Fabrics (Excl. Adhesive Tape),6828,6639407,6772854
59069910,REFLECTIVE TAPE,36381,90521524,95901766
59069990,"RUBBERIZED TEXTILE FABRICS EXCLUDING REFLECTIVE TAPE, KNITTED OR CROCHETED & ADHESIVE TA",3958,7889071,8869343
59070000,Textile Fabrics Otherwise Impregnated... ; Painted Canvas...,137095,212743046,219901254
59090000,"Textile... Tubing, With Or Without Lining, Etc, Of Other Materials",395,132823,135491
59100000,"Transmission Or Conveyor Belts Or Belting, Of Textile Material",0,13565,16605
59111010,Narrow Fab. Made Of Velvet Impregna. With Rubber For Cover Weaving Spindle,25,245,31441
59111090,Other,20823,39697168,40154533
59112000,Bolting Cloth Whether Or Not Made Up,5431,20790169,21209069
59119000,"Textile Articles For Technical Uses, Nes, As Specified In Chapter Note 7",3696,1876383,2400864
60011000,"Long Pile Fabrics, Knitted Or Crocheted",261492,191923145,219852155
60012100,"Looped Pile Fabrics Of Cotton, Knitted Or Crocheted",423463,256510616,282453921
60012200,"Looped Pile Fabrics Of Man-Made Fibres, Knitted Or Crocheted",200057,80808157,113852141
60012900,"Looped Pile Fabrics Of Textile Materials, Knitted Or Crocheted",56202,47487425,48461109
60019100,"Pile Fabrics Of Cotton, Nes, Knitted Or Crocheted",3246470,1746783895,1963642310
60019200,"Pile Fabrics Of Man-Made Fibres, Nes, Knitted Or Crocheted",5825192,2960408251,3892080699
60019900,"Pile Fabrics Of Textile Materials, Nes, Knitted Or Crocheted",127360,76937565,79582275
60024000,CONTAINING BY WEIGHT 5%OR MORE ELASTOMERIC YARN BUT NOT CONTNG.RUBER THRED,7809,5486344,5597737
60029000,"KNITTED OR CROCHETED FABRICS OF A WIDTH <30CM,CONTAINING BY WEIGHT 5%..NES",48283,41506335,42216986
60032000,KNITTED OR CROCHETED FABRICS OF A WIDTH <30CM.. OF COTTON,976,1326474,1362029
60033000,"KNITTED OR CROCHETED FABRICS OF A WIDTH <30CM,OF SYNTHETIC FIBRES",22072,18521010,18904599
60034000,"KNITTED OR CROCHETED FABRICS OF WIDTH <30CM,OF ARTIFICIAL FIBRES",208,2428673,2457719
60039000,"KNITTED/CROCTD.FBRCS.OF A WIDTH <30CM,OTH THAN THOSE OF HD60.01/60.02,NES",4194,2486604,2584071
60041000,CONTING. BY WEIGHT 5%OR MORE OF ELASTOMERIC YARN BUT NOT CONT.RUBER THRED,10198342,7333592000,8167157098
60049000,"CONTNG.BY WEIGHT 5%OR MORE ELSTMRC.YARN BUT NOT CONTAINING RUBR.THREAD,NES",201679,266355148,272157610
60052100,"WRAP KNIT FABRICS,OF COTTON, UNBLEACHED OR BLEACHED",2515,8628343,8801770
60052200,"WRAP KNIT FABRICS OF COTTON,DYED",109515,49700372,76617946
60052300,"WRAP KNIT FABRICS OF COTTON,OF YARNS OF DIFFERENT COLOURS",7873,3316213,3449903
60052400,"WRAP KNIT FABRICS,OF COTTON PRINTED",19179,17078049,17307775
60053500,Fabrics specified in Subheading Note 1 to this Chapter,11217,8246525,8390868
60053600,"Other, unbleached or bleached",26986,16925399,17642074
60053700,Of synthetic fibres other dyed,674427,438347405,481859358
60053800,Synthetic fibres Other of yarns of different colours,46662,35662857,36610339
60053900,"Other, of yarns of different colours other printed",503,297150,384258
60054100,"WRAP KNIT FABRICS OF ARTIFICIAL FIBRES,UNBLEACHED OR BLEACHED",19323,9016632,9198143
60054200,"WARP KNIT FABRICS,OF ARTIFICIAL FIBRES DYED",19315,17361275,17708298
60054300,"WARP KNIT FABRICS,OF ARTIFICIAL FIBRES OF YARN OF DIFFERENT COLOURS",99402,141130815,142619695
60059090,"WARP KNIT FABRICS OF ARTIFICIAL FIBRES, NES",23342,16405462,17059372
60061000,OTHER KNITTED OR CROCHETED FABRICS OF WOOL OR FINE ANIMAL HAIR,40707,118475790,128806599
60062100,OTHER KNITED OR CROCHETED FABRICS OF COTTON UNBLEACHED OR BLEACHED,133003,72043621,79811070
60062200,OTH.KNITTED OR CROCHETED FABRICS OF COTTON DYED,2795538,1914919475,2006042274
60062300,"OTH.KNITTED OR CROCHETED FABRICS OF COTTON, OF YARNS OF DIFFERENT COLOURS",109165,92172677,94411780
60062400,OTH.KNITTED OR CROCHETED FABRICS OF COTTON PRINTED,381848,320063705,350725165
60063100,"OTH.KNITTED OR CROCHETED FABRICS. OF SYNTHETIC FIBRES,UNBLEACHED OR BLEACH",140501,55510107,67241262
60063200,"OTH.KNITTED OR CROCHETED FABRICS OF SYNTHETIC FIBRES,DYED",5026177,2807209397,3274010322
60063300,OTH.KNITTED OR CROCHETED FABRICS OF SYNTH. FIBRES OF YARNS OF DIFF.COLOUR,311311,149254993,186551918
60063400,OTH KNITTED OR CROCHETED FABRICS OF SYNTHETIC FIBRES PRINTED,545578,381737456,427514841
60064100,"OTH.KNITTED OR CROCHETED FIBRICS OF ARTIFICIAL FIBRES,UNBLEACHED/BLEACHED",46751,70130219,71578879
60064200,"Other knitted or crocheted fabrics, Dyed",372290,226361073,242683392
60064300,Of yarns of different colours,17591,8262137,8428205
60064400,Printed,27558,20153654,20558745
60069000,"OTH.KNITTED OR CROCHETED FABRICS OF ARTIFICIAL FIBRES,NES",468066,413418623,426921109
61012000,"Men'S Or Boys' Over/Car Coats, Etc, Of Cotton, Knitted Or Crocheted",15,53988,54089
61023000,"Woman'S Or Girls' Over/Car Coats,Etc,Of Man-Made Fibres,Knitted/Crocheted",4,2454,2503
61031000,"Men's or boys' Suits, Excl. Sports out fit for sports shooting",10,5522,16900
61032200,"Men'S Or Boys' Ensembles Of Cotton, Knitted Or Crocheted",17,53856,61017
61032900,"Men'S Or Boys' Ensembles Of Other Textiles, Nes, Knitted Or Crocheted",2,1595,13775
61033100,"Men'S Or Boys' Jackets And Blazers Of Wool..., Knitted Or Crocheted",24,54171,55931
61033200,"Men'S Or Boys'Jackets And Blazers Of Cotton, Knitted Or Crocheted",2,1718,4006
61033300,"Men'S Or Boys' Jackets... Of Synthetic Fibres, Knitted Or Crocheted",6,8841,11185
61033900,"Men'S Or Boys' Jackets... Of Other Textiles, Nes, Knitted Or Crocheted",56,38517,83313
61034100,"Men'S Or Boys' Trousers, Etc, Of Wool..., Knitted Or Crocheted",4,6563,8988
61034200,"Men'S Or Boys' Trousers, Etc, Of Cotton, Knitted Or Crocheted",86,95534,185394
61034300,"Men'S Or Boys' Trousers, Etc, Of Synthetic Fibres, Knitted Or Crocheted",1,1227,1252
61034900,"Men'S Or Boys' Trousers, Etc, Of Other Textiles, Knitted Or Crocheted",4,24045,24397
61043200,"Women'S Or Girls' Jackets, Of Cotton, Knitted Or Crocheted",3,2351,3186
61043900,"Woman'S Or Girls' Jackets, Of Other Textiles, Knitted Or Crocheted",2,1718,4507
61044200,"Dresses Of Cotton, Knitted Or Crocheted",3,4295,8832
61044900,"Dresses Of Other Textile Material, Nes, Knitted Or Crocheted",2,7362,7493
61045200,"Skirts And Divided Skirts Of Cotton, Knitted Or Crocheted",45,17236,124646
61045300,"Skirts And Divided Skirts Of Synthetic Fibres, Knitted Or Crocheted",2,245,2503
61045900,"Skirts And Divided Skirts Of Other Textiles, Nes, Knitted Or Crocheted",1,4908,5007
61046100,"Women'S Or Girls' Trousers, Etc, Of Wool..., Knitted Or Crocheted",5,5613,7194
61046200,"Women'S Or Girls' Trousers, Etc, Of Cotton, Knitted Or Crocheted",12,20126,34677
61046300,"Women'S Or Girls' Trousers, Etc, Of Synthetic, Knitted Or Crocheted",13,10424,42984
61046900,"Women'S Or Girls' Trousers, Etc, Of Other Textile, Knitted Or Crocheted",13,4295,41837
61051000,"Men'S Or Boys' Shirts Of Cotton, Knitted Or Crocheted",41,103709,121296
61052000,"Men'S Or Boys' Shirts Of Man-Made Fibres, Knitted Or Crocheted",5,11518,11523
61059000,"Men'S Or Boys' Shirts Of Other Textiles, Nes, Knitted Or Crocheted",9,8834,9417
61061000,"Women'S Or Girls' Blouses, Etc, Of Cotton, Knitted Or Crocheted",7,16862,20175
61069000,"Women'S Or Girls' Blouses Etc. Of Other Textiles Nes, Knitted Or Crocheted",2,8589,8763
61071100,"Men'S Or Boys' Underpants And Briefs Of Cotton, Knitted Or Crocheted",13,25178,40868
61071200,"Men'S Or Boys' Underpants, Etc, Of Man-Made Fibres, Knitted Or Crocheted",3,7816,23141
61071900,"Men'S Or Boys' Underpants Etc. Of Other Textiles Nes, Knitted Or Crocheted",1,245,736
61072100,"Men'S Or Boys' Night Shirt Pyjamas Of Cotton, Knitted Or Crocheted",1,1227,1253
61072900,"Men'S Or Boys'Night Shirt Pyjamas Of Other Textiles,Nes,Knitted Or Croched",3,14154,14438
61081100,"Women'S Or Girls' Slips, Etc, Of Man-Made Fibres, Knitted Or Crocheted",4,3642,16301
61082100,"Women'S Or Girls' Briefs And Panties Of Cotton, Knitted Or Crocheted",6,29011,66804
61082200,"Women'S Or Girls' Briefs, Etc, Of Man-Made Fibres, Knitted Or Crocheted",6,9334,27767
61083100,"Women'S Or Girls' Night Dresses, Pyjama Etc, Of Cotton, Knitted Or Croched",1,4908,5042
61083900,"Women'S Or Girls' Night Dresses & Pyjamas Of Other Tex.,Knitted Or Croched",7,17178,17523
61089900,"Women'S/Girls' Negliges Dressing Gowns.. Of Other Tex.,Nes,Knitted/Croche.",5,12174,77014
61091000,"T-Shirts, Singlets And Other Vests, Of Cotton, Knitted Or Crocheted",213,494349,651300
61099000,"T-Shirts, Singlets, Etc, Of Other Textiles, Nes, Knitted Or Crocheted",53,115595,126344
61101100,OF WOOL OR FINE ANIMAL HAIR. OF WOOL,14,28221,29158
61101200,OF KASHMIR(CASHMERE)GOATS,2,3926,4005
61101900,"OF WOOL OR FINE ANIMAL HAIR,NES",1,245,1252
61102000,"JERSEYS, PULLOVERS, CARDIGANS, WAISTCOATS & SIMILAR ART., KNITTED OR CROCHETED OF COT",171,279060,390993
61103000,"JERSEYS,PULLOVERS,CARDIGANS,WAISTCOATS.., KNITTED OR CROCHETED OF MAN-MADE FIBRE",72,140565,175677
61109000,"JERSEYS, PULLOVERS, CARDIGANS, WAISTCOATS.. ,KNITTED OR CROCHETED OF OTH. TEXT. MATER",23,91604,95150
61112000,"Babies' Garments, Etc, Of Cotton, Knitted Or Crocheted",27,4028,33065
61119000,"Babies' Garments, Etc,Of Other Textiles Materials,Nes Knitted Or Crocheted",1,37,2454
61121900,"Track-Suits Of Other Textiles,Nes, Knitted Or Crocheted",0,1227,1253
61123100,"Men'S Or Boys' Swimwear Of Synthetic Fibres, Knitted Or Crocheted",1,2338,2385
61124100,"Women'S Or Girls' Swimwear Of Synthetic Fibres, Knitted Or Crocheted",5,7607,17453
61142000,"Garments Of Cotton, Knitted Or Crocheted, Nes",0,2209,2254
61149000,"Garments Of Other Textiles, Knitted Or Crocheted, Nes",3,11043,11265
61151000,"Graduated compression hosiery (for example, stockings for varicose veins)",638,785476,801245
61152900,Other panty hose and tights Of other textile materials,1139,4107546,4190107
61159900,"Hosiery And Footwear Without Soles Of Other Tex., Knitted Or Crochete, Nes",2375,4570575,4684815
61161000,"IMPREGNATED, COATED OR COVERED WITH PLASTICS OR RUBBER",0,25,736
61169200,"Gloves, Mittens And Mitts, Of Cotton, Knitted Or Crocheted",16988,12625401,14200576
61169300,"Gloves, Mittens And Mitts, Of Synthetic Fibres, Knitted Or Crocheted",8170,5830152,7136800
61169900,"Gloves, Mittens And Mitts, Of Other Textiles, Knitted Or Crocheted",48,11328,11445
61171000,"SHAWLS, SCARVES, MUFFLERS, MANTILLAS, VEILS AND THE LIKE",200,530612,540268
61178090,"Other clothing accessories, knitted or crocheted, nes",41527,32380215,41738184
61179000,"Parts Of Garments Or Clothing Accessories, Knitted Or Crocheted",53981,75740197,82056923
62013000,"overcoat, rain-coat, of cotton",0,1,1845
62014000,Other Of man-made fibres,10,4389,11638
62019000,"Mens or boys overcoat, car-coats, cloaks excludin Of other textile materials",6,12933,17875
62023000,"Womens or girls overcoat , car-coad capes, cloaks, anoraks ...Of cotton",3,5913,6034
62024000,"Womens or girls overcoat , car-coad capes, cloaks, anoraks ...Of man-made fibres",8,13011,21581
62032200,Men'S Or Boys' Ensembles Of Cotton,1,1963,2004
62033100,Men'S Or Boys' Jackets And Blazers Of Wool Or Fine Animal Hair,17,33141,37795
62033200,Men'S Or Boys' Jackets And Blazers Of Cotton,124,188763,225348
62033300,Men'S Or Boys' Jackets And Blazers Of Synthetic Fibres,108,252445,284525
62033900,"Men'S Or Boy'S Jackets And Blazers Of Other Textiles,(Exl.Wool,Syn.Fab,Cot",120,162207,243482
62034100,"Men'S/Boy'S Bib&Brace Trousers,Breeches,Shorts Of Wool Or Fine Animalhar",8,7920,8083
62034200,"Men'S Or Boys' Bib & Brace Trousers, Breeches, Shorts, Of Cotton",1635,2365347,3030160
62034300,"Men'S Or Boys' Bib & Brace Trousers, Breeches & Shorts Of Synthetic Fibres",46,64571,101569
62034900,"Men'S Or Boys' Bib&Brace Trousers,Breeches & Shorts Of Other Textiles,Nes",25,18670,42780
62043100,Women'S Or Girls' Jackets And Blazers Of Wool Or Fine Animal Hair,2,1841,1877
62043200,Women'S Or Girls' Jackets And Blazers Of Cotton,47,79116,94850
62043300,Women'S Or Girls' Jackets And Blazers Of Synthetic Fibres,15,31544,45529
62044200,Dresses Of Cotton,83,151801,186358
62044300,Dresses Of Synthetic Fibres,7,34470,56890
62044400,Dresses Of Artificial Fibres,2,4908,5007
62044900,"Dresses Of Other Textiles, (Exl.Wool,Cotton,Syn./Arti.Fibre)",1,1274,2880
62045200,Skirts And Divided Skirts Of Cotton,23,47644,65785
62045300,Skirts And Divided Skirts Of Synthetic Fibres,6,8589,8763
62045900,"Skirts And Divided Skirts Of Other Textiles, (Exl.Wool,Cotton,Syn.Fibre)",3,6334,15463
62046100,"Women'S Or Girls' Trousers, Breeches, Etc, Of Wool Or Fine Animal Hair",78,16239,72423
62046200,"Women'S Or Girls' Trousers, Breeches, Etc, Of Cotton",400,655132,810782
62046300,"Women'S Or Girls' Trousers, Breeches, Etc, Of Synthetic Fibres",5,6682,18983
62046900,"Women'S/Girl'S Trousers,Breeches,Etc,Of Oth.Tex.,(Exl.Wool,Cotton,Syn.Fib.",27,77272,84856
62052000,Men'S Or Boys' Shirts Of Cotton,163,243194,383697
62053000,Men'S Or Boys' Shirts Of Man-Made Fibres,5,2393,16270
62059000,"Men'S Or Boy'S Shirts Of Other Textiles,(Exl.Wool,Cotton,Man Made Fibre)",29,62230,86345
62061000,"Women'S Or Girl'S Blouses, Shirts/Blouses Of Silk Or Silk Waste",2,4187,4712
62062000,"Women'S Or Girl'S Blouses, Shirts/Blouses Of Wool Or Fine Animal Hair",13,26072,26598
62063000,"Women'S Or Girls' Blouses, Shirts/Blouses Of Cotton",53,77383,145843
62064000,"Women'S Or Girl'S Blouses, Shirts/Blouses Of Man-Made Fibres",7,5811,18009
62069000,"Women/Girl'S Blouses,Shirts/Blouses Of Oth.Tex.(Exl.Silk,Wool,Of Man M.Fib",1,11056,11280
62071100,Men'S Or Boys' Underpants And Briefs Of Cotton,1,1841,1877
62071900,"Men'S Or Boys' Underpants And Briefs Of Textile Materials, (Exl. Cotton)",3,2211,11286
62072100,Men'S Or Boys' Nightshirts And Pyjamas Of Cotton,3,368,6962
62082100,Women'S Or Girls' Nightdresses And Pyjamas Of Cotton,6,1521,11506
62089200,"Women'S Or Girls' Dressing Gowns, Panties, Etc, Of Man-Made Fibres",1,1104,1915
62092000,Babies' Garments And Clothing Accessories Of Cotton,1,4540,4633
62104000,"Men'S Or Boys' Garments Made Up Of Fabrics Of 59.03, 59.06 Or 59.07",3,3116,3337
62105000,"Women'S Or Girls' Garments Made Up Of Fabrics Of 59.03, 59.06 Or 59.07",2,15175,16658
62111100,Men'S Or Boys' Swimwear,2,1499,4370
62111200,Women'S Or Girls' Swimwear,1,1227,16270
62113200,"Men's or boys' garments of cotton, nes",2,2454,2464
62113300,"Men's or boys' garments of man-made fibres, nes",16,11567,24689
62114200,"Women's or girls' garments of cotton, nes",9,24597,25092
62114300,"Women's or girls' garments of man-made fibres, nes",1,2454,4935
62121000,Brassisres,252,619786,847825
62123000,Corselettes,0,123,626
62129000,"Corsets, Braces, Garters, Suspenders And Similar Articles",182587,491798662,506931471
62151000,"Ties, Bow Ties And Cravats Of Silk Or Silk Waste",348,3726575,3887298
62152000,"Ties, Bow Ties And Cravats Of Man-Made Fibres",1782,10412593,10621793
62159000,"Ties, Bow Ties And Cravats Of Other Textiles,Nes(Excl.Silk Man Made Fibre)",1567,29157682,29776125
62160000,"Gloves, Mittens And Mitts",2724,1428202,1903194
62171000,"Clothing Accessories, Nes",619400,476896644,491942516
62179000,"Parts Of Garments Or Clothing Accessories, Nes",31519,51896714,53526074
63026000,"Toilet Linen And Kitchen Linen, Of Terry Fabrics, Of Cotton",0,136,564
63029100,"Linen Of Cotton, Nes",18,4295,11392
63031900,"Curtains, Etc; Bed Valances Of Textile Materials, Knitted Or Crocheted",6,7362,7709
63041900,Bedspreads (Excl. Knitted Or Crocheted),5,14724,15025
63049900,Furnishing Articles Of Other Textiles (Excl. Knitted Or Crocheted),0,123,626
63052000,"Sacks And Bags, Used For Packing Goods, Of Cotton",1279,1869158,1906726
63053300,"Sacks And Bags,For Packing Goods,Of Polyethylene/Polypropylene Strip Nes",29395,7242591,7368888
63053900,"Sacks And Bags, Used For Packing Goods, Of Man-Made Textile Fibres, Nes",1465,313779,320085
63059000,"Sacks And Bags, Used For Packing Goods, Of Other Textiles, Nes",25,83710,85391
63061200,"Tarpaulins, Awnings And Sunblinds, Of Synthetic Fibres",522,186995,190753
63062200,Tents Of Synthetic Fibres,168,79955,101956
63069000,Other camping goods,7,6552,8728
63071000,"Floor-Cloths, Dish-Cloths, Dusters And Similar Cleaning Cloths",664,385612,392400
63072000,Life-Jackets And Life-Belts,30,412865,421164
63079000,"Made Up Articles (Incl. Dress Patterns), Nes",5674,11977374,12099194
63101000,"USED OR NEW RAGS, SCRAP TWINE, CORDAGE, ROPE AND CABLES AND WORN OUT ART..,SORTED",1,123,1485
63109000,"USED OR NEW RAGS, SCRAP TWINE, CORDAGE, ROPE AND CABLES AND WORN OUT ART..,EXCL. SORTED",22012,1754311,1789474
64011000,Waterproof Footwear Incorporating A Protective Metal Toe-Cap...,724,671789,678561
64021900,"Sport Footwear, Nes, Of Rubber Or Plastics",7,13129,16772
64022000,"Footwear With Upper Straps/Thongs Plugged Into Soles,Of Rubber Or Plastics",64,584727,614878
64029100,"Footwear, Nes, Covering The Ankle Of Rubber Or Plastics",7,2209,11264
64029900,"Footwear, Nes, Exl. Covering The Ankle, Of Rubber Or Plastics",1153,771653,787838
64031900,"Sports Footwear, With Rubber, Plastics, Leather...Soles, Leather Uppers",111,159510,162726
64032000,"Footwear With Leather Soles And Straps (Over Instep, Around Big Toe)",62,65338,66647
64034000,"Footwear, With A Metal Toe-Cap, Leather Uppers",3,6135,6259
64035100,"Footwear With Leather Soles And Uppers, Covering The Ankle",10511,7679212,7991343
64039100,"Footwear With Rubber... Soles And Leather Uppers, Covering The Ankle,Nes",178,37104,45411
64039900,"Footwear With Rubber... Soles, Leather Uppers, Not Covering The Ankle",436,598389,618305
64041900,"Sports Footwear, With Rubber Or Plastic Soles And Textile Uppers",82,131722,134256
64042000,Footwear With Leather Or Composition Leather Soles And Textile Uppers,118,120491,122928
64059000,"Footwear, Nes",314,516832,527223
64061000,"Uppers and parts thereof, other than stiffeners",23559,18830528,19903542
64062000,"Outer soles and heels, of rubber or plastics",1468075,966849109,1050450608
64062010,Outer Soles And Heels Of Rubber Or Plastics Imp. By VAT reg. footwear manu.ind.,4384,6507468,6572543
64069000,Other Parts of footwear,850150,665775032,702234030
65010000,"Hat-Forms, Hat Bodies And Hoods Of Felt; Plateaux And Manchons Of Felt",2630,1627889,1778638
65040000,"Hats And Other Headgear, Plaited Or Assembled By Strips Of Any Material",1819,2050405,2074690
65050000,"Hats and other headgear, knitted or crocheted, . trimmed; hair-nets of any material, wh",1414,1215752,1241053
65070000,"Head-Bands, Linings, Covers, Hat Foundations, Etc, For Headgear",50206,20536462,21699844
67010000,"Skins Of Birds With Feathers Or Down, Feathers, Etc",6847,41100868,42366782
67029000,"Artificial Flowers, Foliage, Etc And Articles Thereof Of Other Materials",118,1157259,1180529
67030000,"Human Hair, Dressed, Etc; Animal Hair And Synthetic Materials For Wigs",358986,511436687,521670307
67041900,"False Beards, Eyebrows And Eyelashes, Etc, Of Synthetic Fibres",4571,2527375,2588976
68029900,"Monumental/Building Stone, Nes, Worked",1,870,894
68041000,"Millstones And Grindstones For Milling, Grinding Or Pulping",1314,1473259,1502870
68042100,"Millstones, etc, of agglomerated synthetic or natural diamond",1,68346,69719
68042200,"Millstones, etc, of other agglomerated abrasives or of ceramics",12013,1625998,1741326
68042300,"Millstones, etc, of natural stone",430,447494,468700
68043000,Hand Sharpening Or Polishing Stones,1233,3864737,3961179
68051000,"NATURAL OR ARTIFICIAL ABRASIVE POWDER OR GRAIN..,ON A BASE OF WOVEN TEXTILE FABRIC ON",609,1829404,1872242
68052000,"Natural Or Artificial Abrasive Powder/Grain, On Paper/Paperboard",4056,4522355,4617133
68053000,"Natural Or Artificial Abrasive Powder/Grain, On A Base Of Materials, Nes",38,485758,565416
68061000,"Slag Wool, Rock Wool, Etc (Incl. Intermixtures) In Bulk, Sheets Or Rolls",62215,5349125,5456702
68062000,"Exfoliated Vermiculite, Expanded Clays, Etc (Incl. Intermixtures)",6960,1071662,1093202
68069000,"OTH. WOOL,EXCL.SLAG WOOL,ROCK WOOLAND SIMILAR, EXFOLIATED VERMICULITE, EXPANDED CLAYS..",14,2277,2308
68091900,"Boards..., Of Plaster Or Compositions Based On Plaster, Nes",5178,454481,463616
68101100,"Building Blocks And Bricks, Of Cement Or Artificial Stone Or Concrete",3190250,13871235,14149748
68109900,"Articles Of Cement, Concrete Or Artificial Stone, Nes",3961988,37599700,38305996
68118200,"Arti.of asbestos-cement, of cellu...Not cont.asbestos.Ottr sheets, panels, tile",7000,227731,232309
68129100,"Clothing, clothing accessories, footwear and headgear, Excl. Of crocodile",2378,2323409,2370105
68151100,Articles of stone or of other mineral substance ...Carbon fibres,6784,32838030,33492478
68151200,Articles of stone or of other mineral substance ...Fabrics of carbon fibres,2918,17364872,17985078
68151900,Articles of stone or of other mineral substance .. NES,7,10675,10782
68159900,"Articles Of Stone Or Other Mineral Substances, Nes",2044,3117574,3180237
69072100,Of a water absorption coefficient by weight not exceeding 0.5 %,115615,3397131,3465412
69074000,Finishing ceramics,201716,20138472,20542770
69101000,"Ceramic Sinks... And Other Sanitary Fixtures, Of Porcelain Or China",7792,1714850,1749320
69120000,Ceramic Tableware... Other Household Articles (Excl. Porcelain Or China),364,78065,79635
70071990,"Toughened (Tempered) Safety Glass, Nes",10918,1031484,1052112
70099190,Unframed Glass Mirrors (Excl.Spherical & Cylinderical Only For Lab Use),3386,691677,988943
70140000,"Signalling Glassware And Optical Elements Of Glass, Not Optically Worked",479,1326942,1353613
70181000,"Glass Smallware (Incl. Beads, Imitation Pearls/Stones, Etc)",12637,39969546,41208873
70182000,Glass Microspheres =<1mm In Diameter,330,130337,132955
70189000,"Glass Statuettes And Other Ornaments Of Lamp-Worked Glass, Nes",4138,8041688,8505042
70191400,Mechanically bonded mats,5427,1263810,1276448
70191900,"OTH. YARN AND STRANDS, EXCL.(CHOPPED STRANDS, OF A LENGTH OF NOT >50MM, ROVINGS)",832,501556,511503
70196300,"Closed woven fabrics, plain weave, of yarns, not coated or laminated",14,8920,9334
70196590,Open woven fabrics of a width not exceeding 30 cm,38,35496,36209
70196990,Other,673,972374,1001912
70198000,Glass wool and articles of glass wool,11104,2654988,2708136
70199090,"Other Article of Glass Fibre,nes",759838,207823838,210601891
70200090,"Other articles of glass, Excl. Glass inners for vacuum flasks or for other vac",101,46626,47463
71131900,Articles Of Jewellery And Parts Thereof Of Precious Metal (Excl. Silver),55,1239588,1264438
71159000,"OTH. ARTICLES OF PRECIOUS METAL OR OF.., EXCL. CATALYSTS IN THE FORM OF WIRE CLOTH..",197,455237,464341
71171900,"Imitation Jewellery Of Base Metal (Incl. Plated), Nes",110,979977,1004230
71179000,Imitation Jewellery (Excl. Of Base Metal),168,665930,679322
72083900,Flat-Rolled Imported by transformer and products of Chapter 72 & 73 industry,9944750,585705996,592450399
72085400,Of a thickness of less than 3 mm,4965,503009,513119
72091690,"Flat/Cold-Rolled Iron/Steel, In Coils, Width >=600mm, >1mm But <3mm Thick",3220,1066263,1087695
72101200,"Flat-Rolled Iron/Steel, Width >=600mm, <0.5mm Thick, Plated... With Tin",526770,83036919,84705960
72104100,"Flatrolld Iron/Steel,Wid.>=600mm,Plated Wth Zinc(Exc.Electroplatd)Corrugtd",81482,13359456,13626726
72104990,"Flat rolled products, NES",4897,666875,673543
72106910,Other plated or coated Of a thickness of 0.4 mm or more,70460,8820988,8909198
72107010,Of a thickness of 0.3 mm or more,21725,2601731,2654026
72109000,"Rolled Iron/Steel, Width >=600mm, Otherwise Clad,Plated Or Coated Nes",60,22822,23281
72112910,Carbon Steel Strips Of Thickness Not Exceeding 0.125mm,420,5293,79035
72112990,Width Upto 6mm (Excl. Reed Frame Steel Strips),212,56565,57702
72119000,"Flatrolled Iron/Nonalloy Steel,Wid<600mm,Nes(Inc.Furthr Worked Than Rolled",293785,21655440,22090714
72125010,Steel plate of a thickness of 0.25 mm to 0.50 mm,14,281146,286792
72132000,"Hot-rolled bars & rods of free-cutting steel, in coils",80,3366,12015
72139990,"Hot-rolled iron or non-alloy steel bars & rods, in irregularly wound coils, nes",12937,1285770,1311614
72142000,"Iron/steel bars & rods, hot-rolled...,twisted, or with deformations from rolling proc",2973372,216339061,219426324
72149900,"Iron/steel bars and rods, hot-rolled, hot-drawn or hot extruded, nes",10971,1464584,1494023
72155000,"Bars and rods of iron/steel, not further worked than cold-formed or cold-finished",2,2636,2662
72163300,"H Sections Of Iron/Steel, Hot-Rolled..., >=80mm High",281815,29314999,29904805
72165000,"Angles/Shapes/Sections Of Iron/Steel,Not Furthr Worked Than Hot-Rolled Nes",7185,674598,681909
72166100,"Angles,Shapes.. Of Iron/Steel,No More Workd Thn Cold-Formed,From Flat Rol.",4929,3636173,3823063
72171000,"Wire Of Iron/Non-Alloy Steel,Not Plated/Coated,Whether Or Not Polished",284774,28024816,34696667
72172000,"Wire Of Iron Or Non-Alloy Steel,Plated Or Coated With Zinc",733,1396339,1735161
72179000,Other,540,294480,297425
72199000,"Rolled Products Of Stainless Steel, >=600mm Wide, Nes",230,102612,114688
72202090,Not Further Worked Than Cold-Rolled(Cold-Reduced)Excl.Thickness <0.125 Mm,2656,927244,945881
72209000,"Rolled products stainless steel, <600mm wide, nes",35685,9303967,9438230
72210000,"Stainless Steel Bars & Rods, Hot-Rolled, In Irregularly Wound Coils",115,10552,10764
72221100,"Stainlss Steel Bars/Rods,Not Furthr Workd Than Hotrolld,Circular X-Section",1420,1745846,1763305
72221900,"Stainlss Steel Bars/Rods,Not Furthr Workd Than Hotrolld,Not Circ.X-Section",1243,191949,192634
72224000,"Angles, Shapes And Sections Of Stainless Steel",25,33217,33885
72230000,Wire Of Stainless Steel,67948,47293012,48429223
72269990,"Flat-Rolled Products Of Other Alloy Steel, <600mm Wide, Nes",6779,1655448,1688723
72279010,"Bars and rods, hot-rolled, in irregularly wound coils, of other alloy steel...M.S. shaft",129,12663,12917
72283000,"Bars And Rods Of Alloy Steel, Nes, Hot-Rolled, -Drawn Or Extruded",637,711220,718331
72286000,"Bars And Rods Of Alloy Steel, Nes",225,83717,83717
73030000,"Tubes, Pipes And Hollow Profiles, Of Cast Iron",11452,1762524,1785214
73041910,"Line pipe of a kind used for oil or gas pipelines:Excl.Of stainless steel, Exc",3600,2434157,2483084
73043100,"Seamless Iron/Steel Tubes/Pipes/Profiles, Circular, Cold-Drawn/Rolled",4,2454,2510
73043900,Other Circular cross section of iron or non alloy steel (Excl cold drawn or cold rol),4297,4038437,4341028
73044190,"Capillary Tube (Excl.16 Bwg To 29 Bwg), Of S.Steel, Circular Cross Section",1320,110136,112350
73049000,Seamless Iron/Steel Tubes/Pipes/Profiles Of Non-Circular X-Section,27570,3458425,4732655
73053100,Longitudinally welded,6463,4992138,5092479
73062120,"Casing and tubing of a kind used in the dril for oil/gas,Welded,of stainless st",4428,342289,349172
73062920,"Casing and tubing of a kind used in the dril for oil/gas,Excl.Weld.,of s.less s",7672,1673547,1706917
73063000,"Other, welded, of circular cross-section of iron or non-alloy steel",67888,8828220,8926026
73066100,"Othr,weld, of non-circu.cr.section Of square or rec.cross-sec., NES",10461,1919865,1953499
73069000,"Tubes, pipes and hollow profiles, riveted, of iron or steel, nes",4897,748517,775211
73072200,"Threaded Elbows, Bends And Sleeves Of Stainless Steel",66049,12035291,12277199
73072300,Butt Welding Fittings (Excl. Elbows And Bends) Of Stainless Steel,1200,148565,160573
73072900,"Tube Or Pipe Fittings Of Stainless Steel, Nes",772,43875,44757
73079100,Flanges Of Iron Or Steel (Excl. Stainless),1000,587108,598910
73079210,Sleeves,2,368,1126
73079290,"Threaded Elbows, Bends And Sleeves Of Iron Or Steel (Excl. Stainless)",0,122700,125165
73079910,"Tube Or Pipe Fittings Of Iron Or Steel (Excl. Stainless), Nes",0,18597,18970
73079990,"Tube Or Pipe Fittings Of Iron Or Steel (Excl. Stainless), Nes",33195,6229529,6370552
73083000,"Doors, Window-Frames And Thresholds For Doors Of Iron Or Steel",19289,17515986,17864358
73089010,Door co-ordinator,78633,9337161,9703469
73089020,Industrial Racking System,15495,2595841,2595841
73089091,Metal frames for LCD/LED TV panel,15320,9586796,10361602
73089099,"Structures And Parts Of Structures, Nes, Of Iron Or Steel",1071645,187844640,191098066
73102190,Cans Closed By Soldering And Crimping (Excl.Tin Plated Cans),318412,66735720,84033414
73110090,"Containers For Compressed Or Liquefied Gas (Ex.Capacity >5000l, Ckd)",976,325155,420656
73130000,"Barbed Wire And Other Fencing Material, Of Iron Or Steel",1,2822,2879
73143900,"Iron/Steel Grill, Netting & Fencing, Welded At Intersection, Nes",104,29974,30577
73144900,"Iron/Steel Cloth, Grill, Netting & Fencing, Nes,",1621,686605,700404
73151110,"Roller chain of iron or steel Of a kind used exclusively ..or automotive vehicles , nes",15601,12789154,13741857
73151200,Articulated Link Chain (Excl. Roller Chain) Of Iron Or Steel,8473,7980500,8132041
73158900,"Chain, Nes, Of Iron Or Steel",9423,25084399,25689762
73160000,"Anchors, Grapnels And Parts Thereof, Of Iron Or Steel",626,325032,331565
73170000,"Nails, tacks, drawing pins, ...erial, but excluding such articles with heads of copper.",33897,34631436,35592771
73181100,Threaded Coach Screws Of Iron Or Steel,7045,1636628,1913131
73181300,Threaded Screw Hooks And Screw Rings Of Iron Or Steel,8971,1669580,2304710
73181400,Threaded Self-Tapping Screws Of Iron Or Steel Imp by pre-fab. Buil. industry,2076,1941326,1999790
73181510,Flus type tower bolt,182,190920,194336
73181510,"Threaded Screws&Bolts Of Iron Or Steel,Nes Whether Or Not With Nuts/Washer",0,5169,6327
73181590,"Threaded Screws&Bolts Of Iron Or Steel,Nes Whether Or Not With Nuts/Washer",39162,13404374,13723682
73181600,Threaded Nuts Of Iron Or Steel,972,3822027,3900758
73181900,"Threaded Articles, Nes, Of Iron Or Steel",4446,1299576,1331516
73182100,Non-Threaded Spring Washers And Other Lock Washers Of Iron/Steel,312,877919,900456
73182200,Other washers,504,1038781,1062678
73182390,"Rivets, Nes",24351,22684221,25037524
73182400,Cotters And Cotter-Pins Of Iron/Steel,192,269605,275216
73182990,"Screw,bolts,nuts,coach,screws,screw hooks,river,cotters,cotter-pins,washers..,NES",22072,4425003,4566410
73194000,Safety pins and other pins,2661,3001826,3367297
73199000,"Knitting needles, bodkins, crochet hooks, etc, of iron or steel",1433,1486245,1543980
73201000,LEAF SPRINGS AND LEAVES THERE FOR,2,48698,52205
73202000,Helical springs of iron or steel,2,165768,169337
73209000,Other,5414,5417081,5556379
73209090,"Springs, nes, of iron or steel",0,8040,9842
73219000,"Parts Of Appliances Of 7321.11 To 7321.83, Of Iron Or Steel",320,312656,315783
73239300,"Table, kitchen or household articles... of stainless steel",1,43144,43868
73241000,"Sinks And Wash Basins, Of Stainless Steel",280,517070,527463
73249000,Sanitary Ware And Parts Of Sanitary Ware Of Iron Or Steel,2075,771047,786545
73251000,"Other Cast Articles Of Non-Malleable Cast Iron, Nes",620,210062,230304
73261900,"Forged Or Stamped Articles Of Iron Or Steel, Nes",127,63691,64625
73262090,Other Articles Of Ironor Steel Wire( Excl.Bead Wire For Cycle Tyres),31793,10501440,10694135
73269010,Steel bobbin,0,244,298
73269020,Metallic fittings for Insulator,2273,133682,135096
73269090,"Other Articles Of Iron Or Steel, Nes(Excl.S.S.Screen, Burette Stand)",1179961,240967729,254056266
74031900,"Refined Copper, Nes, Unwrought",1,14889,18226
74032100,"Copper-Zinc Base (Brass) Alloys, Unwrought",3591,6001186,6121809
74032200,"Copper-Tin Base Alloys (Bronze), Unwrought",21,6442,6506
74071000,"Bars, rods and profiles of refined copper",550,728347,742922
74072190,"Bars,rods and profiles of brass",190966,266582829,270227502
74072900,"Bars, rods and profiles of copper alloys, nes",221,275525,280932
74081100,"Wire Of Refined Copper, Maximum Cross-Sectional Dimension >6mm",820,875342,892936
74082100,Wire Of Brass,164562,208273068,218122069
74082200,Wire Of Cupro-Nickel Or Nickel Silver,1956,1439934,1454332
74082900,"Wire Of Copper Alloy, Nes",30,184050,187749
74091900,"Plates, Sheets And Strip, Of Refined Copper, Uncoiled, >0.15mm Thick",2781,4662701,4781887
74092100,"Plates, sheets and strip, of brass, in coils, >0.15mm thick In coils",51767,68151887,69352013
74092900,"Plates, Sheets And Strip, Of Brass, Uncoiled, >0.15mm Thick",13640,17873910,18183320
74094000,"Plates, Sheets And Strip, Of Cupro-Nickel/Nickel Silver, >0.15mm Thick",134,164786,166434
74099000,"Plates, Sheets And Strip, Of Copper Alloys, Nes, >0.15mm Thick",2511,4459388,4549022
74111000,Of refined copper,311,446314,455284
74112200,Tubes And Pipes Of Cupro-Nickel Or Nickel Silver,6120,11968005,14505215
74122000,Tube Or Pipe Fittings Of Copper Alloys,6,2172,2216
74130000,"Stranded Wire, Cables... Of Copper, Not Electrically Insulated",1572,2452744,2497141
74151000,"Nails And Tacks, Drawing Pins, Staples, Etc, Of Copper Or Partly Copper",2213,6923703,7005150
74152100,Washers Of Copper (Including Spring Washers),69,88953,90186
74153390,"SCREWS;BOLTS AND NUTS, EXCLUDING SCREWS FOR WOOD",14,11431,12206
74182000,Sanitary Ware And Parts Thereof Of Copper,712,1046263,1067292
75062000,"Plates, sheets, strip and foil of nickel alloys",1815,5844201,5961669
75072000,Tubes Or Pipe Fittings Of Nickel,1149,526173,531435
76041000,"Bars, rods and profiles of aluminium, not alloyed",9830,13146937,13411190
76042100,Hollow Profiles Of Aluminium Alloys,52892,33768360,34697102
76042900,"Bars, rods and profiles of aluminium alloys",46598,30535340,33349105
76051100,"Wire Of Aluminium, Not Alloyed, Maximum Cross-Sectional Dimension > 7mm",1050,660773,722843
76052900,"Wire of aluminium alloys, maximum cross-sectional dimension =<7mm",65,127031,129582
76061100,"Of Aluminium, not alloyed",22,2736,2763
76061200,"Of Aluminium, alloys",24161,12569712,12822229
76069190,"Plates... (Excl. Rectangular) Of Aluminium, Not Alloyed, >0.2mm Thick",375,652433,725223
76069200,"Plates...(Excl. Rec) of aluminium alloys,>0.2mm thick NES Of aluminium alloys",5190,2937336,2983082
76071100,Rolled but not further worked,17512,8556433,8728423
76071990,"Aluminium foil, =<0.2mm thick, not backed (excl. rolled),Nes",12,15742,16058
76072099,"Aluminium foil backed, NES",11933,4538955,5227480
76081000,"Tubes And Pipes Of Aluminium, Not Alloyed",33,36533,37268
76082000,Tubes And Pipes Of Aluminium Alloys,62742,64611724,66737475
76090000,Aluminium Tube Or Pipe Fittings,30390,11580242,11813001
76101000,"Doors, Windows And Their Frames And Thresholds For Doors, Of Aluminium",18239,18001985,18255192
76109010,"Aluminium Structure And Parts Of Structures..., Nes",4645,515383,525745
76109090,"Aluminium Structure And Parts Of Structures..., Nes",18822,3519588,3754252
76129090,"Aluminium casks, drums, etc, nes (excl. for gas), <300 l, nes",6,2513,2745
76141000,"Cables... of aluminium, with steel core, not electically insulated",844,340126,343527
76151090,"Table, kitchen or other household articles and parts thereof; of aluminium... polishing",4,20350,24911
76161000,"Nails, Tacks, Staples, Screws, Bolts, Nuts... Of Aluminium",10259,11631490,11847310
76169100,"Cloth, Grill, Netting And Fencing, Of Aluminium Wire",38,26381,26911
76169900,"Articles of aluminium, nes",52173,52637081,53743713
78011000,"Refined Lead, Unwrought",300763,84759726,86463391
78060090,Other Articles Of Lead Nes,10,231167,282976
79012000,Zinc alloys,362756,174813696,177435485
79050000,"Zinc Plates, Sheets, Strip And Foil",34574,23651610,24059322
79070090,"Other Articles Of Zinc, Nes",520,735407,750189
80012000,"Tin Alloys, Unwrought",200,498162,508176
80030000,"Tin bars, rods, profiles and wire",140,54884,55986
81011000,Powders Of Tungsten,363,2552160,2552160
82021000,Hand Saws,3,6988,7058
82031090,"Files, Raspsand Similar Tools Nes.",2,5865,5924
82032000,"Tweezers, Pliers, Pincers And Similar Tools",2,45531,53759
82041100,"Non-Adjustable, Hand-Operated Spanners And Wrenches",150,714494,748986
82041200,"Adjustable, Hand-Operated Spanners And Wrenches",213,69086,70399
82051000,"Drilling, Threading Or Tapping Hand Tools",61,107268,109424
82052000,Hammers And Sledge Hammers,1,969,1186
82054000,Screwdrivers,43,254468,259580
82055100,Household Hand Tools,4,4417,5133
82055990,"HAND TOOLS, NES (INCL. GRAZIERS' DIAMONDS) EXCLUDING FIBRE OPTIC CABLE FUSION SLICER",614,5469998,5579160
82057000,"Vices, Clamps And The Like",12,164258,165564
82059000,"Other,incl.sets of articles of two or more of sub-headings of this heading",4,15184,15490
82071900,Oth.Rock Drilling/Earth Boring Tool(Ex.With Working Part Of Cermets);Parts,3,5522,6060
82072000,Dies For Drawing Or Extruding Metal,21,1923232,1962396
82073000,"Interchangeable Tools For Pressing, Stamping Or Punching",2535,4185570,4266045
82075000,"Interchangeable Tools For Drilling, Other Than For Rock Drilling",7,25154,25659
82077000,Interchangeable Tools For Milling,4,144280,147181
82079000,"Other Interchangeable Tools For Hand Or Machine-Tools, Nes",408,711794,724634
82081000,"Knives And Cutting Blades, For Metal Working Machines",2,89988,108279
82082000,"Knives And Cutting Blades, For Wood Working Machines",0,2088,2130
82089000,"Knives And Cutting Blades, For Machines Or Mechanical Appliances Nes",7254,14522957,16065957
82111000,"Sets Of Assorted Knives, Nes",320,145196,151788
82119200,Other Knives With Fixed Blades (Excl. Table Knives),23,68062,68743
82119300,Knives(Excl. With Fixed Blades),2731,799625,815697
82119500,Knife Handles Of Base Metal,0,1407,1724
82130000,"Scissors, Tailors' Shears And Similar Shears, And Blades Therefor",614,553080,559586
83011000,Padlocks Of Base Metal,8336,17016466,18301575
83012000,Locks of a kind used for motor vehicle,1,12142,14863
83013000,Locks For Furniture Of Base Metal,13,8589,8675
83014090,Other locks,5074,15534028,15915741
83015000,"Clasps And Frames With Clasps, Incorporating Locks Of Base Metal",308,235379,244495
83016000,Parts Of Padlocks And Locks Of Base Metals,1911,614262,624061
83021000,Hinges Of Base Metal,684,183787,190719
83022000,Castors Of Base Metal,2547,1499072,1515208
83024100,"Mountings, Fittings, Etc, Suitable For Buildings, Of Base Metal, Nes",734,875896,896214
83024290,"Mountings, Fittings, Etc, Suitable For Furniture, Of Base Metal, Nes",1300,1855224,1873776
83024910,"OTHR MOUNTING, FIT.&SIMILAR ARTICLES, DEV. /FITTINGS FOR BARR.WIND. & OR PANIC EXIT DOOR",8,5539,5733
83024991,OTR MOUNTING FITTINGS &SIMILAR ARTI.EXCL. DEVICE/FIT.FOR BARRED WINDOWS & OR PANIC EXIT,21018,6109256,6891340
83024999,OTR MOUNTING FITTINGS &SIMILAR ARTI.EXCL. DEVICE/FIT.FOR BARRED WINDOWS & OR PANIC EXIT,14025,10779445,10995904
83025000,"Hat-Racks, Hat-Pegs, Brackets And Similar Fixtures Of Base Metal",624,2003912,2044054
83051000,Fittings For Loose-Leaf Binders Or Files Of Base Metal,15,4601,9203
83052000,"Staples In Strips, Of Base Metal",926,190799,225924
83059000,"Office Artcls.Such As Ltr.Clips,Ltr.Corners..Of Base Metal Incldng.Parts",375,2428756,2485470
83061000,"Bells, Gongs, Etc, Non-Electric, Of Base Metal Containing more than 99.99 % of bismut",2084,1965434,2018369
83062900,Statuettes and other ornaments of base metal (excl. plated),10,6158,6210
83071000,Flexible Tubing Of Iron Or Steel,8,285486,291225
83079000,Flexible Tubing Of Other Base Metal (Excl. Iron Or Steel),5007,1180623,1299584
83081000,"Hooks, Eyes And Eyelets Of Base Metal",332291,421482807,438192345
83082000,Tubular Or Bifurcated Rivets Of Base Metal,61169,236333798,242013056
83089000,"Clasps, Buckles... Beads Andspangles Of Base Metal (Incl. Parts)",251535,345599583,368706341
83099030,Combination seal for vials,770,1372120,1399698
83099091,"Stoppers, caps and lids.. excl.Crown corks nes,",131,933821,952583
83099099,"Stoppers, caps and lids.. excl.Crown corks nes,",6358,20575196,21324458
83100000,"Sign-Plates, Name-Plates, Address-Plates, Etc, Of Base Metal(Ex.Hsno-94.05",19573,51407896,53265653
83111090,"Coat electrode of base metal, for elec arc-weld, ExWeld wire imp by VAT reg com. manu",500,666261,680904
83112000,"Cored Wire Of Base Metal, For Electric Arc-Welding",615,72037,73485
83113000,"Coated rods and cored wire of base metal, for soldering, brazing...",43,400301,404327
83119000,"Wires, Rods... Of Base Metal, Coated/Cored (Incl. Powder For Sprays) Nes",14301,15972136,16272919
84021900,"Other Vapour Generating Boilers, Nes (Incl. Hybrid Boilers)",16109,13846695,14125013
84029000,Parts Of Sheam On Oth.Vapour Genrtng.Boilers & Super-Heated Water Boiles,2,78662,79448
84099910,For Engines of Industrial use and fishing trawler,262,972723,1097849
84099990,"Parts For Compression-Ignition Internal Combustion Engines, Nes",202,6660769,6761563
84109000,"Parts Of Hydraulic Turbines, Water Wheels Including Regulators",0,3481,4261
84111200,"Turbo-Jets, Of A Thrust >25kw",16800,8349547738,8517058727
84118100,"Gas Turbines,Of A Power =<5000kw",2271,376932304,384530786
84119100,Parts Of Turbo-Jets Or Turbo-Propellers,2,1010680,1030995
84121090,Reaction Engines (Excl. Turbo-Jet/Aircraft),470,2798296,2854542
84122100,"Hydraulic Power Engines And Motors, Linear Acting (Cylinders)",13,2393990,2442109
84122900,Hydraulic Power Engines And Motors (Excl. Linear Acting),262,667359,724386
84123100,"Pneumatic Power Engines And Motors, Linear-Acting (Cylinders)",97,843095,871486
84123900,Pneumatic Power Engines And Motors (Excl. Linear Acting),2,83522,85202
84129090,"Parts Of Engines And Motors Of 8412.10 To 8412.80, Nes",0,32945,33606
84132000,Hand Pumps For Liquids (Excl. Those Of 8413.11 Or .19),6,29524,36140
84133000,Fuel/Lubricating/Cooling-Medium Pumps For Internal Combustion Engines,47,6714568,6747045
84135000,Reciprocating Positive Displacement Pumps,80,186384,190130
84135000,,0,734347,749107
84136000,Rotary Positive Displacement Pumps,77,8037046,8198589
84137000,Other Centrifugal Pumps,1791,4783586,4878091
84138100,Other Liquid Elevatos Pumps,596,134774568,137489233
84139100,Parts of Pumps for liq. whts or not fitted with fitted with meas. dev.liquied elev.,204,1623608,1658039
84141000,Vacuum Pumps,836,9326243,9509979
84142000,Hand Or Foot-Operated Air Pumps,1684,1139798,1152736
84143010,Compressors For Refrigerating Equipment For Industrial Use,418,805218,808084
84144000,Air Compressors Mounted On A Wheeled Chassis For Towing,1995,539780,550674
84145910,Venlating exhaust fan with blade rotating diameter of 24 inch or mere,2889,717591,732636
84145990,"Otherv Fans, Nes",2006,5617206,5730112
84148010,Air Compressors,17252,38173678,40244311
84148020,"Pumps & Compressors; Hodds With A Fan, Blowers For Use In Piciculture Only",23,15664,15979
84148049,Compressor Excl Industial and VAT MFG AIRCON,12,9721857,9916500
84148090,"Other Air Pumps; Air Or Gas Compressors; Hoods With A Fan, Nes",70,203682,207773
84149020,Parts...Of compressor,0,5670,5726
84149090,"Parts Of Air/Vacum Pumps, Of Air/Gas Compressors, Nes",9,1098884,1109895
84151010,"A/C, Window/wall self contained Requiring more than 300,000 BTU or equivalent",3560,2376682,2424450
84178000,Industrial Or Laboratory Furnaces (Incl. Incinerators),1080,384093,387933
84186910,"Refrigerating Or Freezing Equipment,Heat Pumps, Industrial",98155,121186618,123622467
84186997,"Chiller, capacity 25 tons or above",35,1202215,1226378
84186999,"Freezers of the upright type, (Excl.) exceeding 900 L or 800L capacity",44,1837433,1874365
84189900,Parts for imported by VAT registered refrigerator and freezer manufacturers,1,29011,29015
84193300,"Lyophilisation apparatus, freeze drying units and spray dryers",448,938164,1146579
84193900,"Non-Domestic Dryers, Nes",5962,6509889,7033933
84195000,Heat Exchange Units,32,14172099,14456953
84198100,"Non-Domestic Equipment, For Cooking Or Heating Food",2,6039,7392
84198990,Other,6749,22276336,22728331
84199000,Parts Of Non-Domestic Heating/Cooling Equipment,615,3425660,3667835
84209100,Cylinders For Calendering Or Other Rolling Machines,2202,2658403,2691380
84209900,"Parts Of Calendering Or Other Rolling Machines, Nes",2486,3493269,3528200
84211990,"Oth. Centrifuges, incl. Centrifugal dryers; filtering.. Excl.laboratory, industrial type",1,16245,16572
84212192,Water purifying machine (Industrial type),1326,1131002,1145418
84212193,Effluent (waste water) Treatment Plant,149528,89373085,91169483
84212194,"Carbon filter, filter housing, diffuser",420,156639,159787
84212199,Other (excl. effluent waste water treatment plant),3,5276,5382
84212300,Oil Or Petrol-Filters For Internal Combustion Engines,356,1650623,1683019
84212990,"Filtering or purifying machinery and apparatus for liquids, NES",171,1077251,1099055
84213100,Intake Air Filters For Internal Combustion Engines,17,2399396,2452942
84213920,Industrial filter for air or other gases; overhead travelling .. cyclone of industria,39,1167809,1187516
84213990,Other,23,27558,27904
84219910,Parts Of Machinery... For Filtering/Purifying Liquids Or Gases,0,14221,14507
84219990,Parts Of Machinery... For Filtering/Purifying Liquids Or Gases,2683,3712163,3851175
84223000,"Machinery For Filling,Closing...Etc.Bottles,Cans Etc,& Aerating Drinks",1476,3522843,3569358
84224000,"Oth.Packing/Wrapping Machinery, (Incl. Heat-Shrink Wrapping Machinery)Nes",8610,26200597,26739848
84229000,Parts Of Machinery Of 8422.11 To 8422.40,15,20859,27539
84231090,"Personal wt. Machine .., h/hold scales... Excl. Neonatal scale with spring",1,12298,15054
84232000,Scales For Continuous Weighing Of Goods On Conveyors,2,21141,23206
84233000,Constant Weight Scales And Scales For Discharging A Predetermined Weight,12,122030,123263
84238210,Weighting Capacity Exceeding 200KG,93,18084,18447
84241000,"Fire Extinguishers, Whether Or Not Charged",6,407428,415617
84242010,Spray Guns And Similar Appliances Of Industrial Use,2626,6738618,8101308
84242030,SPRINKLER SYSTEM AND EQUIPMENTS,115807,48266135,49236279
84243000,Steam Or Sand Blasting Machines And Similar Jet Projecting Machines,154,149677,152685
84248900,Mechanical Appliances For Projecting/Dispersing/Spraying Liquids/Powders,9009,41013054,41942575
84249000,Parts Of Machinery And Apparatus Of 8424.10 To 8424.89,1804,550084,880686
84251100,"Pulley Tackle And Hoists..., Powered By Electric Motor",410,632028,639613
84251900,"Pulley Tackle And Hoists..., Nes (Excl. Skip Or Vehicle Hoists)",2540,3813516,3890168
84253900,"Winches, Capstans, Nes",5355,8845688,9023487
84254200,Hydraulic Jacks And Vehicle Hoists,547,101596,103637
84271000,Self-Propelled Works Trucks Powered By An Electric Motor,12072,6573147,6673200
84272000,Self-Propelled Works Trucks (Excl. Electic),7645,6081679,6181781
84281000,Lifts And Skip Hoists,3513,1717800,1734978
84283300,"Continuous-Action Elevators And Conveyors, Belt Type, Nes",5380,11771470,12008076
84283900,"Continuous-Action Elevators And Conveyors, Nes",1153,736200,750998
84289000,"Lifting, Handling, Loading Or Unloading Machinery, Nes",9810,3565649,3637319
84295200,Self-Propelled Bulldozers... With A 360o Revolving Superstructure,80,81658,83300
84312000,Parts Of Machinery Of 84.27,1041,594772,606729
84313900,"Parts Of Machinery Of 84.28 (Excl. Lift, Skip Hoists Or Escalators)",3146,3487811,4087236
84314900,"Parts of machinery of 84.26, 84.29 and 84.30, nes",13,13779,13917
84411000,Cutting Machines,18047,12377117,12538999
84419000,"Parts Of Machinery For Making Up Paper Pulp, Paper Or Paperboard, Nes",1274,1619025,1641202
84423000,"Machinery, apparatus and equipment for pre. or making plates, ..comp. Machiner",605,3383453,3499149
84425020,PRINTING PLATES,16499,10973521,11188088
84425090,"Other Printing Type,Blocks,Plates,Cylinders...Other Printing Components",77,129352,130475
84431900,"Other printing components(excl.Offset printing machinery, Letterpress printing",6480,11514659,11746169
84433290,Other printer (excl. computer printer),1246,2855108,2912605
84433910,Inkjet printer,3013,39305805,40095815
84433999,"Other printing machine,nes",1,1955,1994
84439100,"Parts & acces.of printing m/c used for print. by means of plates, cylinders an",567,1922789,1961891
84439910,Toner cartridge/Inkjet cartridge,99,1357909,1382821
84439920,Other parts for Computer Printer,359,3558090,3629607
84439990,Parts & accessories other than compuet printer,458,16014611,16432914
84451100,"Carding Machines, For Preparing Textile Fibres",70816,13497000,13768282
84452000,Textile Spinning Machines,62315,73620000,75099762
84454000,Textile Winding (Incl. Weft-Winding) Or Reeling Machines,10258,28431431,28716297
84459000,"Machinery For Producing Or Preparing Textile Yarns, Nes",42,85890,87616
84471100,"Circular Knitting Machines, With Cylinder Diameter =<165mm",79425,105339791,107457210
84472000,Flat Knitting Machines; Stitch-Bonding Machines,1191,12270000,12516637
84479000,"Machines For Making Gimped Yarn, Tulle, Lace, Embroidery, Trimmings, Etc",46866,55215000,56110676
84481900,"Auxiliary Machinery For Machines Of 84.44, 84.45, 84.46, 84.47",0,89894,90802
84482090,Parts And Accessories Of Machines Of 84.44 Or Their Auxiliary Machinery,597,1249082,1274189
84483100,Card Clothing,60,4558305,5814046
84483200,"Parts And Accessories Of Machines For Preparing Textile Fibres, Nes",9245,11501248,12249983
84483300,"Spindles, spindle flyers, spinning rings and ring travellers",114,487242,497034
84483900,"Parts And Accessories Of Machines Of 84.45, Etc, Nes",1854,527610,542046
84484210,"Reeds And Wire Healds, For Loom",7,15951,15951
84484290,Other Reeds For Looms Healds And Heald-Frames,883,3706096,3770661
84484900,"Parts And Accessories Of Weaving Machines (Looms), Nes",909,7649188,7765491
84485100,"Sinkers, needles and other articles used in forming stitches",136,8126548,8979605
84485900,"Other Parts And Accessories Of Machines Of 84.47, Etc, Nes",142,2075128,2354113
84511000,Dry-Cleaning Machines,8085,25291563,25799923
84512100,"Drying Machines, Of A Dry Linen Capacity =<10kg",48,187240,191003
84513000,Ironing Machines And Presses (Incl. Fusing Presses),23975,36921426,37421594
84514000,"Washing, Bleaching Or Dyeing Machines, Nes",32172,91874502,93694656
84515000,"Machines For Reeling, Unreeling, Folding, Cutting... Textile Fabrics",24997,79643754,83854607
84518000,"Machines For Wringing, Dressing, Finishing... Textile Yarns, Fabrics...",17689,50450579,51059954
84519000,"Parts Of Machines For Cleaning, Drying, Ironing, Etc",18349,65413553,70715174
84522100,Automatic Sewing Machines,58341,103087001,111082203
84522990,Sewing Machines Of Industrial Type (Excl. Automaic Units ) Nes.,7669,19383901,20032294
84523000,Sewing Machine Needles,376,9518811,9842766
84529010,"Furniture, bases and covers for sewing machines and parts thereof",2896,608837,728647
84529090,Other parts of sewing machines,2528,22942781,24380473
84531000,"Machinery For Preparing, Tanning Or Working Hides, Skins Or Leather",9960,4183193,4369800
84532000,Machinery For Making Or Repairing Footwear,27389,31375990,34610697
84538000,"Machinery For Making/Repairing Articles Of Hides, Skins Or Leather, Nes",290,409268,472142
84539000,"Parts Of Machinery For Preparing ... Leather, Making Footware, Etc",1153,13304907,15869312
84543000,Casting Machines Used In Metallurgy Or In Metal Foundries,16350,9110475,9201580
84549000,"Parts Of Converters, Ladles... Casting Machines",502,463778,473102
84561100,"Operated by laser or other light or photon beam processes,Operated by laser",3478,26233628,26587683
84581100,"Horizontal Lathes For Removing Metal, Numerically Controlled",1243,199926,205951
84592900,"Drilling Machines For Removing Metal, Nes",6,4663,4756
84602900,"Grinding Machines, Nes, Accurate To 0.01mm",16,124315,125644
84603100,"Sharpening (Tool Or Cutter Grinding) Machines, Numerically Controlled",5,348212,422033
84609000,"Other Machines For Deburring, Grinding, Polishing, Etc, Metal, Nes",220,423315,513058
84612000,Shaping Or Slotting Machines For Working Metal Or Cermets,95,71031,72459
84619000,"Other Machine Tools Working By Removing Metal Or Cermets,Nes",105,1346583,1360049
84621900,Other Than Closed die forging machines,2072,305081,311213
84623900,"Shearing Machines (Incl. Presses), Nes",531,377905,385501
84624900,"Punching Or Notching Machines (Incl. Presses), Nes",9893,5296375,5374548
84626100,Cold metal working presses : Hydraulic presses,246,170562,173990
84629000,Machine-tools (Including presses) for working metal by... not specified above NES,2000,852029,864442
84633000,"Machines For Working Wire, Without Removing Material",21440,19018500,19400772
84642000,"Grinding Or Polishing Machines, For Working Stone, Ceramics, Etc",6,79718,80515
84659300,"Grinding, Sanding Or Polishing Machines For Working Wood, Cork, Etc",120,483991,488831
84659900,"Other Machine-Tools, Nes, For Working Wood, Cork, Bone, Hard Rubber, Etc",140,330828,400964
84662000,Work Holders For Machine-Tools,1,26840,32856
84663000,Dividing Heads And Other Special Attachments For Machine-Tools,22,87656,98201
84669100,Parts And Accessories For Machines Of 84.64,64,138695,141483
84669200,Parts And Accessories For Machines Of 84.65,12,39615,40411
84669300,Parts And Accessories For Machines Of 84.56 To 84.61,445,19862983,20262690
84669400,Parts And Accessories For Machines Of 84.62 To 84.63,1,124974,127420
84671900,"Pneumatic Tools (Excl. Rotary Type), For Working In The Hand",634,255618,263621
84672100,DRILLS OF ALL KINDS;WITH SELF CONTAINED ELECTRIC MOTOR,127,220896,225335
84672900,TOOLS FOR WORKING IN THE HAND;EXCLUDING DRILLS AND SAWS,2,2622,2648
84678900,"Tools for working in the hand, with non-electric motor, nes",21,42867,43295
84688000,"Machinery And Apparatus For Soldering, Brazing Or Welding, Nes",3,1123,1145
84713000,"Portable Digital Adp Machines,Wt<=10 Kg,Comp.At Least Cpu,Keyboard&Display",4,204173,204173
84714100,"Nonportable Adp Machines,Comprisng At Least Cpu & I/O Unit In Same Housing",6,46751,47691
84715000,"Processing units other than those of subheading 8471.41 or 8471.49, whether or",138,1492032,1522020
84716010,Adp Input/Output Units Whether/Not Containg. Storage Units In Same Housing,6,1324387,1351006
84716090,Adp Input/Output Units Whether/Not Containg. Storage Units In Same Housing,4,609954,623933
84718000,Other Units Of Automatic Data Processing Machines Nes,1,38563,39338
84719000,Magnetic or optical readers; machines for transcribing data onto data media...nes,291,961134,979557
84729090,"Office machines (incl. coin-sorting/counting/wrapping machines...) , nes",43,132316,134972
84733000,Parts And Accessories Of The Machines Of 84.71,5,121121,123235
84749000,Parts Of Machinery Of 84.74,4,85692,104896
84769000,Parts For Automatic Goods-Vending Machines,1,1038,1061
84771000,"Injection-Moulding Machines For Working Rubber Or Plastics, Etc",28650,38592095,39367796
84775900,"Machinery For Moulding Or Forming Rubber Or Plastics, Etc, Nes",17150,22533855,22986780
84778000,"Other Machinery For Working Rubber/Plastics Or Making Products Thereof,Nes",4904,6933362,7063675
84779000,"Parts Of Machinery For Working Rubber Or Plastics, Etc",556,1038742,1122507
84781000,"Machinery For Preparing Or Making Up Tobacco, Nes",3000,3681000,3754988
84795000,"Industrial Robots, Nes",240,233980,238683
84798100,"Machines For Treatng Metal,Inc.Elec.Wire Coilwinders,Individual Functions",4275,20398875,20808816
84798200,"Machines For Mixing,Kneading,Crushing,Grinding,Having Individual Functions",80,412640,420935
84798900,"Machines, having individual functions, nes",36974,73986489,75707688
84799000,Parts Of Machines Having Individual Functions Of Hs Heading 8479,81,5339977,5446977
84802000,Mould Bases,123111,73632771,97773168
84803000,Moulding Patterns,1046,1400978,1429158
84804100,Injection Or Compression Type Moulds For Metal Or Metal Carbides,1194,1961340,2010948
84804900,Moulds For Metal Or Metal Carbides (Excl. Injection Or Compression),1112,1024442,1060012
84806000,Moulds For Mineral Materials,510,179711,210691
84807100,Injection Or Compression Type Moulds For Rubber Or Plastics,8065,10858924,10984156
84807900,Moulds For Rubber Or Plastics (Excl. Injection Of Compression),54218,90175654,95217783
84811019,"Pressure-reducing valves,... not exceed 1 inch, Excl. Press. regulator/valve for LPG",14,419086,444902
84812010,"Valves for oleohydraulic or pneumatic transmission, inner diameter not exceeding 1 inch",153,7729190,7876309
84812090,"Valves for oleohydraulic or pneumatic transmissions,Excl.Inner diameter not excee. 1 inc",45,725066,748981
84813019,"Check (nonreturn) valves, inner diameter <= 1 inch.",120,64138,65427
84813090,"Check (nonreturn) valves, Excl. Inner Diameter <= 1 inch.",813,2498636,2548679
84814019,"Safety or relief valves, Inner dia. <= 1 inch., Excl. Safety or relief valve for LPG",25,12073670,12316269
84814090,"Safety or relief valves, Excl. diameter <= 1 Inch",13,191182,193831
84818021,Hand diaphragm valve,205,4965155,5064952
84818029,Hand diaphragm valve,28,5320037,5429412
84818090,"Inner Diameter <1 inch,nes",92,44495529,45389568
84819090,"Parts of taps and cocks, NES",4,957786,982865
84821000,Ball Bearings,1330,598493,615721
84822000,"Tapered Roller Bearings, Including Cone And Tapered Roller Assemblies",125,886161,903973
84824000,Needle Roller Bearings,138,403931,411995
84828000,"Ball Or Roller Bearings (Incl. Combined Ball/Roller Bearings), Nes",1959,14060374,14370890
84829900,"Parts Of Ball Or Roller Bearings (Excl. Balls, Needles And Rollers)",0,4285,5245
84831000,Transmission shafts (incl. cam and crank shafts) and cranks,8771,6774907,6925456
84832000,"Bearing housings, incorporating ball or roller bearings",8,67333,70425
84833000,"Bearing Housings, Nes; Plain Shaft Bearings",232,6982122,7110120
84834000,Gears and gearing; ball or roller screws; gear boxes and other speed changers...,126,1459312,1485410
84835000,Flywheels And Pulleys (Incl. Pulley Blocks),8,1024222,1064960
84836000,Clutches And Shaft Couplings (Incl. Universal Joints),14,264887,270211
84839000,"Parts Of Transmission Shafts, Cranks, Bearing Housings, Gears, Etc",22,468149,515678
84841000,Gaskets... Of Metal Combined With Other Materials Or >1 Metal Layer,121,122407,124491
84842000,Mechanical Seals,26,2516501,2562107
84849000,Sets Or Assortments Of Gaskets And Similar Joints,6,42770,47599
84879000,Machinery Parts other than ships' or boats' propellers and blades therefore,100,591267,643746
85011010,Fan motor fitted with revolving mechanism,11,50129,52370
85011090,Motors Of An Output =<37.5 W,111,659474,680718
85013100,"Oth DC motors; DC generators, other than photovoltaic genera <=1200 W",319,907506,920985
85013200,"Oth DC motors; DC generators, other than photovoltaic generators : >1200 W But <=75 Kw",144,52859,53922
85014010,"Ac motors, single-phase.. Of an output not exceeding 750 W",285,1190843,1300236
85014020,"Ac motors, single-phase...Of an output exceeding 750 W but not exceeding 75 KW",114,460896,487171
85014090,"Ac motors, single-phase...Excl. Of an output not exceeding 750 W",14,73007,74101
85015100,"Ac Motors, Multi-Phase, Of An Output =<750 W",239,531985,566969
85015200,"Ac motors, multi-phase, of an output >750 W-<=75 kW",44,138328,154063
85015300,"Ac Motors, Multi-Phase, Of An Output >75 Kw",9,126456,144127
85016300,"AC generators (alternators), other than photovoltaic generato >=375 Kva But <=750 Kva",380,352560,431575
85017240,Photovoltaic DC generators : Of an output exceeding 50 W :,236923,104969622,107079508
85021300,"Generating Sets With Compression-Ignition Engines, >375 Kva",5645,360174,367414
85022000,Generating sets with spark-ignition internal combustion piston engines,3700,3948241,3987723
85030020,PARTS OF OTHER GENERATOR,431,4393022,4481319
85030030,Rotor/Motor bush/Casing for electric motors,16,61741,75578
85030093,Others parts of motor,5,1754,2115
85030099,Stator other than with/without winding wire,15,306772,312937
85042290,Having a power handling capacity exceeding 1000kVA but not exceeding 10000kVA,5240,405057,413198
85043100,"Transformers, Nes, Power Handling Capacity =<1 Kva",491,1696875,2070192
85043300,"Transformers, Nes, Power Handling Capacity 16-500 Kva",18,32918,40334
85044010,Mobile battery charger(less than 6V),145,338521,436122
85044020,UPS/IPS (Capacity upto 2000 VA),15,2457388,2546291
85044030,"Voltage stabilizer (capacity upto 2,000 VA)",1,1912,1931
85044090,Other Static converters,1886,12296367,12703521
85045000,"Inductors, Nes",308,1363149,1629957
85051100,Permanent Magnets And Articles Becoming Permanent Magnets Of Metal,3325,1443320,1469374
85051900,Permanent Magnets And Articles Becoming Permanent Magnets (Excl. Metal),19,9374,9562
85059000,"Other Electro-Magnetic Or Permanent Magnet Chucks,Etc;Incl.Parts Of Magnet",5,155647,158765
85065000,Primary Cells And Primary Batteries Of Lithium,6916,24387599,24860368
85071000,Lead-Acid Accumulators For Starting Piston Engines,116,746752,761762
85072090,Other Lead Acid Accumulators,9,532027,542721
85076000,Lithium-ion,38,16353599,16682305
85079010,Separators,4840,2065912,2091877
85079090,"Parts Of Electric Accumulators, Nes",192,390186,398028
85086010,"Other vacuum cleaners, Industrial type",200,61711,62951
85119000,Parts Of Electrical Ignition/Starting Equipment Of 85.11,7,3807993,3884665
85121000,Lighting Or Visual Signalling Equipment For Bicycles,2205,10757509,11864821
85122000,Lighting Or Visual Signalling Equipment For Motor Vehicles,20,69230,70621
85131090,"Lamps, NES",6,38116,38769
85141900,Resistance heated furnaces and ovens : Excluding Hot isostatic presses,382,788025,799529
85149000,"Parts Of Industrial Or Laboratory Furnaces And Ovens, Etc, Of 85.14",13,69431,84150
85151100,Soldering Irons And Guns,15,66510,68794
85151900,"Brazing Or Soldering Machines And Apparatus, Nes",2,4317,4404
85158000,"Machines And Apparatus For Welding/Spraying Of Metals, Nes",63,429540,436902
85159000,"Parts Of Soldering, Brazing, Welding, Etc, Machines/Apparatus Of 85.15",39,243216,248044
85162900,"Electric space heating and soil heating apparatus, nes",2122,40798351,41614950
85163100,Electro-Thermic Hair Dryers,24,26994,27536
85164010,Industrial Steam Iron,864,3437121,3496835
85164090,"Other Electrical Smoothing Irons,Nes",19,122700,124915
85166000,"Electric Ovens, Nes; Cookers, Cooking Plates, Boiling Rings, Grillers...",190,153819,155357
85168000,Electric Heating Resistors (Excl. Those Of 85.45),62,519299,601828
85169000,Parts Of Electro-Thermic Appliances Of 85.16,4,118554,123807
85182900,"Loudspeakers, Not Mounted In Encloseurs",137,299879,305906
85234929,Optical media: Incorporating computer software,1,170,1753
85234990,Other Optical media (EXCL. Unrecorded),0,1227,1252
85235910,Proximity Cards and tags,97067,508176096,520087803
85235920,RFID TAG,421882,2098595868,6172035174
85235920,RFID TAG Imp by Industrial IRC Holder VAT Compliant 100% Export Oriented Textile Ind,166,274008,279513
85235990,Semiconductor media : Excl. Proximity Cards and tags,33488,135101566,143575666
85238010,Database; os; dev. tools; productivity; commn or collaboration soft.,1,150185,151369
85249900,"Flat panel display modules, whether or not incorporating touch-sensitive screens,NES",2,24557,24802
85258900,"Flat panel display modules, whether or not incorporating touch-sensitive screens. NES",431,3595955,3633942
85269200,Radio Remote Control Apparatus,5,98774,99842
85279900,"Other sound record. or reproducing apparatus, nes, CBU",2,71166,72592
85285290,"Other Monitor, excluding Computer monitor size not exceeding 22 inch",25,1359670,1387000
85285900,"Other Monitor, excl, of a kind solely or principally?.an automatic data proc..",9,165523,186830
85299030,Loaded printed circuit board of Heading 85.27 and 85.28,1,17347,17696
85299031,"LOADED PRINTED CIRCUIT BOARD OF HEADING 85.27 AND 85.28, IMPORTED BY VAT REGISTERED",0,10303,12625
85299090,Parts Of Apparatus Of Heading No. 85.25 & 85.26,2,522282,532832
85311000,Electrical Burglar Or Fire Alarms And Similar Apparatus,51420,58005356,59214288
85312000,ndicator panels incorp. liquid crystal devices (LCD) or light-emitting diodes (LED),73,221719,226175
85318000,"Electrical Apparatus For Sound Or Visual Signalling, Nes",9653,17453836,68043889
85319000,Parts Of Apparatus Of 85.31,76958,89601150,101711666
85321000,Fixed Capacitors For 50/60 Hz Circuits Having Power Capacity >=0.5kvar,86,88589,89613
85322200,Aluminium electrolytic,0,15788,19326
85322300,"Fixed Electrical Capacitors Of Ceramic Dielectric, Single Layer",2,58196,62334
85322990,"Fixed electrical capacitors, nes, Excl capacitors imp by VAT reg comp. manu.",505,270648,275626
85323000,Electrical Variable Or Adjustable (Pre-Set) Capacitors,2484,6849114,8365152
85331000,"Fixed Carbon Resistors, Composition Or Film Types",230,1542216,1766755
85332900,Other Fixed Resistors For A Power Handling Capacity >20w,0,4083,4997
85333900,Wirewound Variable Resistors For A Power Handling Capacity >20 W,3,91240,111688
85334000,"Variable Resistors, Nes (Incl. Rheostats And Potentiometers)",3,92055,97946
85339000,"Parts Of Electrical Resistors, Rheostats And Potentiometers",82,120369,122788
85340000,Printed Circuits,2971,8857828,9568571
85353000,"Isolating Switches And Make-And-Break Switches, >1000 V",4,49696,53493
85354010,Lightning arresters,129,2359442,2406656
85359090,"Other Apparatus For Switching... Electrical Circuits, >1000 V, Nes",173,2719354,3107349
85361000,"Fuses, =<1000 V",91,647881,679236
85362000,"Automatic Circuit Breakers, =<1000 V",327,1659262,1703229
85363090,"Apparatus For Protecting Electrical Circuits, Nes, =<1000 V",140,2470665,2523000
85364100,Relays For A Voltage =<60 V,0,1380,1691
85364910,PTC relay,1,47522,48474
85364990,Relays For A Voltage 60-1000 V,3,175273,186935
85365000,Other switches,76,417162,437286
85366900,Other,242,965563,968715
85367000,"Connectors for optical fibres, optical fibre bundles or cables",22,906423,929076
85369010,"Connector, Terminal and Electrical apparatus",27,210926,218380
85369090,"Apparatus For Switching... Electrical Circuits, Nes, =<1000 V",1989,1274888,1301057
85371010,BUSBAR TRUNKING SYSTEM,12238,40508031,41262811
85371020,Electric panel,2324,2340148,2387283
85371090,Other,3402,122812479,125525647
85372000,"Boards...Equipped With Two/More Apparatus Of 85.35/85.36, Voltage > 1000v",5553,8304991,8456379
85389000,"Other than Parts Of Apparatus Of 85.35 To 85.37, Nes",22,2510558,2561854
85391000,Sealed Beam Lamp Units,2,2354696,2358524
85392110,Tungsten Halogen Lomp For Use In Laboratories Or Operation Theatres,0,72464,73921
85392190,Other Tungsten Halogen Filament Lamps (Excl.Ultra-Violet Or Infra-Red)Nes.,1,11487,11719
85392990,"Elec.filmnt.or discharge lamps,incl. sealed beam..excl.Indicator pilot lamp 6V-60V/5 wa",1,10535,10745
85393120,T5 tube light,333,1429799,1503917
85393190,"Discharge Lamp other than Ultra-Violet Lamps, Fluorescent, Hot Cathode",1176,2700190,2756955
85394100,Arc-Lamps,2,73200,89605
85394990,Other Ultra-Violet Or Infra-Red Lamps Nes.,219,1454755,1535248
85395200,Light-emitting diode (LED) light sources :Light-emitting diode (LED) lamps,11637,29343253,35859525
85399030,Of Light-emitting diode (LED) lamps,0,4964,5064
85399090,"Parts For Filament Or Discharge Lamps,Excl.Aluminum Base Cap For Lamps,Nes",54,278161,340502
85411000,"Diodes, other than photosensitive or light-emitting diodes (LED)",262,8584414,15415737
85412900,"Transistors (Excl. Phototransistors), With A Dissipation Rate >=1w",57,3803402,3972453
85414100,"Photosensitive semi-conductor devices, including....Light-emitting diodes (LED)",460,8302172,8603409
85414900,"Other --- Photosensitive semi-conductor devices,..light-emitting diodes (LED) NES",0,31399,32032
85423120,Other module,1,520037,530586
85423990,"Electronic integrated circuits,nes",127,5621249,5738247
85429000,Parts,90,2433620,2979042
85433000,"Machines/Apparatus For Electroplating, Electrolysis Or Electrophoresis",1079,578443,590069
85437090,"Other machines & appa., Excl. Remote control for electronic and electrical appa.",2892,9899524,10064888
85439090,Parts excluding Electronic Cigarattes and Similar personal electric vaporising device,16,98311,100221
85441990,Other Winding Wire (Excl Wire Of Copper & Cotton Braided Electric Cables),610,908667,926931
85442000,Co-Axial Cable And Other Co-Axial Electric Conductors,8992,15378415,15695917
85444200,"Other electric conductors for a voltage not exceeding 1,000 V: Fitted with conn",11576,49745422,51788400
85444900,"Electric Conductors, Nes, For A Voltage <=80 V, Not Fitted With Connectors",41849,44801368,45439516
85446000,"Other electric conductors, for a voltage exceeding 1000V",2470,949698,968786
85452000,Carbon Brushes,1,22495,22946
85469000,Electrical Insulators (Excl. Of Glass Or Ceramics),42,29886,30487
85479000,Other,9,3460,3529
87082100,Safety seat belts,36,4446648,4536025
87141090,"Parts and acce. Of Motorcycles, EXCLUDING Saddles",922,1927862,1966612
87149100,"Frames and forks, and parts thereof",165058,134093876,141925936
87149210,"Wheel Rims & Spokes Of Bicycles & Other Cycles, Not Motorised",46092,34632171,36180833
87149311,"Hubs, other Than Coaster Braking Hubs & Hub ... Free-wheel sprocket-wheels of bicycle",20224,37780344,38678351
87149319,"Hubs, other Than Coaster Braking Hub excluding Free-wheel sprocket-wheels of bicycle",53810,72183711,74054033
87149390,"Hubs,Other Than Coaster Braking Hubs & ....Of Bicycles (Excl.Not Motorised",7732,4032516,4096028
87149410,"Brakes,Including Coaster Braking Hubs & Hubs...Of Bicycles, Not Motorised",49009,94235711,96424603
87149490,"Brakes,Including Coaster Braking Hubs &..Of Bicycle (Excl.Not Motorised)",8333,5013297,5096617
87149510,"Saddles Of Bicycles & Other, Not Motorised",21307,21371654,22458913
87149610,"Pedals & Crank-Gear Of Bicycles & Other, Not Motorised",98035,51084481,55898495
87149690,Pedals & Crank-Gear Of Bicycles & Other (Excl. Not Motorised),15229,4028724,4095455
87149900,"Parts and accessories of cycles, nes",218715,254232512,266680176
87168000,"Vehicles, Not Mechanically Propelled, Nes",690,15250,15557
87169000,"Parts Of Trailers, Semi-Trailers, Etc, Of 87.16",310,100069,102080
88073090,"Other parts of aeroplanes, helicopters or unmanned aircraft :",1696,313111549,323346335
89069000,"OTHER VESSELS, EXCLUDING WARSHIPS",1335,2542344,2593446
90015000,Spectacle Lenses (Excl. Of Glass),8817,3020135,3052294
90019010,Blanks And Demos Of Plastic,10,2540200,2591256
90019090,"Oth. Prisms, Mirrors And Other Optical Elements, Unmounted, Nes",6962,28700563,29245425
90021100,"Mounted Objective Lenses, Of Any Material, For Cameras, Projectors, Etc",273,8736528,10580500
90029000,"Oth. Mounted Lenses, Prisms, Mirrors, Etc, Of Any Material, Nes",215,9055666,9242189
90031100,"Frames And Mountings For Spectacles, Goggles Or The Like, Of Plastics, TV",28,96626,98559
90031900,"Frames And Mountings For Spectacles, Goggles Or The Like, Nes, TV",131,2780740,2836357
90039000,"Other Parts Of Frames And Mountings For Spectacles, Goggles Or The Like",1043,15585068,15896776
90041000,"Sunglasses, TV",99,208222,212509
90049000,"Spectacles, Goggles And The Like (Excl. Sunglasses), TV",7,68210,73772
90069100,Parts And Accessories For Cameras (Not Cine-),80,2216223,2374862
90089000,"Parts And Accessories Of Image Projectors, Photo Enlargers/Reducers",199,3074852,3136654
90132000,"Lasers, Other Than Laser Diodes",1,67976,82387
90158090,"Other Instruments And Appliances For Meteorological... Purposes, Nes",8,2222254,2266921
90160000,"Balances Of A Sensitivity Of 5cg Or Better, With Or Without Weights",16,24785,25284
90173000,"Micrometers, Calipers And Gauges",4,81596,83226
90178010,Plotter,878,2454000,2953924
90178090,Other Instruments,62,240247,245076
90183130,Plastic syringe with or without needles,3,7584,8123
90183913,Feeding tube,0,2806,3436
90200000,Other Breathing Appliances And Gas Masks,61,268644,272260
90211000,ORTHOPAEDIC OR FRACTURE APPLIANCES,2409,15845969,16247859
90241000,"Machines/Appliances For Testing The Hardness, Strength... Of Metals",181,382123,389803
90248010,Other Machines/Appliances For Testing... Materials (Excl. Metals),481,542379,547802
90248090,Other Machines/Appliances For Testing... Materials (Excl. Metals),3649,25311126,25795229
90249000,Parts And Accessories Of Machines For Testing... Materials Of 90.24,3,271691,276028
90251900,"Thermometers/Pyrometrs,Not Comb.With Other Instrumts,Not Liquid-Filled Nes",2,12513,12695
90258000,"Oth.Instruments Hydrometers,Pyrometers, Hygrometers, Etc, And Combinations",1,93252,95127
90261000,"Instruments... For Measuring/Checking The Flow Or Level Of Liquids, Nes",31,1302436,1326172
90262000,Instruments... For Measuring Or Checking Pressure,32,2669153,2724148
90268000,Oth.Instruments... For Measuring Or Checking Variables Of Liquids Or Gas,2,50378,51285
90271000,Gas Or Smoke Analysis Apparatus,2,147240,147240
90275000,"Instruments And Apparatus Using Optical Radiations, Nes",0,21869,22087
90278900,"Other instruments and apparatus, OTHER Excl. Mass spectrometers",17,217116,230578
90279000,Parts And Accessories Of Instruments For Analysis Of 90.27,1,198283,202257
90282000,Liquid Meters,60,437454,446246
90291090,"Revolution Or Producton Counters,Taximeters,Mileometers,Pedometers, Nes",27,627733,663435
90292000,Stroboscopes; speed indicators and tachometers,3,183614,187305
90299000,"Parts And Accessories Of Revolution Counters, Etc, Of 90.29",1,9333,11425
90303300,"Other inst and appt, for measr or chk volt, cur., resis.or power : Multim. wit",2,48920,53263
90314900,"Optical Instruments And Appliances For Measuring Or Checking, Nes",43,478609,487678
90318000,"Instruments, Appliances And Machines For Measuring Or Checking, Nes",1242,17175108,17652208
90319000,"Parts And Accessories Of Measuring Instruments... Nes, Of 90.31",220,10964447,11187554
90321000,Thermostats,305,577987,587528
90322000,Manostats,0,3642,3679
90328100,"Automatic Regulating... Instruments/Apparatus, Hydraulic Or Pneumatic",1,78534,96134
90328900,"Automatic Regulating Or Controlling Instruments And Apparatus, Nes",1664,2442359,2697415
90329000,Parts And Accessories Of Automatic Regulating Devices Of 90.32,5,300598,306636
91040090,Instrument Panel Clocks Other Than Use In Aircraft/Helicopter,15,323946,434281
91061000,Time-Registers; Time-Recorders,3,49809,60436
91069000,"Other Apparatus For Indicating Time, Nes",5,43333,46179
92079000,"Oth.Musical Instruments,Nes,With Electrically Produced Or Amplified Sound",1,26957,32999
94016100,"Upholstered Seats, With Wooden Frames",120,59257,59849
94017900,"Seats With Metal Frames, Not Upholstered",202,88477,90599
94018000,"Seats, Nes",1,6082,7452
94019900,"Seats (Other Then 94.02) Whether or not cnvrt. into beds, and parts :Parts : others",2592,7743455,7918740
94029090,"Medical,Surgical Or Veterinary Furniture & Parts Therof (Exc Hosopital Bed",3976,102943,104524
94031000,Metal Furniture Of A Kind Used In Offices (Excl. Seats),28561,7880415,7991432
94032010,Other metal furniture specially design to receive apparatus of heading 84.71 and,550,161964,165219
94032030,Cutting table of kind used with cutting machine,39418,15922318,19096410
94033000,Wooden Furniture Of A Kind Used In Offices (Excl. Seats),5218,1369247,2002645
94037000,Furniture (Excl. Seats) Of Plastics,568,128905,182882
94038900,"Furniture of other material, including cane,osier or similar materials: Excl b",1210,326546,333112
94039900,"Others Furniture and Parts Thereof :Parts, OTHERS",5355,363550,376935
94042100,Mattresses Of Cellular Rubber Or Plastics,614,370014,382220
94043000,Sleeping Bags,5,4172,6260
94049000,"Articles Of Bedding, Stuffed, Etc (Excl. Mattresses And Sleeping Bags)",0,491,501
94051900,"Designed for use solely with light-emitting diode (LED) light sources,NES",242,1640872,1731970
94052100,Designed for use solely with light-emitting diode (LED) light sources,24,171239,209617
94052900,"Electric table, desk, bedside or floor-standing luminaires ,OTHER",20,141293,172960
94053900,"Lighting sets of a kind used for Christmas trees,OTHER",2486,5784773,6320534
94054110,"Photovoltaic, dsgn. use solely with light-emitting diode (LED) light sources",250,125338,127857
94054190,"Photovoltaic, dsgn. use solely with light-emitting diode (LED) light sources",397,2197396,2241565
94054200,"Oth.elec.lum. &..Other, designed for use solely light-emitting diode (LED) light sour",3,963395,982755
94054920,Energy saving light with balast and fittings,5,12676953,12931754
94054990,"Other electric luminaires and lighting fittings,NES",1427,3193207,3261098
94056900,"Illuminated signs, illuminated name-plates and the like,OTHER",20,96072,98003
94059100,Glass parts for lamps and lighting fittings etc of glass,1324,755783,755783
94059900,"Parts, NES",21,811741,828057
94062000,"Modular building units, of steel",105843,14821262,15119168
94069010,"Prefabricated Buildings,,,, SANDWICH PANEL WITH OR WITHOUT cold room fac.",20910,6576698,6655077
94069090,Prefabricated buildings. nes,612432,94583131,96281561
95030090,"Tricycl, scotr, pedal car and simlr whel toy; dolls? carg..Excl puzzles",13,31139,32039
95051000,Articles For Christmas Festivities,580,206013,210154
95059000,"Festive, Carnival Or Other Entertainment Articles, Nes",1530,122733,479284
95063900,"Golf Equipment, Nes",247,4055235,4056049
95069900,"Other articles and equipment for sport and open-air games, nes",3920,7251406,7289288
95072000,"Fish-Hooks, Wheather Or Not Snelled",29,920046,938538
95079000,"Line fishing tackle, fish landing nets, butterfly and similar nets...",126,473586,483104
96034000,"Paint, Distemper, Varnish Or Similar Brushes; Paint Pads And Rollers",1,11411,11411
96035000,"Brushes Constituting Parts Of Machines, Appliances Or Vehicles, Nes",40,392454,400341
96039000,"Hand-Operated Floor Sweepers, Mops, Feather Dusters, Etc, Nes",2229,3459636,3877447
96061000,"Press-Fasteners, Snap-Fasteners And Press-Studs And Parts Therefor",234485,722087920,739526127
96062100,"Buttons Of Plastics, Not Covered With Textile Material",129666,427723293,442342835
96062200,"Buttons Of Base Metal, Not Covered With Textile Material",185970,594959601,609872497
96062900,"Oth. Buttons, Nes",52602,136672017,140818606
96063000,Button moulds and other parts of buttons; button blanks:,41154,74435676,76060332
96071100,Slide Fasteners Fitted With Chain Scoops Of Base Metal,1004017,1970272620,2031510965
96071900,Slide Fasteners Not Fitted With Chain Scoops Of Base Metal,1038776,1719701053,1816153516
96072000,Slide Fastener Parts,617643,921794951,959362560
96082000,Felt-Tipped And Other Porous-Tipped Pens And Markers,105,202857,218884
96089990,"Duplicating Stylos; Pen/Pencil Holders; Parts Of Pens, Nes",15,269940,275366
96100090,"Other Slates And Boards, With Writing Or Drawing Surfaces Nes",11,6752,6820
96110000,"Date, Sealing Or Numbering Stamps, Etc, For Use In The Hand....Sticks",1,136662,167318
96121010,Ribbons (Computer Printers Ribbons),615,2477773,2527630
96121090,Other Ribbons(excl.computer printer ribbons),13491,42323706,45470501
96138000,"Other Lighters, Nes",348,1526044,1594431
96140000,"Smoking pipes (including pipe bowls) and cigar or cigarette holders, and parts",73,386505,394274
96151100,"Combs, Hair-Slides And The Like Of Hard Rubber Or Plastics",2062,771292,786794
96151900,"Combs, Hair-Slides And The Like Of Other Materials, Nes",3124,2903298,2961654
96159000,"Hairpins; Curling Pins, Curling Grips, Etc, And Parts Thereof",1760,990564,1010545
96180000,"Tailors' Dummies, Etc; Automata And Other Animated Displays",1135,9792503,10052496
98010041,Music(4/8spkr)/Home theater/CD/VCD/DVD/LD/MD/ Blue redisk set,1,518160,528574
