hscode,description,net_wt_kg,assess_value_bdt,invoice_value_bdt
04022190,Other,806250,360195385,355818826
04051000,Butter,4275,6130410,6009616
04059000,Fats And Oils Derived From Milk (Excl. Butter And Dairy Spreads),1728,4433890,4346525
05051000,Raw Feathers For Stuffing; Down,177991,1478582216,1400822542
05059000,Skins And Parts Of Birds (Excl. Feathers For Stuffing; Down),2265,11998724,11762301
08028090,"Other Areca nuts, EXCL. Wrapped/canned upto 2.5 Kg",672000,181871529,178650454
08029919,Betelnuts,218000,53195688,52147500
08041011,"Dates, Fresh,Wrapped/Canned Upto 2.5kg",820,410536,301842
09093190,Seeds of Cumin : Neither crushed or ground EXCL. Wrapped/canned upto 2.5 Kg,50000,21916615,15797625
10059090,"Other Maize, Excluding wrapped/canned upto 2.5 kg",1962,33347616,13758643
11081200,Maize (Corn) Starch,54000,4866465,3975480
11081400,Manioc (Cassava) Starch,152000,11129721,9861399
11081900,"Other Starches, Nes",96000,7603211,6359428
13023900,"Mucilages&Thickeners,Derived From Veg.Prod.(Ex.Locastbeans/Seeds,Guarseeds",3100,232290,228222
14019090,Other than Areca Leaves; Sal Leaves; Siali Leaves; Polash Leaves,11310,4292723,4208193
15071000,"CRUDE OIL, WHETHER OR NOT DEGUMMED",89420213,12996753590,12861961362
15111000,Crude oil,440040,55197668,54110058
15119090,Palm Oil(Excl.Cude)&Its Fractns....Nes.Incld.Refiend Palm Oil,100647140,13015189101,12773250286
15180000,"Animal Or Vegetable Fats And Oils... Chemically Modified, Nes",750,333900,327323
15211000,Vegetable waxes (excl. triglycerides),1020,585991,574446
17011400,Other cane sugar,252920000,12180741430,11597183164
17023010,"Dextrose, Anhydrous/Monohydrate Bp/Vsp Pyrogen Free",42250,4468873,4380819
17023020,"Glucose & Glucose Syrup,Containing <20% Fructose,Liquid Glucose",100200,10033417,4794871
17023090,"GLUCOSE AND GLUCOSE SYRUP, NOT CONTAINING FRUCTOSE OR CONTAINING.. EXCL. LIQUID GLUCO",106000,9901762,8844216
19019011,Filled milk powder,150000,46560217,45920475
20039000,"OTHER MUSHROOMS&TRUFFLES,PREPARED OR PRESE.OTHERW.THAN BY VINE.ACETIC ACID",30,150244,147284
20079900,"Oth.Jams,Fruit Jellies,Marmalades,Nut Purce/Pastes Oth Than Citrus Fruit..",480,541086,530424
20081100,"Ground-Nuts, Prepared On Preserved",3886,1703789,1670216
21039090,sauce preparations; mixed condiments and seasonings;NES,4024,4078172,3997815
21069090,Other food preparations not elsewhere specified or incl.(excl. beverage concentrate),2332,620657,600037
22019000,"OTHER WATER, EXCL.MINERAL WATERS AND AERATED WATERS",450,10513,10307
22021000,"Waters (Incl. Mineral And Aerated), With Added Sugar, Sweetener, Etc",2376,307350,301294
22030000,Beer Made From Malt,32689,8578201,6723421
22041000,Sparkling Wine,189,119621,74420
22042100,Wine(Not Sparkling);Grape Must With Fermt.Prevt.By Alcohol In: <=2 L Cont.,18916,11311349,7505802
22082000,Spirits From Distilled Grape Wine Or Grape Marc,20363,5520860,5094535
22083000,Whiskeys,99168,73865682,45570550
22084000,Rum And Tafia,1746,763961,426209
22085000,Gin And Geneva,9696,6069911,3448949
22086000,Vodka,65691,32909488,14033679
22087000,Liqueurs And Cordials,4425,3215072,1423429
22089000,"Other Spirituous Beverages, Nes",1020,446978,438170
24022000,Cigarettes Containing Tobacco,13604,58980894,57159792
24031900,"Smoking tobacco, EXCL. Water pipe tobacco specified in Subheading Note 1 to this Chapter",5760,2162873,2120256
24039900,OTHER MANUFACTURED TOBACCO AND MANUFACTURED TOBACCO..EXCL.HOMOGENISED OR RECONS.TOBACCO,13560,6295863,6171810
25010010,Pure Sodium Chloride Bp/Usp Pyrogen Free,71000,894066,883704
25010020,Salt (other than pure sodium chlo.)...solution ..salt boulder for crushing & salt in bul,56000,1401300,1381138
25010099,Other Salt,2050,45693,44799
25070090,"Kaolin And Other Kaolinic Clays, Whether Or Not Calcined",26,37561,36821
25081000,Bentonite,10000,500256,494481
25084090,"Other Clays, Nes",15000,577219,570555
25131000,Pumice stone,5442780,94486475,79846015
25132000,"Emery, Natural Corundum, Natural Garnet And Other Natural Abrasives",88000,24467562,22922814
25171090,Broken or crushed stone,55301000,140915010,131976666
25201090,Gypsum; Anhydrite,9012458,39551310,24680086
25202000,Plasters,11250,309818,306750
25221000,Quicklime,262000,4799307,4704743
25222000,Slaked Lime,450,44998,44552
25232900,"PORTLAND CEMENT, EXCL WHITE CEMENT, WHETHER OR NOT ARTIFICIALLY COLOURED",1230000,11643804,11435158
25262010,"Natural Steatite, Talc, Crushed Or Powdered",350,18774,18405
27090000,"Petroleum Oils And Oils Obtained From Bituminous Minerals, Crude TV",233292712,14793301425,14793301425
27101211,"Motor spirit of HBOC Type, TV",43685310,3765006101,3765006101
27101241,"JP1 kerosene type jet fuels, TV",138640704,12558812624,12558812624
27101262,"High speed diesel oils, TV",478790337,38454822845,38454822845
27101269,Other gas oils (EXCL. Lithg diesel oil &high speed disel oils),60,84643,83805
27101911,"OTHER FUEL OILS FURNACE OILS, TV",110947455,6517311867,5889558660
27101929,"LUBRICATING OILS, NES",64,18776,18405
27101931,LUBRICATING OIL WHICH HAS ITS FLASHING POINT .. below 220 F b..Jy Abel close test,118094,39569877,14052291
27101959,LIQUID PARAFIN OTHER THAN DRUM,886,343893,340488
27101979,Transformer Oil Other than in drum,340,195156,193224
27101981,Greases (mineral) wrapped/canned up to 2.5kg,17,293684,289129
27101989,Greases (mineral) other than wrapped/canned,279,148859,143199
27101991,MINERAL OIL WHICH HAS ITS FLASIHING POINT =>200D F USED AT JUT OF OTHER FIBER,7947,2588105,2495473
27122000,Paraffin wax containing by weight less than 0.75% of oil,253287,36487616,35948053
27129090,"MICROCRYSTALLINE PETROLEUM WAX, SLACK WAX,OZOKERITE..,EXCL.PETROLEUM JELLY, PARAFFIN WAX",25,10291,10189
27132090,Other Petrolium bitumen,15602017,969600497,858232949
28044000,Oxygen,1228,20309958,19909342
28046900,Silicon Containing By Weight <99.99% Silicon,4000,1724980,1691157
28061000,Hydrogen Chloride (Hydrochloric Acid),13620,1228889,1218322
28070000,Sulphuric Acid; Oleum,281300,11300080,11054652
28100010,Boric Acid,25,2168,2147
28111900,"Other Inorganic Acids, Nes",331,180125,178342
28112200,Silicon Dioxide,122954,21062854,17808804
28112910,Silica gel,59427,20069394,19005431
28112990,Silica gel imported by other than VAT registered motorcycle assembling and manufa,12176,5267873,5161237
28142000,Ammonia In Aqueous Solution,75,2677,2650
28151100,"Sodium Hydroxide (Caustic Soda), Solid",656550,43455821,42671933
28151200,Sodium Hydroxide In Aqueous Solution (Soda Lye Or Liquid Soda),281000,11565737,11340204
28170000,Zinc Oxide; Zinc Peroxide,12830,5029198,4931985
28182000,"Aluminium oxide, other than artificial corundum",145150,53252649,52498545
28211000,Iron Oxides And Hydroxides,4,75669,75583
28220000,Cobalt Oxides And Hydroxides; Commercial Cobalt Oxides,1138,1050157,1031166
28251000,Hydrazine And Hydroxylamine And Their Inorganic Salts,112055,34279626,33690461
28261200,Fluorides Of Aluminium,25,2014,1994
28271000,Ammonium Chloride,25625,1276677,1006140
28272000,Calcium Chloride,1576,858922,841998
28273200,Aluminium Chloride,149200,6851869,6748377
28273500,Nickel Chloride,450,103169,102148
28273900,"Chlorides, nes",9,7009,6939
28281000,Commercial Calcium Hypochlorite And Other Calcium Hypochlorites,1641675,80466064,76276225
28289000,Hypochlorites (Excl. Of Calcium) And Chlorites; Hypobromites,33305,1508992,1489171
28301000,Sodium Sulphides,217650,11693095,11462719
28309000,"Other Sulphides And Polysulphides (Excl. Of Sodium,Zinc & Cadmium)",111,159998,156854
28311000,Dithionites And Sulphoxylates Of Sodium,207400,47126457,46307227
28319000,Dithionites And Sulphoxylates (Excl. Of Sodium),9250,6449571,6326339
28321000,Sodium Sulphites,538675,41690031,40173975
28322000,Other Sulphites (Excl. Sodium),275,18931,18558
28331100,Disodium Sulphate,32150450,590245135,411978211
28331900,Sodium Sulphates (Excl. Disodium Sulphate),306300,6565106,5237479
28332200,Sulphates Of Aluminium,105000,4330173,4269919
28332920,CHROMIUM SULPHATE,483000,65221650,55938930
28332990,"Sulphates; alums; peroxosulphates (persulphates), nes",58500,2223307,2183454
28333000,Alums,57500,1251988,1228226
28334000,Peroxosulphates (Persulphates),1025,376546,228038
28351000,Phosphinates (hypophosphites) and phosphonates (phosphites),310,160838,157670
28352400,Phosphates Of Potassium,150,13012,12884
28353900,"Polyphosphates, Nes",2525,1971109,1933289
28362000,Disodium Carbonate,7485550,349522281,240666063
28365000,Calcium Carbonate,14000,492492,484665
28371900,"Other Cyanides, Cyanide Oxides (Excl. Sodium)",105,279999,277227
28391100,Sodium Metasilicates,108000,4852949,4757324
28391900,"Other Silicates And Com. Alkali Metal Silicates,Of Sodium (Ex.Metasilicate",147400,5133021,5031912
28415000,"Other Chromates And Dichromates, Peroxochromates",502,242572,237793
28416100,Potassium Permanganate,4550,2021306,2006304
28419000,"Other Salts Of Oxometallic And Peroxometallic Acids, Nes",705,1496573,1468106
28421090,Other salt of inorganic acids .. Excluding aluminium sodium silicate,50000,1602607,1571030
28470000,"Hydrogen Peroxide, Whether Or Not Sokidified With Urea",254220,11132963,10920713
28492000,Carbides Of Silicon,265,77355,76590
29023000,Toluene,1200,105139,103068
29024400,Mixed Xylene Isomers,3480,1078487,1067809
29025000,Styrene,82800,15477040,15184224
29029090,"Other Cyclic Hydrocarbons, Nes",300,175840,172375
29041090,Hydrocarbon Derivatives Cont.Only Sulpho Grp.Treir Slats(Ex.Methane Sulp..,9085,1960540,1921911
29051290,Propan101 (propy1 alcohol) and propan201 (isopropy1 alcohol):,12800,3204257,3141120
29053100,Ethylene glycol (ethanediol),240,105139,103068
29053200,"Propylene Glycol (Propane-1,2-Diol)",17200,2691247,2194858
29054500,Glycerol,500,137253,135363
29072900,"Other polyphenols, nes",3600,1941331,1903077
29094100,"2,2-Oxydiethanol (Diethylene Glycol, Digol)",210,28600,28037
29094300,Monobutyl Ethers Of Ethylene Glycol Or Of Diethylene Glycol,194,53633,53102
29094900,"Other Ether-Alcohols And Their Halogenated... Derivatives, Nes",45,60827,59632
29096000,"Alcohol, Ether And Ketone Peroxides And Their... Derivatives, Nes",1214,1146713,1124135
29103000,"1-Chloro-2,3-Epoxypropane (Epichlorohydrin)",230,70094,68712
29124900,"Oth.Aldehyde-Ether,Aldehyde-Phenols,Aldehydes,With Oth.Oxygen Function,Nes",870,187755,184055
29130000,"Halogenated, Sulphonated, Nitrated Or Nitrosated Derivatives Of 29.12",510,395776,387977
29141100,Acetone,3040,384342,380468
29141300,4-Methylpentan-2-One (Methyl Isobutyl Ketone),360,96879,94970
29142200,Cyclohexanone And Methylcyclohexanones,8930,2539419,2514152
29151100,Formic Acid,712186,54711851,53317642
29151200,Salts Of Formic Acid,20000,1627162,1595100
29152100,Acetic Acid,1004010,114895547,102679193
29153100,Ethyl Acetate,85712,12771010,9482285
29153200,Vinyl Acetate,800,107268,105154
29153300,N-Butyl Acetate,10550,2077760,2036820
29157010,"Stearic Acid,Their Salts And Esters",6000,1952596,1914120
29157020,Ethyl Palmitate And Isopropyl Palmitate,2000,805438,797464
29159000,"Other Saturated Acyclic Monocarboxylic Acids And Their... Derivatives, Nes",16140,1252514,1227834
29161200,ESTERS OF ACRYLIC ACID,43200,12380622,5565672
29161400,ESTERS OF METHACRYLIC ACID,1,1001,982
29163100,"Benzoic Acid, Its Salts And Esters",250,51193,50184
29163900,"Aromatic monocarboxylic acids, etc, their... derivatives, nes",480,135180,132516
29171100,"Oxalic Acid, Its Salts And Esters",300,86780,85921
29171200,"Adipic Acid, Its Salts And Esters",2280,661373,654825
29173300,Dinonyl Or Didecyl Orthophthalates,22800,5707388,5096958
29173990,"Other Aromatic Polycarboxylic Acids, Etc, Their... Derivatives, Nes",26200,4361552,4318368
29181100,"Lactic Acid, Its Salts And Esters",43,3966,3926
29181400,Citric Acid,108550,10044969,9847556
29202900,Other,250,37486,36749
29212900,"Other Acyclic Polyamines And Their Derivatives, Salts Thereof, Nes",190,86551,84847
29215900,"Other Aromatic Polyamines And Their Derivatives, Nes; Salts Thereof",1450,2270380,2225645
29221200,Diethanolamine And Its Salts,225,43244,42393
29239000,"Quaternary Ammonium Salts And Hydroxides, Nes",680,541312,530653
29241900,"Acyclic amides (incl. acyclic carbamates) and derivatives; salts thereof,nes",6800,1781612,1763972
29251990,Imides And Their Derivatives; Salts Thereof (Excl. Saccharin),160,88075,87976
29270000,"Diazo-, Azo- Or Azoxy-Compounds",34000,13405308,13141170
29291000,Isocyanates,67500,19524060,14604368
29319090,"Other organo-inorganic compounds, (EXCL.Tetramethyl lead and tetraethyl lead & Tributylt",43200,6583727,5754630
29339900,"Heterocyclic compounds with nitrogen hetero-atom(s) only,nes",50,178827,177056
29420090,"Other Organic Compounds,Nes",300,219416,217244
30059000,"Wadding, Gauze, Etc With Pharmaceutical Substances For Retail Sale, Nes",32,26461,25941
31022100,Ammonium Sulphate,400,65433,64786
32011000,Quebracho Extract,44400,13014526,12802518
32012000,Wattle Extract,116900,31281734,30572762
32021000,Synthetic Organic Tanning Substances,456955,97271167,95378146
32029000,"Inorganic Tanning Substances; Tanning Preparations..., Nes",22600,3447079,3379158
32041100,Disperse Dyes And Preparations Based Thereon,261742,325121800,319024332
32041200,Acid Dyes And Preparations; Mordant Dyes And Preparations,56187,74608383,73296100
32041310,AZO DYES,2581,2904504,2847275
32041390,Other basic dyes and preparation,8105,9113800,8962118
32041400,Direct Dyes And Preparations Based Thereon,6773,16624869,16297498
32041500,Vat Dyes And Preparations Based Thereon,427455,174178894,170806348
32041600,Reactive Dyes And Preparations Based Thereon,2578382,1810465221,1775765788
32041700,Pigments And Preparations Based Thereon,145325,120283278,117349334
32041900,Other Synthetic Organic Coloring Matter(Inc.Mixtrs) Of Prods 320411-320419,597949,130552983,116168000
32042000,Synthetic Organic Products Used As Fluorescent Brightening Agents,76184,51248547,50269498
32049000,Synthetic Organic Products Used As Luminophores,3,20136,19739
32061100,"Pigments & Preparatns Based On Titanium Dioxide,Cont.=>80%Titanium Dioxide",27802,10853417,9526710
32061910,"Pigments/Preparatns Based On Titanium Dioxide, Cont.< 80% Titanium Dioxide",26000,2007772,1276080
32061920,Color master batch,72197,26383732,25916272
32061990,"Pigments/Preparatns Based On Titanium Dioxide, Cont.< 80% Titanium Dioxide",80000,20619837,20213546
32062000,Pigments And Preparations Based On Chromium Compounds,36,291465,285722
32064900,"Other Colouring Matter; Preparations As Specified In Note 3, Nes",4612,6630947,6552083
32065000,Inorganic Products Of A Kind Used As Luminophores,200,1251663,1227000
32071000,"Prepared Pigments, Opacifiers & Colours... For Ceramics And Glass Ind.Etc",1810,1449360,1430415
32081020,Insulating varnish for copper wire,5000,6265148,6203184
32081090,"Other Paints Based On Polyesters, In A Non-Aqueous Medium",9824,8345723,8221694
32082099,"Other Paints Based On Acrylic Or Vinyl Polymers, In A Non-Aqueous Medium",16388,21944408,21550562
32089020,Heat Sealable Lacquers,8145,10434870,10213304
32089090,"Other Paints And Varnishes, In A Non-Aqueous Medium, Nes",202243,122227995,117121075
32091000,Based on acrylic or vinyl polymers,16861,7209337,6810828
32099090,"Other Paints And Varnishes, In An Aqueous Medium, Nes",3605,4846674,4780757
32100020,Prepared Water Pigments Of A Kind Used For Finishing Leather For Cleaning.,7246,4348323,4271298
32100090,Other Paints & Varnishes,34111,21100947,20534289
32121000,Stamping Foils,1431,4575179,4464967
32129000,"PIGMENTS(INCL.METALIC..) DISPERSED IN NON AQUEOUS MEDIA..,EXCL. STAMPING FOILS",571,2758287,2693677
32139000,"Artists', Students' Or Signboard Painters' Colours In Packings, Nes",32,5890,5799
32141000,"GLAZIERS PUTTY,GRAFTING PUTTY, RESIN CEMENTS, CAULKING COMPOUNDS AND OTHER MASTICS...",2302,608104,596122
32149000,Non-Refractory Surfacing Preparations,89353,3992669,3911291
32151100,"Black printing ink, whether or not concentrated or solid",44576,64617720,62298291
32151900,"Other printing ink, whether or not concentrated or solid (excl. black)",699572,452781327,368481587
32159090,"Other Ink,Wheterh Or Not Concentrated Or Solid(Ex.Ink For Ball Points Pens",126625,104964315,69644197
33011300,Essential Oils Of Lemon (Incl. Concretes And Absolutes),50,179685,177907
33021010,"Of a kind used in beve. and food indus., cont. alcohol <0.5 absolute per volume or free from alcohol",6680,6470104,6347688
33029000,Mixtures/With Basis Of Odorifer'S Subst'S Inc.Alc.Sol'S For Use In Ind Nes,850,636229,623577
33052000,Preparations For Permanent Waving Or Straightening,1064,3561198,3491370
33053000,Hair Lacquers,11370,3071314,3010795
33059000,"Preparations For Use On The Hair, Nes",7300,3730613,3657147
34011900,"Soap And Organic Surface-Active Products In Bars, Etc, Nes",16250,3440970,3379995
34012000,SOAP IN OTHER FORMS,6805,3054456,2994273
34013000,"ORGNC.SRFC.ACTIVE PROD.&PREPARATION FOR WASHING THE SKIN,IN THE FORM OF ..",1,32255,31622
34023100,Anionic organic surface-active ageLinear alkylbenzene sulphonic acids and their salts,46000,7300787,7165680
34023910,Chips of Sodium Isethionate,3700,1018861,1008773
34023990,Other than Chips of Sodium Isethionate,6892,2081491,2039755
34024100,"Other organic surface-active agents, whether or not put up for retail sale :, Cationi",17140,7040689,6897709
34024210,"Other organic surface-active agents, whether or not put up for retail sale :, Non-ion",300,168974,165645
34024290,"Other organic surface-active agents, whether or not put up for retail sale :, Non-ion",209360,48912313,47199846
34024910,"Other organic surface-active agents, NES",23432,10486236,10279607
34024990,"Other organic surface-active agents, NES",19080,6567475,6438069
34029010,Detergents,820686,279591866,274229216
34029020,Cleaning preparation,20871,5537439,5290806
34029090,Washing & Cleaning Preparations (Excl. Detergents),2006589,615574601,600989608
34031100,Lub.Preparations For Treatement Of Tex.Leather Etc With=<70% Petroleum Oil,85178,20613488,20207359
34031900,"Other Lubricating Preparations, With =<70% Petroleum Oil, Nes",72393,29832338,26216132
34039100,"Lub.Preparations For Treatement Of Tex. Leather Etc, Nes",242432,64679481,62976168
34039910,Compressor oil,434,245584,240749
34039920,Semi-synthetic lubricating oil,3,6048,740
34039930,Synthetic lubricating Oil,1575,736864,722345
34039990,"Other Lubricating Preparations, Nes",20620,8259667,7661063
34042000,Artificial Waxes Of Polyethylene Glycol,17000,4522258,4433151
34049090,"Artificial Waxes And Prepared Waxes, Nes",91030,24549237,24113897
34051000,"Polishes, Creams And Similar Preparations For Footwear Or Leather",10335,3161875,3012979
34052000,"Polishes,Cream.&Similar Prepa.For Mainten. Of Woodwork Woden Fur.Flo.&Othr",50,9607,9512
34053000,Polishes And Similar Preparations For Coachwork (Excl. Metal Polishes),16396,5181255,5080567
34054000,Scouring Pastes And Powders And Other Scouring Preparations,1395,541823,532609
34059010,Polishes and other preparations used in the finishing (including electroplating) of met,28501,13229162,12781958
34059090,"Other polishes, creams and similar preparations, nes",6135,1235263,1047633
35011000,Casein,1140,308229,302155
35030090,"Gelatin and derivatives; isinglass; glues of animal origin, nes",10,33371,32717
35051000,Dextrin and other modified starches,1039425,132727133,128786880
35052000,"Glues Based On Starches, Dextrins Or Other Modified Starches",116489,21612134,20524363
35061000,"Products Put Up As Glues Or Adhesives For Retail Sale, =<1kg",12700,7327136,4793719
35069110,Elastic/construction glue,57159,26739867,26215421
35069190,Adhesives Based On Rubber Or Plastic (Incl. Artificial Resins),1264816,435115389,393707721
35069900,Stripping chemical,78489,36427833,33636326
35071000,Rennet And Concentrates Thereof,1000,475644,466272
35079090,Other than Streptokinase,829256,317280680,309967864
37013000,"Other plates and film, with any side exceeding 255 mm",18083,30041563,29449865
37019900,"Photographic plates and film, in the flat (excl. for colour), unexposed",64,1433553,1405308
37024400,"Photo Film, In Rolls, Non-Perforated, Width >105mm But =<610mm",360,1555638,1524986
37071000,Sensitising emulsions,13495,16819347,16396801
37079000,"OTH.CHEMICAL PREPARATIONS FOR PHOTOGRAPHIC USES..,EXCL.SENSITISING EMULSIONS",6343,3292767,3195707
38019000,"Preparations Based On Graphite Or Carbon In The Form Of Pastes..., Nes",4800,5695220,5624568
38061090,Rosin And Rasin Asids,1145,2245660,2201517
38069090,"Derivatives of rosin and resin acids,... NES",391,102842,100614
38085200,Goods specified in Subheading Note 1 to this Chapter,1772,6748466,6611076
38085900,Other,127,31815,23207
38089129,"Insecticides, rodenticides... and similar products, for retail sale, nes",5000,813581,797550
38089291,"Fungicides, NES In bulk",4580,5459502,5351929
38089299,"Fungicides, NES Cxcl.in bulk",6650,2730149,2645412
38091000,"Finishing Agents, Etc, With A Basis Of Amylaceous Substances Nes",8500,2321208,2275472
38099100,Finishing Agents Etc. Of A Kind Used In The Textile Or Like Industries Nes,4928119,1573312015,1537022050
38099200,"Finishing Agents, Etc, Of A Kind Used In The Paper Or Like Industries Nes",1470,564009,556199
38099300,Finishing Agents Etc. Of A Kind Used In The Leather Or Like Industries Nes,94874,40614905,39807609
38101000,Pickling Preparations For Metal Surfaces;Soldering..Powders&Pastes..Mater.,1614,1939231,1915698
38109090,Pickling preparations for metal surface.... Excl. Submerge welding flux for LPG,40,49141,48098
38119000,"OTHER PREPARATIONS, EXCL.ANTI-KNOCK PREPARATIONS, ADDITIVES FOR LUBRICATING OILS",2584,2195658,2176281
38121000,Prepared Rubber Accelerators,19106,5561853,5469215
38122000,"Compound Plasticisers For Rubber Or Plastics, Nes",534,113693,104148
38123910,Other,1000,169780,168099
38123990,Other,8162,4041893,3966048
38140010,Organic composite solvent,27356,15327203,15096041
38140090,"Organic Composite Solvents And Thinners, Nes; Paint Or Varnish Removers",284765,93300019,90259064
38151100,Supportedcatalysts With Nickel Or Its Compounds,219,159067,156166
38159000,"Reaction Initiators, Accelerators And Catalytic Preparations, Nes",10241,3539293,2803322
38190000,Hydraulic Brake Fluids And Similar Liquids With <70% Petroleum Oil,2964,1018479,787598
38210000,Prepared Culture Media For Development or maintenance of Micro-Organisms(incl.viruses..,200,78636,77857
38231100,Stearic Acid,260000,36685592,35143734
38237000,INDUSTRIAL FATTY ALCHOLS,100,187749,184050
38241000,Prepared Binders For Foundry Moulds Or Cores,103448,19036954,15716023
38249100,Mixtures and preparations consisting mainly of (5-ethyl-2-methyl-2-.......,7430,3176409,3119510
38249910,Other,950,460420,454021
38249960,Desiccant,123547,90812562,82973591
38249992,Master batch not containing pigments,27000,2095251,1159515
38249999,Other,1176069,302366256,289991175
39011000,Polyethylene having a specific gravity of less than 0.94,3335358,490280034,437956884
39012000,Polyethylene having a specific gravity of 0.94 or more,6175015,847316095,700738287
39013000,"Ethylene-Vinyl Acetate Copolymers, In Primary Forms",1222429,209014029,205355038
39014000,"Ethylene-alpha-olefin copolymers, having a specific gravity of less than 0.94",11822975,1543860088,1322588457
39019000,"Other Polymers Of Ethylene, In Primary Forms, Nes",136750,28827298,22566524
39021000,"Polypropylene, In Primary Forms",21838300,2697509918,2298464828
39023000,"Propylene Copolymers, In Primary Forms",1398250,159420829,154693947
39029000,"Other Polymers Of Propylene Or Of Other Olefins, In Primary Forms, Nes",52200,10542045,10275389
39031100,"Expansible Polystyrene, In Primary Forms",200,146179,146013
39031900,"Polystyrene (Excl. Expansible), In Primary Forms",1411000,193559743,175614694
39032000,"Styrene-Acrylonitrile (San) Copolymers, In Primary Forms",700,141363,139534
39033000,Acrylonitrile-butadiena-styrene(ABS) copolymers,146254,22410872,21615407
39039000,"Polymers Of Styrene, In Primary Forms, Nes",148900,28734237,20943631
39041000,"Polyvinyl Chloride, Not Mixed With Other Substances, In Primary Forms",280525,30487720,25645864
39042200,"Plasticised Polyvinyl Chloride, In Primary Forms",7225,1899589,1758481
39044000,"Vinyl Chloride Copolymers, Excl. Vinyl Acetate, In Primary Forms",100,99171,98189
39049000,"Polymers Of Halogenated Olefins, In Primary Forms, Nes",60,100123,98160
39051200,Polyvinyl Acetate In Aqueous Dispersion,25550,4683268,4590992
39052100,Vinyl Acetate Copolymers In Aqueous Dispersion,17600,3856178,3780290
39053000,"Polyvinyl Alcohol, Whether Or Not Containing Unhydrolysed Acetate Groups",71940,22881148,22455204
39059100,Copolymers In Primary Forms,71480,18000129,17645455
39059900,Polymers Of Other Vinyl Esters & Other Vinyl Polymers In Primary Forms Nes,12800,5358986,5121557
39061000,"Polymethyl Methacrylate, In Primary Forms",1650,567940,556751
39069000,"Acrylic Polymers, In Primary Forms, Nes",1842463,430917901,421684991
39071000,"Polyacetals, In Primary Forms",73280,19632465,18010979
39072100,Other polyethers : Bis (polyoxyethylene) methylphosphonate,1020,1613305,1586978
39072900,Other polyethers :EXLCUDING Bis (polyoxyethylene) methylphosphonate,272640,54282464,51761518
39073000,"Epoxide Resins, In Primary Forms",31057,8996617,8820461
39074000,Polycarbonate,108,162054,132383
39076100,Having a viscosity number of 78 ml/g or higher,391051,53894546,38439901
39076900,Other,11,7517,1227
39079100,"Unsaturated Polyesters, In Primary Forms, Nes",501452,128400702,124402084
39079900,"Polysters, In Primary Forms,NES",169053,39755774,39047685
39081000,"Polyamide 6,11,12,6,6,6,9,6,10 or 6,12:",63475,17758441,17275186
39089000,"Other polymides, in primary forms, nes",47500,20796072,19517889
39091000,UREA RESINS; THIOUREA RESINS,2000,708442,694482
39092000,Melamine resins,90500,12948023,12692896
39093100,"Poly(methylene phenyl isocyanate) (crude MDI, polymeric MDI)",32200,10698686,10596941
39093900,Other,10700,5616211,5505549
39095000,"Polyurethanes, In Primary Forms",326483,121798819,118946336
39100000,Silicones Inprimary Forms,403190,179038496,175463860
39119000,"Polysulphides, Polysulphones And Other Products..., In Primary Forms",15732,5757872,5647558
39121200,"Plasticised Cellulose Acetates, In Primary Forms",450,280075,274848
39123900,"Other Cellulose Ethers, In Primary Forms, Nes",256,353230,348179
39131000,"Alginic Acid, Its Salts And Esters, In Primary Forms",2500,2923823,2866384
39139000,"Natural and modified natural polymers, in primary forms",9500,6045531,5926410
39140000,"Ion-Exchangers Based On Polymers Of 39.01 To 39.13, In Primary Forms",300,78854,77301
39159000,"Waste, Parings And Scrap, Of Other Plastics, Nes",730717,43213660,42379118
39161000,"Monofilament Dimenson>1mm,Rods..&Prof.Sha.,Polym. Of Ethylene",0,375,302
39162000,"Monofil..>1mm,..Of Vinyl Chloride For door, window and photo frame",724,953737,944218
39169020,Fibre reinforced polymer (FRP) sticks and profile shapes,125052,39903991,39127741
39169090,"Monofil.Dimension>1mm,Rods..&Profile Shapes,Of Other Plastics",16495,9410175,9263260
39172100,"Tubes, Pipes And Hoses, Rigid, Of Polymers Of Ethylene",3963,5852499,5737557
39172200,"Tubes, Pipes And Hoses, Rigid, Of Polymers Of Propylene",30,100866,89171
39172310,Pvc Shrinkable Tube(Plain),743,1282151,1253975
39172390,"Tubes,Pipes And Hoses, Rigid, Of Polymers Of Vinyl Chloride, Nes",9276,2759649,2699660
39172991,Fibre glass,3658,3754546,3717373
39172999,"Tubes, Pipes And Hoses, Rigid, Of Other Plastics, Nes",43836,5882931,5755653
39173190,"Other Flexible Tubes,Pipes And Hoses,With A Burst Pressure >=27.6 Mpa",1024,501303,495651
39173290,"Tubes, Pipes And Hoses, Not Reinforced, Without Fittings, Nes",150,255962,250922
39173390,"Other Tubes,Pipes&Hoses With Fittings",120,191306,179236
39173990,"Other Tubes, Pipes And Hoses, Nes",2578,1775855,1644870
39174000,"Fittings, For Tubes, Pipes And Hoses, Of Plastic",3208,1132440,1120409
39191000,In rolls of a width not exceeding 20 cm,154493,90058364,87413033
39199010,Self adhesive tape in rolls exceeding 20cm,1497745,544215216,306872152
39199020,Performance Tape/Closure/Side Tape,54219,45698824,35234483
39199091,Re-seal/Self adhesive tape,2039,2365441,2328950
39199099,"OTHER SELF-ADHESIVE PLATES, TAPE, STRIP, FOIL... OF PLASTICS, NES",286211,445813022,409612163
39201010,Stretch Wrapping Film,23720,11401848,9371145
39201090,"Plates..,Of Polymers Of Ethylene, Laminated.. Not Reinforced,Etc.,Nes",325438,456737752,440711866
39202010,Polymers of propylene in printed form,846,6443727,6314109
39202020,Non-printed cast polypropylene film,223513,54340853,32245180
39202090,Other polymers of propylene(excl printed form),1666187,394040851,250443234
39203000,"Plates..., Of Polymers Of Styrene, Laminated..Not Reinforced, Etc",1271,621826,620044
39204300,CONTAINING BY WEIGHT NOT LESS THAN 6% OF PLASTICISERS,5287,1104148,977218
39204910,PVC FILM & PVDC FILM FOR BLISTER PACK FOR MEDICINE,125085,31667379,15404326
39204920,Printed PVC sheet,144429,43820031,12968470
39204950,PVC film,27206,6893839,1842862
39204990,"Other plates...,of polymers of vinyl chloride other than not<6% of plasticisers",541179,145340795,83558784
39205100,"Plates..., Of Polymethyl Methacrylate, Laminated Not Reinforced, Etc",1330,468817,459580
39206100,"Plates..., Of Polycarbonates,Laminated Not Reinforced, Etc",216,288496,238033
39206210,poly(ethylene terephthalate in printed form,11887,12820636,12568069
39206290,Other poly(ethylene terepthalate) excl printed form,1445860,341502403,197626211
39206310,Unprinted polyester film in roll form,25405,6360118,3366622
39206390,"Plates..., Of Unsaturated Polyesters, Laminated Not Reinforced, Etc",7214,6324885,6200703
39206910,Other polyester in printed form,8,5383,5278
39206920,Unprinted polyester film in roll form,68,51171,12350
39206999,"Other polyesters, Nes (excl. printed form)",8460,3112886,2977929
39207300,"Plates..., Of Cellulose Acetate, Not Reinforced, Etc",22053,19539514,19308992
39207900,"Plates..., Of Other Cellulose Derivatives, Not Reinforced, Etc, Nes",1592,432187,423677
39209100,"Plates..., Of Polyvinyl Butyral, Not Reinforced, Etc",7229,3686484,3617494
39209210,Other plastics polyamides in printed form,180,317017,308247
39209290,"Other plastics polymides, Nes (excl. printed form)",6962,9893829,9715456
39209910,Film For Blister Packing Of Other Plastics,10,29743,29158
39209990,"Plates..., Of Other Plastics, Not Reinforced, Etc, Nes",115780,145654573,140488438
39211100,"Cellular Plates, Strips... Of Polymers Of Styrene",15705,7903282,7600290
39211200,"Cellular Plates, Strips... Of Polymers Of Vinyl Chloride",162386,75084667,53020717
39211300,"Cellular Plates, Strips... Of Polymers Of Polyurethanes",801936,333723889,215837557
39211400,"Cellular Plates, Strips... Of Polymers Of Regenerated Cellulose",1263,1833209,1710113
39211990,"Microcellular PET light sheet having a power saving capa.of 20% or more, NES",232054,169070333,161842589
39219010,"Vulcanised fibre sheet imp in pre punched, cut to size sha for the manuf of sliver cans plastic--yar",7403,4255133,4246483
39219020,Multilayer extruded sheet for plastic laminated collapsible tube,1903,828213,812700
39219091,"Other cellular plates, strips in printed form..., of plastics",264,67252,66221
39219093,Tarpaulin,137804,40506407,40118886
39219099,"Other cellular plates, strips ..., of plastics, nes",1012921,321663213,267888264
39231000,"Boxes, Cases, Crates And Similar Articles Of Plastics",63948,16170452,15802391
39232100,Sacks and bags (incl. cones) of polymers of ethylene,1687937,479504008,466565500
39232910,AIRTIGHT STORAGE BAGS WITH ZIPPER,13542,14853628,14552950
39232990,Article for the conve..of polymers of ther plastic excl.airtght storage bag with zipp,232362,67790286,64216146
39233090,"Other Carboys, Bottles, Flasks And Similar Articles Of Plastics",112,162106,156191
39234010,Bobbins; Sliver/spinning can,85002,33812845,33252808
39235000,"Stoppers, Lids, Caps And Other Closures Of Plastics",124316,208552925,199620623
39239090,"Articles for the packing of goods, of plastics, nes",270083,58582314,57787450
39241000,Tableware And Kitchenware Of Plastics,22473,11248075,5786202
39259000,"Builders' Ware Of Plastics, Nes",300,577194,471518
39261000,Office Or School Supplies Of Plastics,16,57202,54978
39262010,Gloves (Surgical) Of Plastics & Materials Of Heading 39.01-39.04,19,60330,59846
39262090,Art.Of App.&Clothing Accessories(Exl.Gloves)Of Plastics Hd.No.39.01-39.04,3361550,1512558724,1459199070
39263000,"Fittings For Furniture, Coachwork Or The Like Of Plastics",1,25033,24540
39264000,Statuettes And Other Ornamental Articles Of Plastics,1040,4768422,4665318
39269010,Plastic Coil Used As Contraceptive And Coil Inserter,167,61105,59901
39269030,"Parts And Fittings For Infusino Set, Of Plastics",13210,5069434,3343935
39269050,Taflon tape/PTFE tape,1238,1902722,1835570
39269091,Conveyor or transmission belts of belting,2503,4069099,3990053
39269093,Plastic frame works,180,123072,120647
39269099,"PVC scrn.having intrnl.dia.from 4-8 Mulch and strct.thereof used in agri.& hoti.,nes",885944,609163463,561823167
40011000,"Natural Rubber Latex, In Primary Forms Or In Plates, Sheets Or Strips",53808,16347090,16076797
40012900,"Other Natural Rubber, In Primary Forms Or In Plates, Etc, Nes",28400,10794788,10455574
40021100,Latex Of Styrene-Butadiene Or Carboxylated Styrene-Butadiene Rubber,118104,23932844,21724630
40021900,"Styrene-Butadiene Rubber; Carboxylated Styrene-Butadiene Rubber, Nes",351621,180072569,90064771
40022000,"Butadiene Rubber, In Primary Forms Or In Plates, Sheets Or Strip",111672,25265524,24821774
40024900,Chloroprene (Chlorobutadiene) Rubber (Excl. Latex),74,941919,923432
40025100,Latex Of Acrylonitrile-Butadiene Rubber,62440,13175437,12972924
40029100,"Latex Of Synthetic Rubber, Nes",2460,230931,226382
40029900,"Other Synthetic Rubber (Excl. Latex), Nes",102867,23966631,23066981
40030000,"Reclaimed Rubber In Primary Forms Or In Plates, Sheets Or Strip",1005,451411,442456
40040000,"Waste,Parings & Scrap Of Rubber(Ex.Hard Rubber)&Powders Gran.Obt.Therefrom",8450,1317981,1292203
40051000,"Rubber Compounded With Carbon Black Or Silica, Unvulcanized",211575,71487759,69986409
40059100,"Plates, Sheets And Strip Of Unvulcanized, Compounded Rubber, Nes",24190,44294733,43694622
40059900,"Compounded Rubber, Unvulcanized, In Primary Forms",4702,5548349,5439046
40069000,"Other Forms And Articles Of Unvulcanized Rubber, Nes",43629,61588505,60370933
40070000,Vulcanized Rubber Thread And Cord,694255,237505810,231144034
40081100,"Plates, Sheets And Strip Of Cellular Vulcanized Rubber",34251,10801188,8587100
40081900,"Rods And Profile Shapes Of Cellular Vulcanized Rubber, Nes",76,127054,124679
40082100,"Plates, Sheets And Strip Of Non-Cellular, Vulcanized Rubber(Excl. Hard)",32646,11650355,11262847
40082900,"Rods And Profile Shapes Of Non-Cellular, Vulcanized Rubber (Excl. Hard)",3582,1546363,1514895
40093100,REINFORCED OR OTH.WISE COMBINED ONLY WITH TEXTILE MTRLS.WITHOUT FITTINGS,91,61951,60730
40094100,REINFORCED OR OTHERWISE COMBINED WITH OTHER MATERIALS-WITHOUT FITTINGS,456,332467,325916
40101900,"Conveyor Belts Or Belting, Of Vulcanised Rubber, Nes",2042,5273036,5107529
40103100,"ENDLESS TRNSMSN.BELTS OF TRPZDL.CROSS-SEC.(V-BLT),V-RIBBED OF..>60CM,<180",1,51889,50871
40103200,"ENDLESS TRNSMSN.BELTS OF TRPZODL.CROS-SECTION(V-BELTS),OTHER..>60CM<180CM",0,4221,4137
40103300,"ENDLESS TRNSMSN.BELTS OF TRZDL.CROSS-SECTION(V-BELTS)V-RIBED..>180CM,<240",8,148564,145645
40103500,"ENDLESS SYNCHRONOUS BELTS,OF AN OUTSIDE CIRCUMFERENCE EXCEEDING >60CM,<150",58,1144039,1115958
40103600,"ENDLESS SYNCHRONOUS BELTS,OF AN OUTSIDE CIRCUMFERENCE >150CM,<198CM",5,86834,85120
40103910,RUBBER BELT ROUND NOT EXCEEDING 10 in DIA/FLAT,2,8761,8589
40103990,"TRANSMISSION BELTS OR BELTING,NES OTHER THAN RUBBER BELT ROUND<10"" dia/Flat",523,568190,541668
40111000,"New Pneumatic Tyres, Of Rubber Of A Kind Used On Motor Cars, TV",238,65506,61350
40112090,"New pneumatic tyres, of rubber of a kind used on buses or lorries",2860,764794,749725
40113000,"New Pneumatic Tyres, Of Rubber For Aircraft",1700,7918078,7762061
40115000,"New Pneumatic Tyres, Of Rubber Of A Kind Used On Bicycles",103148,66897643,60560864
40119000,"Other Tyre, excl. construction, mining or industrial handling vehicles and machines",170,95754,19632
40121300,OF A KIND USED ON AIRCRAFT,2336,1000000,979173
40129090,"Solid... tyres, interchangeable tyre treads and flaps, of rubber, nes",651,350505,347036
40132000,"Inner Tubes, Of Rubber Of A Kind Used On Bicycles",27874,19969944,14701541
40151900,Gloves Of Vulcanized Rubber (Excl. Surgical Gloves),1262,3325502,3228187
40159000,"Articles Of Apparel And Clothing Accessories Of Vulcanized Rubber, Nes",264670,328548073,315072596
40161000,Articles Of Vulcanized Cellular Rubber,2250,7950650,7492598
40169100,"Floor Coverings And Mats Of Vulcanized Rubber, Non-Cellular",551,445885,437101
40169300,"Gaskets, Washers And Other Seals, Of Vulcanized Rubber",304,3011112,2943034
40169500,"Inflatable Articles, Of Vulcanized Rubber, Nes",3285,8277945,8054807
40169910,"ARTICLES OF VULCANIZED RUBBER, RUBBER CO /APRON",675,10170364,9970414
40169990,"ARTICLES OF VULCANIZED RUBBER,NES EX.RUBBER COT/APRON",124905,147799664,140906661
40170000,"HARD RUBBER(FOR EX.,EBONITE) IN ALL FORMS,INCL.WASTE AND SCRAP; ARTICLES OF HARD RUBBER",14033,3305454,3232610
41019000,"OTHER, INCLUDING BUTTS, BENDS AND BELLIES",604,1021983,996355
41041190,"Tanned or...,in the wet state (inclu wet-blue) full grains, .....excl. Split leather",264206,80620656,79032120
41041910,"Tanned..wet-blue other than full grains unsplit, grain splits , split leather",46140,5775117,1392768
41041990,"Tanned..wet-blue other than full grains unsplit, grain splits , excl split leather",68576,9779192,9586506
41044110,Tanned or crust hieds. in the dry state full grains..Split leather,10934,11864803,11745221
41044190,Tanned or crust hieds. in the dry state full grains..Excl Split leather,5380,10259242,9940145
41044910,"Tanned or crust. in the dry state other than full grains...,Split leather",24584,7667314,6065927
41044990,"Tanned or crust. in the dry state other than full grains..., Excl Split leather",79105,140946199,138316371
41053000,IN THE DRY STATE (CRUST),227,1104862,1083093
41071100,"WHOLE HIDES AND SKINS,FULL GRAIN,UNSPLIT",19230,58478506,57507077
41071200,"WHO;E HIDES AND SKINS, GRAIN SPLITS",19672,35709159,35185391
41071900,"WHOLE HIDES AND SKINS, NES",239108,552277530,541113073
41079200,"OTHER, INCLUDING SIDES, GRAIN SPLITS",201857,445441087,437271399
41079900,"OTHER,INCLUDING SIDES,NES",381544,794238158,778280786
41120000,"LEATHER FURTHER PREPARED AFTER TANNING OR CRUSTING,INC.PARCHMENT DRESSED..",29277,33907994,32751537
41131000,OF GOATS OR KIDS,9577,63566787,40740335
41139000,"LEATHR FUTHER PREPARED AFTER TUNNING OF CRUSTING,INCL PARCHMETN-DRSED..NES",11041,16930260,16597155
41142000,PATENT LEATHER & PATENT LAMINATED LEATHER;METALLISED LEATHER,1735,4192050,3458789
41151000,"COMPOSITION LEATHER WITH A BASIS OF LEAHTER OR LEATHER FIBR,IN SLABS...",20632,13704346,11546328
42021100,"Trunks, Suit-Cases..., Etc, With Outer Surface Of Leather,Or Of composition leather",122,299521,261878
42021200,"Trunks, Suit-Cases..., Etc, With Outer Surface Of Plastic Or Textiles",131,29664,29080
42021900,"Trunks, Suit-Cases..., Etc, Nes",2,1254,920
42022100,"Handbags With Outer Surface Of Leather, Or Composition Leather",48,190379,186105
42022200,Handbags with outer.. with outer surface of sheeting of plastics or of tex.. material,14,23710,14295
42022900,"Handbags, Nes",34,84648,77246
42023900,"Articles Normally Carried In Pocket Or Handbag, Nes",25,43499,43068
42029200,With outer surface of sheeting of plastics or of textile materials,100,68521,46484
42029900,"Cases And Containers, Nes, With Outer Surface Of Other Materials, Nes",1691,1115090,1065081
42031000,Articles Of Apparel Of Leather Or Of Composite Leather,1940,8931770,8657964
42033000,Belts And Bandoliers Of Leather Or Of Composition Leather,53729,100164073,96036156
42034000,OTHER CLOTHING ACCESSORIES,28933,166161955,159973483
42050010,Of a kind used in machinery or mechanical appliances or for other technical uses.,31,2314274,2268674
42050090,"Other articles of leather or of composition leather, NES",10517,14404610,12471791
42060090,"Articles of gut (excl. silk-worm), goldbeater's skin, bladders, nes",57,349097,338194
43021900,"Tanned Or Dressed Whole Furskins, Nes, Not Assembled",7234,5223010,5120096
43031000,Articles Of Apparel And Clothing Accessories Of Furskins,0,615,1
43039000,"Articles Of Furskin, Nes",37,3547,3479
43040000,Artificial Fur And Articles Thereof,28570,24905485,21214430
44012200,Non-Coniferous Wood In Chips Or Particles,4300,183845,182025
44072900,Other Tropical Wood not specified in Subheading Note 2,34790,6835617,6700625
44079900,"Wood, Nes Sawn Or Chipped Lengthwise, Sliced Or Peeled, >6mm Thick",3575,241633,236872
44111200,Medium density fiberboard (MDF) of a thickness not exceeding 5 mm,23230,2033869,1993794
44123900,"Other, with both outer plies of coniferous wood",11381,754080,740442
44129900,"Plywood, veneered panels and similar laminated wood, nes",11429,3496746,3427847
44130029,"Treated Wood,Nes",2343,1312430,1286570
44149000,"Wooden frames for paintings, photographs, mirrors or.... Excluding Of tropical wood",29534,4505029,4391201
44170000,"Tools, tool bodies, tool handles, broom or brush bodies.lasts and trees, of wood.",12894,5253672,4705716
44219990,Other,223,874216,860971
45019000,"Waste Cork; Crushed, Granulated Or Ground Cork",258,505160,399015
45020000,"Natural Cork, Debacked Or Roughly Squared..., Etc",1,1252,1227
45049000,"OTH, AGGLOMERATED CORK(WITH OR WITHOUT A BINDING SUB-STANCE) AND ARTICLES OF AGG. CORK",470,439549,430927
46019900,"OTH, PLAITS AND SIMILAR PRODUCTS OF PLAITING MATERIALS...(EXCL. OF VEGETABLES MATERIALS)",141,432254,423747
48010000,"Newsprint, In Rolls Or Sheets",37547,6080377,6076732
48021000,Hand-Made Paper And Paperboard,192,40400,40000
48022000,Paper And Paperboard As A Base For Photo-Sensitive... Paper,122835,36726268,36002620
48025590,Other Paper EXCL.ECG and ultrasonogram recording paper,32535,3488082,3419344
48025600,"OTHER PAPER OR PAPERBOARD, NOT CONTAINING...,WEIGHING 40 G/M2 OR MORE...",10898,1780303,1745298
48025700,"OTHER,WEIGHING 40 G/M2 OR MORE BUT NOT MORE THAN 150G/M2",17127,5214292,4221419
48025800,WEIGHING MORE THAN 150G/M2,499131,94598376,82997603
48026100,"OTH.PAPER& PAPERBOARD,WEIGHT >10% BY WEIGHT OF TOTAL FIBRE CONTENT,IN ROLL",4000,687120,687120
48026900,"OTH. PAPER & PAPER BOARD, IN ROLL, NES",21888,4721127,3421964
48030000,"Toilet,Facial Tissue,Towel,Napkin Stock & Similar Paper, In Rolls Or Sheet",40795,10488768,10261774
48041100,"Unbleached Kraftliner, Uncoated Paper & Paperboard In Rolls Or Sheets",6220850,536752426,416010063
48041900,"Kraftliner,Uncoated(Excl.Unbleached),Paper & Paperboard,In Rolls Or Sheets",205175,20577865,20158865
48042190,"Unbleached Sack Kraft Paper,Uncoated In Rolls Or Sheets, Nes",409,560208,462218
48042900,"Sack Kraft Paper (Excl. Unbleached), Uncoated, In Rolls Or Sheets",113346,11243076,9655561
48043100,"Unbleached Kraft Paper..., Weighing =<150g/M2",1220353,106888936,77980583
48043900,"Kraft Paper... (Excl. Unbleached), Weighing =<150g/M2",443538,52003806,47648543
48044100,"Unbleached Kraft Paper..., Weighing >150g/M2 But <225g/M2",7015194,613575930,507497256
48044200,"Kraft Paper..., Weigh.>150g/M2 But<225g/M2,Bleach Uniformally>95% By Wt...",246587,21606966,15794679
48044900,"Kraft Paper..., Weighing >150g/M2 But <225g/M2, Nes",432611,37906609,32227807
48045100,"Unbleached Kraft Paper..., Weighing >=225g/M2",4002908,355645340,301416002
48045900,"Kraft Paper..., Weighing >=225g/M2, Nes",53391,10193037,9786644
48051100,"FLUTING PAPER, SEMI-CHEMICAL FLUTING PAPER",4294463,343555268,264012289
48051900,"FLUTING PAPER,NES",1523299,136816306,73760813
48052400,"TESTLINER(RECYCLED LINER BOARD),WEIGHING 150G/M2 OR LESS",247958,12879936,12626151
48052500,TESTLINER(RECYCLED LINER BOARD)WEIGHING MORE THAN 150G/M2,147258,12843728,8197496
48053000,"Sulphite Wrapping Paper, Uncoated In Rolls Or Sheets",3564,949972,902676
48054000,"Filter Paper And Paperboard, Uncoated In Rolls Or Sheets",22,14323,14041
48055000,"Felt Paper And Paperboard, Uncoated In Rolls Or Sheets",4491,699363,501598
48059190,"Fluting paper, NES, weighing 150 g/m2 or less",323378,28394816,15434088
48059210,Uncoated paper board,72,152703,149694
48059310,"Uncoated paper board, Weighing 225 g/m2 or more",1,313,18
48059390,"Fluting paper, NES weighing 225 g/m2 or more",46459,6872428,5657891
48063000,"Tracing Papers, In Rolls Or Sheets",8546,1707125,1607279
48064000,"Glassine And Other Glazed Transparent Or Translucent Papers, Nes",111141,49846260,47087380
48070000,"CMPST.PAPER&PAPER BOARD,NOT SURFACE -COATED OR IMPREGBATED..,IN ROLL/SHEET",227680,18900236,15571236
48081000,"Corrugated Paper And Paperboard, In Rolls Or Sheets",24675,3361120,2285838
48084000,"Kraft paper, creped or crinkled, whether or not embossed or perforated",703,77290,75767
48089000,"Paper And Paperboard, Corrugated, Creped, Etc, In Rolls Or Sheets, Nes",30926,4740096,3584273
48092000,"Self-Copy Paper, In Rolls Or Sheets",69,595123,579914
48099090,"Carbon or similar copying papers, nes",59067,11577575,11036500
48101300,"MECHANICL OR CHEMICAL-MECHANICAL, IN ROOLS",788802,65613895,64171850
48101400,IN SHEETS WITH ONE SIDE <435MM AND OTH.SIDE <297 IN THE UNFOLDED STATE,18603,15743304,15463357
48101900,"PAPER&PAPERBOARD OF A KIND USED FOR WRITTING,PRINTING OR OTH.GRAPHIC..NES",548983,107303140,92146908
48102200,LIGHT-WEIGHT COATED PAPER,867343,74339740,71289901
48102900,"Paper... For Writing, Etc, >10% Mechanical Fibres, Coated...",415055,47156115,38115538
48103200,"Kraft Paper, Bleach By Chem.Process >95% Chem.Fibres, >150g/M2,Coated(Ex..",42591,4758535,4659923
48103900,"Kraft Paper & P.Board,Beach By Chem.Process,Coated,Nes(Ex.Writing,Printing",843350,109901759,67306596
48109200,"OTHER PAPER & P.BOARD,MULTIPLY PAPER & PAPERBOARD",17958434,2147620174,1145586447
48109910,Single/double side coated relse. paper Imp. by VAT reg. Refrigtr. or freez manf. Ind,207195,28942287,18172999
48109990,"Single/double side coated relse. paper Imp. by VAT reg. Refrigtr./freez manf. Ind,Nes",4136890,540467368,351149476
48111000,"Tarred, Bituminized Or Asphalted Paper And Paperboard",107110,34224600,22768901
48114100,Self-adhesive,631954,187058778,165320192
48114900,"SELF ADHESIVE,PAPER & PAPER BOARD, NES",237308,300621456,284522290
48115910,"PAPER & P.BOARD,PACK/ASCEPTIC PACK",8,58372,48481
48115990,"PAPER,PAPERBOARD,CELLULOSE WADDING AND ...EXCL.TETRAPACK/ASCEPTIC PACK",14864,3856327,3748037
48116090,"Paper and paperboard, coated...parafin wx, stearing oil,(excl. ultrasonograme rec.paper)",21050,4088862,3868731
48119090,"Other Paper,Paperboard,Cellulose Wadding And Webs Of Cellulose Fibres,Nes",729440,150296567,132002150
48120000,"Filter Blocks, Slabs And Plates, Of Paper Pulp",0,614,123
48149000,"Wallpaper And Other Wall Coverings; Window Transparencies Of Paper, Nes",9,17506,16711
48169000,"Copying Or Transfer Paper, Nes; Offset Plates, Of Paper (Excl.Heading 4809",16316,4153524,4069589
48171000,Envelopes Of Paper Or Paperboard,0,151,148
48172000,"Letter Cards, Plain Postcards And Correspondance Cards Of Paper...",6132,785707,770225
48173000,"Boxes, Etc, Of Paper Or Paperboard Containing Paper Stationery",6100,567049,555875
48181000,Toilet Paper,35,11425,10055
48182000,Handkerchiefs And Cleansing Or Facial Tissues & Towels,0,624,65
48185000,Articles Of Apparel And Clothing Accssories Of Paper,293514,38215056,36434098
48189000,"Household, Sanitary Or Hospital Articles Of Paper..., Etc, Nes",34782,8061914,7759210
48191000,"Cartons, Boxes And Cases, Of Corrugated Paper Or Paperboard",7066898,1137568318,1106169321
48192010,"Folding Cartons, Boxes And Cases, Of Non-Corrugated Paper Or Paperboard",40927,14731944,9239398
48192090,"Folding Cartons, Boxes And Cases, Of Non-Corrugated Paper Or Paperboard",196269,59859806,57388679
48193000,"Sacks And Bags, Having A Base Of A Width Of >=40cm Of Paper, Paperboard",2103,1675899,1663035
48194090,Other than Fruit Bag,277,1029226,1019036
48195000,"Packing Containers, Including Record Sleeves, Of Paper..., Nes",11498,7483151,7335707
48201000,"Registers,Acc.Books,Diaries,Similar Articles,Order & Receipt Books,Of ....",235,67438,59908
48203000,Binders (Other Than Book Covers) Folders & File Covers Of Paper/Paperboard,996,327779,324355
48205000,Albums For Samples Or For Collections Of Paper Or Paperboard,2,1126,1104
48209000,"Blotting Pads, Book Covers And Other Articles Of Stationery Of Paper...Nes",767,692136,677911
48211000,Printed Paper Or Paperboard Labels Of All Kinds,1499428,1619765282,1573556786
48219010,Sticker,41602,41922022,40626161
48219090,Excl. Sticker imp. by VAT reg. electric fan or water pump motor manf. Ind.,145263,117249830,114490376
48221000,"Bobbins, Spools..., Of Paper Or Paperboard For Winding Textile Yarn",64856,44003674,43233929
48229000,"Bobbins, Spools,Cops And Similar Supports Of Paper Or Paperboard, Nes",111480,15975115,15784348
48232000,"Filter Paper And Paperboard, Cut To Shape",62829,8232064,7682331
48234000,"Rolls, sheets and dials, printed for self recording apparatus",1623,1853229,1317480
48236900,"Other trays, dishes, plates, cups and the like, of paper and paperboard Excl. Of bam",5067,2508957,2456261
48237090,"Moduled or pressed articles of paper pulp, Excl Gasket imp by VAT reg. comp. manu.",15437,3798607,3663816
48239010,"Paper And Paperboard, Cut To Size And Articls Of Paper",110585,25815956,22281950
48239092,Wrappers for confectionery,385,216216,207629
48239093,Surface coloured or printed paper or paper board,3091,1364296,1330311
48239099,"Paper And Paperboard, Cut To Size And Articles Of Paper, Etc, Nes",237705,61153030,54460549
49011000,"Printed Books, Brochures, Leaflets, Etc, In Single Sheets",5308,2674389,2519647
49019930,Other books,3,6685,5128
49019990,"Printed Books,Brichures,Leaflets&Similar Printed Metter, Nes",5886,3318903,3250858
49059000,"Maps and hydrographic or similar charts of all kinds, including atlases,...NES",245,720937,706753
49081010,Transfers (decalcomanias),26,6668139,6536752
49081090,"Transfers(Decalcomanias), Vitrifiable, Nes",7530,16424229,15445726
49089000,Transfers (Decalcomanias) (Excl. Vitrifiable),68920,226715562,212161260
49100000,"CALENDER OF ANY KIND, PRINTED, INCLUDING CALENDER BLOCKS",4,2301,61
49111000,"Trade Advertising Material, Commercial Catalogues And The Like",37999,6827851,6772038
49119100,"Pictures, Designs And Photographs",2835,6907894,6412134
49119990,"Other printed matter, including printed pictures and photographs., NES",388,2786333,2725894
50072000,"Woven Fabrics Of Silk, Containing >=85% Silk Or Of Silk Waste",48,3580895,1733119
50079000,"Printed Woven Fabrics, Containing <85% Silk",94,749042,734286
51011900,"Greasy Wool (Excl. Shorn), Not Carded Or Combed",85,166650,133399
51012900,"Degreased Wool (Excl. Shorn), Not Carbonised, Not Carded Or Combed",2,1439,940
51021100,"FINE ANIMAL HAIR,OF KASHMIR (CASHMERE) GOATS NES",28942,400896559,392981232
51032000,"Other Waste Of Wool Or Of Fine Animal Hair, Not Garnetted Stock, Nes",54,33794,33129
51040000,Garnetted stock of wool or of fine or coarse animal hair,32,31313,30675
51052900,Wool tops and combed wool (excl. in fragments),48483,28091285,27537779
51053100,"FINE ANIMAL HAIR,CARDED OR COMBED , OF KASHMIR (CASHMERE) GOATS",183,3136167,3074371
51061000,"Yarn Of Carded Wool, Not Put Up For Retail Sale, With >=85% Wool",40134,87044423,85465695
51062000,"Yarn Of Carded Wool, Not Put Up For Retail Sale, With <85% Wool",191229,447116990,438298101
51071000,"Yarn Of Combed Wool, Not Put Up For Retail Sale, With >=85% Wool",393817,1076672400,1055628236
51072000,"Yarn Of Combed Wool, Not Put Up For Retail Sale, With <85% Wool",33388,51900081,50963870
51081000,"Carded Yarn Of Fine Animal Hair, Not Put Up For Retail Sale",1401,19532004,19130278
51082000,"Combed Yarn Of Fine Animal Hair, Not Put Up For Retail Sale",15554,121715218,119316949
51091000,"Yarn, with >=85% wool or of fine animal hair, put up for retail sale",210,140921,140921
51099000,"Yarn, with <85% wool or of fine animal hair, put up for retail sale",2314,9976813,9780229
51111100,"Woven Fbrcs.With>=85% Carded Wool Or Of Fine Animal Hair, =<300g/M2 Weight",12420,20385676,19942132
51111900,"Woven Fbrcs.With>=85%Carded Wool Or Of Fine Animal Hair, >300g/M2 Weight",1718,14363356,14031703
51112000,"Woven Fabrics Of Carded Wool, Mixed With Man-Made Filaments",160,253287,195965
51113000,"Woven Fabrics Of Carded Wool, Mixed With Man-Made Staple Fibres",1166,1934540,1864720
51119000,"Other Woven Fabrics Of Carded Wool Or Carded Fine Animal Hair, Nes",96,310746,305155
51121100,"Woven Fabrics With>=85%Combed Wool/Of Fine Animal Hair,=<200g/M2 Weight",218,1429274,1386658
51121900,"Woven Fabrics With >=85% Combed Wool Or Of Fine Animal Hair, >200g/M2",5781,34746032,34060896
51123000,"Woven Fabrics Of Combed Wool, Mixed With Man-Made Staple Fibres",45132,134850813,129745223
51130000,Woven Fabrics Of Coarse Animal Hair Or Of Horsehair,3977,1875528,1854316
52029100,Garnetted Stock Of Cotton,113199,9778851,9406993
52029910,Cotton waste,111155,10776693,10006057
52030000,"Cotton, Carded Or Combed",552130,163112670,158936971
52041100,"Cotton Sewing Thread, With >=85% Cotton, Not Put Up For Retail Sale",40377,36082091,34702036
52041900,"Cotton Sewing Thread, With <85% Cotton, Not Put Up For Retail Sale",11017,12259308,11955192
52042000,"Cotton Sewing Thread, Put Up For Retail Sale",15,11301,11043
52051100,"Uncombed Sin.Cot.Yarn,With>=85%Cot.,Nprs,=>714.29 Decitex (<=14mn).",1228795,364751368,315052655
52051200,"Uncom.Sin.Cot.Yarn,With>=85%Cot.Nprs,<714.29de(>14mn)But(>=232.56de)<=43mn",5505589,1743870275,1622326680
52051300,"Uncom.Sin.Cot.Yarn,With>=85%Cot.,Nprs,<232.56(>43mn)But(>=192.31de)(<=52mn",1937474,757144591,702452765
52051400,"Uncombed Sin.Cot.Yarn,With>=85%Cot.Nprs,<192.31de(>52mn)But>=125de(<=80mn)",1287311,493272766,471901323
52052100,"Combed Single Cotton Yarn, With >=85% Cotton, Nprs,>=714.29 Decitex(<=14mn",1005057,398609074,349329716
52052200,"Combed Sin.Cot.Yarn,With>=85%Cot.,Nprs,<714.29(>14mn)But>=232.56de.(<=43mn",6016959,2321191594,2108741525
52052300,"Com.Sin.Cot.Yarn,With>=85%Cot.,Nprs,<232.56deci(>43mm)But>=192.31de(<=52mn",12113416,4657618153,4342308907
52052400,"Com.Sin.Cot.Yarn,With>=85%Cot.,Nprs,<192.31de.But>=125de>52mn But<=80mn",9717906,3870799364,3723399211
52052600,"Com.Sin.Cot.Yarn,With>=85%Cot.,Nprs,<125 De.But >=106.38>80mn But<=94mm",243921,119999382,117619581
52052700,"Com.Sin.Cot.Yarn,With>=85%Cot.Nprs,<106.38de But>=83.33de>94mn But<=120mn",361162,201020057,197067942
52052800,"Combed Single Cotton Yarn, With >=85% Cotton, Nprs,<83.33 >120mn",859552,424597464,413357890
52053100,"Mul.Unco.Cabled Cotton Yarn,With >=85% Cot.,Nprs,<=14mn Per Single Yarn",8,8762,8589
52053200,"Mul. Unco.Cabled Cotton Yarn,>=85%Cot.,Nprs,>14mn But<=43mn P.Single Yarn",1032436,445517987,431526039
52053300,"Uncombed Cabled Cotton Yarn,>=85%Cotton,Nprs,>43mn But<=52mn P.Single Yarn",19402,7376942,7231590
52053400,"Uncombed Cabled Cotton Yarn,>=85%Cotton,Nprs,>52mn But<=80mn P.Single Yarn",845319,312124364,305088382
52054100,"Combed Cabled Cotton Yarn, With >=85% Cotton, Nprs, <=14mn Per Single Yarn",16025,8107922,7948163
52054200,"Combed Cabled Cotton Yarn,With>=85%Cotton,Nprs,>14mn But<=43mn P.Sing.Yarn",793759,499172649,480234454
52054300,"Combed Cabled Cotton Yarn,With>=85%Cotton,Nprs,>43mn But<=52mn P.Sing.Yarn",92618,93346297,91533914
52054400,"Combed Cabled Cotton Yarn,>=85% Cotton,Nprs,>52mn But<=80mn Pr.Single Yarn",1739749,1018509350,997240501
52054600,"Combed Cabled Cotton Yarn,>=85% Cotton,Nprs,>80mn But<=94mn Pr.Single Yarn",58876,55507997,54416183
52054700,"Combed Cabled Cotton Yarn,>=85% Cotton,Nprs,>94mn But<=120mn P.Single Yarn",47073,28935816,28314219
52054800,"Combed Cabled Cotton Yarn, With >=85% Cotton, Nprs, >120mn Per Single Yarn",597,774046,593144
52061100,"Uncombed Single Cotton Yarn, With <85% Cotton, Nprs, <=14mn",115450,113199328,110749098
52061200,"Uncombed Single Cotton Yarn, With <85% Cotton, Nprs, >14mn But <=43mn",363031,152543530,128126438
52061300,"Uncombed Single Cotton Yarn, With <85% Cotton, Nprs, >43mn But <=52mn",332023,116165220,100919898
52061400,"Uncombed Single Cottonyarn, With <85% Cotton, Nprs, >52mn But <=80mn",436,205849,201792
52061500,"Uncombed Single Cotton Yarn, With <85% Cotton, Nprs, >80mn",20,19632,19632
52062100,"Combed Single Cotton Yarn, With <85% Cotton, Nprs, <=14mn",209921,209319325,205162703
52062200,"Combed Single Cotton Yarn, With <85% Cotton, Nprs, >14mn But <=43mn",347939,173181803,154189974
52062300,"Combed Single Cotton Yarn, With <85% Cotton, Nprs, >43mn But <=52mn",732167,297081349,264595080
52062400,"Combed Single Cotton Yarn, With <85% Cotton, Nprs, >52mn But <=80mn",1052929,421940075,382708579
52062500,"Combed Single Cotton Yarn, With <85% Cotton, Nprs, >80mn",6150,6631239,6500583
52063100,"Uncombed Cabled Cotton Yarn, With <85% Cotton, Nprs, <=14mn",2502,2023116,1983253
52063200,"Uncombed Cabled Cotton Yarn,<85% Cotton,Nprs,>14mn But<=43mn P.Single Yarn",158539,119977815,117485242
52063300,"Uncombed Cabled Cotton Yarn,<85%Cotton,Nprs,>43mn But<=52mn Pr.Single Yarn",30419,31389547,30773586
52063400,"Uncombed Cabled Cotton Yarn,<85% Cotton,Nprs,>52mn But<=80mn P.Single Yarn",2286,1888007,1850807
52064100,"Combed Cabled Cotton Yarn, With <85% Cotton, Nprs, <=14mn Per Single Yarn",12152,10056650,9921727
52064200,"Combed Cabled Cotton Yarn,<85% Cotton,Nprs,>14mn But<=43mn Per Single Yarn",425413,263644277,256702733
52064300,"Combed Cabled Cotton Yarn,<85% Cotton,Nprs,>43mn But<=52mn Per Single Yarn",161694,140645321,137966726
52064400,"Combed Cabled Cotton Yarn,<85% Cotton,Nprs,>52mn But<=80mn Per Single Yarn",279708,209015164,204256872
52064500,"Combed Cabled Cotton Yarn, With <85% Cotton, Nprs, >80mn Per Single Yarn",25016,8095944,7395744
52071000,"Cotton Yarn (Excl. Sewing), Put Up For Retail Sale, With >=85% Cotton",79368,25922359,19680805
52079000,"Cotton Yarn (Excl. Sewing), Put Up For Retail Sale, With <85% Cotton",282,237217,232597
52081100,"Unbleached Plain Woven Fabrics Of Cotton With>=85%Cotton, =<100g/M2",223488,141986592,138568444
52081200,"Unbleached Plain Woven Fabrics Of Cotton>=85%Cotton,>100g/M2 But<200g/M2",167230,77413951,74431253
52081300,"Unbleached 3 Or 4-Thread Twill, With >=85% Cotton, <200g/M2",85559,38465325,37606415
52081900,"Unbleached Woven Cotton Fabrics, Nes, With >=85% Cotton",57683,28793230,28171618
52082100,"Bleached Plain Woven Fabrics Of Cotton With >=85% Cotton, =<100g/M2",62891,53117358,49145887
52082200,"Bleached Plain Woven Fbrcs.Of Cotton With>=85%Cotton,>100g/M2 But<200g/M2",215543,254958450,249609485
52082300,"Bleached 3 Or 4-Thread Twill (Incl. Cross Twill), With >=85% Cotton",41307,52864146,51934887
52082900,"Bleached Woven Cotton Fabrics, Nes, With >=85% Cotton",154458,192268505,187998112
52083100,"Dyed Plain Cotton Woven Fabrics With >=85% Cotton, =<100g/M2",95743,130978721,128165083
52083200,"Dyed Plain Cotton Woven Fabrics With >=85% Cotton, >100g/M2",855174,951769751,913809144
52083300,"Dyed 3 Or 4-Thread Twill (Incl. Cross Twill), With >=85% Cotton",356103,370775056,357527575
52083900,"Dyed Woven Cotton Fabrics, With >=85% Cotton, Nes",724310,863797709,837387148
52084100,"Coloured Plain Cotton Woven Fabrics With >=85% Cotton, =<100g/M2",57251,99430678,96863117
52084200,"Coloured Plain Cotton Woven Fabrics With >=85% Cotton, >100g/M2",1634282,1843182621,1801947157
52084300,"Coloured 3 Or 4-Thread Twill (Incl. Cross Twill), With >=85% Cotton",935879,947171464,927383207
52084900,"Coloured Woven Cotton Fabrics, With >=85% Cotton, Nes",1407688,1586758829,1543866248
52085100,"Printed Plain Cotton Woven Fabrics With >=85% Cotton, =<100g/M2",30173,39193857,38350707
52085200,"Printed Plain Cotton Woven Fabrics With >=85% Cotton, >100g/M2",330771,426471161,415052661
52085900,"Printed Woven Cotton Fabrics, With >=85% Cotton, Nes",407593,465765905,448416833
52091100,"Unbleached Plain Cotton Woven Fabrics With >=85% Cotton, >=200g/M2",242999,116980369,96886945
52091200,"Unbleached 3 Or 4-Thread Twill (Incl. Cross Twill), With >=85% Cotton",1457077,590632434,531493647
52091900,"Unbleached Cotton Fabrics, With >=85% Cotton, >=200g/M2, Nes",57197,33205997,30563245
52092100,"Bleached Plain Cotton Woven Fabrics With >=85% Cotton, >=200g/M2",21769,4542607,4469226
52092200,"Bleached 3 Or 4-Thread Twill, >=85% Cotton, >=200g/M2",554130,400618326,388292231
52092900,"Bleached Woven Cotton Fabrics, With >=85% Cotton, >=200g/M2, Nes",55071,60185122,58547976
52093100,"Dyed Plain Cotton Woven Fabrics With >=85% Cotton, >=200g/M2",639336,515598658,499636683
52093200,"Dyed 3 Or 4-Thread Twill (Incl. Cross Twill), With >=85% Cotton",5515289,3938108182,3799884027
52093900,"Dyed Woven Cotton Fabrics, With >=85% Cotton, >=200g/M2, Nes",1503110,1108490419,1048928376
52094100,"Coloured Plain Cotton Woven Fabrics With >=85% Cotton, >=200g/M2",163012,102812856,85094328
52094200,"Denim, With >=85% Cotton, >=200g/M2",21648315,13028300905,12278684553
52094300,"Coloured 3 Or 4-Thread Twill (Incl.Cross Twill)With>=85% Cotton,>=200g/M2",526582,439407967,429754262
52094900,"Coloured Woven Cotton Fabrics, With >=85% Cotton, >200g/M2",317984,288642892,280405686
52095100,"Printed Plain Cotton Woven Fabrics With >=85% Cotton, >200g/M2",28014,33766723,33069087
52095200,"Printed 3 Or 4-Thread Twill (Incl.Cross Twill)With >=85% Cotton, >200g/M2",420771,315700249,303831682
52095900,"Printed Woven Cotton Fabrics, With >=85% Cotton, >200g/M2",55660,61478236,60224975
52101100,"Unbleached Plain Cotton Woven Fabrics With <85% Cotton, =<200g/M2",55645,45761285,44863444
52101900,"Unbleached Woven Cotton Fabrics, Nes, With <85% Cotton, =<200g/M2",52,40741,30135
52102100,"Bleached Plain Cotton Woven Fabrics With <85% Cotton, =<200g/M2",89688,115121649,112531702
52102900,"Bleached Woven Cotton Fabrics, Nes, With <85% Cotton, =<200g/M2",60254,90907994,88803437
52103100,"Dyed Plain Cotton Woven Fabrics With <85% Cotton, =<200g/M2",352295,460255720,440365612
52103200,"Dyed 3 Or 4-Thread Twill, With <85% Cotton, =<200g/M2",208319,256266206,247308655
52103900,"Dyed Woven Cotton Fabrics, Nes, With <85% Cotton, =<200g/M2",228582,305680165,289413333
52104100,"Coloured Plain Cotton Woven Fabrics With <85% Cotton, =<200g/M2",362208,415358400,406466435
52104900,"Coloured Woven Cotton Fabrics, Nes, With <85% Cotton, =<200g/M2",364254,472813067,463080309
52105100,"Printed Plain Cotton Woven Fabrics With <85% Cotton, =<200g/M2",108721,153452153,148982989
52105900,"Printed Woven Cotton Fabrics, Nes, With <85% Cotton, =<200g/M2",23025,25529383,24793792
52111100,"Unbleached Plain Cotton Woven Fabrics With <85% Cotton, >200g/M2",14238,12358351,12114902
52111200,"Unbleached 3 Or 4-Thread Twill(Incl.Cross Twill)With <85% Cotton, >200g/M2",99787,70435578,68817209
52111900,"Unbleached Woven Cotton Fabrics, Nes, With <85% Cotton, >200g/M2",49535,42515077,41490318
52112000,Bleached,161883,149744666,144906749
52113100,"Dyed Plain Cotton Woven Fabrics With <85% Cotton, >200g/M2",128743,123614048,118736672
52113200,"Dyed 3 Or 4-Thread Twill (Incl. Cross Twill) With <85% Cotton, >200g/M2",946169,828842005,784658069
52113900,"Dyed Woven Cotton Fabrics, Nes, With <85% Cotton, >200g/M2",731895,734665693,709745310
52114100,"Coloured Plain Cotton Woven Fabrics With <85% Cotton, >200g/M2",51799,39919828,36614085
52114200,"Coloured Denim, With <85% Cotton, >200g/M2",14348431,8578342940,7901405690
52114300,"Color.Fab.Of 3 Or 4-Thread Twill(Inc.Cross Twill)With<85%Cotton,>200g/M2",24703,20442538,19818766
52114900,"Coloured Woven Cotton Fabrics, Nes, With <85% Cotton, >200g/M2",108986,142311403,138743674
52115100,"Printed Plain Cotton Woven Fabrics With <85% Cotton, >200g/M2",26,16179,15505
52115200,"Printed 3 Or 4-Thread Twill,(Incl.Cross Twill) With <85% Cotton, >200g/M2",119330,66576272,25514607
52115900,"Printed Woven Cotton Fabrics, Nes, With <85% Cotton, >200g/M2",59391,15014167,14718155
52121100,"Unbleached Woven Fabrics Of Cotton, =<200g/M2, Nes",91,108740,101362
52121200,"Bleached Woven Fabrics Of Cotton, =<200g/M2, Nes",2956,4826083,4731747
52121300,"Dyed Woven Fabrics Of Cotton, =<200g/M2, Nes",292975,373938279,363053202
52121400,"Coloured Woven Fabrics Of Cotton, =<200g/M2, Nes",102253,139247693,135531459
52121500,"Printed Woven Fabrics Of Cotton, =<200g/M2, Nes",28139,45727933,44155401
52122200,"Bleached Woven Fabrics Of Cotton, >200g/M2, Nes",15419,21064062,20651343
52122300,"Dyed Woven Fabrics Of Cotton, >200g/M2, Nes",363033,305870519,290287961
52122400,"Coloured Woven Fabrics Of Cotton, >200g/M2, Nes",67395,65175774,64458679
52122500,"Printed Woven Fabrics Of Cotton, >200g/M2, Nes",4192,4784702,4690425
53039000,"Jute, etc (excl. flax, true hemp and ramie), nes; tow and waste...",41,25682,1227
53061000,Single Flax Yarn,46145,43908545,42704429
53062000,Multiple Or Cabled Flax Yarn,3966,9237918,9008130
53071000,Single yarn of jute or of other textile bast fibres of 53.03,39000,6103679,5983414
53091100,"Bleached Or Unbleached, Woven Fabrics Of Flax, With >=85% Flax",77635,198241531,193334631
53091900,"Woven Fabrics Of Flax, With >=85% Flax, Printed, Dyed Or Coloured",505315,1464557671,1420557138
53092100,"Bleached Or Unbleached, Woven Fabrics Of Flax, With <85% Flax",37607,70784940,69280858
53092900,"Woven Fabrics Of Flax, With <85% Flax, Printed, Dyed Or Coloured",1023220,1645224404,1575905071
53101000,Unbleached woven fabrics of jute or of other textile bast fibre,1725,647752,428959
53109000,Woven fabrics of jute or other textile bast fibres (excl. unbleached),0,1800,123
53110000,Woven fabrics of other vegetable textile fibres; woven fabrics of paper yarn.,11683,21051887,20637113
54011000,Sewing Thread Of Synthetic Filaments,1615757,1262811169,1192812381
54012000,Sewing Thread Of Artificial Filaments,62602,41731703,39273221
54021100,Synthetic filament yarn?High tenacity of nylon or other polyamides Of aramids,39219,13122313,12833518
54021900,"Synthetic filament yarn?High tenacity of nylon or other polyamides, Excl.Of ar",1497,1621734,1359782
54022000,"High tenacity yarn of polyesters, whether or not textured",66283,34097855,31840002
54023100,"Textured Yarn, Of Nylon Or Other Polyamides, =<5tex, Nprs",667813,254222178,231916984
54023200,"Textured Yarn, Of Nylon Or Other Polyamides, >50tex, Nprs",434525,166873171,146623054
54023300,TEXTURED YARN OF POLYESTER,15017021,4939350140,2472350157
54023400,Textured yarn Of polypropylene,83108,28441919,19179477
54023900,"Synthetic Textured Yarn, Nes, Nprs",17338,6720157,2998464
54024400,"Other yarn, single, untwisted or with a twist not exceeding 50 turns per metre",1333438,718895123,700119511
54024500,"Other yarn,single,untwisted or with a twist <=50 turns per metre Othr,of nylon",723468,280203234,273907396
54024600,"Other yarn,single,untwisted or with a twist <=50 turns per metre Other, of pol",1663,703535,689673
54024700,"Other yarn,single,untwisted or with a twist <=50 turns per metre Other, of pol",2787398,899418847,402633660
54024800,"Other yarn,single,untwisted or with a twist <=50 turns per metre Other, of pol",59665,19643781,13790428
54024900,"Single Synthetic Yarn, Nes,Untwisted With =<50turns/M, Nprs",30944,20739895,19645007
54025100,"Single Yarn Of Nylon Or Other Polyamides, With >50turns/M, Nprs",345595,178978839,168394193
54025200,"Single Yarn Of Polyesters, With >50turns/M, Nprs",226870,102155838,81755803
54025900,"Single Synthetic Yarn, Nes, With >50turns/M, Nprs",99265,32414715,31776629
54026100,"Multiple Or Cabled Yarn Of Nylon Or Other Polyamides, Nprs",790470,390643521,361739404
54026200,"Synthetic Multiple Or Cabled Yarn Of Polyesters, Nprs",2465683,962381077,827955394
54026900,"Synthetic Multiple Or Cabled Yarn, Nes, Nprs",109117,73310856,71866492
54031000,"High Tenacity Yarn Of Viscose Rayon, Nprs Excl. Sewing Thread",63872,36051462,35367521
54033100,"Single Yarn Of Viscose Rayon,Untwisted Or With =<120turns/M, Nprs",318263,113054848,98294408
54033200,"Single Yarn Of Viscose Rayon, With >120turns/M, Nprs",56383,33300132,31017558
54033900,"Single Artificial Yarn, Nes, Nprs",152616,130810510,127521350
54034100,"Multiple Or Cabled Yarn Of Viscose Rayon, Nprs",3265350,1478329839,1445140654
54034900,"Multiple Or Cabled Artificial Yarn, Nes, Nprs",2313377,1220818445,1195356756
54041100,Monofilament Elastomeric,5364,2659872,2497720
54041200,"Monofilament Other, of polypropylene",42941,37500463,36887567
54041900,Monofilament Excl. Elastomeric & other of polypropylene,16122,5173874,3954661
54049000,OTH. SYNTHETIC MONOFILAMENT OF 67 DECITEX OR MORE... (EXCL. MONOFILAMENT),15664,4522204,4175206
54050000,Artfcl.Monofilament Of>=67dec.Strip&The Like Of Artfcl.Txte.Mtrl.Width=<5m,372,203294,199265
54071090,"Rejected fabrics generated during manu.of garments or processing of fabrics, nes",1166,2096617,2058514
54072000,Woven Fabrics Obtained From Synthetic Strip Or The Like,1169,1372004,1341408
54073000,Fabrics Of Synthetic Filament Yarn Specified In Note 9 To Section Xi,47727,12109302,11033071
54074100,"Unbleached Or Bleached Woven Fabrics, >=85% Nylon...",371850,177521974,172871051
54074200,"Dyed Woven Fabrics Of Synthetic Filament Yarn, >=85% Nylon...",1248905,2328152526,2220066976
54074300,"Coloured Woven Fabrics Of Synthetic Filament Yarn, >=85% Nylon...",42418,58066888,55817312
54074400,"Printed Woven Fabrics Of Synthetic Filament Yarn, >=85% Nylon...",11701,34428743,33496120
54075100,"Unbleached Or Bleached Woven Fabrics, >=85% Textured Polyester",397136,190146239,113249112
54075200,"Dyed Woven Fabrics Of Synthetic Filament Yarn, >=85% Textured Polyester",7417835,5461401446,3894348159
54075300,"Coloured Woven Fabrics Of Synthetic Yarn, >=85% Textured Polyester",287223,192795079,147933738
54075400,"Printed Woven Fabrics Of Synthetic Yarn, >=85% Textured Polyester",1138866,958211932,704601502
54076100,Other Woven Fabrics Of Synthetic Yarn>=85% Nontextured Polyester Filaments,2757996,1984321318,1377554012
54076900,Other Woven Fabrics Of Synth'C Yarn >=85% Textrd/Non-Textrd Polystr Filmnt,2741506,2064229772,1817033191
54077100,"Unbleached Or Bleached Woven Fabrics, >=85% Synthetic Filaments, Nes",119740,89482007,85951169
54077200,"Dyed Woven Fabrics, >=85% Synthetic Filaments, Nes",495284,412550544,386109913
54077300,"Coloured Woven Fabrics, >=85% Synthetic Filaments, Nes",29266,32969827,32280434
54077400,"Printed Woven Fabrics, >=85% Synthetic Filaments, Nes",253939,211521622,151645481
54078100,"Unbleached/Bleached Woven Fbrc.,<85% Synthetic Filaments,Mixed With Cotton",25456,16361330,15703574
54078200,"Dyed Woven Fabrics, <85% Synthetic Filaments, Mixed With Cotton",130724,156111488,149776835
54078300,"Coloured Woven Fabrics, <85% Synthetic Filaments, Mixed With Cotton",20667,21184388,20751536
54078400,"Printed Woven Fabrics, <85% Synthetic Filaments, Mixed With Cotton",9629,13995496,13675066
54079100,"Unbleached Or Bleached Woven Fabrics <85% Synthetic Filament Yarn, Nes",18983,15096162,14798706
54079200,"Dyed Woven Fabrics <85% Synthetic Filament Yarn, Nes",391685,512122607,492515626
54079300,"Coloured Woven Fabrics <85% Synthetic Filament Yarn, Nes",32256,30363303,29658603
54079400,"Printed Woven Fabrics <85% Synthetic Filament Yarn, Nes",2041,4167260,3993462
54081000,"Woven Fabrics Of High Tenacity Synthetic Filament Yarn, Of Viscose Rayon",11559,5642121,3431890
54082100,"Unbleached Or Bleached Woven Fabrics, >=85% Artificial Filaments Or Strip",213,443930,435183
54082200,"Dyed Woven Fabrics, >=85% Artificial Filaments Or Strip",11720,13786612,13565167
54082300,"Coloured Woven Fabrics, >=85% Artificial Filaments Or Strip",4943,3486130,3417440
54082400,"Printed Woven Fabrics, >=85% Artificial Filaments Or Strip",20299,27300711,26812728
54083100,"Unbleached Or Bleached Woven Fabrics Of Artificial Filament Yarn, Nes",5,3005,2945
54083200,"Dyed Woven Fabrics Of Artificial Filament Yarn, Nes",969,988550,962736
54083300,"Coloured Woven Fabrics Of Artificial Filament Yarn, Nes",1430,527827,512199
54083400,"Printed Woven Fabrics Of Artificial Filament Yarn, Nes",10120,11594452,11365997
55011900,Synthetic filament tow Of nylon or other polyamides : Excluding Of aramids,54,97942,96013
55013000,ACRYLIC OR MOD ACRYLIC IMPORTED VAT REG. SYNTHETIC STAPLE FIBER MANUFACT.,810831,195265263,164447456
55019000,Synthetic Filament Tow (Excl. Nylon/Polyesters/Acrylic),317,314918,308713
55021000,Artificial filament tow of cellulose acetate,391,280517,274995
55029000,"Artificial filament tow, nes",500,842607,825961
55031900,"Syn.Sta.fibres,not carded, combed or othrwise pro.for spin.Of nylon or othr po",7035,3962178,1510504
55032000,"Synthetic Staple Fibres, Of Polyesters, Not Carded, Combed Or Processed",1897229,338444362,270303306
55034000,"Synthetic Staple Fibres,Of Polypropylene,Not Carded,Combed Or Processed",278,344308,323128
55041000,"Artificial Staple Fibres,Of Viscose Rayon,Not Carded,Combed Or Processed",242791,59685211,54211015
55049000,"Artificial Staple Fibres, (Excl. Viscose), Not Carded,Combed Or Processed",9,5633,5522
55051000,"Waste Of Synthetic Fibre, (Incl. Noils, Yarn Waste And Garnetted Stock)",192672,2942160,2847822
55061000,"Synt.Staple Fibres,Of Nylon Or Other Polyamides,Carded,Combed Or Processed",25481,10041242,9830712
55062000,"Synthetic Staple Fibres, Of Polyesters, Carded, Combed Or Processed",10277,6816726,6621247
55063000,"Acrylic Or Modacrylic Synthetic Staple Fibres,Carded,Combed Or Processed",22930,11342799,11119304
55069000,"Syn.Staple Fibres,Nes,Carded,Combed Or Processed(Exl.Nyl./Polester/Acry.)",522,466940,457746
55081000,Sewing Thread Of Synthetic Staple Fibres,144822,179418823,175934961
55082000,Sewing Thread Of Artificial Staple Fibres,3039,5235686,5153674
55091100,"Single Yarn, With >=85% Staple Fibres Of Nylon Or Other Polyamides, Nprs",114638,85010787,83225113
55091200,"Multiple Or Cabled Yarn, >=85% Staple Fibres Of Nylon, Etc, Nprs",216346,116378732,114198809
55092100,"Single Yarn, With >=85% Polyester Staple Fibres, Nprs",1101162,606366978,576501678
55092200,"Multiple Or Cabled Yarn, With >=85% Polyester Staple Fibres, Nprs",1308959,579813881,551948166
55093100,"Single Yarn, With >=85% Acrylic Or Modacrylic Staple Fibres, Nprs",174123,80291953,77986026
55093200,"Multiple Or Cabled Yarn, >=85% Acrylic Or Modacrylic Staple Fibres, Nprs",3802170,1421551931,1353521452
55094100,"Single Yarn, With >=85% Synthetic Staple Fibres, Nes, Nprs",77701,54364247,53279811
55094200,"Multiple Or Cabled Yarn, With >=85% Synthetic Staple Fibres, Nes, Nprs",5247,2727695,2723700
55095100,"Yarn,<85% Polyester Staple Fibres,Mixed With Artificial Staple Fibres,Nprs",1156062,742772262,719940671
55095200,"Yarn,<85% Polyester Staple Fibres,Mixed With Wool Or Fine Animal Hair,Nprs",2636095,1954295329,1917093652
55095300,"Yarn, <85% Polyester Staple Fibres, Mixed With Cotton, Nprs",1216167,566436387,527094134
55095900,"Yarn,<85%Polyester Staple Fibres,Nes,Nprs(Exl.Arti/Wool/Cotton Staplefibre",1132277,798100734,783201944
55096100,"Yarn, <85% Acrylic Or Modacrylic Staple Fibres, Mixed With Wool..., Nprs",853857,616132135,604033620
55096200,"Yarn, <85% Acrylic Or Modacrylic Staple Fibres, Mixed With Cotton, Nprs",564046,247567311,242389990
55096900,"Yarn, <85%Acrylic Or Modacrylic Staple Fibres, Nes, Nprs(Exl. Wool/Cotton)",2044445,1239349612,1216555138
55099100,"Yarn, Synthetic Staple Fibres, Nes, Mixed With Wool..., Nprs",106451,96346672,94602361
55099200,"Yarn, Synthetic Staple Fibres, Nes, Mixed With Cotton, Nprs",450,411835,403720
55099900,"Yarn, Synthetic Staple Fibres,Nes, Nprs (Exl. Wool/Cotton)",155275,132556679,129442450
55101100,"Single Yarn, With >=85% Artificial Staple Fibres, Nprs",113579,43780577,39501174
55101290,"YARN OF ARTIFICIAL STAPLE FIBRES, .. EXCL. WATER BLOCKING YARN IMP BY VAT REG. OPTICAL F",56410,28376930,27763206
55102000,"Yarn, Artificial Staple Fibres, Mixed With Wool..., Nprs",13111,11203062,10982317
55103090,"YARN OF ARTIFICIAL STAPLE FIBRES,..EXCL. W/BLOCKING TAP IMPTD. BY VAT REG. OPTICAL FIBRE",218137,113802492,111500018
55109000,"Yarn, Artificial Staple Fibres, Nes, Nprs (Exl. Wool/Cotton)",901306,457907011,447027990
55111000,"Yarn, With >=85% Synthetic Staple Fibres, Put Up For Retail Sale",50,18780,18411
55112000,"Yarn, <85% Synthetic Staple Fibres, Put Up For Retail Sale",14540,6952112,6815130
55121100,"Unbleached or bleached woven fabrics, >=85% polyester staple fibres",69472,53957805,52524266
55121990,"Woven Fabrics, >=85% Polyester Staple Fibres, Excl.Unbleached Or Bleached",50338,48536790,47401051
55122100,"Unbleached or bleached woven fabrics, >=85% acrylic... staple fibres",58329,30863341,19022639
55122900,"Woven Fabrics, >=85% Acrylic... Staple Fibres, Excl.Unbleached Or Bleached",22781,11426157,7436995
55129900,"Woven Fabrics, >=85% Synthetic Fibres, Nes",5585,26184194,22490931
55131100,"Plain weave fabrics, <85% polyester fibres + cotton, =<170g/m2 fibres, plain weave",1637193,1139203026,1072231509
55131200,"3-Thread or 4-thread twill, including cross twill ,of polyester staple fibres",366114,210864644,199975778
55131300,Other woven fabrics of polyester staple fibres,56931,31366728,28794815
55131900,Other woven fabrics,14400,11528415,11130078
55132100,"Dyed Plain Weave Fabrics, <85% Polyester Fibres + Cotton, =<170g/M2",1139987,947696475,878064359
55132300,"Dyed Woven Fabrics, Nes, <85% Polyester Fibres + Cotton, =<170g/M2",265900,207386286,196744554
55132900,"Dyed Woven Fabrics, <85% Synthetic Fibres + Cotton, Nes, =<170g/M2",179780,116446992,111275667
55133100,"Coloured Plain Weave Fabrics, <85% Polyester Fibres + Cotton, =<170g/M2",126934,150897778,148065049
55133900,"Coloured Woven Fabrics, <85% Synthetic Fibres + Cotton, Nes, =<170g/M2",52133,69810996,67837714
55134100,"Printed Plain Weave Fabrics, <85% Polyester Fibres + Cotton, =<170g/M2",26351,24500737,23528332
55134900,"Printed Woven Fabrics, <85% Synthetic Fibres + Cotton, Nes, =<170g/M2",20164,18134729,17558593
55141100,"Of polyester staple fibres, plain weave",10081,6944762,6807924
55141200,"3-Thread for 4-thread twill, including cross twill, of polyester staple fibres",90401,61022507,59431308
55141900,Other woven fabrics,83421,88054919,86057587
55142100,"Dyed Plain Weave Fabrics, <85% Polyester Fibres + Cotton, >170g/M2",61557,40030545,35233456
55142200,"Dyed 3 Or 4-Thread Twill, <85% Polyester Fibres + Cotton, >170g/M2",1355724,975189111,939968182
55142300,"Dyed Woven Fabrics, Nes, <85% Polyester Fibres + Cotton, >170g/M2",165527,128085111,124822502
55142900,"Dyed Woven Fabrics, <85% Synthetic Fibres + Cotton, Nes, >170g/M2",28445,32720224,29216924
55143000,"Unbleached or bleached Of polyester staple fibres, plain weave: dyed Of yarns",8720,6387529,5174414
55144100,"Printed Plain Weave Fabrics, <85% Polyester Fibres + Cotton, >170g/M2",1997,3014505,2931283
55144200,"Printed 3 Or 4-Thread Twill, <85% Polyester Fibres + Cotton, >170g/M2",2820,5462560,5355314
55144300,"Printed Woven Fabrics, Nes, <85% Polyester Fibres + Cotton, >170g/M2",6925,15756388,15077826
55144900,"Printed Woven Fabrics, <85% Synthetic Fibres + Cotton, Nes, >170g/M2",13941,48051406,46760180
55151100,Mixed mainly or solely with viscose rayon staple fibres,2860939,2508083111,2398060256
55151200,Mixed mainly or solely with man-made filaments:,1467,1655483,1625504
55151300,Mixed mainly or solely with wool or fine animal hair:,112556,244886603,217689581
55151900,"Woven fabrics of polyester staple fibres, nes",446932,447021845,435518947
55152100,Mixed mainly or solely with man-made filaments,31,22151,21718
55152200,Mixed mainly or solely with wool or fine animal hair,9038,17244355,16907973
55152900,"Woven fabrics of acrylic or modacrylic staple fibres, nes",28579,62752048,61514265
55159100,Mixed mainly or solely with man-made filaments:,46,30331,491
55159900,"Woven fabrics of synthetic staple fibres, nes",69311,47442160,46375690
55161100,"Unbleached or bleached woven fabrics, >=85% artificial staple fibres",423615,229344856,203480597
55161200,"Dyed Woven Fabrics, >=85% Artificial Staple Fibres",832997,866209705,827006406
55161300,"Coloured Woven Fabrics Of Yarn, >=85% Artificial Staple Fibres",143842,143402835,139238162
55161400,"Printed Woven Fabrics, >=85% Artificial Staple Fibres",1233915,1071977212,992814830
55162100,"Woven fab. <85% artificial fibres, with man-made filas, Unbleached or bleached",15407,22167171,21688026
55162200,"Dyed Woven Fabrics, <85% Artificial Fibres, With Man-Made Filaments",1030830,1092369837,1055533295
55162300,"Coloured Woven Fabrics, <85% Artificial Fibres, With Man-Made Filaments",87942,73379831,68774797
55162400,"Printed Woven Fabrics, <85% Artificial Fibres, With Man-Made Filaments",138046,168506851,164881721
55164100,"Woven fabrics, <85% artificial staple fibres, mixed with cotton Unblea. or bleached",30800,28636827,28065456
55164200,"Dyed Woven Fabrics, <85% Artificial Staple Fibres, Mixed With Cotton",102208,133983093,131656144
55164300,"Coloured Woven Fabrics, <85% Artificialstaple Fibres, Mixed With Cotton",75741,60753109,59327693
55164400,"Printed Woven Fabrics, <85% Artificial Staple Fibres, Mixed With Cotton",7647,11374978,11088765
55169100,"Woven fabrics, <85% artificial staple fibres, nes Unbleached or bleached",487,480574,471107
55169200,"Dyed Woven Fabrics, <85% Artificial Staple Fibres, Nes",609767,823238579,796538135
55169300,"Coloured Woven Fabrics, <85% Artificial Staple Fibres",53059,71558835,68281034
55169400,"Printed Woven Fabrics, <85% Artificial Staple Fibres, Nes",26589,34899403,34067818
56012100,Cotton Wadding And Articles Thereof,14240,6155922,6033638
56012200,Wadding Of Man-Made Fibres And Articles Thereof,480133,316076278,303833911
56012900,"Wadding and articles of wadding, nes",131792,84668200,76830229
56013000,Textile Flock And Dust And Mill Neps,45017,11120681,10325193
56021000,Needleloom felt and stitch-bonded fibre fabrics,8244,4234698,4164342
56022100,"Felt Of Wool Or Fine Animal Hair (Excl. Impregnated, Coated, Etc)",358,625611,600994
56022900,"Felt of textile materials (excl. impregnated, coated, etc) Of other textile materials",16040,8807127,8627412
56029000,"Felt, Nes (Exl. Needleloom, Wool, Text Material, Jute, Other Than Jute)",11193,11857077,11468217
56031110,Hydrophilic/hydrophobic white/light/green,65149,22855785,19225361
56031190,"Nonwovens, Of Man-Made Filaments, Weighing <=25g/M2",235690,87072496,68356725
56031210,Textile back sheet/Non woven air through bonded (ADL),11432,11623015,11393996
56031290,"Nonwovens, Of Man-Made Filaments, Weighing >25g/M2 But <=70g/M2",476046,171754959,140055976
56031310,Elastic back ear,2862,2484124,2396702
56031390,"Nonwovens, Of Man-Made Filaments, Weighing >70g/M2 But <=150g/M2",27878,15535372,13923613
56031400,"Nonwovens, Of Man-Made Filaments, Weighing >150g/M2",473019,141730465,131264764
56039100,"Nonwovens, Not Of Man-Made Filaments, Weighing <=25g/M2",405690,171367577,158731122
56039210,"Dry web, Weighing more than 25 g/m2 but not more than 70 g/m2",8629,4681841,4574284
56039290,"Nonwovens, Not Of Man-Made Filaments, Weighing >25g/M2 But <=70g/M2",151683,62841584,50645917
56039300,"Nonwovens, Not Of Man-Made Filaments, Weighing >70g/M2 But <=150g/M2",63920,39948748,38995087
56039400,"Nonwovens, Not Of Man-Made Filaments, Weighing >150g/M2",142064,121668602,115199481
56041000,"Rubber Thread And Cord, Textile Covered",190195,206466416,190135459
56049000,"Textile Yarn And Strip, Etc, Impregnated Or Coated",33852,20151437,18806117
56050010,Metalized round yarn,192860,70105164,51171618
56050090,Other metalized yarn,307854,124370009,110419288
56060000,"Gimped yarn, & strip & the like .... (including flock chenille yarn); loop wale-yarn.",492655,286013180,278251970
56072100,"Binder Or Baler Twine Of Sisal, Etc, Of The Genus Agave",60,131603,129271
56072900,"Twine,Cordage,Rope & Cables,Of Sisal,Etc. Of The Genus Agave,Nes,Ex.Binder",34347,69707316,68168675
56074100,Binder Or Baler Twine Of Polyethylene Or Polypropylene,160124,96101238,88260877
56074910,"Twine,Cordage,Rope&Cables,Of Polyethylene/Polypropy. For Fishing Trawlers",315,414360,382369
56074990,"Twine, Cordage,Rope & Cables, Of Polyethylene Or Polypropylene, Other",31969,34222383,33562969
56075000,"Twine, Cordage, Rope And Cables, Of Synthetic Fibres, Nes",62000,129991048,125581209
56079000,"Twine, cordage, ropes and cables, whether or not plaited .. with rubber or pla",89487,180618115,173106322
56081190,"Other Made Up Fishing Nets, Excl, For Fishing Trawler",56,299020,299020
56081910,Filter Cloth,5,53113,52588
56089000,"Knotted netting of twine, cordage or rope of textile materials, nes",29,199043,173600
56090010,"Twine,Cordage,Rope Or Cables For Fishing Trawler And Factory Ships, Nes",22,122249,107590
56090090,"Articles Of Yarn,Strip,Etc,Twine,Cordage, Rope Or Cables, Nes",2444,5994530,5595597
58011000,Woven Pile Fabrics And Chenille Fabrics Of Wool Or Fine Animal Hair,1625,7321368,7177111
58012100,UNCUT WEFT PILE FABRICS,828,682367,668921
58012200,Cut Corduroy Of Cotton,1478849,1391663392,1359777206
58012300,"Weft Pile Fabrics Of Cotton, Nes",340,267017,261756
58012600,"Chenille Fabrics, Of Cotton",38,24410,23927
58012700,Warp pile fabrics,388,558697,202081
58013200,"Cut Corduroy Of Man-Made Fibres, Nes",113916,75778893,68230871
58013300,"Weft Pile Fabrics Of Man-Made Fibres, Nes",4122,3432510,3204157
58013600,"Chenille Fabrics Of Man-Made Fibres, Nes",53159,36023757,34923779
58013700,Warp pile fabrics,43,25476,24540
58021000,"Terry towelling and similar woven terry fabrics, of cotton",210158,69249596,67590869
58022000,"Terry towelling and similar woven terry fabrics, of other textile materials",13,8135,7976
58023000,Tufted textile fabrics,730,608661,596724
58030000,"Gauze, other than narrow fabrics of heading 58.06.",263519,274483461,257837961
58041000,Tulles And Other Net Fabrics,338138,312276819,295074960
58042100,"Mechanically Made Of Lace Of Man-Made Fibres In Piece,In Strips/In Motifs",177692,544326100,523568445
58042900,"Mechanically Made Of Lace Of Oth.Textiles In Piece,In Strips Or In Motifs",220191,652503468,632483600
58043000,"Hand-Made Lace In Pieces, In Strips Or In Motifs",3613,5559817,4605164
58050000,"Han.Wov.Tapestr.Of The Ty.Gobelins,Flandres,Aubu.,Beauvais&Needle-Work Tap",1656,6992372,6838383
58061000,Narrow Woven Pile Fabrics And Chenille Fabrics,25330,54064945,49156785
58062000,"Narrow Woven Fabrics, Width >=5% Elastomeric Yarn Or Rubber Thread",1441630,1998721302,1908832505
58063100,OTHER WOVEN FABRICS OF COTTON,32873,49601327,47298723
58063200,Of man-made fibres,557109,332816721,298553648
58063900,"Narrow Woven Fabrics Of Other Textiles, Nes",552646,526596348,499302116
58064000,Fabrics With Warp Without Weft Assembled By An Adhesive (Bolducs),53426,52435542,51071097
58071000,"Labels, Badges... Of Textiles, Woven, In Piece..., Not Embroidered",178129,921319647,896898607
58079000,"Labels, Badges... Of Textiles, Unwoven, In Piece..., Not Embroidered",229838,592814346,580950229
58081000,"Braids, In The Piece",11258,2162538,2101078
58089000,"Ornamental Trimmings In The Piece; Tassels, Pompons, Etc, Nes(Excl.Braids)",1409,4280500,4201302
58090000,"Woven Fabrics Of Metal Thread And Woven Fabrics Of Metallized Yarn, Nes",370,295832,285453
58101000,Embroidery Without Visible Ground,8633,52781326,48328246
58109100,"Cotton Embroidery, In The Piece, In Strips Or In Motifs",110125,231582256,222125796
58109200,"Embroidery Of Man-Made Fibres, In The Piece, In Strips Or In Motifs",28019,81195072,79040916
58109900,"Embroidery Of Other Textiles, In The Piece, In Strips Or In Motifs",26224,89706998,87423067
58110000,Quilted Tex.Produ.In The Piece(Excl.Embroi.Of 58.10)One Or More Layers Tax,363790,310485195,277975709
59011000,"Textile fab. Coat. with gum/amylaceous sub.,of a kind used for the outer covers of books or the like",16127,6746066,6516799
59019000,"Tracing Cloth; Prepared Painting Canvas; Buckram, Etc",190760,103516647,91873522
59021000,Tyre Cord Fabric Of High Tenacity Yarn Of Nylon Or Other Polyamides,1987,12092318,11854527
59031010,Fusing Interlining Mate.(Tex.Mat.For Stiffening Cuffs&Col.With Poly V.Chlo,837042,746433353,696003023
59031090,Other Fabrics Impregnated...With Polyvinyl Chloride,1118259,459205258,387328073
59032010,Fusing Interlining Mat.(Tex.Mat.For Stiffening Cuffs&Col. With Poly Ureth.,752668,598005609,578575508
59032090,Other Textile Fabrics Impregnated....With Polyurethane,6509357,5882300871,5038283141
59039010,Side tape (lock loop),3998,2329726,2300748
59039090,"Textile fabrics impregnated... with plastics, nes",1839869,1757390636,1624021816
59061000,Adhesive Tape Of A Width =<20cm,12306,48407493,47245567
59069100,Knitted Or Crocheted Rubberized Textile Fabrics (Excl. Adhesive Tape),7243,8778334,8604892
59069910,REFLECTIVE TAPE,94984,166742552,162479991
59069990,"RUBBERIZED TEXTILE FABRICS EXCLUDING REFLECTIVE TAPE, KNITTED OR CROCHETED & ADHESIVE TA",34064,23719958,18874083
59070000,Textile Fabrics Otherwise Impregnated... ; Painted Canvas...,499594,632013219,615109098
59100000,"Transmission Or Conveyor Belts Or Belting, Of Textile Material",5172,2104927,2084243
59111010,Narrow Fab. Made Of Velvet Impregna. With Rubber For Cover Weaving Spindle,6036,1519774,606389
59111090,Other,29488,51386891,50832761
59112000,Bolting Cloth Whether Or Not Made Up,2689,7409190,7232291
59113100,"Textile Fabrics And Felts, For Paper-Making Machines, <650g/M2",319,1463886,1435041
59119000,"Textile Articles For Technical Uses, Nes, As Specified In Chapter Note 7",903,903225,861946
60011000,"Long Pile Fabrics, Knitted Or Crocheted",579689,517328642,452555218
60012100,"Looped Pile Fabrics Of Cotton, Knitted Or Crocheted",1008370,594457705,549278541
60012200,"Looped Pile Fabrics Of Man-Made Fibres, Knitted Or Crocheted",493818,265943897,189066834
60012900,"Looped Pile Fabrics Of Textile Materials, Knitted Or Crocheted",51954,44411893,42590571
60019100,"Pile Fabrics Of Cotton, Nes, Knitted Or Crocheted",3961267,2438351645,2141984922
60019200,"Pile Fabrics Of Man-Made Fibres, Nes, Knitted Or Crocheted",10197253,6548589762,4949743594
60019900,"Pile Fabrics Of Textile Materials, Nes, Knitted Or Crocheted",252535,188882996,184236080
60024000,CONTAINING BY WEIGHT 5%OR MORE ELASTOMERIC YARN BUT NOT CONTNG.RUBER THRED,28167,20126026,19729788
60029000,"KNITTED OR CROCHETED FABRICS OF A WIDTH <30CM,CONTAINING BY WEIGHT 5%..NES",108939,79043076,73547646
60031000,OF WOOL OR FINE ANIMAL HAIR,9,11891,11657
60032000,KNITTED OR CROCHETED FABRICS OF A WIDTH <30CM.. OF COTTON,43268,22259551,12829978
60033000,"KNITTED OR CROCHETED FABRICS OF A WIDTH <30CM,OF SYNTHETIC FIBRES",41588,36147017,35429019
60034000,"KNITTED OR CROCHETED FABRICS OF WIDTH <30CM,OF ARTIFICIAL FIBRES",10,258099,258099
60039000,"KNITTED/CROCTD.FBRCS.OF A WIDTH <30CM,OTH THAN THOSE OF HD60.01/60.02,NES",2,1252,245
60041000,CONTING. BY WEIGHT 5%OR MORE OF ELASTOMERIC YARN BUT NOT CONT.RUBER THRED,15523414,11712830600,10448513791
60049000,"CONTNG.BY WEIGHT 5%OR MORE ELSTMRC.YARN BUT NOT CONTAINING RUBR.THREAD,NES",283138,390396035,380858500
60052100,"WRAP KNIT FABRICS,OF COTTON, UNBLEACHED OR BLEACHED",73,91365,31289
60052200,"WRAP KNIT FABRICS OF COTTON,DYED",217993,150879614,133645330
60052300,"WRAP KNIT FABRICS OF COTTON,OF YARNS OF DIFFERENT COLOURS",385,380885,315193
60052400,"WRAP KNIT FABRICS,OF COTTON PRINTED",9858,7533554,7433615
60053500,Fabrics specified in Subheading Note 1 to this Chapter,14017,12515440,12298654
60053600,"Other, unbleached or bleached",193289,124033316,115039859
60053700,Of synthetic fibres other dyed,1233589,863557601,755308989
60053800,Synthetic fibres Other of yarns of different colours,23143,23576370,22392037
60053900,"Other, of yarns of different colours other printed",38676,24864199,23053951
60054100,"WRAP KNIT FABRICS OF ARTIFICIAL FIBRES,UNBLEACHED OR BLEACHED",28069,24582303,24203321
60054200,"WARP KNIT FABRICS,OF ARTIFICIAL FIBRES DYED",8338,10067601,9715799
60054300,"WARP KNIT FABRICS,OF ARTIFICIAL FIBRES OF YARN OF DIFFERENT COLOURS",104250,160890397,159195899
60059010,Shading net,0,1007,987
60059090,"WARP KNIT FABRICS OF ARTIFICIAL FIBRES, NES",20282,13316476,12961949
60061000,OTHER KNITTED OR CROCHETED FABRICS OF WOOL OR FINE ANIMAL HAIR,52321,159929306,156629671
60062100,OTHER KNITED OR CROCHETED FABRICS OF COTTON UNBLEACHED OR BLEACHED,294046,202127180,191297563
60062200,OTH.KNITTED OR CROCHETED FABRICS OF COTTON DYED,4289108,3102883577,2940656515
60062300,"OTH.KNITTED OR CROCHETED FABRICS OF COTTON, OF YARNS OF DIFFERENT COLOURS",269239,214563472,208097949
60062400,OTH.KNITTED OR CROCHETED FABRICS OF COTTON PRINTED,468827,356559759,344107644
60063100,"OTH.KNITTED OR CROCHETED FABRICS. OF SYNTHETIC FIBRES,UNBLEACHED OR BLEACH",386140,189761090,140619860
60063200,"OTH.KNITTED OR CROCHETED FABRICS OF SYNTHETIC FIBRES,DYED",9212648,5726670105,4844939560
60063300,OTH.KNITTED OR CROCHETED FABRICS OF SYNTH. FIBRES OF YARNS OF DIFF.COLOUR,259766,189889199,177935630
60063400,OTH KNITTED OR CROCHETED FABRICS OF SYNTHETIC FIBRES PRINTED,700265,494676892,419276972
60064100,"OTH.KNITTED OR CROCHETED FIBRICS OF ARTIFICIAL FIBRES,UNBLEACHED/BLEACHED",112919,75014908,73481749
60064200,"Other knitted or crocheted fabrics, Dyed",474360,339770858,296254593
60064300,Of yarns of different colours,10530,8543843,8375571
60064400,Printed,35279,28701627,28184083
60069000,"OTH.KNITTED OR CROCHETED FABRICS OF ARTIFICIAL FIBRES,NES",469224,367354424,349835990
61012000,"Men'S Or Boys' Over/Car Coats, Etc, Of Cotton, Knitted Or Crocheted",18,114111,114111
61013000,"Men'S Or Boys'Over/Car Coats, Etc, Of Man-Made Fibres,Knitted Or Crocheted",8,21691,12840
61022000,"Woman'S Or Girls' Over/Car Coats, Etc, Of Cotton, Knitted Or Crocheted",3,3690,3681
61031000,"Men's or boys' Suits, Excl. Sports out fit for sports shooting",7,11098,3681
61032200,"Men'S Or Boys' Ensembles Of Cotton, Knitted Or Crocheted",81,280100,12884
61033200,"Men'S Or Boys'Jackets And Blazers Of Cotton, Knitted Or Crocheted",16,34556,29483
61033300,"Men'S Or Boys' Jackets... Of Synthetic Fibres, Knitted Or Crocheted",15,37280,36239
61033900,"Men'S Or Boys' Jackets... Of Other Textiles, Nes, Knitted Or Crocheted",36,66114,28793
61034100,"Men'S Or Boys' Trousers, Etc, Of Wool..., Knitted Or Crocheted",1,4405,3791
61034200,"Men'S Or Boys' Trousers, Etc, Of Cotton, Knitted Or Crocheted",50,112889,97086
61034300,"Men'S Or Boys' Trousers, Etc, Of Synthetic Fibres, Knitted Or Crocheted",3,7088,5399
61034900,"Men'S Or Boys' Trousers, Etc, Of Other Textiles, Knitted Or Crocheted",11,106274,100894
61041900,"Women's or girls' suits of other textiles, knitted or .. Of other textile materials nes,",1,2503,1841
61043200,"Women'S Or Girls' Jackets, Of Cotton, Knitted Or Crocheted",5,8135,7976
61043300,"Women'S Or Girls' Jackets, Of Synthetic Fibres, Knitted Or Crocheted",3,4388,4233
61043900,"Woman'S Or Girls' Jackets, Of Other Textiles, Knitted Or Crocheted",3,17469,16621
61044200,"Dresses Of Cotton, Knitted Or Crocheted",3,8892,6687
61044300,"Dresses Of Synthetic Fibres, Knitted Or Crocheted",1746,1121534,1099435
61044900,"Dresses Of Other Textile Material, Nes, Knitted Or Crocheted",1,1879,1841
61045100,"Skirts And Divided Skirts Of Wool Or Fine Hair, Knitted Or Crocheted",1,1252,1227
61045200,"Skirts And Divided Skirts Of Cotton, Knitted Or Crocheted",2,8763,8589
61045300,"Skirts And Divided Skirts Of Synthetic Fibres, Knitted Or Crocheted",2,7420,3722
61046200,"Women'S Or Girls' Trousers, Etc, Of Cotton, Knitted Or Crocheted",18,56063,50788
61046300,"Women'S Or Girls' Trousers, Etc, Of Synthetic, Knitted Or Crocheted",4,26185,15627
61046900,"Women'S Or Girls' Trousers, Etc, Of Other Textile, Knitted Or Crocheted",25,77550,14555
61051000,"Men'S Or Boys' Shirts Of Cotton, Knitted Or Crocheted",28,85708,40527
61052000,"Men'S Or Boys' Shirts Of Man-Made Fibres, Knitted Or Crocheted",33,75894,75290
61059000,"Men'S Or Boys' Shirts Of Other Textiles, Nes, Knitted Or Crocheted",5,8757,8589
61061000,"Women'S Or Girls' Blouses, Etc, Of Cotton, Knitted Or Crocheted",16,52788,38282
61062000,"Women'S Or Girls' Blouses, Etc, Of Man-Made Fibres, Knitted Or Crocheted",3,11492,10798
61069000,"Women'S Or Girls' Blouses Etc. Of Other Textiles Nes, Knitted Or Crocheted",4,23157,22700
61071100,"Men'S Or Boys' Underpants And Briefs Of Cotton, Knitted Or Crocheted",9,27710,6852
61071200,"Men'S Or Boys' Underpants, Etc, Of Man-Made Fibres, Knitted Or Crocheted",0,1254,614
61071900,"Men'S Or Boys' Underpants Etc. Of Other Textiles Nes, Knitted Or Crocheted",0,3756,3681
61072100,"Men'S Or Boys' Night Shirt Pyjamas Of Cotton, Knitted Or Crocheted",2,16216,5191
61072900,"Men'S Or Boys'Night Shirt Pyjamas Of Other Textiles,Nes,Knitted Or Croched",1,1879,1841
61081100,"Women'S Or Girls' Slips, Etc, Of Man-Made Fibres, Knitted Or Crocheted",1,4049,736
61082100,"Women'S Or Girls' Briefs And Panties Of Cotton, Knitted Or Crocheted",9,164614,125736
61082200,"Women'S Or Girls' Briefs, Etc, Of Man-Made Fibres, Knitted Or Crocheted",9,20497,8578
61083100,"Women'S Or Girls' Night Dresses, Pyjama Etc, Of Cotton, Knitted Or Croched",10,38458,26958
61083200,"Women'S Or Girls' Pyjamas,Night Dresses Of Man-Made Fibres,Knitted/Croched",1,1252,1227
61083900,"Women'S Or Girls' Night Dresses & Pyjamas Of Other Tex.,Knitted Or Croched",0,2414,2367
61089200,"Women'S Or Girls'Negliges Dressing Gowns Of Man-Made Fibre,Knitted/Croch.",0,1252,1227
61089900,"Women'S/Girls' Negliges Dressing Gowns.. Of Other Tex.,Nes,Knitted/Croche.",7,69735,10984
61091000,"T-Shirts, Singlets And Other Vests, Of Cotton, Knitted Or Crocheted",243,910251,621161
61099000,"T-Shirts, Singlets, Etc, Of Other Textiles, Nes, Knitted Or Crocheted",79,244123,213294
61101100,OF WOOL OR FINE ANIMAL HAIR. OF WOOL,5,22542,22156
61101200,OF KASHMIR(CASHMERE)GOATS,1,2502,2455
61101900,"OF WOOL OR FINE ANIMAL HAIR,NES",0,632,123
61102000,"JERSEYS, PULLOVERS, CARDIGANS, WAISTCOATS & SIMILAR ART., KNITTED OR CROCHETED OF COT",197,496627,340173
61103000,"JERSEYS,PULLOVERS,CARDIGANS,WAISTCOATS.., KNITTED OR CROCHETED OF MAN-MADE FIBRE",57,169957,159314
61109000,"JERSEYS, PULLOVERS, CARDIGANS, WAISTCOATS.. ,KNITTED OR CROCHETED OF OTH. TEXT. MATER",40,88317,85237
61112000,"Babies' Garments, Etc, Of Cotton, Knitted Or Crocheted",5,8136,2638
61119000,"Babies' Garments, Etc,Of Other Textiles Materials,Nes Knitted Or Crocheted",0,1227,14
61121100,"Track-Suits Of Cotton, Knitted Or Crocheted",1,1252,1227
61123100,"Men'S Or Boys' Swimwear Of Synthetic Fibres, Knitted Or Crocheted",0,1252,1227
61123900,"MEN'S OR BOY'S SWIMWEAR, OF OTHER TEXTILE MATERIALS",3,9665,1841
61124100,"Women'S Or Girls' Swimwear Of Synthetic Fibres, Knitted Or Crocheted",7,12129,10228
61143000,"Garments Of Man-Made Fibres, Knitted Or Crocheted, Nes",1,3472,3404
61149000,"Garments Of Other Textiles, Knitted Or Crocheted, Nes",4,14059,2700
61152900,Other panty hose and tights Of other textile materials,1,3755,3681
61159500,"Panty hose,tights,stockings,sock..., inclu.grad.Comp.hos.Of Cotton, NES",876,2253728,2209324
61159600,"Panty hose,tights,stockings,sock..., inclu.grad.Comp.hos.Of synthetic fibres",2049,4059328,3979100
61161000,"IMPREGNATED, COATED OR COVERED WITH PLASTICS OR RUBBER",0,294,25
61169200,"Gloves, Mittens And Mitts, Of Cotton, Knitted Or Crocheted",3443,5908301,5786934
61169300,"Gloves, Mittens And Mitts, Of Synthetic Fibres, Knitted Or Crocheted",1333,1088516,917922
61169900,"Gloves, Mittens And Mitts, Of Other Textiles, Knitted Or Crocheted",9,4853,4773
61171000,"SHAWLS, SCARVES, MUFFLERS, MANTILLAS, VEILS AND THE LIKE",1141,312904,305862
61178010,"Other Clothing Accessories, Knitted Or Crocheted, Nes, Of Cotton",703,2501905,2452611
61178090,"Other clothing accessories, knitted or crocheted, nes",38035,39680809,37482767
61179000,"Parts Of Garments Or Clothing Accessories, Knitted Or Crocheted",122364,203550063,160452921
62012000,"Overcoat, raing coat, car-coat capes, cloaks and similar..Of wool or fine animal hair",1,1740,491
62013000,"overcoat, rain-coat, of cotton",4,2378,982
62014000,Other Of man-made fibres,6,19349,14479
62022000,"Womens or girls overcoat , car-coad ...Of wool or fine animal hair",2,2504,2454
62024000,"Womens or girls overcoat , car-coad capes, cloaks, anoraks ...Of man-made fibres",6,35063,34370
62029000,"Woent or gilrs overcoat, raincot car-coat capes, ......Of other textile materials",5,10611,2579
62031200,Men'S Or Boys' Suits Of Synthetic Fibres,8,12507,12261
62031900,"Men's or boys' suits of other textiles, nes",3,20028,19632
62033100,Men'S Or Boys' Jackets And Blazers Of Wool Or Fine Animal Hair,6,14237,8269
62033200,Men'S Or Boys' Jackets And Blazers Of Cotton,121,205909,159507
62033300,Men'S Or Boys' Jackets And Blazers Of Synthetic Fibres,77,240553,132941
62033900,"Men'S Or Boy'S Jackets And Blazers Of Other Textiles,(Exl.Wool,Syn.Fab,Cot",143,408939,315409
62034100,"Men'S/Boy'S Bib&Brace Trousers,Breeches,Shorts Of Wool Or Fine Animalhar",0,762,148
62034200,"Men'S Or Boys' Bib & Brace Trousers, Breeches, Shorts, Of Cotton",1376,2617225,2021695
62034300,"Men'S Or Boys' Bib & Brace Trousers, Breeches & Shorts Of Synthetic Fibres",66,202713,149452
62034900,"Men'S Or Boys' Bib&Brace Trousers,Breeches & Shorts Of Other Textiles,Nes",24,73588,54266
62041200,Women'S Or Girls' Suits Of Cotton,2,1276,137
62041900,"Women'S Or Girls' Suits Of Other Textiles, (Exl.Wool,Cotton,Syn.Fibre)",1,1252,1227
62042200,Women'S Or Girls' Ensembles Of Cotton,6,11265,11043
62042900,"Women'S Or Girls' Ensembles Of Other Textiles, (Exl.Wool,Cotton,Syn.Fibre)",6,76526,74563
62043100,Women'S Or Girls' Jackets And Blazers Of Wool Or Fine Animal Hair,2,3117,859
62043200,Women'S Or Girls' Jackets And Blazers Of Cotton,42,62248,48678
62043300,Women'S Or Girls' Jackets And Blazers Of Synthetic Fibres,28,49396,46386
62043900,"Women'S Or Girls' Jackets&Blazers Of Oth.Tex.,(Exl.Wool,Cotton,Syn.Fibre)",14,26120,11559
62044100,Dresses Of Wool Or Fine Animal Hair,2,6036,1036
62044200,Dresses Of Cotton,42,92202,84768
62044300,Dresses Of Synthetic Fibres,49,93369,35491
62044400,Dresses Of Artificial Fibres,3,9841,9816
62044900,"Dresses Of Other Textiles, (Exl.Wool,Cotton,Syn./Arti.Fibre)",1,5208,5106
62045200,Skirts And Divided Skirts Of Cotton,11,29417,15810
62045300,Skirts And Divided Skirts Of Synthetic Fibres,11,28416,20123
62045900,"Skirts And Divided Skirts Of Other Textiles, (Exl.Wool,Cotton,Syn.Fibre)",1,2516,1785
62046100,"Women'S Or Girls' Trousers, Breeches, Etc, Of Wool Or Fine Animal Hair",98,89690,49031
62046200,"Women'S Or Girls' Trousers, Breeches, Etc, Of Cotton",190,480476,246559
62046300,"Women'S Or Girls' Trousers, Breeches, Etc, Of Synthetic Fibres",9,19712,10074
62046900,"Women'S/Girl'S Trousers,Breeches,Etc,Of Oth.Tex.,(Exl.Wool,Cotton,Syn.Fib.",9,22973,9609
62052000,Men'S Or Boys' Shirts Of Cotton,140,455718,351447
62053000,Men'S Or Boys' Shirts Of Man-Made Fibres,9,43932,25560
62059000,"Men'S Or Boy'S Shirts Of Other Textiles,(Exl.Wool,Cotton,Man Made Fibre)",15,34356,31702
62061000,"Women'S Or Girl'S Blouses, Shirts/Blouses Of Silk Or Silk Waste",6,15780,15020
62062000,"Women'S Or Girl'S Blouses, Shirts/Blouses Of Wool Or Fine Animal Hair",2,10033,5710
62063000,"Women'S Or Girls' Blouses, Shirts/Blouses Of Cotton",29,112498,57686
62064000,"Women'S Or Girl'S Blouses, Shirts/Blouses Of Man-Made Fibres",4,27272,23489
62069000,"Women/Girl'S Blouses,Shirts/Blouses Of Oth.Tex.(Exl.Silk,Wool,Of Man M.Fib",2,7746,7594
62071100,Men'S Or Boys' Underpants And Briefs Of Cotton,8,19776,4663
62072100,Men'S Or Boys' Nightshirts And Pyjamas Of Cotton,3,2645,184
62079100,"Men'S Or Boys' Singlets,Vests Dressing Gowns, Etc, Of Cotton",2,6258,6135
62079900,"Mens/Boy'S Singlets,Vests Dressing Gowns,Etc,Of Oth.Tex.(Exl.Cot.Man M.Fib",2,1363,493
62082100,Women'S Or Girls' Nightdresses And Pyjamas Of Cotton,1,622,184
62092000,Babies' Garments And Clothing Accessories Of Cotton,6,22780,22331
62102000,"Garments Of 6201.11 To 19, Made Up Of Fabrics Of 59.03, 59.06 Or59.07",1,1738,1702
62104000,"Men'S Or Boys' Garments Made Up Of Fabrics Of 59.03, 59.06 Or 59.07",11,20655,14233
62105000,"Women'S Or Girls' Garments Made Up Of Fabrics Of 59.03, 59.06 Or 59.07",8,32544,31902
62111100,Men'S Or Boys' Swimwear,6,15744,4575
62111200,Women'S Or Girls' Swimwear,2,13274,9448
62113200,"Men's or boys' garments of cotton, nes",5,13771,13497
62113300,"Men's or boys' garments of man-made fibres, nes",13,15712,5216
62114200,"Women's or girls' garments of cotton, nes",1,9054,8877
62114300,"Women's or girls' garments of man-made fibres, nes",2,9462,7432
62114900,"Women's or girls' garments of other textiles, nes",3,6259,6135
62121000,Brassisres,208,701286,447567
62122000,Girdles And Panty-Girdles,4,18272,4479
62129000,"Corsets, Braces, Garters, Suspenders And Similar Articles",361117,888118948,861563889
62139000,"Handkerchiefs Of Other Textiles, (Exl. Silk/Silk Waste,Cotton).",48,669379,656200
62141000,"Shawls,Scarves,Mufflers,Mantillas,Veils,& The Like Of Silk Or Silk Waste",0,1126,368
62143000,"Shawls,Scarves,Mufflers,Mantillas,Veils,Etc & The Like Of Synthetic Fibres",39,370181,362885
62151000,"Ties, Bow Ties And Cravats Of Silk Or Silk Waste",697,7293328,7154132
62152000,"Ties, Bow Ties And Cravats Of Man-Made Fibres",2660,19954040,18928404
62159000,"Ties, Bow Ties And Cravats Of Other Textiles,Nes(Excl.Silk Man Made Fibre)",2251,34363217,31300555
62160000,"Gloves, Mittens And Mitts",1080,1891080,1717221
62171000,"Clothing Accessories, Nes",510688,485512268,470981520
62179000,"Parts Of Garments Or Clothing Accessories, Nes",18012,36193921,34694789
63019000,"Blankets And Travelling Rugs, Nes",1,1239,1104
63029900,"Linen Of Other Textiles, Nes",790,466818,457622
63031200,"Curtains, Etc; Bed Valances Of Synthetic Fibres, Knitted Or Crocheted",52,19652,18405
63049100,"Knitted Or Crocheted Furnishing Articles, Nes",3,3330,9
63051000,"Sacks And Bags, Used For Packing Goods, Of Jute, Etc",150,20253,19854
63052000,"Sacks And Bags, Used For Packing Goods, Of Cotton",2984,4748512,4655960
63053300,"Sacks And Bags,For Packing Goods,Of Polyethylene/Polypropylene Strip Nes",59286,15562435,13153135
63053900,"Sacks And Bags, Used For Packing Goods, Of Man-Made Textile Fibres, Nes",3367,1830509,1794381
63059000,"Sacks And Bags, Used For Packing Goods, Of Other Textiles, Nes",188,1150811,1128693
63061200,"Tarpaulins, Awnings And Sunblinds, Of Synthetic Fibres",586,213185,208985
63061900,"Tarpaulins, Awnings And Sunblinds, Of Other Textiles, Nes",18340,2259617,2237245
63062200,Tents Of Synthetic Fibres,102,57668,42644
63069000,Other camping goods,3,1879,1841
63071000,"Floor-Cloths, Dish-Cloths, Dusters And Similar Cleaning Cloths",64,40648,40246
63079000,"Made Up Articles (Incl. Dress Patterns), Nes",8368,14308646,14099770
63101000,"USED OR NEW RAGS, SCRAP TWINE, CORDAGE, ROPE AND CABLES AND WORN OUT ART..,SORTED",1,1421,399
63109000,"USED OR NEW RAGS, SCRAP TWINE, CORDAGE, ROPE AND CABLES AND WORN OUT ART..,EXCL. SORTED",600721,4125470,4063581
64011000,Waterproof Footwear Incorporating A Protective Metal Toe-Cap...,70,77272,68467
64019900,Waterproof Footwear Nes.,87,173301,169886
64021900,"Sport Footwear, Nes, Of Rubber Or Plastics",12,24785,18776
64022000,"Footwear With Upper Straps/Thongs Plugged Into Soles,Of Rubber Or Plastics",3398,1870842,1755817
64029100,"Footwear, Nes, Covering The Ankle Of Rubber Or Plastics",17,30669,6012
64029900,"Footwear, Nes, Exl. Covering The Ankle, Of Rubber Or Plastics",1559,1047921,1005877
64031900,"Sports Footwear, With Rubber, Plastics, Leather...Soles, Leather Uppers",19,3129,3068
64032000,"Footwear With Leather Soles And Straps (Over Instep, Around Big Toe)",52,65601,63843
64035100,"Footwear With Leather Soles And Uppers, Covering The Ankle",26589,20798202,20388349
64039100,"Footwear With Rubber... Soles And Leather Uppers, Covering The Ankle,Nes",81,28340,20515
64039900,"Footwear With Rubber... Soles, Leather Uppers, Not Covering The Ankle",128,88953,84145
64041100,"Sports Shoes, Etc, With Rubber Or Plastic Soles And Textile Uppers",5,23496,15436
64041900,"Sports Footwear, With Rubber Or Plastic Soles And Textile Uppers",64,89101,80711
64042000,Footwear With Leather Or Composition Leather Soles And Textile Uppers,61,74975,72530
64059000,"Footwear, Nes",508,1346817,1311612
64061000,"Uppers and parts thereof, other than stiffeners",100169,151452024,147825167
64062000,"Outer soles and heels, of rubber or plastics",2576237,1578910429,1473855646
64062090,"Other outer soles and heels, of rubber or plastics",183,63283,62017
64069000,Other Parts of footwear,1415813,1131861026,1101700908
65010000,"Hat-Forms, Hat Bodies And Hoods Of Felt; Plateaux And Manchons Of Felt",11458,21495030,21072354
65050000,"Hats and other headgear, knitted or crocheted, . trimmed; hair-nets of any material, wh",34765,37256652,36523880
65070000,"Head-Bands, Linings, Covers, Hat Foundations, Etc, For Headgear",70777,47799780,46365410
67010000,"Skins Of Birds With Feathers Or Down, Feathers, Etc",19930,160975292,156591627
67021000,"Artificial Flowers, Foliage And Fruit And Articles Thereof Of Plastics",17,211780,207608
67029000,"Artificial Flowers, Foliage, Etc And Articles Thereof Of Other Materials",10,173164,169755
67030000,"Human Hair, Dressed, Etc; Animal Hair And Synthetic Materials For Wigs",561500,537865137,527351699
67041900,"False Beards, Eyebrows And Eyelashes, Etc, Of Synthetic Fibres",534,313743,301943
68022300,"Granite, Cut/Sawn, With Flat/Even Surface",339468,14291663,14010062
68029200,"Calcareous Stone (Excl. Marble, Travertine And Alabaster), Worked",20,330921,324400
68029900,"Monumental/Building Stone, Nes, Worked",94,58264,57685
68041000,"Millstones And Grindstones For Milling, Grinding Or Pulping",31,313929,270636
68042100,"Millstones, etc, of agglomerated synthetic or natural diamond",25,154460,151417
68042200,"Millstones, etc, of other agglomerated abrasives or of ceramics",14939,3036200,2978630
68042300,"Millstones, etc, of natural stone",44,1512024,1482347
68043000,Hand Sharpening Or Polishing Stones,362,761334,744539
68051000,"NATURAL OR ARTIFICIAL ABRASIVE POWDER OR GRAIN..,ON A BASE OF WOVEN TEXTILE FABRIC ON",14,971030,793248
68052000,"Natural Or Artificial Abrasive Powder/Grain, On Paper/Paperboard",1635,1411426,1386465
68053000,"Natural Or Artificial Abrasive Powder/Grain, On A Base Of Materials, Nes",18,278565,277733
68079000,Articles Of Asphalt Or Of Similar Material (Excl. In Rolls),56,44846,43961
68091100,"Boards..., Of Plaster..., Reinforced With Paper Or Paperboard Only",16875,874833,857596
68099000,"Articles Of Plaster Or Compositions Based On Plaster, Nes",40069,2797809,2749630
68101100,"Building Blocks And Bricks, Of Cement Or Artificial Stone Or Concrete",5052353,23173160,22716678
68109900,"Articles Of Cement, Concrete Or Artificial Stone, Nes",8443217,45254564,44447963
68129100,"Clothing, clothing accessories, footwear and headgear, Excl. Of crocodile",2814,2053733,2013267
68138100,Friction material and articles thereof ..not Containing asbestos Brake linings,2,51712,50692
68151100,Articles of stone or of other mineral substance ...Carbon fibres,13474,70823922,69428625
68151900,Articles of stone or of other mineral substance .. NES,8,10223,10123
68159900,"Articles Of Stone Or Other Mineral Substances, Nes",4200,465730,456553
69010090,"Bricks, Blocks, Tiles... Of Siliceous Fossil Meals Or Earths",39176,1290984,1205405
69073000,"Mosaic cubes and the like, other than those of subheading 6907.40",4564,290881,288001
69074000,Finishing ceramics,271130,9756847,9570498
69111000,"Tableware And Kitchenware, Of Porcelain Or China",18,8189,7669
69149000,"Ceramic Articles, Nes (Excl. Porcelain Or China)",33,46853,45929
70072900,"Laminated Safety Glass, Nes",2,3773,3699
70099190,Unframed Glass Mirrors (Excl.Spherical & Cylinderical Only For Lab Use),1660,458181,396684
70102000,"Stoppers, Lids And Other Closures Of Glass",110,860190,843242
70140000,"Signalling Glassware And Optical Elements Of Glass, Not Optically Worked",4274,9036399,8863111
70181000,"Glass Smallware (Incl. Beads, Imitation Pearls/Stones, Etc)",11000,45360186,43128489
70189000,"Glass Statuettes And Other Ornaments Of Lamp-Worked Glass, Nes",6669,23728017,23291951
70191100,"Chopped Strands Of Glass Fibres, Of A Length <= 50 Mm",1332,754995,740120
70191900,"OTH. YARN AND STRANDS, EXCL.(CHOPPED STRANDS, OF A LENGTH OF NOT >50MM, ROVINGS)",1095,667073,652555
70196300,"Closed woven fabrics, plain weave, of yarns, not coated or laminated",28,13144,12884
70196590,Open woven fabrics of a width not exceeding 30 cm,10,16789,16459
70198000,Glass wool and articles of glass wool,5150,2152169,2090528
70199010,ARTICLES OF GLASS FIBRE,273,80487,79690
70199090,"Other Article of Glass Fibre,nes",308965,84687294,83309265
71039900,"Precious Or Semi-Precious Stones, Worked But Not Set..., Nes",245,803814,788004
71041000,Piezo-Electric Quartz,1,12517,12270
71131900,Articles Of Jewellery And Parts Thereof Of Precious Metal (Excl. Silver),172,1157352,1120285
71159000,"OTH. ARTICLES OF PRECIOUS METAL OR OF.., EXCL. CATALYSTS IN THE FORM OF WIRE CLOTH..",0,631,618
71171100,Cuff-Links And Studs Of Base Metal (Incl. Plated),266,6101357,5983029
71171900,"Imitation Jewellery Of Base Metal (Incl. Plated), Nes",1275,766139,689235
71179000,Imitation Jewellery (Excl. Of Base Metal),131,1414206,1413578
72072000,"Semi-Products Of Iron Or Non-Alloy Steel, >=0.25% Carbon",1200,301476,301476
72083900,Flat-Rolled Imported by transformer and products of Chapter 72 & 73 industry,20435970,1222271889,1206189760
72085400,Of a thickness of less than 3 mm,7180,710562,703527
72089000,Other,500,56951,55829
72091690,"Flat/Cold-Rolled Iron/Steel, In Coils, Width >=600mm, >1mm But <3mm Thick",12710,1177237,1154043
72091790,"Flat/Coldrolled Iron/Steel,In Coils,Width >=600mm, >=0.5mm But <=1mm Thick",36351,6658828,6569935
72092500,"Flat/Cold-Rolled Iron/Steel, Not In Coils, Width >=600mm, >=3mm Thick",3270,449855,367493
72099000,"Flat/Coldrolled Iron/Non-Alloy Steel,Wid>=600mm,Not Clad,Plated/Coated Nes",4411,1147760,1049832
72101100,"Flatrolled Iron/Steel, Width>=600mm, >= 0.5mm Thick,Clad,Plated...With Tin",8698,1524482,1509389
72101200,"Flat-Rolled Iron/Steel, Width >=600mm, <0.5mm Thick, Plated... With Tin",131475,27327302,26788846
72103000,Electrolytically plated or coated with zinc,9250,1239296,1012398
72104100,"Flatrolld Iron/Steel,Wid.>=600mm,Plated Wth Zinc(Exc.Electroplatd)Corrugtd",43360,12481453,12236626
72104910,Flat rolled prod. of a thickness => 0.4 mm Imp.VAT reg. Refri. & Pre. Fab.bu.Industry,4134,481625,476857
72111400,"Flat/Hotrolled Iron/Steel,Wid<600mm,>=4.75mm Thick,Not Clad/Plated Etc Nes",13,4709,4663
72112910,Carbon Steel Strips Of Thickness Not Exceeding 0.125mm,1316,247070,158406
72112990,Width Upto 6mm (Excl. Reed Frame Steel Strips),5666,2464510,2440114
72125010,Steel plate of a thickness of 0.25 mm to 0.50 mm,2,46107,45199
72132000,"Hot-rolled bars & rods of free-cutting steel, in coils",5287,809191,448461
72141000,"Iron or non-alloy steel bars and rods, forged,",313190,76879792,74481823
72142000,"Iron/steel bars & rods, hot-rolled...,twisted, or with deformations from rolling proc",1357650,101770784,100269954
72149100,Of rectangular (other than square) cross section,557,411333,403229
72149900,"Iron/steel bars and rods, hot-rolled, hot-drawn or hot extruded, nes",12174,1433841,1041755
72151000,"Bars and rods of free-cutting steel, not further worked than cold-formed/cold-finishe",76,21384,21172
72162100,"L Sections Of Iron/Steel, Hot-Rolled..., <80mm High",13600,2522738,1405290
72163100,"U Sections Of Iron/Steel, Hot-Rolled..., >=80mm High",366,25594,25090
72165000,"Angles/Shapes/Sections Of Iron/Steel,Not Furthr Worked Than Hot-Rolled Nes",13838,1578936,1551505
72166100,"Angles,Shapes.. Of Iron/Steel,No More Workd Thn Cold-Formed,From Flat Rol.",13288,4248648,4052929
72166900,"Angles,Shapes..Of Iron/Steel,Not Further Worked Thn Coldformd/Finished Nes",1875,232810,228222
72169900,"Angles, Shapes And Sections Of Iron Or Non-Alloy Steel, Nes",37740,5748610,5635339
72171000,"Wire Of Iron/Non-Alloy Steel,Not Plated/Coated,Whether Or Not Polished",118196,15978251,12493518
72172000,"Wire Of Iron Or Non-Alloy Steel,Plated Or Coated With Zinc",3425,6375791,5569701
72173000,"Wire Of Iron/Non-Alloy Steel,Plated Or Coated With Base Metals (Excl.Zinc)",148,158672,155546
72179000,Other,39027,5383037,4994943
72191100,Of a thickness exceeding 10 mm,71603,45199420,44308691
72193300,"Cold-Rolled Stainless Steel, Uncoiled, >=600mm By 1-3mm",10272,3803961,3766298
72193400,"Cold-Rolled Stainless Steel, Uncoiled, >=600mm By 0.5-1mm",1536,595529,589634
72199000,"Rolled Products Of Stainless Steel, >=600mm Wide, Nes",1033,452626,443708
72201290,Hot-Rolled Stainless Steel (Excl.Thickness Less Than 0.125mm),6604,3150511,3088607
72202090,Not Further Worked Than Cold-Rolled(Cold-Reduced)Excl.Thickness <0.125 Mm,30391,12952757,12710892
72209000,"Rolled products stainless steel, <600mm wide, nes",4456,4990118,4940712
72221100,"Stainlss Steel Bars/Rods,Not Furthr Workd Than Hotrolld,Circular X-Section",355,440826,436461
72224000,"Angles, Shapes And Sections Of Stainless Steel",718,231504,229211
72230000,Wire Of Stainless Steel,73002,48110241,46729823
72281000,"Bars And Rods, Of High-Speed Steel",40,9241,9149
72282000,Bars And Rods Of Silico-Manganese Steel,38000,2365071,2331300
72286000,"Bars And Rods Of Alloy Steel, Nes",3525,1048497,1038116
72299000,"Wire Of Alloy Steel, Nes",338,463285,455058
73030000,"Tubes, Pipes And Hollow Profiles, Of Cast Iron",5720,567150,557579
73041110,"Line pipe of a kind used for oil or gas pipelines : Of stainless steel, Exceed",1070,85515,83829
73041120,"Line pipe of a kind used for oil or gas pipelines : Of stainless steel, 8 inch",12599,2132040,1935838
73042420,"Casing, tubing and drill pipe..Other, of stainless steel , 8 inch dia or less",3189,301792,254725
73043900,Other Circular cross section of iron or non alloy steel (Excl cold drawn or cold rol),30390,11003348,10666693
73049000,Seamless Iron/Steel Tubes/Pipes/Profiles Of Non-Circular X-Section,79460,10473544,9164567
73053100,Longitudinally welded,724,160079,156925
73062120,"Casing and tubing of a kind used in the dril for oil/gas,Welded,of stainless st",881,77191,75669
73063000,"Other, welded, of circular cross-section of iron or non-alloy steel",19588,2587450,2561832
73066100,"Othr,weld, of non-circu.cr.section Of square or rec.cross-sec., NES",29276,4194721,4137566
73069000,"Tubes, pipes and hollow profiles, riveted, of iron or steel, nes",75099,11233374,10294371
73071900,"Cast Tube Or Pipe Fittings Of Iron,Oth.Than Non-Malleable Steel",9,83361,81718
73072200,"Threaded Elbows, Bends And Sleeves Of Stainless Steel",71542,13459283,13239144
73072900,"Tube Or Pipe Fittings Of Stainless Steel, Nes",1213,139245,136715
73079910,"Tube Or Pipe Fittings Of Iron Or Steel (Excl. Stainless), Nes",20,6550,6135
73079990,"Tube Or Pipe Fittings Of Iron Or Steel (Excl. Stainless), Nes",15999,3431341,3340084
73083000,"Doors, Window-Frames And Thresholds For Doors Of Iron Or Steel",33508,12116934,11957685
73089010,Door co-ordinator,17274,3962707,3886624
73089020,Industrial Racking System,10255,2463093,2055389
73089091,Metal frames for LCD/LED TV panel,2400,560148,552150
73089099,"Structures And Parts Of Structures, Nes, Of Iron Or Steel",726072,98699283,93498982
73102190,Cans Closed By Soldering And Crimping (Excl.Tin Plated Cans),179975,46130510,42673316
73141400,Woven Cloth Of Stainless Steel (Excl. Endless Bands For Machinery),30,83740,82090
73143900,"Iron/Steel Grill, Netting & Fencing, Welded At Intersection, Nes",162,181821,165644
73144900,"Iron/Steel Cloth, Grill, Netting & Fencing, Nes,",640,149373,147240
73151110,"Roller chain of iron or steel Of a kind used exclusively ..or automotive vehicles , nes",26670,18142719,17701008
73151200,Articulated Link Chain (Excl. Roller Chain) Of Iron Or Steel,4582,5243419,4778795
73158900,"Chain, Nes, Of Iron Or Steel",4294,11037659,10819761
73170000,"Nails, tacks, drawing pins, ...erial, but excluding such articles with heads of copper.",37738,35770663,34419763
73181100,Threaded Coach Screws Of Iron Or Steel,8227,3566485,3234064
73181200,Threaded Wood Screws (Excl. Coach Screws) Of Iron Or Steel,600,242818,238038
73181300,Threaded Screw Hooks And Screw Rings Of Iron Or Steel,9482,2387166,1702082
73181400,Threaded Self-Tapping Screws Of Iron Or Steel Imp by pre-fab. Buil. industry,3883,1282558,1182916
73181510,Flus type tower bolt,232,574154,562107
73181590,"Threaded Screws&Bolts Of Iron Or Steel,Nes Whether Or Not With Nuts/Washer",15944,8293099,8093953
73181600,Threaded Nuts Of Iron Or Steel,13313,30010697,29359321
73181900,"Threaded Articles, Nes, Of Iron Or Steel",4418,2170766,2137146
73182100,Non-Threaded Spring Washers And Other Lock Washers Of Iron/Steel,461,1070398,1048222
73182200,Other washers,2882,2941950,2736588
73182390,"Rivets, Nes",60183,49489605,40922013
73182400,Cotters And Cotter-Pins Of Iron/Steel,177,206760,202695
73182910,M.S. Nipple,0,4259,4252
73182990,"Screw,bolts,nuts,coach,screws,screw hooks,river,cotters,cotter-pins,washers..,NES",87027,33365236,32722356
73194000,Safety pins and other pins,3168,2325373,1609498
73199000,"Knitting needles, bodkins, crochet hooks, etc, of iron or steel",359,3858362,3789309
73201000,LEAF SPRINGS AND LEAVES THERE FOR,0,16093,15775
73202000,Helical springs of iron or steel,549,637100,624584
73209000,Other,7206,8851584,8694825
73259900,"Cast articles of iron or steel, nes",0,15722,15411
73261900,"Forged Or Stamped Articles Of Iron Or Steel, Nes",131,970974,939723
73262090,Other Articles Of Ironor Steel Wire( Excl.Bead Wire For Cycle Tyres),78549,19299457,17894683
73269010,Steel bobbin,4,2253,1841
73269090,"Other Articles Of Iron Or Steel, Nes(Excl.S.S.Screen, Burette Stand)",1553068,301576678,293002827
74020000,Unrefined Copper; Copper Anodes For Electrolytic Refining,4345,2157960,2115446
74031100,Cathodes And Sections Of Cathodes Of Refined Copper,0,940,920
74032100,"Copper-Zinc Base (Brass) Alloys, Unwrought",1350,1538233,1525963
74071000,"Bars, rods and profiles of refined copper",420,793804,778163
74072190,"Bars,rods and profiles of brass",138191,190357847,186906592
74072900,"Bars, rods and profiles of copper alloys, nes",667,1097837,1076061
74081900,Other,91805,105465300,104418056
74082100,Wire Of Brass,48950,73359348,68814291
74082200,Wire Of Cupro-Nickel Or Nickel Silver,6402,4674573,4628291
74082900,"Wire Of Copper Alloy, Nes",2001,29093982,28520716
74091100,"Plates, Sheets And Strip, Of Refined Copper, In Coils, >0.15mm Thick",4183,7003096,6933759
74091900,"Plates, Sheets And Strip, Of Refined Copper, Uncoiled, >0.15mm Thick",7518,13586043,13318348
74092100,"Plates, sheets and strip, of brass, in coils, >0.15mm thick In coils",118245,149866320,147337283
74092900,"Plates, Sheets And Strip, Of Brass, Uncoiled, >0.15mm Thick",12526,16783748,16453047
74094000,"Plates, Sheets And Strip, Of Cupro-Nickel/Nickel Silver, >0.15mm Thick",2231,2212136,2190234
74101100,"Foil, Not Backed, Of Refined Copper, =<0.15mm Thick",1,31302,30684
74112200,Tubes And Pipes Of Cupro-Nickel Or Nickel Silver,14879,30925982,30595890
74122000,Tube Or Pipe Fittings Of Copper Alloys,0,4255,4172
74130000,"Stranded Wire, Cables... Of Copper, Not Electrically Insulated",807,829454,820507
74151000,"Nails And Tacks, Drawing Pins, Staples, Etc, Of Copper Or Partly Copper",3213,6548039,6478431
74152100,Washers Of Copper (Including Spring Washers),548,166705,143999
74152900,"Non-Threaded Articles Such As Rivets, Cotters, Cotter-Pins... Of Copper",195,54458,53384
74153390,"SCREWS;BOLTS AND NUTS, EXCLUDING SCREWS FOR WOOD",11,24840,24593
74198090,Other,2,52098,51075
75022000,Unwrought Nickel Alloys,200,124918,123682
75072000,Tubes Or Pipe Fittings Of Nickel,7302,2628570,2602546
76041000,"Bars, rods and profiles of aluminium, not alloyed",7700,11375510,11154219
76042100,Hollow Profiles Of Aluminium Alloys,17015,10371955,10157603
76042900,"Bars, rods and profiles of aluminium alloys",47461,30834570,30368582
76051100,"Wire Of Aluminium, Not Alloyed, Maximum Cross-Sectional Dimension > 7mm",100,198418,195357
76051900,"Wire of aluminium, not alloyed, maximum cross-sectional dimension =<7mm",15775,10727141,10619479
76052900,"Wire of aluminium alloys, maximum cross-sectional dimension =<7mm",15,56658,55881
76061100,"Of Aluminium, not alloyed",431,321010,317832
76061200,"Of Aluminium, alloys",123886,57668188,56660310
76069190,"Plates... (Excl. Rectangular) Of Aluminium, Not Alloyed, >0.2mm Thick",90,67948,66609
76069200,"Plates...(Excl. Rec) of aluminium alloys,>0.2mm thick NES Of aluminium alloys",5738,3057577,3025895
76071100,Rolled but not further worked,0,1502,1472
76072099,"Aluminium foil backed, NES",16461,6991612,6324412
76081000,"Tubes And Pipes Of Aluminium, Not Alloyed",1654,1200607,1188720
76082000,Tubes And Pipes Of Aluminium Alloys,115717,79926081,68293616
76090000,Aluminium Tube Or Pipe Fittings,1278,1448656,1183427
76101000,"Doors, Windows And Their Frames And Thresholds For Doors, Of Aluminium",2108,1159762,1089213
76109010,"Aluminium Structure And Parts Of Structures..., Nes",33,27294,26757
76109090,"Aluminium Structure And Parts Of Structures..., Nes",6548,721465,707979
76141000,"Cables... of aluminium, with steel core, not electically insulated",115,47330,46862
76149000,"Stranded wire, cables... of aluminium alloys, not electrically insulated",390,536962,526383
76151010,"Table, kitchen or other household articles and parts thereof; of aluminium... polishing",20175,11805124,11572518
76161000,"Nails, Tacks, Staples, Screws, Bolts, Nuts... Of Aluminium",23114,21764207,21391858
76169100,"Cloth, Grill, Netting And Fencing, Of Aluminium Wire",137,57147,56019
76169900,"Articles of aluminium, nes",28320,29502018,27197381
78011000,"Refined Lead, Unwrought",50802,14776276,14485125
78019100,"Unwrought Lead, Containing Antimony As The Principale Other Element",49430,17210908,16871786
78019900,Unwrought Lead (Excl. Refined And Containing Antimony),49663,14000657,13724789
78020000,Lead Waste And Scrap,75323,19853076,19592527
79012000,Zinc alloys,240889,110527269,109068983
79050000,"Zinc Plates, Sheets, Strip And Foil",3474,2318641,2272954
79070090,"Other Articles Of Zinc, Nes",1183,1443239,1414802
80012000,"Tin Alloys, Unwrought",150,375499,368100
81019600,Wire,0,22849,22399
81089000,"Articles Of Titanium, Nes",1,13773,13497
82029990,Hand saws; blades for saws of all kinds....Excl. Toothless saw blades,49,220347,215974
82031090,"Files, Raspsand Similar Tools Nes.",14,69544,68786
82032000,"Tweezers, Pliers, Pincers And Similar Tools",1,111956,108861
82033000,Metal Cutting Shears And Similar Hand Tools,4,679197,665812
82041100,"Non-Adjustable, Hand-Operated Spanners And Wrenches",67,18953,5633
82041200,"Adjustable, Hand-Operated Spanners And Wrenches",411,149162,146993
82042000,"Interchangeable Spanner Sockets, With Or Without Handles",5,134985,132294
82051000,"Drilling, Threading Or Tapping Hand Tools",201,944105,925536
82054000,Screwdrivers,8,43961,43096
82055990,"HAND TOOLS, NES (INCL. GRAZIERS' DIAMONDS) EXCLUDING FIBRE OPTIC CABLE FUSION SLICER",3658,10415601,10288965
82057000,"Vices, Clamps And The Like",22,43316,42459
82059000,"Other,incl.sets of articles of two or more of sub-headings of this heading",12,6007,5890
82060000,"Tools Of Two Or More Of 82.02 To 82.05, Put Up In Sets For Retail Sale",2,21028,20614
82072000,Dies For Drawing Or Extruding Metal,915,12249818,11870960
82073000,"Interchangeable Tools For Pressing, Stamping Or Punching",1515,5130689,5024672
82074000,Interchangeable Tools For Tapping Or Threading,3,12455,12211
82075000,"Interchangeable Tools For Drilling, Other Than For Rock Drilling",20,48563,48063
82077000,Interchangeable Tools For Milling,6,155565,152659
82079000,"Other Interchangeable Tools For Hand Or Machine-Tools, Nes",406,1234244,1205792
82081000,"Knives And Cutting Blades, For Metal Working Machines",6,625013,612696
82089000,"Knives And Cutting Blades, For Machines Or Mechanical Appliances Nes",2582,18251484,17112212
82111000,"Sets Of Assorted Knives, Nes",282,3662628,3590920
82119200,Other Knives With Fixed Blades (Excl. Table Knives),135,945907,930504
82119300,Knives(Excl. With Fixed Blades),13,47713,46804
82130000,"Scissors, Tailors' Shears And Similar Shears, And Blades Therefor",444,460978,451892
83011000,Padlocks Of Base Metal,5351,5015777,4638134
83012000,Locks of a kind used for motor vehicle,5,7640,7489
83013000,Locks For Furniture Of Base Metal,4,2290,2268
83014010,"Lever lock, Mortice lock",7,1647684,1614241
83014090,Other locks,6571,16276487,15941589
83015000,"Clasps And Frames With Clasps, Incorporating Locks Of Base Metal",482,537523,520090
83016000,Parts Of Padlocks And Locks Of Base Metals,2851,1128577,464321
83017000,Keys Presented Separately Of Base Metal,0,478,468
83021000,Hinges Of Base Metal,373,77966,75688
83022000,Castors Of Base Metal,10,3304,3239
83023000,"Mountings, Fittings, Etc, For Motor Vehicles, Of Base Metal, Nes",2,2848,2791
83024100,"Mountings, Fittings, Etc, Suitable For Buildings, Of Base Metal, Nes",16,1210,1185
83024910,"OTHR MOUNTING, FIT.&SIMILAR ARTICLES, DEV. /FITTINGS FOR BARR.WIND. & OR PANIC EXIT DOOR",288,600704,571101
83024991,OTR MOUNTING FITTINGS &SIMILAR ARTI.EXCL. DEVICE/FIT.FOR BARRED WINDOWS & OR PANIC EXIT,47234,15994795,15147941
83024999,OTR MOUNTING FITTINGS &SIMILAR ARTI.EXCL. DEVICE/FIT.FOR BARRED WINDOWS & OR PANIC EXIT,30109,22957705,22505358
83025000,"Hat-Racks, Hat-Pegs, Brackets And Similar Fixtures Of Base Metal",112,45733,36800
83030000,"Armoured Or Reinforced Safes, Strong-Boxes And Doors... Of Base Metal",493,851711,837847
83051000,Fittings For Loose-Leaf Binders Or Files Of Base Metal,46,150200,147240
83052000,"Staples In Strips, Of Base Metal",1086,974290,955169
83059000,"Office Artcls.Such As Ltr.Clips,Ltr.Corners..Of Base Metal Incldng.Parts",729,3458398,3414348
83061000,"Bells, Gongs, Etc, Non-Electric, Of Base Metal Containing more than 99.99 % of bismut",2977,3858573,3762505
83062100,"Statuettes And Other Ornaments Of Base Metal, Plated With Precious Metal",960,2243954,2199713
83062900,Statuettes and other ornaments of base metal (excl. plated),2550,1233293,1197347
83063000,"Photograph, Picture Or Similar Frames; Mirrors Of Base Metal",3,1942,1813
83071000,Flexible Tubing Of Iron Or Steel,3,2047,1042
83079000,Flexible Tubing Of Other Base Metal (Excl. Iron Or Steel),1711,593576,520950
83081000,"Hooks, Eyes And Eyelets Of Base Metal",444325,588449553,561835245
83082000,Tubular Or Bifurcated Rivets Of Base Metal,110396,383523929,374122019
83089000,"Clasps, Buckles... Beads Andspangles Of Base Metal (Incl. Parts)",357815,525140203,492587482
83091000,Crown Corks Of Base Metal,27,106398,104312
83099010,Lug Caps,41,347183,340349
83099020,Container Seal,66,679027,665648
83099030,Combination seal for vials,4465,4103944,4008538
83099091,"Stoppers, caps and lids.. excl.Crown corks nes,",75,515471,507331
83099099,"Stoppers, caps and lids.. excl.Crown corks nes,",15173,49933392,47560021
83100000,"Sign-Plates, Name-Plates, Address-Plates, Etc, Of Base Metal(Ex.Hsno-94.05",20187,53984935,51178038
83111010,"Coated electrodes of base metal, for electric arc-welding......Welding wire",1,5329,5276
83113000,"Coated rods and cored wire of base metal, for soldering, brazing...",32,448519,444079
83119000,"Wires, Rods... Of Base Metal, Coated/Cored (Incl. Powder For Sprays) Nes",8,86626,84919
84021900,"Other Vapour Generating Boilers, Nes (Incl. Hybrid Boilers)",8972,9335864,9164849
84029000,Parts Of Sheam On Oth.Vapour Genrtng.Boilers & Super-Heated Water Boiles,21,941602,923046
84099910,For Engines of Industrial use and fishing trawler,165,3060191,2999900
84099990,"Parts For Compression-Ignition Internal Combustion Engines, Nes",82,9451853,9265607
84109000,"Parts Of Hydraulic Turbines, Water Wheels Including Regulators",24,88080,86344
84111200,"Turbo-Jets, Of A Thrust >25kw",9000,6651487,6520426
84112200,"Turbo-Propellers, Of A Power >1100kw",1162,255913430,250870926
84122900,Hydraulic Power Engines And Motors (Excl. Linear Acting),25,16619596,16293665
84123100,"Pneumatic Power Engines And Motors, Linear-Acting (Cylinders)",155,3870303,3783131
84123900,Pneumatic Power Engines And Motors (Excl. Linear Acting),10,203365,199996
84129010,Parts Of Engines And Motors Of 8412.10 To 8412.80 For Aircraft Engines,155,30708323,30103252
84129090,"Parts Of Engines And Motors Of 8412.10 To 8412.80, Nes",5,185160,181510
84133000,Fuel/Lubricating/Cooling-Medium Pumps For Internal Combustion Engines,4,39247,38470
84135000,Reciprocating Positive Displacement Pumps,103,587692,571395
84136000,Rotary Positive Displacement Pumps,84,1077483,1056251
84137000,Other Centrifugal Pumps,243,646958,630249
84138100,Other Liquid Elevatos Pumps,5160,93816838,91972222
84139100,Parts of Pumps for liq. whts or not fitted with fitted with meas. dev.liquied elev.,6,284676,279069
84142000,Hand Or Foot-Operated Air Pumps,8627,5472997,5418730
84145910,Venlating exhaust fan with blade rotating diameter of 24 inch or mere,1160,1464499,1440300
84145920,"Laminar air flow equipment, industrial type",449,410185,406125
84145990,"Otherv Fans, Nes",17,36448156,35729997
84148010,Air Compressors,3924,4034247,3954789
84148090,"Other Air Pumps; Air Or Gas Compressors; Hoods With A Fan, Nes",105,160071784,156917738
84149010,Parts Of Fan,3,24533,24049
84149090,"Parts Of Air/Vacum Pumps, Of Air/Gas Compressors, Nes",1,9763,9571
84151010,"A/C, Window/wall self contained Requiring more than 300,000 BTU or equivalent",2988,3274731,3210204
84179000,Parts Of Industrial Or Laboratory Furnaces And Ovens,9,429448,420987
84186999,"Freezers of the upright type, (Excl.) exceeding 900 L or 800L capacity",478,6015942,5897416
84192000,"Medical, Surgical Or Laboratory Sterilizers",4309,1726309,1692294
84193900,"Non-Domestic Dryers, Nes",10064,7421449,7276595
84194090,Water Rectifying Plant,1000,569330,564420
84195000,Heat Exchange Units,467,101000174,99010073
84199000,Parts Of Non-Domestic Heating/Cooling Equipment,1837,2201399,2158023
84209100,Cylinders For Calendering Or Other Rolling Machines,3,177389,171095
84209900,"Parts Of Calendering Or Other Rolling Machines, Nes",4,261560,256347
84211200,Centrifugal Loundry -Dryers Of 1bhp Or More,78,262849,257670
84212192,Water purifying machine (Industrial type),140,30039,29448
84212193,Effluent (waste water) Treatment Plant,1795,12396056,12258328
84212300,Oil Or Petrol-Filters For Internal Combustion Engines,445,12546260,12274351
84212910,Cartridge/Membrane filter,2200,12862085,12608652
84212990,"Filtering or purifying machinery and apparatus for liquids, NES",52,1899079,1860663
84213100,Intake Air Filters For Internal Combustion Engines,3,120062,117980
84213220,Particulate filter for compression-ignition internal combustion engines,8,663381,650310
84213920,Industrial filter for air or other gases; overhead travelling .. cyclone of industria,37,484912,475588
84213990,Other,1,69277,67913
84219990,Parts Of Machinery... For Filtering/Purifying Liquids Or Gases,23198,5817264,5703875
84223000,"Machinery For Filling,Closing...Etc.Bottles,Cans Etc,& Aerating Drinks",446,167465,80631
84224000,"Oth.Packing/Wrapping Machinery, (Incl. Heat-Shrink Wrapping Machinery)Nes",2115,2150992,2112931
84229000,Parts Of Machinery Of 8422.11 To 8422.40,6,62737,61502
84233000,Constant Weight Scales And Scales For Discharging A Predetermined Weight,3570,20342283,19941460
84238210,Weighting Capacity Exceeding 200KG,287,162707,154357
84238290,"Weighing Machinery,Nes,..Capacity 30-5000kg(Excl.Capacity Excd. 200kg)",10,6260,6137
84238900,"Weighing Machinery, Nes, Of Weighing Capacity >5000kg",5500,597491,588960
84241000,"Fire Extinguishers, Whether Or Not Charged",118,7012049,6873886
84242010,Spray Guns And Similar Appliances Of Industrial Use,86,1055890,1036479
84242030,SPRINKLER SYSTEM AND EQUIPMENTS,68352,34686006,34200663
84242090,Spray Guns And Similar Appliances (Excl. Of Industrial Use),0,626,614
84243000,Steam Or Sand Blasting Machines And Similar Jet Projecting Machines,109,45977,45522
84248900,Mechanical Appliances For Projecting/Dispersing/Spraying Liquids/Powders,2544,6118884,6054293
84249000,Parts Of Machinery And Apparatus Of 8424.10 To 8424.89,27,1286110,1261777
84271000,Self-Propelled Works Trucks Powered By An Electric Motor,21825,16366693,16047854
84272000,Self-Propelled Works Trucks (Excl. Electic),27,18776,18405
84279000,"Other Works Trucks Fitted With Lifting Or Handling Equipment, Nes",560,111289,109864
84281000,Lifts And Skip Hoists,79115,39540208,39120664
84283900,"Continuous-Action Elevators And Conveyors, Nes",19906,28687840,28122579
84289000,"Lifting, Handling, Loading Or Unloading Machinery, Nes",41,162568,159374
84312000,Parts Of Machinery Of 84.27,2631,1039738,1025162
84313900,"Parts Of Machinery Of 84.28 (Excl. Lift, Skip Hoists Or Escalators)",70,187249,183559
84314900,"Parts of machinery of 84.26, 84.29 and 84.30, nes",42440,72269919,70845917
84341000,Milking Machines,1180,195259,159510
84411000,Cutting Machines,1860,448842,422287
84419000,"Parts Of Machinery For Making Up Paper Pulp, Paper Or Paperboard, Nes",2441,2100023,2073656
84423000,"Machinery, apparatus and equipment for pre. or making plates, ..comp. Machiner",400,2046838,2024550
84425020,PRINTING PLATES,2449,1492631,1389253
84425090,"Other Printing Type,Blocks,Plates,Cylinders...Other Printing Components",2,23030,22577
84431900,"Other printing components(excl.Offset printing machinery, Letterpress printing",795,1794267,1730070
84433290,Other printer (excl. computer printer),21,79321,78353
84433910,Inkjet printer,135,652492,639635
84433991,Copying machine & fax machine,20,16376,15338
84433999,"Other printing machine,nes",0,123350,120909
84439100,"Parts & acces.of printing m/c used for print. by means of plates, cylinders an",1018,5934037,5794617
84439910,Toner cartridge/Inkjet cartridge,3535,2668039,2615262
84439990,Parts & accessories other than compuet printer,1291,26113978,24983676
84451900,"Other Machines For Preparing Textile Fibres, Nes",240,172246,168853
84454000,Textile Winding (Incl. Weft-Winding) Or Reeling Machines,4807,2601561,2550292
84463000,"Weaving Machines For Weaving Fabrics, >30cm Wide, Shuttleless Type",11436,57682592,57105766
84471100,"Circular Knitting Machines, With Cylinder Diameter =<165mm",46295,90495299,88712100
84472000,Flat Knitting Machines; Stitch-Bonding Machines,11391,15553739,14085846
84479000,"Machines For Making Gimped Yarn, Tulle, Lace, Embroidery, Trimmings, Etc",17735,12250643,12033435
84481900,"Auxiliary Machinery For Machines Of 84.44, 84.45, 84.46, 84.47",62,100133,98160
84482090,Parts And Accessories Of Machines Of 84.44 Or Their Auxiliary Machinery,513,2999630,2940087
84483200,"Parts And Accessories Of Machines For Preparing Textile Fibres, Nes",112,349636,343560
84483900,"Parts And Accessories Of Machines Of 84.45, Etc, Nes",355,2464790,2431252
84484290,Other Reeds For Looms Healds And Heald-Frames,17,310629,263265
84484900,"Parts And Accessories Of Weaving Machines (Looms), Nes",5096,3500543,3445636
84485100,"Sinkers, needles and other articles used in forming stitches",96,4131196,4009144
84485900,"Other Parts And Accessories Of Machines Of 84.47, Etc, Nes",716,4746454,4258554
84502090,"Washing Machines, Household/Laundry Type, Capacity >10kg",104,400532,392640
84509000,Parts Of Household/Laundry-Typewashing Machines,46,305711,300696
84512900,"Drying Machines, Of A Dry Linen Capacity >10kg",4740,866883,858900
84513000,Ironing Machines And Presses (Incl. Fusing Presses),27692,34427383,33958231
84514000,"Washing, Bleaching Or Dyeing Machines, Nes",42832,77852794,76341839
84515000,"Machines For Reeling, Unreeling, Folding, Cutting... Textile Fabrics",15771,8780983,8608230
84518000,"Machines For Wringing, Dressing, Finishing... Textile Yarns, Fabrics...",21261,57030293,56447220
84519000,"Parts Of Machines For Cleaning, Drying, Ironing, Etc",10818,47998299,46471236
84522100,Automatic Sewing Machines,126270,228129211,224116673
84522990,Sewing Machines Of Industrial Type (Excl. Automaic Units ) Nes.,59151,97417476,95509390
84523000,Sewing Machine Needles,742,14410124,14149827
84529090,Other parts of sewing machines,3760,20758237,19998549
84531000,"Machinery For Preparing, Tanning Or Working Hides, Skins Or Leather",100,43374,42945
84532000,Machinery For Making Or Repairing Footwear,35843,24269407,22303943
84538000,"Machinery For Making/Repairing Articles Of Hides, Skins Or Leather, Nes",180,190163,186416
84539000,"Parts Of Machinery For Preparing ... Leather, Making Footware, Etc",863,1826732,1789078
84549000,"Parts Of Converters, Ladles... Casting Machines",1021,1480312,1432044
84561100,"Operated by laser or other light or photon beam processes,Operated by laser",4120,8490280,8309793
84562000,Machine-Tools Operated By Ultrasonic Processes,1948,790037,774469
84589900,"Other Lathes For Removing Metal, Nes (Excl. Numerically Controlled)",2172,375499,368100
84592900,"Drilling Machines For Removing Metal, Nes",184,71902,51468
84595100,"Milling Machines, Knee-Type, For Metal, Numerically Controlled",17605,9055523,8965864
84597000,"Threading Or Tapping Machines For Metal, Worked By Removing Metal, Nes",3559,2469136,2440518
84602900,"Grinding Machines, Nes, Accurate To 0.01mm",16,116992,115834
84603900,"Sharpening (Tool Or Cutter Grinding) Machines, Nes",36,1054681,1033914
84609000,"Other Machines For Deburring, Grinding, Polishing, Etc, Metal, Nes",2916,1317697,1298275
84615000,Sawing Or Cutting-Off Machines For Working Metal Or Cermets,505,75472,74724
84624900,"Punching Or Notching Machines (Incl. Presses), Nes",2900,3130090,3068418
84626100,Cold metal working presses : Hydraulic presses,9949,3958931,3880846
84629000,Machine-tools (Including presses) for working metal by... not specified above NES,107,43635,43203
84639000,"Other Machine-Tools For Working Metal, Without Removing Material, Nes",840,458303,449271
84642000,"Grinding Or Polishing Machines, For Working Stone, Ceramics, Etc",109,55196,46547
84649000,"Machine-Tools For Working Stone, Ceramics, Concrete, Etc",7,12520,12274
84659200,"Planing, Milling Or Moulding Machines For Working Wood, Cork, Bone, Etc",695,326119,322890
84659300,"Grinding, Sanding Or Polishing Machines For Working Wood, Cork, Etc",62,30041,29448
84659900,"Other Machine-Tools, Nes, For Working Wood, Cork, Bone, Hard Rubber, Etc",4924,23946050,23487456
84661000,Tool Holders And Self-Opening Dieheads,179,2560739,2510282
84669200,Parts And Accessories For Machines Of 84.65,600,621380,609137
84669300,Parts And Accessories For Machines Of 84.56 To 84.61,64,3987048,3901608
84669400,Parts And Accessories For Machines Of 84.62 To 84.63,18,1350382,1324824
84671100,"Pneumatic Tools, Rotary Type, For Working In The Hand",1,29101,28524
84672100,DRILLS OF ALL KINDS;WITH SELF CONTAINED ELECTRIC MOTOR,80,33015,32365
84678900,"Tools for working in the hand, with non-electric motor, nes",6,10461,10356
84679900,"Parts Of Hand-Tools, With Non-Electric Motor, Nes",2,50935,49935
84713000,"Portable Digital Adp Machines,Wt<=10 Kg,Comp.At Least Cpu,Keyboard&Display",16,742267,668261
84714100,"Nonportable Adp Machines,Comprisng At Least Cpu & I/O Unit In Same Housing",432,3090401,3029481
84714900,"Non-Portable Adp Machines, Nes, Presented In The Form Of Systems",215,894045,876429
84715000,"Processing units other than those of subheading 8471.41 or 8471.49, whether or",9,15025,14724
84716010,Adp Input/Output Units Whether/Not Containg. Storage Units In Same Housing,9,2026508,1986580
84716090,Adp Input/Output Units Whether/Not Containg. Storage Units In Same Housing,45,13410,13146
84717000,Automatic Data Processing Machine Storage Units,40,196516,184050
84729090,"Office machines (incl. coin-sorting/counting/wrapping machines...) , nes",13,149258,146297
84733000,Parts And Accessories Of The Machines Of 84.71,0,11216,10994
84743900,"Mixing Or Kneading Machines For Earth, Stone, Ores, Etc",350,181495,177915
84771000,"Injection-Moulding Machines For Working Rubber Or Plastics, Etc",58828,93640997,91885053
84778000,"Other Machinery For Working Rubber/Plastics Or Making Products Thereof,Nes",17280,14929008,14790348
84779000,"Parts Of Machinery For Working Rubber Or Plastics, Etc",7282,9065059,8719035
84798100,"Machines For Treatng Metal,Inc.Elec.Wire Coilwinders,Individual Functions",3638,15664558,15355905
84798200,"Machines For Mixing,Kneading,Crushing,Grinding,Having Individual Functions",4876,7510959,7084558
84798900,"Machines, having individual functions, nes",31407,44162521,43400146
84799000,Parts Of Machines Having Individual Functions Of Hs Heading 8479,2903,22732222,22253211
84802000,Mould Bases,63172,32508381,17489143
84803000,Moulding Patterns,17,162716,159510
84804100,Injection Or Compression Type Moulds For Metal Or Metal Carbides,56,1234020,1210355
84804900,Moulds For Metal Or Metal Carbides (Excl. Injection Or Compression),4689,6495914,4475116
84806000,Moulds For Mineral Materials,1635,1028260,961569
84807100,Injection Or Compression Type Moulds For Rubber Or Plastics,12238,12846118,12666030
84807900,Moulds For Rubber Or Plastics (Excl. Injection Of Compression),15647,51387981,49069923
84811019,"Pressure-reducing valves,... not exceed 1 inch, Excl. Press. regulator/valve for LPG",1,687117,673578
84811090,Exclu. Inner Diameter not exceeding 1 inch,3,54481,53407
84812010,"Valves for oleohydraulic or pneumatic transmission, inner diameter not exceeding 1 inch",5,72686,71253
84812090,"Valves for oleohydraulic or pneumatic transmissions,Excl.Inner diameter not excee. 1 inc",55,3644255,3572475
84813019,"Check (nonreturn) valves, inner diameter <= 1 inch.",4,66621,65313
84814019,"Safety or relief valves, Inner dia. <= 1 inch., Excl. Safety or relief valve for LPG",1,472356,463050
84814090,"Safety or relief valves, Excl. diameter <= 1 Inch",10,359002,351928
84818010,Inner-Tube Valves For motorized or non-motorized vehicles,5,626447,614103
84818029,Hand diaphragm valve,9,200171,195784
84818090,"Inner Diameter <1 inch,nes",759,41283245,40467968
84819010,Parts of taps and cocks,2,583271,571779
84819090,"Parts of taps and cocks, NES",92,1687194,1654038
84821000,Ball Bearings,173,1280369,1010741
84822000,"Tapered Roller Bearings, Including Cone And Tapered Roller Assemblies",122,3778643,3704188
84824000,Needle Roller Bearings,103,448425,439849
84825000,Other Cylindrical Roller Bearings (Excl. Needle),4,26611,26086
84828000,"Ball Or Roller Bearings (Incl. Combined Ball/Roller Bearings), Nes",1163,738370,724190
84829100,"Balls, Needles And Rollers",1,28335,27778
84829900,"Parts Of Ball Or Roller Bearings (Excl. Balls, Needles And Rollers)",2,90844,89064
84831000,Transmission shafts (incl. cam and crank shafts) and cranks,9285,6323398,6199968
84832000,"Bearing housings, incorporating ball or roller bearings",4,202379,198406
84833000,"Bearing Housings, Nes; Plain Shaft Bearings",1,80409,78825
84834000,Gears and gearing; ball or roller screws; gear boxes and other speed changers...,219,1580668,1534085
84835000,Flywheels And Pulleys (Incl. Pulley Blocks),49,806161,794491
84836000,Clutches And Shaft Couplings (Incl. Universal Joints),222,1942841,1917766
84839000,"Parts Of Transmission Shafts, Cranks, Bearing Housings, Gears, Etc",40,507291,497381
84841000,Gaskets... Of Metal Combined With Other Materials Or >1 Metal Layer,33,68179,66833
84862000,Machines & apparatus for the mfg.of semiconductor dev. or of electronic integr,16,851117,842691
84879000,Machinery Parts other than ships' or boats' propellers and blades therefore,92,877536,860268
85011010,Fan motor fitted with revolving mechanism,8,7097,6959
85011090,Motors Of An Output =<37.5 W,177,4174428,4069658
85012091,Motors of an output not exceeding 37.5 W but not exceeding 750 W,28,121698,99417
85012099,Excluding Motors of an output not exceeding 37.5 W but not exceeding 750 W,1,58140,56994
85013100,"Oth DC motors; DC generators, other than photovoltaic genera <=1200 W",979,6545687,6450147
85013300,"Oth DC motors; DC generators, other than photovoltaic generators >75 Kw But <=375 Kw",138,611131,599089
85014010,"Ac motors, single-phase.. Of an output not exceeding 750 W",105,630480,591173
85014020,"Ac motors, single-phase...Of an output exceeding 750 W but not exceeding 75 KW",538,1475433,1413533
85014090,"Ac motors, single-phase...Excl. Of an output not exceeding 750 W",18,518970,508744
85015100,"Ac Motors, Multi-Phase, Of An Output =<750 W",13,551610,541230
85015200,"Ac motors, multi-phase, of an output >750 W-<=75 kW",262,42485,41648
85017210,Photovoltaic DC generators : Of an output exceeding 50 W :,73105,6132521,6011687
85017240,Photovoltaic DC generators : Of an output exceeding 50 W :,118329,40680073,39878515
85021300,"Generating Sets With Compression-Ignition Engines, >375 Kva",39005,50991040,50021022
85030020,PARTS OF OTHER GENERATOR,1002,313479,307302
85030093,Others parts of motor,1,8193,8025
85030099,Stator other than with/without winding wire,1,137724,135010
85043100,"Transformers, Nes, Power Handling Capacity =<1 Kva",6,9588,9399
85043300,"Transformers, Nes, Power Handling Capacity 16-500 Kva",5,22903,22454
85043400,"Transformers, Nes, Power Handling Capacity >500 Kva",19090,15473387,15168499
85044020,UPS/IPS (Capacity upto 2000 VA),31,2528895,2480232
85044030,"Voltage stabilizer (capacity upto 2,000 VA)",135,366953,361241
85044090,Other Static converters,4361,26240925,25675632
85045000,"Inductors, Nes",318,1523855,1245847
85049020,Formed core,0,283,277
85049090,"Parts Of Transformers, Inductors And Static Converters, Nes",1,40065,39276
85051100,Permanent Magnets And Articles Becoming Permanent Magnets Of Metal,1719,2053783,2025892
85051900,Permanent Magnets And Articles Becoming Permanent Magnets (Excl. Metal),61,49978,48518
85052000,"Electro-Magnetic Couplings, Clutches And Brakes",41,416400,324275
85059000,"Other Electro-Magnetic Or Permanent Magnet Chucks,Etc;Incl.Parts Of Magnet",120,357866,347433
85065000,Primary Cells And Primary Batteries Of Lithium,10156,69168543,67266300
85073000,"Nickel-Cadmium Accumulators, Separators.",2,1000005,980373
85076000,Lithium-ion,848,5026877,4960454
85114000,Starter motors and dual purpose starter-generators,69,18020062,17664996
85121000,Lighting Or Visual Signalling Equipment For Bicycles,1404,7724169,7517108
85123000,Sound Signalling Equipment For Cycles Or Motor Vehicles,155,994507,974912
85124000,"Windscreen Wipers, Defrosters And Demisters For Motor Vehicles",451,3037296,2977450
85131090,"Lamps, NES",1,1252,1227
85141100,Resistance heated furnaces and ovens : Hot isostatic presses,44,9914,9816
85151100,Soldering Irons And Guns,5,25941,25429
85152100,"Machines For Resistance Welding Of Metal, Fully Or Partly Automatic",9,17524,17178
85152900,"Machines And Apparatus For Resistance Welding Of Metal, Not Automatic",8,5632,5522
85158000,"Machines And Apparatus For Welding/Spraying Of Metals, Nes",2596,4408467,4353729
85159000,"Parts Of Soldering, Brazing, Welding, Etc, Machines/Apparatus Of 85.15",11,42790,41826
85161090,Other than water heater with insulated storage tank,1876,9926348,9730760
85162900,"Electric space heating and soil heating apparatus, nes",207,4408152,4321126
85164010,Industrial Steam Iron,556,1157172,1145716
85168000,Electric Heating Resistors (Excl. Those Of 85.45),47,376752,362439
85176220,Telephonic or telegraphic switching apparatus,3405,17121353,16783996
85176290,"Other reception, transmission app.(excl. modem, telephonic/telegraphic switch.",2,1344033,1317552
85182900,"Loudspeakers, Not Mounted In Encloseurs",67,278853,273358
85234929,Optical media: Incorporating computer software,0,1753,170
85235110,Flash memory card or similar media,1,129669,127117
85235129,Other software for automatic data processing machines,0,789552,773756
85235200,Smart cards,215,1597424,1575465
85235910,Proximity Cards and tags,93097,527792981,510294089
85235920,RFID TAG,567061,7456319408,2583563273
85235920,RFID TAG Imp by Industrial IRC Holder VAT Compliant 100% Export Oriented Textile Ind,276,685335,671832
85235990,Semiconductor media : Excl. Proximity Cards and tags,44697,296856493,288434289
85238020,Other software for automatic data processing machines,0,626,614
85238090,Excl Database; os; dev. tools; productivity; commn or collaboration soft.,0,193626,189810
85258900,"Flat panel display modules, whether or not incorporating touch-sensitive screens. NES",1906,27946241,27650198
85269110,GPS Vehicle tracking system,10,2240986,2196831
85269190,Radio Navigational Aid Apparatus,2,688408,674850
85284900,"Other Cathode-ray tube monitors, excl. of a kind solely....used in an automati",1,62972,61729
85285210,Computer monitor size not exceeding 30 inch,12,59781,58602
85285290,"Other Monitor, excluding Computer monitor size not exceeding 22 inch",38,741149,723466
85285900,"Other Monitor, excl, of a kind solely or principally?.an automatic data proc..",5,209557,206277
85286200,"Projector, Cpbl.of directly connecting…for use with auto data processing mchn, 8471",15,520147,509898
85291000,Aerials And Aerial Reflectors Of All Kinds And Parts Thereof,0,425693,417305
85299030,Loaded printed circuit board of Heading 85.27 and 85.28,1,118523,116197
85299090,Parts Of Apparatus Of Heading No. 85.25 & 85.26,1,1041194,1020680
85311000,Electrical Burglar Or Fire Alarms And Similar Apparatus,19539,112969016,29631776
85312000,ndicator panels incorp. liquid crystal devices (LCD) or light-emitting diodes (LED),10,660877,539880
85318000,"Electrical Apparatus For Sound Or Visual Signalling, Nes",15078,65560782,29915931
85319000,Parts Of Apparatus Of 85.31,141239,175439357,164452166
85321000,Fixed Capacitors For 50/60 Hz Circuits Having Power Capacity >=0.5kvar,3,37669,37669
85322200,Aluminium electrolytic,6,56137,55583
85322300,"Fixed Electrical Capacitors Of Ceramic Dielectric, Single Layer",11,133511,127688
85323000,Electrical Variable Or Adjustable (Pre-Set) Capacitors,356,1680134,1433116
85331000,"Fixed Carbon Resistors, Composition Or Film Types",73,677544,653271
85332900,Other Fixed Resistors For A Power Handling Capacity >20w,1,29715,29420
85333900,Wirewound Variable Resistors For A Power Handling Capacity >20 W,1,33285,27190
85334000,"Variable Resistors, Nes (Incl. Rheostats And Potentiometers)",0,31647,31023
85340000,Printed Circuits,2491,20330112,19265492
85353000,"Isolating Switches And Make-And-Break Switches, >1000 V",0,4730,4684
85359090,"Other Apparatus For Switching... Electrical Circuits, >1000 V, Nes",105,2086710,2044133
85361000,"Fuses, =<1000 V",457,13462732,12070421
85362000,"Automatic Circuit Breakers, =<1000 V",2920,552864,541863
85364100,Relays For A Voltage =<60 V,3,22254,21816
85364910,PTC relay,2,34035,33506
85364990,Relays For A Voltage 60-1000 V,4,20174,19776
85365000,Other switches,26,410311,400274
85366100,"Lamp-Holders, =<1000 V",1,152227,149228
85366900,Other,268,2504870,2218683
85367000,"Connectors for optical fibres, optical fibre bundles or cables",27,1477672,1447750
85369010,"Connector, Terminal and Electrical apparatus",1261,4307578,4222809
85369090,"Apparatus For Switching... Electrical Circuits, Nes, =<1000 V",47,816004,800665
85371010,BUSBAR TRUNKING SYSTEM,26678,62397952,61687820
85371020,Electric panel,4724,8176521,8029641
85371090,Other,912,103191730,101027930
85372000,"Boards...Equipped With Two/More Apparatus Of 85.35/85.36, Voltage > 1000v",5194,8046065,7888169
85389000,"Other than Parts Of Apparatus Of 85.35 To 85.37, Nes",42,10598835,10392814
85392190,Other Tungsten Halogen Filament Lamps (Excl.Ultra-Violet Or Infra-Red)Nes.,3,47441,46514
85392200,"Filament lamps of a power =<200w and of a voltage >100v, nes",0,1652,1620
85392910,Indicator pilot lamp 6V-60V/5 Watt,3,102512,100614
85392990,"Elec.filmnt.or discharge lamps,incl. sealed beam..excl.Indicator pilot lamp 6V-60V/5 wa",12,142944,140136
85393120,T5 tube light,380,281373,275830
85393190,"Discharge Lamp other than Ultra-Violet Lamps, Fluorescent, Hot Cathode",164,260255,255128
85393990,"Discharge Lamps, Not Ulta-Viilet Lamps,Mercury Or Sodium Vapour Lamps Nes.",0,110280,108106
85394990,Other Ultra-Violet Or Infra-Red Lamps Nes.,3,497142,280623
85395200,Light-emitting diode (LED) light sources :Light-emitting diode (LED) lamps,135,43567,42945
85399010,Base Cap For Lamps,2,1638,1534
85399030,Of Light-emitting diode (LED) lamps,167,105819,103375
85399090,"Parts For Filament Or Discharge Lamps,Excl.Aluminum Base Cap For Lamps,Nes",1,3654,3583
85401100,Colour,167,206640,202516
85411000,"Diodes, other than photosensitive or light-emitting diodes (LED)",241,12094217,11585182
85412100,"Transistors (Excl. Phototransistors), With A Dissipation Rate <1w",0,25810,25554
85412900,"Transistors (Excl. Phototransistors), With A Dissipation Rate >=1w",48,2390723,2342077
85414100,"Photosensitive semi-conductor devices, including....Light-emitting diodes (LED)",44,6029995,5767022
85414200,Photovoltaic cells not assembled in modules or made up into panels,0,61618,60405
85414900,"Other --- Photosensitive semi-conductor devices,..light-emitting diodes (LED) NES",1,56195,55088
85415100,"Other semi-conductor devices , Semiconductor-based transducers",3,3728702,3655233
85423120,Other module,3,151601,148615
85423990,"Electronic integrated circuits,nes",29,4501509,4410217
85429000,Parts,8,286280,233866
85433000,"Machines/Apparatus For Electroplating, Electrolysis Or Electrophoresis",1243,1279068,1266404
85437090,"Other machines & appa., Excl. Remote control for electronic and electrical appa.",776,2794485,2739425
85441100,Of copper,6,4918,4821
85441910,Cotton Braided Electric Cables,1,45093,44199
85441990,Other Winding Wire (Excl Wire Of Copper & Cotton Braided Electric Cables),508,1780668,1736859
85442000,Co-Axial Cable And Other Co-Axial Electric Conductors,1495,2167288,2124585
85444200,"Other electric conductors for a voltage not exceeding 1,000 V: Fitted with conn",2722,19580786,19171862
85444900,"Electric Conductors, Nes, For A Voltage <=80 V, Not Fitted With Connectors",42641,66558526,65611225
85447000,Optical Fibre Cables Made Up Of Individually Sheathed Fibres,1,57142,56015
85469000,Electrical Insulators (Excl. Of Glass Or Ceramics),1,267,263
85479000,Other,9,1517,1488
87081000,Bumpers and parts thereof,33,1627473,1595284
87087000,Road wheels and parts and accessories thereof,25170,66208878,64785956
87088000,Suspension shock absorbers,0,2959,2959
87089300,Clutches and parts thereof,8,9984,5957
87089900,"Parts and accessories, nes, for vehicles of 87.01 to 87.05",1945,7163219,7022070
87141090,"Parts and acce. Of Motorcycles, EXCLUDING Saddles",3754,6821081,6639192
87149100,"Frames and forks, and parts thereof",107041,146156781,141904927
87149210,"Wheel Rims & Spokes Of Bicycles & Other Cycles, Not Motorised",53301,35768506,34437377
87149290,Wheel Rims & Spokes Of Bicycles & Other Cycles (Excl. Not Motorised),14220,5505275,5450768
87149311,"Hubs, other Than Coaster Braking Hubs & Hub ... Free-wheel sprocket-wheels of bicycle",24057,61551730,59933686
87149319,"Hubs, other Than Coaster Braking Hub excluding Free-wheel sprocket-wheels of bicycle",68762,75377238,73564408
87149390,"Hubs,Other Than Coaster Braking Hubs & ....Of Bicycles (Excl.Not Motorised",6095,3398089,3343602
87149410,"Brakes,Including Coaster Braking Hubs & Hubs...Of Bicycles, Not Motorised",59956,88307211,86224803
87149490,"Brakes,Including Coaster Braking Hubs &..Of Bicycle (Excl.Not Motorised)",3634,3041954,2985238
87149510,"Saddles Of Bicycles & Other, Not Motorised",29768,30565208,29413744
87149610,"Pedals & Crank-Gear Of Bicycles & Other, Not Motorised",65108,53820402,52206935
87149690,Pedals & Crank-Gear Of Bicycles & Other (Excl. Not Motorised),7682,2652350,2601541
87149900,"Parts and accessories of cycles, nes",341336,308029419,297681418
87168000,"Vehicles, Not Mechanically Propelled, Nes",944,79394,78235
87169000,"Parts Of Trailers, Semi-Trailers, Etc, Of 87.16",941,4490862,4402375
88073090,"Other parts of aeroplanes, helicopters or unmanned aircraft :",1156,243783609,239082252
90015000,Spectacle Lenses (Excl. Of Glass),12044,5596145,5537576
90019010,Blanks And Demos Of Plastic,3220,6463133,6335794
90019090,"Oth. Prisms, Mirrors And Other Optical Elements, Unmounted, Nes",1974,14078203,13793940
90021100,"Mounted Objective Lenses, Of Any Material, For Cameras, Projectors, Etc",249,13491692,11200694
90021900,"Mounted Objective Lenses, Of Any Material, Nes",0,25554,25051
90022000,"Mounted Filters, Of Any Material",0,33629,32970
90029000,"Oth. Mounted Lenses, Prisms, Mirrors, Etc, Of Any Material, Nes",1811,34329282,33533487
90031100,"Frames And Mountings For Spectacles, Goggles Or The Like, Of Plastics, TV",4,16533,16209
90031900,"Frames And Mountings For Spectacles, Goggles Or The Like, Nes, TV",236,5259893,5156760
90039000,"Other Parts Of Frames And Mountings For Spectacles, Goggles Or The Like",1626,16430937,16108758
90041000,"Sunglasses, TV",1780,4570366,2914985
90069100,Parts And Accessories For Cameras (Not Cine-),66,3955885,3747032
90089000,"Parts And Accessories Of Image Projectors, Photo Enlargers/Reducers",254,4434178,4346808
90106000,Projection Screens,8,5432,5325
90121000,Microscopes (Excl. Optical Microscopes) And Diffraction Apparatus,0,22855,22405
90132000,"Lasers, Other Than Laser Diodes",0,4461,4417
90142000,Instruments/Apparatus For Aeronautical/Space Navigation (Excl Compasses),8,20612756,20206604
90173000,"Micrometers, Calipers And Gauges",12,38381,33363
90178010,Plotter,131,813581,797550
90178090,Other Instruments,4,26493,24923
90191090,Mechano-Therapy Appliances;Massage Apparatus;Psychological Appatatus Nes.,0,8355,8191
90200000,Other Breathing Appliances And Gas Masks,11,4296068,4204994
90211000,ORTHOPAEDIC OR FRACTURE APPLIANCES,1761,9294759,9049582
90248010,Other Machines/Appliances For Testing... Materials (Excl. Metals),385,739171,728946
90248090,Other Machines/Appliances For Testing... Materials (Excl. Metals),1033,3950982,3900178
90249000,Parts And Accessories Of Machines For Testing... Materials Of 90.24,3,539181,537642
90251900,"Thermometers/Pyrometrs,Not Comb.With Other Instrumts,Not Liquid-Filled Nes",6,299006,293852
90258000,"Oth.Instruments Hydrometers,Pyrometers, Hygrometers, Etc, And Combinations",12,1912142,1874469
90261000,"Instruments... For Measuring/Checking The Flow Or Level Of Liquids, Nes",66,1736336,1698082
90262000,Instruments... For Measuring Or Checking Pressure,144,299750,296770
90268000,Oth.Instruments... For Measuring Or Checking Variables Of Liquids Or Gas,17,2112397,2070773
90269000,Parts And Accessories Of Instruments For Measuring Flows... Of 90.26,8,28720873,28154959
90271000,Gas Or Smoke Analysis Apparatus,5,134397,134397
90275000,"Instruments And Apparatus Using Optical Radiations, Nes",1,56324,55215
90279000,Parts And Accessories Of Instruments For Analysis Of 90.27,1,802960,787138
90291090,"Revolution Or Producton Counters,Taximeters,Mileometers,Pedometers, Nes",8,220602,216255
90292000,Stroboscopes; speed indicators and tachometers,362,16049098,15646249
90299000,"Parts And Accessories Of Revolution Counters, Etc, Of 90.29",1,6789,6655
90303300,"Other inst and appt, for measr or chk volt, cur., resis.or power : Multim. wit",14,313148,306978
90314900,"Optical Instruments And Appliances For Measuring Or Checking, Nes",68,824245,808017
90318000,"Instruments, Appliances And Machines For Measuring Or Checking, Nes",300,14720593,14419219
90319000,"Parts And Accessories Of Measuring Instruments... Nes, Of 90.31",24,351157,343978
90321000,Thermostats,1131,8632679,8462652
90328900,"Automatic Regulating Or Controlling Instruments And Apparatus, Nes",2485,25606252,25069174
90329000,Parts And Accessories Of Automatic Regulating Devices Of 90.32,129,2610487,2556005
90330090,"Parts And Accessories, Nes, For Machines, Appliances, Etc, Of Chapter 90",508,4566022,4414733
91061000,Time-Registers; Time-Recorders,7,17236,16875
92089000,"Fairground Organs, Etc; Decoy Calls Of All Kinds; Whistles, Etc",57,730269,715881
94011000,Seats Of A Kind Used For Aircraft,90,2801121,2745929
94013900,Swivel seats with variable height adjustment :OTHER,8519,8842205,7291466
94016900,"Seats With Wooden Frames, Not Upholstered",609,2876717,2350029
94017900,"Seats With Metal Frames, Not Upholstered",254,137714,126648
94018000,"Seats, Nes",5,3275,3068
94019900,"Seats (Other Then 94.02) Whether or not cnvrt. into beds, and parts :Parts : others",1500,73422975,71976983
94029090,"Medical,Surgical Or Veterinary Furniture & Parts Therof (Exc Hosopital Bed",550,177687,174185
94031000,Metal Furniture Of A Kind Used In Offices (Excl. Seats),12171,5012999,4751792
94032010,Other metal furniture specially design to receive apparatus of heading 84.71 and,1830,627083,614727
94032030,Cutting table of kind used with cutting machine,15746,7696494,6362055
94033000,Wooden Furniture Of A Kind Used In Offices (Excl. Seats),22672,6486353,5809631
94037000,Furniture (Excl. Seats) Of Plastics,60,12282,11503
94038900,"Furniture of other material, including cane,osier or similar materials: Excl b",11581,4075660,3995726
94039900,"Others Furniture and Parts Thereof :Parts, OTHERS",53,32025,15688
94041000,Mattress Supports,986,407352,399326
94042100,Mattresses Of Cellular Rubber Or Plastics,683,546799,529806
94043000,Sleeping Bags,28,33228,31645
94049000,"Articles Of Bedding, Stuffed, Etc (Excl. Mattresses And Sleeping Bags)",22,406978,373828
94051900,"Designed for use solely with light-emitting diode (LED) light sources,NES",283,8309904,8016879
94053900,"Lighting sets of a kind used for Christmas trees,OTHER",17,1542861,1504911
94054190,"Photovoltaic, dsgn. use solely with light-emitting diode (LED) light sources",1465,2908321,2851094
94054200,"Oth.elec.lum. &..Other, designed for use solely light-emitting diode (LED) light sour",92,1115449,677939
94054920,Energy saving light with balast and fittings,3,5465578,5357887
94054990,"Other electric luminaires and lighting fittings,NES",922,2560039,2545819
94055090,"Non -Electrical Lamps & Lighting Fitting, Nes.",3,2241385,2197312
94056100,Designed for use solely with light-emitting diode (LED) light sources,45,6259,6135
94059900,"Parts, NES",15,7664585,7513564
94069010,"Prefabricated Buildings,,,, SANDWICH PANEL WITH OR WITHOUT cold room fac.",7558,3291295,3258708
94069090,Prefabricated buildings. nes,262529,36861091,36250582
95030090,"Tricycl, scotr, pedal car and simlr whel toy; dolls? carg..Excl puzzles",487,2164519,2120419
95042000,Articles and accessories for Billiard of all kinds,30,40078,40078
95051000,Articles For Christmas Festivities,25,18750,18380
95059000,"Festive, Carnival Or Other Entertainment Articles, Nes",130,718555,704396
95063900,"Golf Equipment, Nes",5,15890,15890
95069900,"Other articles and equipment for sport and open-air games, nes",1980,1940088,1901861
95079000,"Line fishing tackle, fish landing nets, butterfly and similar nets...",123,9302,9119
96035000,"Brushes Constituting Parts Of Machines, Appliances Or Vehicles, Nes",11,24909,24419
96039000,"Hand-Operated Floor Sweepers, Mops, Feather Dusters, Etc, Nes",627,2251109,2204574
96061000,"Press-Fasteners, Snap-Fasteners And Press-Studs And Parts Therefor",301543,1022416720,997411133
96062100,"Buttons Of Plastics, Not Covered With Textile Material",176462,563005152,545087338
96062200,"Buttons Of Base Metal, Not Covered With Textile Material",238127,765450564,743655373
96062900,"Oth. Buttons, Nes",55292,146172129,142879498
96063000,Button moulds and other parts of buttons; button blanks:,41786,83447889,80958326
96071100,Slide Fasteners Fitted With Chain Scoops Of Base Metal,1108481,2342368158,2273295463
96071900,Slide Fasteners Not Fitted With Chain Scoops Of Base Metal,1153416,2284307351,2201570863
96072000,Slide Fastener Parts,676888,1076284879,1045367461
96082000,Felt-Tipped And Other Porous-Tipped Pens And Markers,26,39089,37572
96083000,"Fountain pens, stylograph pens and other pens",59,237190,232517
96089990,"Duplicating Stylos; Pen/Pencil Holders; Parts Of Pens, Nes",236,457207,429082
96091000,"Pencils And Crayons, With Leads Encased In A Rigid Sheath",1,1427,15
96110000,"Date, Sealing Or Numbering Stamps, Etc, For Use In The Hand....Sticks",5,69096,67730
96121010,Ribbons (Computer Printers Ribbons),3356,7253138,7138092
96121090,Other Ribbons(excl.computer printer ribbons),15927,49098278,46936525
96138000,"Other Lighters, Nes",413,245993,235437
96151100,"Combs, Hair-Slides And The Like Of Hard Rubber Or Plastics",909,854474,838159
96151900,"Combs, Hair-Slides And The Like Of Other Materials, Nes",4526,4212815,4142286
96159000,"Hairpins; Curling Pins, Curling Grips, Etc, And Parts Thereof",1568,2986662,2927807
96180000,"Tailors' Dummies, Etc; Automata And Other Animated Displays",2248,25658698,25028042
