hscode,description,net_wt_kg,assess_value_bdt
04022190,,786525,362719831
04059000,Fats And Oils Derived From Milk (Excl. Butter And Dairy Spreads),1728,4435216
04069000,"Cheese, Nes",328,664122
05051000,Raw Feathers For Stuffing; Down,93684,861976884
05059000,Skins And Parts Of Birds (Excl. Feathers For Stuffing; Down),600,5554537
08028090,"Other Areca nuts, EXCL. Wrapped/canned upto 2.5 Kg",3277946,859556771
08029919,Betelnuts,409080,100002884
11081200,Maize (Corn) Starch,86000,5561957
11081400,Manioc (Cassava) Starch,149000,12214984
14019090,Other than Areca Leaves; Sal Leaves; Siali Leaves; Polash Leaves,11220,3907355
15071000,"CRUDE OIL, WHETHER OR NOT DEGUMMED",71532439,10495000622
15111000,Crude oil,984200,123278956
15119090,Palm Oil(Excl.Cude)&Its Fractns....Nes.Incld.Refiend Palm Oil,74296628,9551976130
15171090,"Margarine, excl liquid margarine other than 10kg or above packing",399,545993
15180000,"Animal Or Vegetable Fats And Oils... Chemically Modified, Nes",1180,523174
15211000,Vegetable waxes (excl. triglycerides),375,298009
17011400,Other cane sugar,82154610,3977921576
17019900,"Cane Or Beet Sugar, In Solid Form, Nes Including Chemically Kue Sucoose",729000,60238504
17023090,"GLUCOSE AND GLUCOSE SYRUP, NOT CONTAINING FRUCTOSE OR CONTAINING.. EXCL. LIQUID GLUCO",62000,6637315
19019011,Filled milk powder,75375,24855376
19030000,"Tapioca & Substitutes Prpd.From Starch In Flakes,Grains,Pearls,Sifting Etc",112500,8569737
20081100,"Ground-Nuts, Prepared On Preserved",960,2885734
20091900,"Unfrzn.Orange Juice,Unfermented,Not Containing Added Spirit,Sweetened/Not",18522,3853142
20097900,"OTHER, APPLE JUICE EXCL. BRIX VALUE NOT EXCEEDING 20",10080,2093491
20098900,Juice of any other single fruit or vegetable other than Cranberry Juice,8442,1753301
21069090,Other food preparations not elsewhere specified or incl.(excl. beverage concentrate),3240,1179207
22019000,"OTHER WATER, EXCL.MINERAL WATERS AND AERATED WATERS",90,2253
22029900,"Waters, including mineral waters and aerated waters...Excl. Non-alcoholic beer",1440,841672
22030000,Beer Made From Malt,35798,9355504
22082000,Spirits From Distilled Grape Wine Or Grape Marc,150,79966
22083000,Whiskeys,76728,54389723
22084000,Rum And Tafia,36,15160
22085000,Gin And Geneva,1056,674103
22086000,Vodka,8052,7244234
22087000,Liqueurs And Cordials,488,294777
24012000,"Tobacco, Partly Or Wholly Stemmed/Stripped",30494,15748409
24013000,Tobacco Refuse,31805,1620883
25010010,Pure Sodium Chloride Bp/Usp Pyrogen Free,351000,3524242
25010020,Salt (other than pure sodium chlo.)...solution ..salt boulder for crushing & salt in bul,28000,340182
25010099,Other Salt,4100,96328
25041000,Natural Graphite In Powder Or In Flakes,2048,394322
25059000,Natural Sands(Ex.Silica & Quartz Sands & Metal-Bearing Sands Of Ch.26)Nes,3162000,9364338
25070090,"Kaolin And Other Kaolinic Clays, Whether Or Not Calcined",221,294229
25131000,Pumice stone,5277121,97827777
25132000,"Emery, Natural Corundum, Natural Garnet And Other Natural Abrasives",102600,25207620
25171010,Flint/grinding pebbles,1,992
25171090,Broken or crushed stone,58026666,152156186
25199000,Magnesia And Other Magnesium Oxide,12000,2339086
25201090,Gypsum; Anhydrite,18017220,78699070
25221000,Quicklime,148000,2752796
25232100,White Portland Cement,200,24793
25232900,"PORTLAND CEMENT, EXCL WHITE CEMENT, WHETHER OR NOT ARTIFICIALLY COLOURED",1640000,15188567
25262010,"Natural Steatite, Talc, Crushed Or Powdered",21000,473270
26050000,Cobalt Ores And Concentrates,102,21322
26180000,Granulated Slag (Slag Sand) From The Manufacture Of Iron Or Steel,10000000,37301149
27075090,Other Aromatic Hydrocarbon Mixtures Of Which >=65% Distils At 250oc,29440,5486477
27079910,Rubber process oil imp. by VAT reg. tyre & tube manufacturers,1400,272924
27079990,"Other Oils And Other Products, Of The Distil Of Coal Tar.",30097,4665961
27090000,"Petroleum Oils And Oils Obtained From Bituminous Minerals, Crude TV",165285889,10853792052
27101211,"Motor spirit of HBOC Type, TV",10438080,882628256
27101232,"Naphtha, TV",1080,424691
27101241,"JP1 kerosene type jet fuels, TV",20429950,1874211786
27101250,Other medium oils and preparations,3120,1191438
27101262,"High speed diesel oils, TV",277350398,24130435388
27101269,Other gas oils (EXCL. Lithg diesel oil &high speed disel oils),150,199321
27101911,"OTHER FUEL OILS FURNACE OILS, TV",65847281,3944080087
27101921,Base oil,9787192,1393229941
27101931,LUBRICATING OIL WHICH HAS ITS FLASHING POINT .. below 220 F b..Jy Abel close test,152677,48196069
27101939,"OTHER HEAVY OILS AND PREPARATIONS, NES",360,177546
27101959,LIQUID PARAFIN OTHER THAN DRUM,2626,1038168
27101981,Greases (mineral) wrapped/canned up to 2.5kg,13,310152
27101989,Greases (mineral) other than wrapped/canned,780,413795
27101991,MINERAL OIL WHICH HAS ITS FLASIHING POINT =>200D F USED AT JUT OF OTHER FIBER,6242,3193475
27101999,"OTHER HEAVY OILS AND PREPARATION, NES",960,869022
27109900,OTHER WASTE OILS,1680,454538
27121000,Petroleum Jelly,7920,2258725
27122000,"Paraffin Wax, Containing <0.75% Oil By Weight",120144,27638436
27129090,"MICROCRYSTALLINE PETROLEUM WAX, SLACK WAX,OZOKERITE..,EXCL.PETROLEUM JELLY, PARAFFIN WAX",300,135221
27132090,Other Petrolium bitumen,6075500,377496457
28020000,"Sulphur, Sublimed Or Precipitated; Colloidal Sulphur",200,342807
28030000,"Carbon (Carbon Blacks And Other Forms Of Carbon, Nesoi)",44100,6815159
28046900,Silicon Containing By Weight <99.99% Silicon,10000,5176488
28061000,Hydrogen Chloride (Hydrochloric Acid),3480,719043
28070000,Sulphuric Acid; Oleum,377080,14213878
28111100,Hydrogen Fluoride (Hydrofluoric Acid),12,1264
28111900,"Other Inorganic Acids, Nes",288,126818
28112200,Silicon Dioxide,164329,27153447
28112910,Silica gel,133758,22130376
28112990,Silica gel imported by other than VAT registered motorcycle assembling and manufa,3871,3135268
28142000,Ammonia In Aqueous Solution,75,2678
28151100,"Sodium Hydroxide (Caustic Soda), Solid",868200,57552399
28151200,Sodium Hydroxide In Aqueous Solution (Soda Lye Or Liquid Soda),104000,5979809
28152000,Potassium Hydroxide (Caustic Potash),231,100791
28170000,Zinc Oxide; Zinc Peroxide,28029,9728129
28212000,Earth Colours Containing >=70% By Weight Of Combined Iron,300,476814
28220000,Cobalt Oxides And Hydroxides; Commercial Cobalt Oxides,464,439294
28230000,Titanium Oxides,9000,3690780
28251000,Hydrazine And Hydroxylamine And Their Inorganic Salts,29500,11689793
28259000,"Other Inorganic Bases; Other Metal Oxides, Hydroxides And Peroxides, Nes",5000,122737
28261200,Fluorides Of Aluminium,25,2014
28269000,"Fluorosilicates Nes;Fluoroaluminates And Other Complex Fluorine Salts,Nes",60,309503
28271000,Ammonium Chloride,24225,685583
28272000,Calcium Chloride,8084,5080013
28273200,Aluminium Chloride,7100,389179
28281000,Commercial Calcium Hypochlorite And Other Calcium Hypochlorites,1748644,76208278
28289000,Hypochlorites (Excl. Of Calcium) And Chlorites; Hypobromites,117370,19684504
28301000,Sodium Sulphides,382000,19925880
28311000,Dithionites And Sulphoxylates Of Sodium,1147140,173284791
28319000,Dithionites And Sulphoxylates (Excl. Of Sodium),12504,7975840
28321000,Sodium Sulphites,674955,46098833
28322000,Other Sulphites (Excl. Sodium),22050,1144210
28323000,Thiosulphates,42000,1531204
28331100,Disodium Sulphate,24587400,445438778
28331900,Sodium Sulphates (Excl. Disodium Sulphate),9000,1209785
28332200,Sulphates Of Aluminium,89300,2996813
28332500,Sulphates Of Copper,1749,815252
28332700,Sulphates Of Barium,2000,590957
28332910,Zinc sulphate,1500,73642
28332920,CHROMIUM SULPHATE,499000,58675736
28332990,"Sulphates; alums; peroxosulphates (persulphates), nes",1350,2175942
28333000,Alums,112000,2412381
28334000,Peroxosulphates (Persulphates),4025,3257325
28352400,Phosphates Of Potassium,657,155154
28353100,Sodium Triphosphate (Sodium Tripolyphosphates),35,14176
28353900,"Polyphosphates, Nes",100,584076
28362000,Disodium Carbonate,8584100,375943229
28363000,Sodium Hydrogencarbonate (Sodium Bicarbonate),111700,3772795
28365000,Calcium Carbonate,169069,3921923
28371900,"Other Cyanides, Cyanide Oxides (Excl. Sodium)",4185,1991710
28391900,"Other Silicates And Com. Alkali Metal Silicates,Of Sodium (Ex.Metasilicate",109600,2957546
28415000,"Other Chromates And Dichromates, Peroxochromates",422,204332
28416100,Potassium Permanganate,11950,4286872
28419000,"Other Salts Of Oxometallic And Peroxometallic Acids, Nes",785,2649358
28421090,Other salt of inorganic acids .. Excluding aluminium sodium silicate,25000,801608
28429090,"Other Salts Of Inorganic Acids Or Peroxoacids,Excl. Azides",250,85916
28432100,Silver Nitrate,2,76424
28470000,"Hydrogen Peroxide, Whether Or Not Sokidified With Urea",246580,10920839
29023000,Toluene,900,307210
29025000,Styrene,48500,11616622
29029090,"Other Cyclic Hydrocarbons, Nes",330,93902
29031100,Chloromethane (Methyl Chloride) And Chloroethane (Ethyl Chloride),15000,3743095
29031200,Dichloromethane (Methylene Chloride),10800,1159902
29041090,Hydrocarbon Derivatives Cont.Only Sulpho Grp.Treir Slats(Ex.Methane Sulp..,2304,855508
29049900,Other,20040,7633512
29051110,Methanol (Methyl Alcohol),72296,5308093
29051290,Propan101 (propy1 alcohol) and propan201 (isopropy1 alcohol):,12800,3205215
29053100,Ethylene glycol (ethanediol),64,1069097
29072900,"Other polyphenols, nes",4400,2451113
29094300,Monobutyl Ethers Of Ethylene Glycol Or Of Diethylene Glycol,211,23503
29094900,"Other Ether-Alcohols And Their Halogenated... Derivatives, Nes",11924,1994404
29095000,"Ether-Phenols, Ether-Alcohol-Phenols And Halogenated... Derivatives, Nes",1580,1884065
29096000,"Alcohol, Ether And Ketone Peroxides And Their... Derivatives, Nes",112,106072
29130000,"Halogenated, Sulphonated, Nitrated Or Nitrosated Derivatives Of 29.12",700,517091
29141200,Butanone (Methyl Ethyl Ketone),2610,948745
29142200,Cyclohexanone And Methylcyclohexanones,3210,1271627
29151100,Formic Acid,524710,40795231
29151200,Salts Of Formic Acid,118000,9452354
29151300,Esters Of Formic Acid,1000,173550
29152100,Acetic Acid,1231210,133419879
29153100,Ethyl Acetate,35280,4041726
29153200,Vinyl Acetate,15200,2055156
29153900,"Other Esters Of Acetic Acids, Nes",3054,1774325
29157010,"Stearic Acid,Their Salts And Esters",8500,2451562
29157020,Ethyl Palmitate And Isopropyl Palmitate,400,66669
29159000,"Other Saturated Acyclic Monocarboxylic Acids And Their... Derivatives, Nes",45010,3381251
29161100,Acrylic Acid And Its Salts,16000,2303748
29161200,ESTERS OF ACRYLIC ACID,93005,18801904
29161400,ESTERS OF METHACRYLIC ACID,22000,8125517
29163100,"Benzoic Acid, Its Salts And Esters",15000,1998250
29171100,"Oxalic Acid, Its Salts And Esters",10380,1021959
29171900,"Acyclic polycarboxylic acids, etc, their... derivatives, nes",12000,3120884
29173990,"Other Aromatic Polycarboxylic Acids, Etc, Their... Derivatives, Nes",76000,15485918
29181100,"Lactic Acid, Its Salts And Esters",23,2152
29181400,Citric Acid,49725,8966013
29181500,Salts And Esters Of Citric Acid,6000,1259097
29201900,Thiopho. esters... nitrosated derivatives: Excl. Parathion (ISO) &para.-methyl,6,3635
29209090,"Oth.Ester Of Oth.Inorganic Acids(Exl.Of Hdrgn.Halides),Deriv.(Ex.Erythrit.",14500,1288971
29221100,Monoethanolamine And Its Salts,210,20826
29221500,Triethanolamine,18400,2534124
29241100,MEPROBAMATE (INN),1470,1159511
29241900,"Acyclic amides (incl. acyclic carbamates) and derivatives; salts thereof,nes",10000,3130093
29270000,"Diazo-, Azo- Or Azoxy-Compounds",19000,7237400
29291000,Isocyanates,41125,10352605
29309099,Other,6000,1239517
29339900,"Heterocyclic compounds with nitrogen hetero-atom(s) only,nes",110,233102
29362900,"Other Vitamins And Their Derivatives, Unmixed",500,845124
29392010,Quinine and its salts,10,40503
30059000,"Wadding, Gauze, Etc With Pharmaceutical Substances For Retail Sale, Nes",15,11627
30067000,GEL PREPARATIONS DESIGNED TO BE USED IN HUMAN OR VETE..MEDICAL INSTRUMENTS,1238,1915617
31022100,Ammonium Sulphate,400,65949
32011000,Quebracho Extract,61000,17668861
32012000,Wattle Extract,136500,36678129
32021000,Synthetic Organic Tanning Substances,597545,130645666
32029000,"Inorganic Tanning Substances; Tanning Preparations..., Nes",54225,16309138
32030000,"Colouring Matter Of Vege./Animal Origin,& Prepa..As Spec.In Not 3 Chp.32",100,626017
32041100,Disperse Dyes And Preparations Based Thereon,403550,533378506
32041200,Acid Dyes And Preparations; Mordant Dyes And Preparations,104396,110175654
32041310,AZO DYES,7250,6807949
32041390,Other basic dyes and preparation,22767,19719840
32041400,Direct Dyes And Preparations Based Thereon,25505,33133714
32041500,Vat Dyes And Preparations Based Thereon,774260,252980850
32041600,Reactive Dyes And Preparations Based Thereon,2660082,1910825289
32041700,Pigments And Preparations Based Thereon,118042,93178817
32041900,Other Synthetic Organic Coloring Matter(Inc.Mixtrs) Of Prods 320411-320419,620225,152702036
32042000,Synthetic Organic Products Used As Fluorescent Brightening Agents,73938,50681924
32049000,Synthetic Organic Products Used As Luminophores,15378,15623771
32050000,Colour Lakes; Preparations Based On Colour Lakes As Specified In Note 3,193,223164
32061100,"Pigments & Preparatns Based On Titanium Dioxide,Cont.=>80%Titanium Dioxide",96781,29164338
32061910,"Pigments/Preparatns Based On Titanium Dioxide, Cont.< 80% Titanium Dioxide",239000,21146659
32061920,Color master batch,73821,27266700
32061990,"Pigments/Preparatns Based On Titanium Dioxide, Cont.< 80% Titanium Dioxide",40750,15276223
32064900,"Other Colouring Matter; Preparations As Specified In Note 3, Nes",16110,5730318
32065000,Inorganic Products Of A Kind Used As Luminophores,430,2691880
32071000,"Prepared Pigments, Opacifiers & Colours... For Ceramics And Glass Ind.Etc",654,1024325
32081090,"Other Paints Based On Polyesters, In A Non-Aqueous Medium",9779,10970343
32082099,"Other Paints Based On Acrylic Or Vinyl Polymers, In A Non-Aqueous Medium",33575,26210852
32089090,"Other Paints And Varnishes, In A Non-Aqueous Medium, Nes",229152,126976466
32091000,Based on acrylic or vinyl polymers,7937,12002061
32099090,"Other Paints And Varnishes, In An Aqueous Medium, Nes",93579,59945058
32100020,Prepared Water Pigments Of A Kind Used For Finishing Leather For Cleaning.,4835,2944607
32100090,Other Paints & Varnishes,21987,16818806
32121000,Stamping Foils,995,1702495
32129000,"PIGMENTS(INCL.METALIC..) DISPERSED IN NON AQUEOUS MEDIA..,EXCL. STAMPING FOILS",19501,7538984
32139000,"Artists', Students' Or Signboard Painters' Colours In Packings, Nes",10,11147
32141000,"GLAZIERS PUTTY,GRAFTING PUTTY, RESIN CEMENTS, CAULKING COMPOUNDS AND OTHER MASTICS...",2602,484958
32149000,Non-Refractory Surfacing Preparations,5263,1408733
32151100,"Black printing ink, whether or not concentrated or solid",63094,78253365
32151900,"Printing ink, whether or not concentrated or solid (excl. black)",697166,463355717
32159020,Ink for ball point pen imp by VAT reg ball point pen manf. Ind.,49,438884
32159090,"Other Ink,Wheterh Or Not Concentrated Or Solid(Ex.Ink For Ball Points Pens",150449,85489010
33021010,Of A Kind Usd.Bvg.manf.&Imp.by VAT Reg.Bev.Inds.Contn.Alchol<0.5%absolute/vlm.Free Al,2300,6761901
33029000,Mixtures/With Basis Of Odorifer'S Subst'S Inc.Alc.Sol'S For Use In Ind Nes,50,33807
33030000,Perfumes And Toilet Waters,1841,4020999
33051000,Shampoos,4350,1856132
33053000,Hair Lacquers,11730,3273168
33059000,"Preparations For Use On The Hair, Nes",19007,12240925
33071000,"Pre-Shave, Shaving Or After-Shave Preparations",775,939373
33074900,"Preparations For Deodorizing Rooms, Nes",100,96156
33079000,"OTH.PREPARATIONS FOR PERFUMING, EXCL.(PRE-SHAVE..,PERSONAL..,PERFUMED BATH..)",17,74490
34011900,"Soap And Organic Surface-Active Products In Bars, Etc, Nes",13700,2554178
34012000,SOAP IN OTHER FORMS,4940,2268684
34023100,Anionic organic surface-active ageLinear alkylbenzene sulphonic acids and their salts,120000,19081045
34023990,Other than Chips of Sodium Isethionate,15600,2554352
34024100,"Other organic surface-active agents, whether or not put up for retail sale :, Cationi",64830,23609313
34024290,"Other organic surface-active agents, whether or not put up for retail sale :, Non-ion",324070,72061868
34024910,"Other organic surface-active agents, NES",23170,10065067
34024990,"Other organic surface-active agents, NES",7180,2916895
34025000,Preparations put up for retail sale,4000,1447354
34029010,Detergents,623210,192076190
34029020,Cleaning preparation for steel industries,13191,4478324
34029090,Washing & Cleaning Preparations (Excl. Detergents),2420610,788136207
34031100,Lub.Preparations For Treatement Of Tex.Leather Etc With=<70% Petroleum Oil,151374,59974714
34031900,"Other Lubricating Preparations, With =<70% Petroleum Oil, Nes",74505,32686069
34039100,"Lub.Preparations For Treatement Of Tex. Leather Etc, Nes",316474,82704731
34039910,Compressor oil,166,923206
34039930,Synthetic lubricating Oil,3120,1113311
34039990,"Other Lubricating Preparations, Nes",22720,22383098
34042000,Artificial Waxes Of Polyethylene Glycol,40000,7186693
34049010,Other Waxes,2005,567898
34049090,"Artificial Waxes And Prepared Waxes, Nes",83215,17729998
34051000,"Polishes, Creams And Similar Preparations For Footwear Or Leather",37984,8769422
34053000,Polishes And Similar Preparations For Coachwork (Excl. Metal Polishes),4865,954883
34054000,Scouring Pastes And Powders And Other Scouring Preparations,12680,11172263
34059010,Polishes and other preparations used in the finishing (including electroplating) of met,34655,18925821
34059090,"Other polishes, creams and similar preparations, nes",1610,1048083
35011000,Casein,1440,391237
35051000,Dextrin and other modified starches,2020476,197871379
35052000,"Glues Based On Starches, Dextrins Or Other Modified Starches",176757,39202748
35061000,"Products Put Up As Glues Or Adhesives For Retail Sale, =<1kg",4493,4873493
35069110,Adhesives Based On Rubber Or Plastic (Incl. Artificial Resins),36720,20144724
35069190,Adhesives Based On Rubber Or Plastic (Incl. Artificial Resins),991235,293756054
35069900,Stripping chemical,128762,49696617
35071000,Rennet And Concentrates Thereof,7525,3242941
35079010,Streptokinase,5200,918782
35079090,Other than Streptokinase,684062,258815811
37012000,"Instant Print Flat Film, Unexposed",36,484307
37013000,,23595,34394058
37024400,"Photo Film, In Rolls, Non-Perforated, Width >105mm But =<610mm",246,1217160
37040000,"PHOTOGRAPHIC PLATES, FILM, PAPER, PAPERBOARD AND TEXTILES, EXPOSED BUT NOT DEVELOPED",1,1975
37050000,"Photographic plates and film, exposed and developed, other than cinematographic film",282,1903096
37071000,Sensitising emulsions,1829,2157752
37079000,"OTH.CHEMICAL PREPARATIONS FOR PHOTOGRAPHIC USES..,EXCL.SENSITISING EMULSIONS",2935,1782873
38021000,Activated Carbon,22680,6262071
38061090,Rosin And Rasin Asids,900,736362
38069010,"Derivatives of rosin and resin acids,...Rosin size",17240,6030311
38085200,Goods specified in Subheading Note 1 to this Chapter,728,3166581
38089129,"Insecticides, rodenticides... and similar products, for retail sale, nes",1200,7736993
38089220,Fungicides Chromatade copper arsenate,250,216562
38089291,"Fungicides, NES In bulk",6460,9034262
38089299,"Fungicides, NES Cxcl.in bulk",168,561908
38091000,"Finishing Agents, Etc, With A Basis Of Amylaceous Substances Nes",7833,3380332
38099100,Finishing Agents Etc. Of A Kind Used In The Textile Or Like Industries Nes,5824775,1872309344
38099300,Finishing Agents Etc. Of A Kind Used In The Leather Or Like Industries Nes,119395,47839196
38101000,Pickling Preparations For Metal Surfaces;Soldering..Powders&Pastes..Mater.,9470,9019481
38109090,Pickling preparations for metal surface.... Excl. Submerge welding flux for LPG,970,5356843
38111900,Anti-Knock Preparations (Excl. Based On Lead),50,78188
38119000,"OTHER PREPARATIONS, EXCL.ANTI-KNOCK PREPARATIONS, ADDITIVES FOR LUBRICATING OILS",1117,1416609
38121000,Prepared Rubber Accelerators,30900,13067347
38122000,"Compound Plasticisers For Rubber Or Plastics, Nes",27868,5992636
38123910,Other,9200,2144115
38123990,Other,11250,4331860
38140010,Organic composite solvent,42542,17994847
38140090,"Organic Composite Solvents And Thinners, Nes; Paint Or Varnish Removers",190329,52355163
38151100,Supportedcatalysts With Nickel Or Its Compounds,490,445615
38159000,"Reaction Initiators, Accelerators And Catalytic Preparations, Nes",8583,3052131
38190000,Hydraulic Brake Fluids And Similar Liquids With <70% Petroleum Oil,4879,828002
38221900,"Dignostic or lab. reagent (Exlud For alariam, Zika, blood-grouping)",0,66024
38231100,Stearic Acid,96200,14343893
38241000,Prepared Binders For Foundry Moulds Or Cores,57050,17294326
38244000,"Prepared Additives For Cements, Mortars Or Concretes",41300,1458170
38245000,Non-Refractory Mortars And Concretes,12500,379711
38249100,Mixtures and preparations consisting mainly of (5-ethyl-2-methyl-2-.......,1908,2839209
38249910,Other,1010,824124
38249920,Chlorinated paraffin wax,6000,1464883
38249950,Coated cal.car....Imp by IND.IRC.VAT reg plastic goods_cal.car filler_cable manf.ind,263500,8100884
38249960,Desiccant,63060,59126383
38249992,Master batch not containing pigments,34000,7237438
38249999,Other,1360499,352907223
39011000,Polyethylene having a specific gravity of less than 0.94,3777657,550528992
39012000,Polyethylene having a specific gravity of 0.94 or more,6831900,891693222
39013000,"Ethylene-Vinyl Acetate Copolymers, In Primary Forms",883616,155142235
39014000,"Ethylene-alpha-olefin copolymers, having a specific gravity of less than 0.94",13248390,1740161169
39019000,"Other Polymers Of Ethylene, In Primary Forms, Nes",89530,15787963
39021000,"Polypropylene, In Primary Forms",18473492,2297351191
39023000,"Propylene Copolymers, In Primary Forms",1268825,155019720
39029000,"Other Polymers Of Propylene Or Of Other Olefins, In Primary Forms, Nes",100459,9339993
39031900,"Polystyrene (Excl. Expansible), In Primary Forms",2083700,287141174
39032000,"Styrene-Acrylonitrile (San) Copolymers, In Primary Forms",1550,1222589
39033000,Acrylonitrile-butadiena-styrene(ABS) copolymers,266850,49147113
39039000,"Polymers Of Styrene, In Primary Forms, Nes",278050,45256653
39041000,"Polyvinyl Chloride, Not Mixed With Other Substances, In Primary Forms",75613,16691342
39042200,"Plasticised Polyvinyl Chloride, In Primary Forms",224550,43523566
39051200,Polyvinyl Acetate In Aqueous Dispersion,46920,16024282
39052100,Vinyl Acetate Copolymers In Aqueous Dispersion,19240,4496478
39053000,"Polyvinyl Alcohol, Whether Or Not Containing Unhydrolysed Acetate Groups",67700,20215478
39061000,"Polymethyl Methacrylate, In Primary Forms",10250,4756140
39069000,"Acrylic Polymers, In Primary Forms, Nes",2146525,498752616
39071000,"Polyacetals, In Primary Forms",94975,19502077
39072100,Other polyethers : Bis (polyoxyethylene) methylphosphonate,15123,4563245
39072900,Other polyethers :EXLCUDING Bis (polyoxyethylene) methylphosphonate,313690,48217971
39073000,"Epoxide Resins, In Primary Forms",39929,27510252
39074000,Polycarbonate,30105,8622466
39076100,Having a viscosity number of 78 ml/g or higher,267300,34968079
39076900,Other,3000,609992
39077000,Poly (lactic acid),48000,7512222
39079100,"Unsaturated Polyesters, In Primary Forms, Nes",593616,122826814
39079900,"Polysters, In Primary Forms,NES",144782,30716008
39081000,"Polyamide 6,11,12,6,6,6,9,6,10 or 6,12:",22128,6732432
39089000,"Other polymides, in primary forms, nes",32338,17125613
39091000,UREA RESINS; THIOUREA RESINS,2860,1458163
39092000,Melamine resins,480,372754
39093100,"Poly(methylene phenyl isocyanate) (crude MDI, polymeric MDI)",34170,10476774
39093900,Other,240,219857
39094000,"Phenolic Resins, In Primary Forms",25,15649
39095000,"Polyurethanes, In Primary Forms",232577,117559098
39100000,Silicones Inprimary Forms,424909,150118000
39111000,"Petroleum Resins... Other Resins And Polyterpenes, In Primary Forms",18916,3853625
39119000,"Polysulphides, Polysulphones And Other Products..., In Primary Forms",19610,7128837
39121200,"Plasticised Cellulose Acetates, In Primary Forms",1100,464803
39131000,"Alginic Acid, Its Salts And Esters, In Primary Forms",39080,25405902
39139000,"Natural and modified natural polymers, in primary forms",25,15649
39140000,"Ion-Exchangers Based On Polymers Of 39.01 To 39.13, In Primary Forms",60035,18791231
39159000,"Waste, Parings And Scrap, Of Other Plastics, Nes",298619,19571931
39161000,"Monofilament Dimenson>1mm,Rods..&Prof.Sha.,Polym. Of Ethylene",27,48671
39162000,"Monofil..>1mm,..Of Vinyl Chloride For door, window and photo frame",879,779396
39169010,"Monofil.Dimension>1mm,Rods..&Profile Shapes,Of Other Plastics",83,180237
39169020,Fibre reinforced polymer (FRP) sticks and profile shapes,40901,21503431
39169090,"Monofil.Dimension>1mm,Rods..&Profile Shapes,Of Other Plastics",14086,9426159
39172100,"Tubes, Pipes And Hoses, Rigid, Of Polymers Of Ethylene",13164,21985809
39172200,"Tubes, Pipes And Hoses, Rigid, Of Polymers Of Propylene",85,47147
39172310,Pvc Shrinkable Tube(Plain),1989,920112
39172390,"Tubes,Pipes And Hoses, Rigid, Of Polymers Of Vinyl Chloride, Nes",10225,2583645
39172991,"Tubes, Pipes And Hoses, Rigid, Of Other Plastics, Nes",8496,6408267
39172999,"Tubes, Pipes And Hoses, Rigid, Of Other Plastics, Nes",101189,13536609
39173290,"Tubes, Pipes And Hoses, Not Reinforced, Without Fittings, Nes",102,187358
39173390,"Other Tubes,Pipes&Hoses With Fittings",44,287076
39173990,"Other Tubes, Pipes And Hoses, Nes",1531,1033258
39174000,"Fittings, For Tubes, Pipes And Hoses, Of Plastic",6119,1465114
39189000,"Floor, Wall Or Ceiling Coverings Of Plastics, Nes, In Rolls Or Tiles",2982,878177
39191000,"Self-Adhesive Tape, Plates, Strip..., In Rolls, Width =<20cm",140709,86579107
39199010,"OTHER SELF-ADHESIVE PLATES, TAPE, STRIP, FOIL... OF PLASTICS, NES",952960,386423328
39199020,Performance Tape/Closure/Side Tape,47583,32786582
39199030,Scratch off label imp. by IND_IRC_VAT reg. SIM_Smart card or Gypsum Boad manf. ind,7,14994
39199091,Re-seal/Self adhesive tape,6846,6584020
39199099,"OTHER SELF-ADHESIVE PLATES, TAPE, STRIP, FOIL... OF PLASTICS, NES",301428,410234432
39201010,Stretch Wrapping Film,50101,13730920
39201090,"Plates..,Of Polymers Of Ethylene, Laminated.. Not Reinforced,Etc.,Nes",248459,351244439
39202010,Polymers of propylene in printed form,2014,24743015
39202020,Non-printed cast polypropylene film,47793,10399986
39202090,Other polymers of propylene(excl printed form),1250864,315698290
39203000,"Plates..., Of Polymers Of Styrene, Laminated..Not Reinforced, Etc",9087,3025693
39204300,CONTAINING BY WEIGHT NOT LESS THAN 6% OF PLASTICISERS,51743,10496965
39204910,PVC FILM & PVDC FILM FOR BLISTER PACK FOR MEDICINE,5433,1432822
39204920,Printed PVC sheet,106211,33154723
39204930,PVC film imp. by Ind. IRC_VAT compliant medicine pack. Industries,7650,1380895
39204940,Unprinted PVC sheet,101,26909
39204950,PVC FILM IMP. BY IND. IRC VAT COMPLI. GYPSUM BOARD MFG IND.,64912,16256706
39204990,"Other plates...,of polymers of vinyl chloride other than not<6% of plasticisers",689173,169085647
39205100,"Plates..., Of Polymethyl Methacrylate, Laminated Not Reinforced, Etc",1987,723970
39206100,"Plates..., Of Polycarbonates,Laminated Not Reinforced, Etc",81,190308
39206210,poly(ethylene terephthalate in printed form,56937,24102827
39206290,Other poly(ethylene terepthalate) excl printed form,715848,200546462
39206390,"Plates..., Of Unsaturated Polyesters, Laminated Not Reinforced, Etc",4980,1262704
39206910,Other polyester in printed form,1,29016
39206920,Unprinted in roll form imported by VAT registered plastic products manufacturing indu,5010,1256788
39206999,"Other polyesters, Nes (excl. printed form)",627,2362773
39207100,"Plates..., Of Regenerated Cellulose, Laminated Not Reinforced, Etc",927,245181
39207300,"Plates..., Of Cellulose Acetate, Not Reinforced, Etc",64026,58877377
39207900,"Plates..., Of Other Cellulose Derivatives, Not Reinforced, Etc, Nes",13803,1827735
39209100,"Plates..., Of Polyvinyl Butyral, Not Reinforced, Etc",1923,1091641
39209210,Other plastics polyamides in printed form,28,18743
39209220,Unprinted in roll form imported by VAT registered plastic products manufacturing indu,221,95385
39209290,"Other plastics polymides, Nes (excl. printed form)",3385,8710716
39209910,Film For Blister Packing Of Other Plastics,59,50263
39209990,"Plates..., Of Other Plastics, Not Reinforced, Etc, Nes",115239,156343975
39211100,"Cellular Plates, Strips... Of Polymers Of Styrene",41725,18041348
39211200,"Cellular Plates, Strips... Of Polymers Of Vinyl Chloride",189129,67974512
39211300,"Cellular Plates, Strips... Of Polymers Of Polyurethanes",873385,333547695
39211400,"Cellular Plates, Strips... Of Polymers Of Regenerated Cellulose",678,1915764
39211910,Microcellular PET light sheet having a power saving capacity of 20% or more,4540,2738682
39211990,"Microcellular PET light sheet having a power saving capa.of 20% or more, NES",233772,181754260
39219010,"Vulcanised fibre sheet imp.in preunched,cut to size shape for the mfg.of silver cans.",7576,4419275
39219020,Multilayer extruded sheet for plastic.. imported by VAT regtd. plastic tube manufactu,4469,2019997
39219091,"Other cellular plates, strips in printed form..., of plastics",1008,1446747
39219093,Tarpaulin,114880,30632595
39219099,"Other cellular plates, strips ..., of plastics, nes",1284697,405504388
39222000,Lavatory Seats And Covers Of Plastics,1220,91341
39229000,"Bidets, Lavatory Pans... And Other Sanitary Ware Of Plastics, Nes",225,49156
39231000,"Boxes, Cases, Crates And Similar Articles Of Plastics",68962,16952741
39232100,Sacks and bags (incl. cones) of polymers of ethylene,1444968,426042309
39232910,AIRTIGHT STORAGE BAGS WITH ZIPPER,23089,21598610
39232990,Article for the conve..of polymers of ther plastic excl.airtght storage bag with zipp,204391,73977667
39233090,"Other Carboys, Bottles, Flasks And Similar Articles Of Plastics",54,48846
39234010,Bobbins; Sliver/spinning can,25950,10388640
39235000,"Stoppers, Lids, Caps And Other Closures Of Plastics",88244,117796002
39239010,"Trays For Transportation And Keeping For Chicks And Eggs, Of Plastics",2,26253
39239090,"Articles for the packing of goods, of plastics, nes",262391,69670830
39249090,"Other Household Articles And Toilet Articles, Of Plastics, NES",12719,6977038
39259000,"Builders' Ware Of Plastics, Nes",230,332450
39261000,Office Or School Supplies Of Plastics,179,443217
39262010,Gloves (Surgical) Of Plastics & Materials Of Heading 39.01-39.04,382,262477
39262090,Art.Of App.&Clothing Accessories(Exl.Gloves)Of Plastics Hd.No.39.01-39.04,2935241,1452514536
39264000,Statuettes And Other Ornamental Articles Of Plastics,2106,7323308
39269010,Plastic Coil Used As Contraceptive And Coil Inserter,1546,1822759
39269030,"Parts And Fittings For Infusino Set, Of Plastics",4511,1732630
39269050,Taflon tape/PTFE tape,707,55734
39269091,Conveyor or transmission belts of belting,3515,2419823
39269093,PLASTIC FRAME WORKS IMP. BY INDUS. IRC VAT COMPLI CABLE MFG. INDU.,93,100364
39269099,"PVC scrn.having intrnl.dia.from 4-8 Mulch and strct.thereof used in agri.& hoti.,nes",605392,400013264
40011000,"Natural Rubber Latex, In Primary Forms Or In Plates, Sheets Or Strips",33072,8917136
40012200,"Technically Specified Natural Rubber, In Primary Forms Or In Plates, Etc",19200,5400138
40012900,"Other Natural Rubber, In Primary Forms Or In Plates, Etc, Nes",47472,15284297
40021100,Latex Of Styrene-Butadiene Or Carboxylated Styrene-Butadiene Rubber,205587,31448828
40021900,"Styrene-Butadiene Rubber; Carboxylated Styrene-Butadiene Rubber, Nes",322794,89215956
40022000,"Butadiene Rubber, In Primary Forms Or In Plates, Sheets Or Strip",265505,59416514
40024900,Chloroprene (Chlorobutadiene) Rubber (Excl. Latex),244,462477
40025100,Latex Of Acrylonitrile-Butadiene Rubber,59600,12457790
40025900,Acrylonitrile-Butadiene Rubber (Excl. Latex),7350,1104296
40026000,Isoprene Rubber,28000,6351919
40029100,"Latex Of Synthetic Rubber, Nes",8225,2158183
40029900,"Other Synthetic Rubber (Excl. Latex), Nes",228575,86724692
40030000,"Reclaimed Rubber In Primary Forms Or In Plates, Sheets Or Strip",16,94779
40051000,"Rubber Compounded With Carbon Black Or Silica, Unvulcanized",318570,110457766
40059100,"Plates, Sheets And Strip Of Unvulcanized, Compounded Rubber, Nes",22253,26556975
40059900,"Compounded Rubber, Unvulcanized, In Primary Forms",57643,23019120
40069000,"Other Forms And Articles Of Unvulcanized Rubber, Nes",33516,44224101
40070000,Vulcanized Rubber Thread And Cord,645017,213754974
40081100,"Plates, Sheets And Strip Of Cellular Vulcanized Rubber",35796,7504077
40081900,"Rods And Profile Shapes Of Cellular Vulcanized Rubber, Nes",5700,2205885
40082100,"Plates, Sheets And Strip Of Non-Cellular, Vulcanized Rubber(Excl. Hard)",28206,15831837
40082900,"Rods And Profile Shapes Of Non-Cellular, Vulcanized Rubber (Excl. Hard)",476,327328
40091200,"TUBES,PIPES & HOSES ..NOT REINFORCED OR OTHERWISE COMB.WITH MAT.WITH FITT.",37,53368
40101200,Conveyor Belts/Belting Of Vulcanised Rubber Reinf'D Only With Textile Mats,26,77114
40101900,"Conveyor Belts Or Belting, Of Vulcanised Rubber, Nes",1296,2986581
40103100,"ENDLESS TRNSMSN.BELTS OF TRPZDL.CROSS-SEC.(V-BLT),V-RIBBED OF..>60CM,<180",2,71882
40103200,"ENDLESS TRNSMSN.BELTS OF TRPZODL.CROS-SECTION(V-BELTS),OTHER..>60CM<180CM",2,59797
40103500,"ENDLESS SYNCHRONOUS BELTS,OF AN OUTSIDE CIRCUMFERENCE EXCEEDING >60CM,<150",347,1956982
40103600,"ENDLESS SYNCHRONOUS BELTS,OF AN OUTSIDE CIRCUMFERENCE >150CM,<198CM",1,58572
40103990,"TRANSMISSION BELTS OR BELTING,NES OTHER THAN RUBBER BELT ROUND<10"" dia/Flat",0,4084
40112090,"New pneumatic tyres, of rubber of a kind used on buses or lorries",834,626589
40113000,"New Pneumatic Tyres, Of Rubber For Aircraft",132,192024
40115000,"New Pneumatic Tyres, Of Rubber Of A Kind Used On Bicycles",96205,65407910
40118000,"Of a kind used on construction, mining or industrial handling vehicles and machines",68,50081
40121300,OF A KIND USED ON AIRCRAFT,1972,3414540
40129090,"Solid... tyres, interchangeable tyre treads and flaps, of rubber, nes",2584,3870729
40132000,"Inner Tubes, Of Rubber Of A Kind Used On Bicycles",16670,13659136
40149000,"Hygienic Or Pharmaceutical Articles Of Vulcanized Rubber, Nes",1027,5930507
40151200,"Gloves, mitteens..Of a kind used for medical, surgical, dental or veterinary purposes",8,7972
40151900,Gloves Of Vulcanized Rubber (Excl. Surgical Gloves),500,1364495
40159000,"Articles Of Apparel And Clothing Accessories Of Vulcanized Rubber, Nes",296087,355033479
40161000,Articles Of Vulcanized Cellular Rubber,6437,14778043
40169100,"Floor Coverings And Mats Of Vulcanized Rubber, Non-Cellular",282,8373
40169300,"Gaskets, Washers And Other Seals, Of Vulcanized Rubber",709,10120892
40169500,"Inflatable Articles, Of Vulcanized Rubber, Nes",3645,7312712
40169910,"ARTICLES OF VULCANIZED RUBBER, RUBBER CO /APRON",647,9571385
40169920,Rubber bearing,57,67493
40169990,"ARTICLES OF VULCANIZED RUBBER,NES EX.RUBBER COT/APRON",80191,106840515
40170000,"HARD RUBBER(FOR EX.,EBONITE) IN ALL FORMS,INCL.WASTE AND SCRAP; ARTICLES OF HARD RUBBER",229,146930
41015000,"WHOLE HIDES AND SKINS, OF A WEIGHT EXCEEDING 16KG",26426,3803791
41019000,"OTHER, INCLUDING BUTTS, BENDS AND BELLIES",1627,3261079
41041110,"Tanned or...,in the wet state (including wet-blue) full grains,.......Split leather",3142,5803807
41041190,"Tanned or...,in the wet state (inclu wet-blue) full grains, .....excl. Split leather",663698,219938053
41041910,"Tanned..wet-blue other than full grains unsplit, grain splits , split leather",128500,16088745
41041990,"Tanned..wet-blue other than full grains unsplit, grain splits , excl split leather",539452,36406150
41044110,Tanned or crust hieds. in the dry state full grains..Split leather,8064,11743146
41044190,Tanned or crust hieds. in the dry state full grains..Excl Split leather,4541,9866165
41044910,"Tanned or crust. in the dry state other than full grains...,Split leather",32521,52629762
41044990,"Tanned or crust. in the dry state other than full grains..., Excl Split leather",58162,101473637
41071100,"WHOLE HIDES AND SKINS,FULL GRAIN,UNSPLIT",29081,89476255
41071200,"WHO;E HIDES AND SKINS, GRAIN SPLITS",9115,17846154
41071900,"WHOLE HIDES AND SKINS, NES",204107,349176864
41079100,"OTHER INCL. SIDES,FULL GRAINS,INSPLIT",406,375562
41079200,"OTHER, INCLUDING SIDES, GRAIN SPLITS",194256,402704315
41079900,"OTHER,INCLUDING SIDES,NES",358899,677949658
41120000,"LEATHER FURTHER PREPARED AFTER TANNING OR CRUSTING,INC.PARCHMENT DRESSED..",30763,50983346
41131000,OF GOATS OR KIDS,10253,40716790
41139000,"LEATHR FUTHER PREPARED AFTER TUNNING OF CRUSTING,INCL PARCHMETN-DRSED..NES",1666,6507635
41142000,PATENT LEATHER & PATENT LAMINATED LEATHER;METALLISED LEATHER,13730,13003427
41151000,"COMPOSITION LEATHER WITH A BASIS OF LEAHTER OR LEATHER FIBR,IN SLABS...",40501,52141356
42021100,"Trunks, Suit-Cases..., Etc, With Outer Surface Of Leather,Or Of composition leather",86,67649
42022100,"Handbags With Outer Surface Of Leather, Or Composition Leather",15,12022
42022200,Handbags with outer.. with outer surface of sheeting of plastics or of tex.. material,30,91623
42022900,"Handbags, Nes",580,857894
42023200,Articles.... in pocket or handbag.. With outer surface of sheeting of plastics or....,3,14229
42023900,"Articles Normally Carried In Pocket Or Handbag, Nes",2,2067
42029200,With outer surface of sheeting of plastics or of textile materials,248,194282
42029900,"Cases And Containers, Nes, With Outer Surface Of Other Materials, Nes",45,36858
42031000,Articles Of Apparel Of Leather Or Of Composite Leather,652,3549648
42032900,"Gloves, Mittens And Mitts Nes, Of Leather Excl. For Sports",6841,3961178
42033000,Belts And Bandoliers Of Leather Or Of Composition Leather,49108,83419990
42034000,OTHER CLOTHING ACCESSORIES,41322,204932644
42050090,"Other articles of leather or of composition leather, NES",34830,13077558
42060090,"Articles of gut (excl. silk-worm), goldbeater's skin, bladders, nes",793,2448451
43021900,"Tanned Or Dressed Whole Furskins, Nes, Not Assembled",2336,5123164
43039000,"Articles Of Furskin, Nes",19,113866
43040000,Artificial Fur And Articles Thereof,3126,3805914
44012200,Non-Coniferous Wood In Chips Or Particles,2600,110576
44031100,"Treated with paint, stains, creosote or other preservatives :Coniferous",630,35494
44071100,"Wood sawn or chipped length., sliced -- of a thick. exc. 6 mm Con.Of pine (Pinus spp)",20648,1630501
44072900,Other Tropical Wood not specified in Subheading Note 2,17380,3494924
44079200,Beech Wood (Fagus Spp.) Sawn/Chipped Lengthwise Sliced Or Peeled >6m Thick,66,10949
44079900,"Wood, Nes Sawn Or Chipped Lengthwise, Sliced Or Peeled, >6mm Thick",50625,5209448
44123100,"Oth plywood cons. solely of sheets of wood (not bamboo),...not exceeding 6 mm thickne",2510,229122
44123300,"Other, with at leat one outer ply ..... tulipwood or walnut",2400,120857
44123900,"Other, with both outer plies of coniferous wood",63347,5450649
44129900,"Plywood, veneered panels and similar laminated wood, nes",1514,379137
44130029,"Treated Wood,Nes",8839,3286064
44149000,"Wooden frames for paintings, photographs, mirrors or.... Excluding Of tropical wood",31354,4930754
44170000,"Tools, tool bodies, tool handles, broom or brush bodies.lasts and trees, of wood.",7021,2309702
44182100,Doors and their frames and thresholds : Of tropical wood,380,157991
44182900,Doors and their frames and thresholds : excluding Of tropical wood,630,75778
44191100,"Bread boards, chopping boards and similar boards",5,31
44191200,Chopsticks,20,751
44211000,Clothes Hangers Of Wood,528,947416
44219100,Of bamboo,2251,455666
44219990,Other,7332,2145381
45020000,"Natural Cork, Debacked Or Roughly Squared..., Etc",2,25041
45049000,"OTH, AGGLOMERATED CORK(WITH OR WITHOUT A BINDING SUB-STANCE) AND ARTICLES OF AGG. CORK",470,323405
46012200,"Mats, matting and screens of vegetable materials Of rattan",2870,4302119
46012900,"Mats, matting and screens of vegetable materials, Excl. materials of bamboo &",932,3145724
46019900,"OTH, PLAITS AND SIMILAR PRODUCTS OF PLAITING MATERIALS...(EXCL. OF VEGETABLES MATERIALS)",7844,5496940
48010000,"Newsprint, In Rolls Or Sheets",123030,19739327
48022000,Paper And Paperboard As A Base For Photo-Sensitive... Paper,15287,9136023
48025590,Other Paper EXCL.ECG and ultrasonogram recording paper,54389,10253131
48025600,"OTHER PAPER OR PAPERBOARD, NOT CONTAINING...,WEIGHING 40 G/M2 OR MORE...",1120,294444
48025700,"OTHER,WEIGHING 40 G/M2 OR MORE BUT NOT MORE THAN 150G/M2",49561,9052934
48025800,WEIGHING MORE THAN 150G/M2,707920,128628818
48026100,"OTH.PAPER& PAPERBOARD,WEIGHT >10% BY WEIGHT OF TOTAL FIBRE CONTENT,IN ROLL",18509,2370752
48026900,"OTH. PAPER & PAPER BOARD, IN ROLL, NES",107683,10758720
48030000,"Toilet,Facial Tissue,Towel,Napkin Stock & Similar Paper, In Rolls Or Sheet",11734,5304846
48041100,"Unbleached Kraftliner, Uncoated Paper & Paperboard In Rolls Or Sheets",6194320,521285730
48041900,"Kraftliner,Uncoated(Excl.Unbleached),Paper & Paperboard,In Rolls Or Sheets",11831,1957936
48042190,"Unbleached Sack Kraft Paper,Uncoated In Rolls Or Sheets, Nes",335,395472
48042900,"Sack Kraft Paper (Excl. Unbleached), Uncoated, In Rolls Or Sheets",17255,4112402
48043100,"Unbleached Kraft Paper..., Weighing =<150g/M2",218638,19759101
48043900,"Kraft Paper... (Excl. Unbleached), Weighing =<150g/M2",245763,30758348
48044100,"Unbleached Kraft Paper..., Weighing >150g/M2 But <225g/M2",3985403,348995379
48044900,"Kraft Paper..., Weighing >150g/M2 But <225g/M2, Nes",686104,59999797
48045100,"Unbleached Kraft Paper..., Weighing >=225g/M2",2999359,265118663
48045900,"Kraft Paper..., Weighing >=225g/M2, Nes",15797,3281386
48051100,"FLUTING PAPER, SEMI-CHEMICAL FLUTING PAPER",7278024,600695141
48051900,"FLUTING PAPER,NES",2188118,197878057
48052400,"TESTLINER(RECYCLED LINER BOARD),WEIGHING 150G/M2 OR LESS",757247,66749079
48052500,TESTLINER(RECYCLED LINER BOARD)WEIGHING MORE THAN 150G/M2,225469,23860245
48053000,"Sulphite Wrapping Paper, Uncoated In Rolls Or Sheets",756,927925
48054000,"Filter Paper And Paperboard, Uncoated In Rolls Or Sheets",18173,8924846
48055000,"Felt Paper And Paperboard, Uncoated In Rolls Or Sheets",26506,3999123
48059190,"Fluting paper, NES, weighing 150 g/m2 or less",358494,31520304
48059290,"Fluting paper, NES weighting more than 150 g/m2 but less than 225 g/m2",547528,47632738
48059390,"Fluting paper, NES weighing 225 g/m2 or more",19819,2367376
48062000,"Greaseproof Papers, In Rolls Or Sheets",38,91093
48063000,"Tracing Papers, In Rolls Or Sheets",13475,1937296
48064000,"Glassine And Other Glazed Transparent Or Translucent Papers, Nes",206192,61518147
48070000,"CMPST.PAPER&PAPER BOARD,NOT SURFACE -COATED OR IMPREGBATED..,IN ROLL/SHEET",48313,2212354
48081000,"Corrugated Paper And Paperboard, In Rolls Or Sheets",41219,6088221
48084000,"Kraft paper, creped or crinkled, whether or not embossed or perforated",4555,542809
48089000,"Paper And Paperboard, Corrugated, Creped, Etc, In Rolls Or Sheets, Nes",45357,6457646
48099090,"Carbon or similar copying papers, nes",112292,19886637
48101300,"MECHANICL OR CHEMICAL-MECHANICAL, IN ROOLS",589328,55765754
48101400,IN SHEETS WITH ONE SIDE <435MM AND OTH.SIDE <297 IN THE UNFOLDED STATE,4731,4700956
48101900,"PAPER&PAPERBOARD OF A KIND USED FOR WRITTING,PRINTING OR OTH.GRAPHIC..NES",786302,106765518
48102200,LIGHT-WEIGHT COATED PAPER,168232,26831128
48102900,"Paper... For Writing, Etc, >10% Mechanical Fibres, Coated...",265454,34452953
48103100,"Kraft Paper,Bleach By Chem.Process 95% Chem.Fibres,=<150g/M2,Coated(Ex...",1592,276450
48103200,"Kraft Paper, Bleach By Chem.Process >95% Chem.Fibres, >150g/M2,Coated(Ex..",77431,9104924
48103900,"Kraft Paper & P.Board,Beach By Chem.Process,Coated,Nes(Ex.Writing,Printing",583343,75133155
48109200,"OTHER PAPER & P.BOARD,MULTIPLY PAPER & PAPERBOARD",20969509,2524467033
48109910,Single/double side coated relse. paper Imp. by VAT reg. Refrigtr. or freez manf. Ind,104339,13833203
48109990,"Single/double side coated relse. paper Imp. by VAT reg. Refrigtr./freez manf. Ind,Nes",5817865,730755805
48111000,"Tarred, Bituminized Or Asphalted Paper And Paperboard",38293,12165403
48114100,Self-adhesive,330065,151530174
48114900,"SELF ADHESIVE,PAPER & PAPER BOARD, NES",274952,397181941
48115910,"PAPER & P.BOARD,PACK/ASCEPTIC PACK",9,18779
48115990,"PAPER,PAPERBOARD,CELLULOSE WADDING AND ...EXCL.TETRAPACK/ASCEPTIC PACK",2709,556876
48116090,"Paper and paperboard, coated...parafin wx, stearing oil,(excl. ultrasonograme rec.paper)",23084,5512740
48119029,Excl. Insulated paper imp. by VAT reg. electric fan/water pump motor manf. Ind.,638,199697
48119090,"Other Paper,Paperboard,Cellulose Wadding And Webs Of Cellulose Fibres,Nes",369259,86066549
48149000,"Wallpaper And Other Wall Coverings; Window Transparencies Of Paper, Nes",9372,2572668
48162000,Self-Copy Paper (Excl. Heading 48.09),22,14347
48169000,"Copying Or Transfer Paper, Nes; Offset Plates, Of Paper (Excl.Heading 4809",65472,9776944
48171000,Envelopes Of Paper Or Paperboard,8215,633861
48172000,"Letter Cards, Plain Postcards And Correspondance Cards Of Paper...",8918,1212656
48173000,"Boxes, Etc, Of Paper Or Paperboard Containing Paper Stationery",2232,237196
48181000,Toilet Paper,21771,3412798
48185000,Articles Of Apparel And Clothing Accssories Of Paper,153579,20242580
48189000,"Household, Sanitary Or Hospital Articles Of Paper..., Etc, Nes",25559,7091668
48191000,"Cartons, Boxes And Cases, Of Corrugated Paper Or Paperboard",7773405,1104110125
48192010,"Folding Cartons, Boxes And Cases, Of Non-Corrugated Paper Or Paperboard",72328,23819556
48192090,"Folding Cartons, Boxes And Cases, Of Non-Corrugated Paper Or Paperboard",137279,50317722
48193000,"Sacks And Bags, Having A Base Of A Width Of >=40cm Of Paper, Paperboard",3101,3148796
48194090,Other than Fruit Bag,1499,630453
48195000,"Packing Containers, Including Record Sleeves, Of Paper..., Nes",9395,3832722
48201000,"Registers,Acc.Books,Diaries,Similar Articles,Order & Receipt Books,Of ....",1503,568036
48203000,Binders (Other Than Book Covers) Folders & File Covers Of Paper/Paperboard,24,30048
48209000,"Blotting Pads, Book Covers And Other Articles Of Stationery Of Paper...Nes",2007,652819
48211000,Printed Paper Or Paperboard Labels Of All Kinds,1636303,1541229767
48219010,Sticker,10037,18217663
48219090,Excl. Sticker imp. by VAT reg. electric fan or water pump motor manf. Ind.,165451,122957465
48221000,"Bobbins, Spools..., Of Paper Or Paperboard For Winding Textile Yarn",187428,136922750
48229000,"Bobbins, Spools,Cops And Similar Supports Of Paper Or Paperboard, Nes",31226,5987829
48232000,"Filter Paper And Paperboard, Cut To Shape",55725,12144538
48234000,"Rolls, sheets and dials, printed for self recording apparatus",1113,1513763
48236900,"Trays, dishes, plates, cups and the like, of paper and paperboard Excl. Of bam",12185,6477240
48237090,"Moduled or pressed articles of paper pulp, Excl Gasket imp by VAT reg. comp. manu.",10427,4969788
48239010,"Paper And Paperboard, Cut To Size And Articls Of Paper",115320,27374130
48239091,Paper Separator,190,8569
48239092,Wrappers for confectionery,1315,140732
48239093,Surface coloured or printed paper or paper board,6574,3266362
48239099,"Paper And Paperboard, Cut To Size And Articles Of Paper, Etc, Nes",226052,59668673
49011000,"Printed Books, Brochures, Leaflets, Etc, In Single Sheets",1645,776778
49019930,Other books,69,21950
49019990,"Printed Books,Brichures,Leaflets&Similar Printed Metter, Nes",5653,2822879
49060000,Plans...For Archit...Purposes;Handwitten Texts;Photogr.Of Repo.Of The ....,10801,796408
49081010,Transfers(Decalcomanias) Imported By VAT Regd. Ceramic/Melamine Ind./Opal glassware,18,2571393
49081090,"Transfers(Decalcomanias), Vitrifiable, Nes",1433,15549070
49089000,Transfers (Decalcomanias) (Excl. Vitrifiable),43292,268434984
49090000,"Printed Or Illustrated Postcards; Printed Cards Bearing Greetings, Etc",179,3887148
49100000,"CALENDER OF ANY KIND, PRINTED, INCLUDING CALENDER BLOCKS",13,4735
49111000,"Trade Advertising Material, Commercial Catalogues And The Like",74390,12584956
49119100,"Pictures, Designs And Photographs",1892,5946036
49119990,"Other printed matter, including printed pictures and photographs., NES",114,2053908
50020000,Raw Silk (Not Thrown),4274,3210349
50040000,"Silk Yarn (Excl. Spun From Silk Waste), Not Put Up For Retail Sale",186,66982
50060000,"Silk yarn, put up for retail sale; silk-worm gut",55,28171
50071000,Woven Fabrics Of Noil Silk,6,5010
50072000,"Woven Fabrics Of Silk, Containing >=85% Silk Or Of Silk Waste",32199,27800847
50079000,"Printed Woven Fabrics, Containing <85% Silk",127,819732
51012900,"Degreased Wool (Excl. Shorn), Not Carbonised, Not Carded Or Combed",64,179892
51021100,"FINE ANIMAL HAIR,OF KASHMIR (CASHMERE) GOATS NES",537,6851299
51032000,"Other Waste Of Wool Or Of Fine Animal Hair, Not Garnetted Stock, Nes",46,28661
51052900,Wool tops and combed wool (excl. in fragments),24449,15723103
51061000,"Yarn Of Carded Wool, Not Put Up For Retail Sale, With >=85% Wool",696,2047508
51062000,"Yarn Of Carded Wool, Not Put Up For Retail Sale, With <85% Wool",954,2022015
51071000,"Yarn Of Combed Wool, Not Put Up For Retail Sale, With >=85% Wool",297826,820204893
51072000,"Yarn Of Combed Wool, Not Put Up For Retail Sale, With <85% Wool",49542,98992531
51081000,"Carded Yarn Of Fine Animal Hair, Not Put Up For Retail Sale",6,50163
51082000,"Combed Yarn Of Fine Animal Hair, Not Put Up For Retail Sale",74,147140
51091000,"Yarn, with >=85% wool or of fine animal hair, put up for retail sale",249,304530
51111100,"Woven Fbrcs.With>=85% Carded Wool Or Of Fine Animal Hair, =<300g/M2 Weight",21164,21179111
51111900,"Woven Fbrcs.With>=85%Carded Wool Or Of Fine Animal Hair, >300g/M2 Weight",641,4858391
51112000,"Woven Fabrics Of Carded Wool, Mixed With Man-Made Filaments",19,99720
51113000,"Woven Fabrics Of Carded Wool, Mixed With Man-Made Staple Fibres",3766,4380525
51119000,"Other Woven Fabrics Of Carded Wool Or Carded Fine Animal Hair, Nes",15,9391
51121100,"Woven Fabrics With>=85%Combed Wool/Of Fine Animal Hair,=<200g/M2 Weight",367,2846737
51121900,"Woven Fabrics With >=85% Combed Wool Or Of Fine Animal Hair, >200g/M2",972,1951170
51123000,"Woven Fabrics Of Combed Wool, Mixed With Man-Made Staple Fibres",62374,213642613
51129000,"Woven Fabrics Of Combed Wool Or Of Combed Fine Animal Hair, Nes",16713,36618789
52010000,"Cotton, Not Carded Or Combed",23,15657
52029100,Garnetted Stock Of Cotton,125743,12447193
52029910,Cotton waste,68120,9726716
52030000,"Cotton, Carded Or Combed",472601,149563700
52041100,"Cotton Sewing Thread, With >=85% Cotton, Not Put Up For Retail Sale",81529,44178335
52041900,"Cotton Sewing Thread, With <85% Cotton, Not Put Up For Retail Sale",7879,12273704
52042000,"Cotton Sewing Thread, Put Up For Retail Sale",97,38251
52051100,"Uncombed Sin.Cot.Yarn,With>=85%Cot.,Nprs,=>714.29 Decitex (<=14mn).",988954,320588636
52051200,"Uncom.Sin.Cot.Yarn,With>=85%Cot.Nprs,<714.29de(>14mn)But(>=232.56de)<=43mn",5235157,1684758794
52051300,"Uncom.Sin.Cot.Yarn,With>=85%Cot.,Nprs,<232.56(>43mn)But(>=192.31de)(<=52mn",2480989,970872003
52051400,"Uncombed Sin.Cot.Yarn,With>=85%Cot.Nprs,<192.31de(>52mn)But>=125de(<=80mn)",1178561,455960817
52052100,"Combed Single Cotton Yarn, With >=85% Cotton, Nprs,>=714.29 Decitex(<=14mn",1141208,463399969
52052200,"Combed Sin.Cot.Yarn,With>=85%Cot.,Nprs,<714.29(>14mn)But>=232.56de.(<=43mn",5428601,2000084551
52052300,"Com.Sin.Cot.Yarn,With>=85%Cot.,Nprs,<232.56deci(>43mm)But>=192.31de(<=52mn",11393188,4378109723
52052400,"Com.Sin.Cot.Yarn,With>=85%Cot.,Nprs,<192.31de.But>=125de>52mn But<=80mn",8531072,3384404264
52052600,"Com.Sin.Cot.Yarn,With>=85%Cot.,Nprs,<125 De.But >=106.38>80mn But<=94mm",416830,213945350
52052700,"Com.Sin.Cot.Yarn,With>=85%Cot.Nprs,<106.38de But>=83.33de>94mn But<=120mn",565933,275118041
52052800,"Combed Single Cotton Yarn, With >=85% Cotton, Nprs,<83.33 >120mn",871688,454153113
52053200,"Mul. Unco.Cabled Cotton Yarn,>=85%Cot.,Nprs,>14mn But<=43mn P.Single Yarn",1187718,584120355
52053300,"Uncombed Cabled Cotton Yarn,>=85%Cotton,Nprs,>43mn But<=52mn P.Single Yarn",30410,24993401
52053400,"Uncombed Cabled Cotton Yarn,>=85%Cotton,Nprs,>52mn But<=80mn P.Single Yarn",550660,201607114
52053500,"Uncombed Cabled Cotton Yarn, With>=85% Cotton, Nprs, >80mn Per Single Yarn",203,170629
52054100,"Combed Cabled Cotton Yarn, With >=85% Cotton, Nprs, <=14mn Per Single Yarn",66695,23922494
52054200,"Combed Cabled Cotton Yarn,With>=85%Cotton,Nprs,>14mn But<=43mn P.Sing.Yarn",731733,340528071
52054300,"Combed Cabled Cotton Yarn,With>=85%Cotton,Nprs,>43mn But<=52mn P.Sing.Yarn",163876,88579455
52054400,"Combed Cabled Cotton Yarn,>=85% Cotton,Nprs,>52mn But<=80mn Pr.Single Yarn",1346614,757513004
52054600,"Combed Cabled Cotton Yarn,>=85% Cotton,Nprs,>80mn But<=94mn Pr.Single Yarn",25388,22306003
52054700,"Combed Cabled Cotton Yarn,>=85% Cotton,Nprs,>94mn But<=120mn P.Single Yarn",37312,28626808
52054800,"Combed Cabled Cotton Yarn, With >=85% Cotton, Nprs, >120mn Per Single Yarn",3186,2256789
52061100,"Uncombed Single Cotton Yarn, With <85% Cotton, Nprs, <=14mn",71813,43161095
52061200,"Uncombed Single Cotton Yarn, With <85% Cotton, Nprs, >14mn But <=43mn",285783,140165937
52061300,"Uncombed Single Cotton Yarn, With <85% Cotton, Nprs, >43mn But <=52mn",277835,107832011
52061400,"Uncombed Single Cottonyarn, With <85% Cotton, Nprs, >52mn But <=80mn",140334,54416321
52061500,"Uncombed Single Cotton Yarn, With <85% Cotton, Nprs, >80mn",127,124700
52062100,"Combed Single Cotton Yarn, With <85% Cotton, Nprs, <=14mn",154958,160308795
52062200,"Combed Single Cotton Yarn, With <85% Cotton, Nprs, >14mn But <=43mn",190027,88604458
52062300,"Combed Single Cotton Yarn, With <85% Cotton, Nprs, >43mn But <=52mn",706561,265644072
52062400,"Combed Single Cotton Yarn, With <85% Cotton, Nprs, >52mn But <=80mn",1035378,446301947
52062500,"Combed Single Cotton Yarn, With <85% Cotton, Nprs, >80mn",499,290493
52063200,"Uncombed Cabled Cotton Yarn,<85% Cotton,Nprs,>14mn But<=43mn P.Single Yarn",98213,52349144
52063300,"Uncombed Cabled Cotton Yarn,<85%Cotton,Nprs,>43mn But<=52mn Pr.Single Yarn",9361,12022330
52064100,"Combed Cabled Cotton Yarn, With <85% Cotton, Nprs, <=14mn Per Single Yarn",151,100850
52064200,"Combed Cabled Cotton Yarn,<85% Cotton,Nprs,>14mn But<=43mn Per Single Yarn",326370,193442289
52064300,"Combed Cabled Cotton Yarn,<85% Cotton,Nprs,>43mn But<=52mn Per Single Yarn",97229,58889048
52064400,"Combed Cabled Cotton Yarn,<85% Cotton,Nprs,>52mn But<=80mn Per Single Yarn",64977,56424576
52064500,"Combed Cabled Cotton Yarn, With <85% Cotton, Nprs, >80mn Per Single Yarn",24990,7981778
52071000,"Cotton Yarn (Excl. Sewing), Put Up For Retail Sale, With >=85% Cotton",26585,9053473
52079000,"Cotton Yarn (Excl. Sewing), Put Up For Retail Sale, With <85% Cotton",808,696093
52081100,"Unbleached Plain Woven Fabrics Of Cotton With>=85%Cotton, =<100g/M2",309637,181075283
52081200,"Unbleached Plain Woven Fabrics Of Cotton>=85%Cotton,>100g/M2 But<200g/M2",180429,89933881
52081300,"Unbleached 3 Or 4-Thread Twill, With >=85% Cotton, <200g/M2",52835,28192260
52081900,"Unbleached Woven Cotton Fabrics, Nes, With >=85% Cotton",34372,15129687
52082100,"Bleached Plain Woven Fabrics Of Cotton With >=85% Cotton, =<100g/M2",12567,12040936
52082200,"Bleached Plain Woven Fbrcs.Of Cotton With>=85%Cotton,>100g/M2 But<200g/M2",166820,173115064
52082300,"Bleached 3 Or 4-Thread Twill (Incl. Cross Twill), With >=85% Cotton",105574,104032217
52082900,"Bleached Woven Cotton Fabrics, Nes, With >=85% Cotton",95133,143059623
52083100,"Dyed Plain Cotton Woven Fabrics With >=85% Cotton, =<100g/M2",126164,180947813
52083200,"Dyed Plain Cotton Woven Fabrics With >=85% Cotton, >100g/M2",788489,939624337
52083300,"Dyed 3 Or 4-Thread Twill (Incl. Cross Twill), With >=85% Cotton",376514,349525693
52083900,"Dyed Woven Cotton Fabrics, With >=85% Cotton, Nes",731846,835431983
52084100,"Coloured Plain Cotton Woven Fabrics With >=85% Cotton, =<100g/M2",33604,61712736
52084200,"Coloured Plain Cotton Woven Fabrics With >=85% Cotton, >100g/M2",945310,1067840477
52084300,"Coloured 3 Or 4-Thread Twill (Incl. Cross Twill), With >=85% Cotton",257422,239318439
52084900,"Coloured Woven Cotton Fabrics, With >=85% Cotton, Nes",690746,776004895
52085100,"Printed Plain Cotton Woven Fabrics With >=85% Cotton, =<100g/M2",82077,130836725
52085200,"Printed Plain Cotton Woven Fabrics With >=85% Cotton, >100g/M2",483000,639031210
52085900,"Printed Woven Cotton Fabrics, With >=85% Cotton, Nes",230712,289883863
52091100,"Unbleached Plain Cotton Woven Fabrics With >=85% Cotton, >=200g/M2",45995,28697310
52091200,"Unbleached 3 Or 4-Thread Twill (Incl. Cross Twill), With >=85% Cotton",1680118,665530640
52091900,"Unbleached Cotton Fabrics, With >=85% Cotton, >=200g/M2, Nes",37015,18687069
52092100,"Bleached Plain Cotton Woven Fabrics With >=85% Cotton, >=200g/M2",15128,12334565
52092200,"Bleached 3 Or 4-Thread Twill, >=85% Cotton, >=200g/M2",370027,279696421
52092900,"Bleached Woven Cotton Fabrics, With >=85% Cotton, >=200g/M2, Nes",73341,67216948
52093100,"Dyed Plain Cotton Woven Fabrics With >=85% Cotton, >=200g/M2",501631,414031672
52093200,"Dyed 3 Or 4-Thread Twill (Incl. Cross Twill), With >=85% Cotton",4256126,3108109136
52093900,"Dyed Woven Cotton Fabrics, With >=85% Cotton, >=200g/M2, Nes",1170578,952547876
52094100,"Coloured Plain Cotton Woven Fabrics With >=85% Cotton, >=200g/M2",22890,20721279
52094200,"Denim, With >=85% Cotton, >=200g/M2",14502779,8867377867
52094300,"Coloured 3 Or 4-Thread Twill (Incl.Cross Twill)With>=85% Cotton,>=200g/M2",300889,243956539
52094900,"Coloured Woven Cotton Fabrics, With >=85% Cotton, >200g/M2",64877,65543604
52095100,"Printed Plain Cotton Woven Fabrics With >=85% Cotton, >200g/M2",15792,11518469
52095200,"Printed 3 Or 4-Thread Twill (Incl.Cross Twill)With >=85% Cotton, >200g/M2",216604,162383701
52095900,"Printed Woven Cotton Fabrics, With >=85% Cotton, >200g/M2",50320,43712586
52101100,"Unbleached Plain Cotton Woven Fabrics With <85% Cotton, =<200g/M2",72034,43996600
52101900,"Unbleached Woven Cotton Fabrics, Nes, With <85% Cotton, =<200g/M2",13099,17549627
52102100,"Bleached Plain Cotton Woven Fabrics With <85% Cotton, =<200g/M2",139464,183708107
52102900,"Bleached Woven Cotton Fabrics, Nes, With <85% Cotton, =<200g/M2",67148,89380068
52103100,"Dyed Plain Cotton Woven Fabrics With <85% Cotton, =<200g/M2",380392,481401628
52103200,"Dyed 3 Or 4-Thread Twill, With <85% Cotton, =<200g/M2",91665,143782879
52103900,"Dyed Woven Cotton Fabrics, Nes, With <85% Cotton, =<200g/M2",355349,419382455
52104100,"Coloured Plain Cotton Woven Fabrics With <85% Cotton, =<200g/M2",224841,246754952
52104900,"Coloured Woven Cotton Fabrics, Nes, With <85% Cotton, =<200g/M2",286382,372449946
52105100,"Printed Plain Cotton Woven Fabrics With <85% Cotton, =<200g/M2",94846,133789357
52105900,"Printed Woven Cotton Fabrics, Nes, With <85% Cotton, =<200g/M2",37067,51121109
52111200,"Unbleached 3 Or 4-Thread Twill(Incl.Cross Twill)With <85% Cotton, >200g/M2",68453,56080295
52111900,"Unbleached Woven Cotton Fabrics, Nes, With <85% Cotton, >200g/M2",22527,21411147
52112000,Bleached,140507,114810018
52113100,"Dyed Plain Cotton Woven Fabrics With <85% Cotton, >200g/M2",52901,50375197
52113200,"Dyed 3 Or 4-Thread Twill (Incl. Cross Twill) With <85% Cotton, >200g/M2",845712,769656426
52113900,"Dyed Woven Cotton Fabrics, Nes, With <85% Cotton, >200g/M2",554468,620807904
52114200,"Coloured Denim, With <85% Cotton, >200g/M2",10190689,6148305494
52114300,"Color.Fab.Of 3 Or 4-Thread Twill(Inc.Cross Twill)With<85%Cotton,>200g/M2",6009,8447040
52114900,"Coloured Woven Cotton Fabrics, Nes, With <85% Cotton, >200g/M2",31505,65164908
52115100,"Printed Plain Cotton Woven Fabrics With <85% Cotton, >200g/M2",1174,2105408
52115200,"Printed 3 Or 4-Thread Twill,(Incl.Cross Twill) With <85% Cotton, >200g/M2",93458,50662223
52115900,"Printed Woven Cotton Fabrics, Nes, With <85% Cotton, >200g/M2",1978,1551393
52121100,"Unbleached Woven Fabrics Of Cotton, =<200g/M2, Nes",1036,2306589
52121200,"Bleached Woven Fabrics Of Cotton, =<200g/M2, Nes",3384,2666422
52121300,"Dyed Woven Fabrics Of Cotton, =<200g/M2, Nes",436326,565981278
52121400,"Coloured Woven Fabrics Of Cotton, =<200g/M2, Nes",138806,225362459
52121500,"Printed Woven Fabrics Of Cotton, =<200g/M2, Nes",50460,70719486
52122100,"Unbleached Woven Fabrics Of Cotton, >200g/M2, Nes",44,104014
52122200,"Bleached Woven Fabrics Of Cotton, >200g/M2, Nes",31629,32772507
52122300,"Dyed Woven Fabrics Of Cotton, >200g/M2, Nes",197591,169662789
52122400,"Coloured Woven Fabrics Of Cotton, >200g/M2, Nes",135944,129743315
52122500,"Printed Woven Fabrics Of Cotton, >200g/M2, Nes",15983,18427836
53012910,"Flax, Hackled Or Otherwise Processed, But Not Spun",26000,21788657
53050090,"Coconut, avaca.... Excl. Coco substrate; coco pellet; growing media",77970,12544340
53061000,Single Flax Yarn,75334,74058262
53062000,Multiple Or Cabled Flax Yarn,3211,5695741
53071000,Single yarn of jute or of other textile bast fibres of 53.03,100000,16456775
53081000,Coir Yarn,80,25040
53089000,"Yarn Of Vegetable Textile Fibres, Nes",80,217940
53091100,"Bleached Or Unbleached, Woven Fabrics Of Flax, With >=85% Flax",142558,370658725
53091900,"Woven Fabrics Of Flax, With >=85% Flax, Printed, Dyed Or Coloured",1116102,3194577462
53092100,"Bleached Or Unbleached, Woven Fabrics Of Flax, With <85% Flax",166313,317891165
53092900,"Woven Fabrics Of Flax, With <85% Flax, Printed, Dyed Or Coloured",2355149,3875022539
53109000,Woven fabrics of jute or other textile bast fibres (excl. unbleached),38724,8639434
53110000,Woven fabrics of other vegetable textile fibres; woven fabrics of paper yarn.,6515,10133640
54011000,Sewing Thread Of Synthetic Filaments,1808955,1274409481
54012000,Sewing Thread Of Artificial Filaments,13724,27307716
54021100,Synthetic filament yarn?High tenacity of nylon or other polyamides Of aramids,39158,13556962
54021900,"Synthetic filament yarn?High tenacity of nylon or other polyamides, Excl.Of ar",1621,1761086
54022000,"High tenacity yarn of polyesters, whether or not textured",38507,14443665
54023100,"Textured Yarn, Of Nylon Or Other Polyamides, =<5tex, Nprs",488923,181064449
54023200,"Textured Yarn, Of Nylon Or Other Polyamides, >50tex, Nprs",316219,126159619
54023300,TEXTURED YARN OF POLYESTER,10785969,3584468872
54023400,Textured yarn Of polypropylene,85119,35051253
54023900,"Synthetic Textured Yarn, Nes, Nprs",10280,8044610
54024400,"Other yarn, single, untwisted or with a twist not exceeding 50 turns per metre",1546510,815583891
54024500,"Other yarn,single,untwisted or with a twist <=50 turns per metre Othr,of nylon",184645,76086848
54024600,"Other yarn,single,untwisted or with a twist <=50 turns per metre Other, of pol",428925,56672285
54024700,"Other yarn,single,untwisted or with a twist <=50 turns per metre Other, of pol",3348415,1062052037
54024800,"Other yarn,single,untwisted or with a twist <=50 turns per metre Other, of pol",34193,10702540
54024900,"Single Synthetic Yarn, Nes,Untwisted With =<50turns/M, Nprs",30519,22634016
54025100,"Single Yarn Of Nylon Or Other Polyamides, With >50turns/M, Nprs",254498,138737296
54025200,"Single Yarn Of Polyesters, With >50turns/M, Nprs",134265,57686844
54025900,"Single Synthetic Yarn, Nes, With >50turns/M, Nprs",68,110424
54026100,"Multiple Or Cabled Yarn Of Nylon Or Other Polyamides, Nprs",728161,342367147
54026200,"Synthetic Multiple Or Cabled Yarn Of Polyesters, Nprs",3255835,1257871680
54026300,"Other yarn, multiple (folded) or cabled of polypropylene",1500,484721
54026900,"Synthetic Multiple Or Cabled Yarn, Nes, Nprs",40426,33426239
54031000,"High Tenacity Yarn Of Viscose Rayon, Nprs Excl. Sewing Thread",46078,22861934
54033100,"Single Yarn Of Viscose Rayon,Untwisted Or With =<120turns/M, Nprs",276375,97949835
54033200,"Single Yarn Of Viscose Rayon, With >120turns/M, Nprs",28047,14833461
54033900,"Single Artificial Yarn, Nes, Nprs",63721,41762317
54034100,"Multiple Or Cabled Yarn Of Viscose Rayon, Nprs",2195870,914961098
54034900,"Multiple Or Cabled Artificial Yarn, Nes, Nprs",1205742,661880588
54041100,Monofilament Elastomeric,15157,3928280
54041200,"Monofilament Other, of polypropylene",60558,52019855
54041900,Monofilament Excl. Elastomeric & other of polypropylene,23554,8502333
54049000,OTH. SYNTHETIC MONOFILAMENT OF 67 DECITEX OR MORE... (EXCL. MONOFILAMENT),28344,10516241
54050000,Artfcl.Monofilament Of>=67dec.Strip&The Like Of Artfcl.Txte.Mtrl.Width=<5m,160,88644
54071010,Rejected fabrics generated during manu.of garments or processing of fabrics,7253,6137232
54071090,"Rejected fabrics generated during manu.of garments or processing of fabrics, nes",12979,14918534
54072000,Woven Fabrics Obtained From Synthetic Strip Or The Like,207,289483
54073000,Fabrics Of Synthetic Filament Yarn Specified In Note 9 To Section Xi,6880,4733693
54074100,"Unbleached Or Bleached Woven Fabrics, >=85% Nylon...",209666,218462094
54074200,"Dyed Woven Fabrics Of Synthetic Filament Yarn, >=85% Nylon...",1463357,2968603846
54074300,"Coloured Woven Fabrics Of Synthetic Filament Yarn, >=85% Nylon...",15332,29220501
54074400,"Printed Woven Fabrics Of Synthetic Filament Yarn, >=85% Nylon...",16283,58320081
54075100,"Unbleached Or Bleached Woven Fabrics, >=85% Textured Polyester",89737,59450827
54075200,"Dyed Woven Fabrics Of Synthetic Filament Yarn, >=85% Textured Polyester",7925677,5724952127
54075300,"Coloured Woven Fabrics Of Synthetic Yarn, >=85% Textured Polyester",276630,173485247
54075400,"Printed Woven Fabrics Of Synthetic Yarn, >=85% Textured Polyester",1221405,932814338
54076100,Other Woven Fabrics Of Synthetic Yarn>=85% Nontextured Polyester Filaments,2037257,1524707836
54076900,Other Woven Fabrics Of Synth'C Yarn >=85% Textrd/Non-Textrd Polystr Filmnt,1912722,1602652814
54077100,"Unbleached Or Bleached Woven Fabrics, >=85% Synthetic Filaments, Nes",119826,92021191
54077200,"Dyed Woven Fabrics, >=85% Synthetic Filaments, Nes",397495,315341193
54077300,"Coloured Woven Fabrics, >=85% Synthetic Filaments, Nes",42318,34008754
54077400,"Printed Woven Fabrics, >=85% Synthetic Filaments, Nes",152881,161554916
54078100,"Unbleached/Bleached Woven Fbrc.,<85% Synthetic Filaments,Mixed With Cotton",28208,20456492
54078200,"Dyed Woven Fabrics, <85% Synthetic Filaments, Mixed With Cotton",238837,307789793
54078300,"Coloured Woven Fabrics, <85% Synthetic Filaments, Mixed With Cotton",5348,5400401
54078400,"Printed Woven Fabrics, <85% Synthetic Filaments, Mixed With Cotton",9643,13415244
54079100,"Unbleached Or Bleached Woven Fabrics <85% Synthetic Filament Yarn, Nes",8420,6555697
54079200,"Dyed Woven Fabrics <85% Synthetic Filament Yarn, Nes",184869,132813706
54079300,"Coloured Woven Fabrics <85% Synthetic Filament Yarn, Nes",13674,12387588
54079400,"Printed Woven Fabrics <85% Synthetic Filament Yarn, Nes",10669,21292485
54081000,"Woven Fabrics Of High Tenacity Synthetic Filament Yarn, Of Viscose Rayon",6821,10696118
54082100,"Unbleached Or Bleached Woven Fabrics, >=85% Artificial Filaments Or Strip",4219,2249222
54082200,"Dyed Woven Fabrics, >=85% Artificial Filaments Or Strip",21362,19305648
54082300,"Coloured Woven Fabrics, >=85% Artificial Filaments Or Strip",6724,6561793
54082400,"Printed Woven Fabrics, >=85% Artificial Filaments Or Strip",16819,14712109
54083100,"Unbleached Or Bleached Woven Fabrics Of Artificial Filament Yarn, Nes",3,1879
54083200,"Dyed Woven Fabrics Of Artificial Filament Yarn, Nes",120,85310
54083300,"Coloured Woven Fabrics Of Artificial Filament Yarn, Nes",516,1979227
54083400,"Printed Woven Fabrics Of Artificial Filament Yarn, Nes",3067,2613502
55011900,Synthetic filament tow Of nylon or other polyamides : Excluding Of aramids,5,2893
55013000,,540827,129350420
55019000,Synthetic Filament Tow (Excl. Nylon/Polyesters/Acrylic),448,451413
55021000,Artificial filament tow of cellulose acetate,2746,3491725
55029000,"Artificial filament tow, nes",7,7137
55031900,"Syn.Sta.fibres,not carded, combed or othrwise pro.for spin.Of nylon or othr po",10382,16392319
55032000,"Synthetic Staple Fibres, Of Polyesters, Not Carded, Combed Or Processed",1269083,278010932
55034000,"Synthetic Staple Fibres,Of Polypropylene,Not Carded,Combed Or Processed",328627,63916465
55039000,"Syn.Staple Fibres,Not Carded,Combed Or Processed(Exl.Nyl/Polest./Acry./Pp)",2003,489027
55041000,"Artificial Staple Fibres,Of Viscose Rayon,Not Carded,Combed Or Processed",78449,17565994
55049000,"Artificial Staple Fibres, (Excl. Viscose), Not Carded,Combed Or Processed",51786,12196048
55051000,"Waste Of Synthetic Fibre, (Incl. Noils, Yarn Waste And Garnetted Stock)",265461,3283591
55061000,"Synt.Staple Fibres,Of Nylon Or Other Polyamides,Carded,Combed Or Processed",10067,3835157
55062000,"Synthetic Staple Fibres, Of Polyesters, Carded, Combed Or Processed",282,193049
55063000,"Acrylic Or Modacrylic Synthetic Staple Fibres,Carded,Combed Or Processed",3749,1476586
55069000,"Syn.Staple Fibres,Nes,Carded,Combed Or Processed(Exl.Nyl./Polester/Acry.)",174,157763
55081000,Sewing Thread Of Synthetic Staple Fibres,144446,178215555
55082000,Sewing Thread Of Artificial Staple Fibres,5932,7012803
55091100,"Single Yarn, With >=85% Staple Fibres Of Nylon Or Other Polyamides, Nprs",38009,24166506
55091200,"Multiple Or Cabled Yarn, >=85% Staple Fibres Of Nylon, Etc, Nprs",47655,24525806
55092100,"Single Yarn, With >=85% Polyester Staple Fibres, Nprs",714908,343508260
55092200,"Multiple Or Cabled Yarn, With >=85% Polyester Staple Fibres, Nprs",675992,294236945
55093100,"Single Yarn, With >=85% Acrylic Or Modacrylic Staple Fibres, Nprs",166974,85428687
55093200,"Multiple Or Cabled Yarn, >=85% Acrylic Or Modacrylic Staple Fibres, Nprs",1841882,741198848
55094100,"Single Yarn, With >=85% Synthetic Staple Fibres, Nes, Nprs",28797,13711008
55094200,"Multiple Or Cabled Yarn, With >=85% Synthetic Staple Fibres, Nes, Nprs",9294,12714915
55095100,"Yarn,<85% Polyester Staple Fibres,Mixed With Artificial Staple Fibres,Nprs",569262,378612141
55095200,"Yarn,<85% Polyester Staple Fibres,Mixed With Wool Or Fine Animal Hair,Nprs",544208,380252573
55095300,"Yarn, <85% Polyester Staple Fibres, Mixed With Cotton, Nprs",618322,252133584
55095900,"Yarn,<85%Polyester Staple Fibres,Nes,Nprs(Exl.Arti/Wool/Cotton Staplefibre",281502,191892105
55096100,"Yarn, <85% Acrylic Or Modacrylic Staple Fibres, Mixed With Wool..., Nprs",432408,326771233
55096200,"Yarn, <85% Acrylic Or Modacrylic Staple Fibres, Mixed With Cotton, Nprs",498427,236173775
55096900,"Yarn, <85%Acrylic Or Modacrylic Staple Fibres, Nes, Nprs(Exl. Wool/Cotton)",1349726,853206329
55099100,"Yarn, Synthetic Staple Fibres, Nes, Mixed With Wool..., Nprs",34989,22204907
55099200,"Yarn, Synthetic Staple Fibres, Nes, Mixed With Cotton, Nprs",819,793149
55099900,"Yarn, Synthetic Staple Fibres,Nes, Nprs (Exl. Wool/Cotton)",95562,77636928
55101100,"Single Yarn, With >=85% Artificial Staple Fibres, Nprs",280747,105941103
55101210,WATER BLOCKING YARN IMPORTED BY VAT REGISTERED OPTICAL FIBRE CABLE MANUFACTURING INDU,5,3131
55101290,"YARN OF ARTIFICIAL STAPLE FIBRES, .. EXCL. WATER BLOCKING YARN IMP BY VAT REG. OPTICAL F",107626,50362501
55102000,"Yarn, Artificial Staple Fibres, Mixed With Wool..., Nprs",1009,841423
55103090,"YARN OF ARTIFICIAL STAPLE FIBRES,..EXCL. W/BLOCKING TAP IMPTD. BY VAT REG. OPTICAL FIBRE",217461,98331784
55109000,"Yarn, Artificial Staple Fibres, Nes, Nprs (Exl. Wool/Cotton)",505507,249046009
55111000,"Yarn, With >=85% Synthetic Staple Fibres, Put Up For Retail Sale",1000,281700
55113000,"Yarn Of Artificial Staple Fibres, Put Up For Retail Sale",150,152109
55121100,"Unbleached or bleached woven fabrics, >=85% polyester staple fibres",76045,51735101
55121910,Silk screen imported by VAT registered ceramic ware or tiles manufacturers,14,38093
55121990,"Woven Fabrics, >=85% Polyester Staple Fibres, Excl.Unbleached Or Bleached",55582,55863118
55122100,"Unbleached or bleached woven fabrics, >=85% acrylic... staple fibres",24081,13235187
55122900,"Woven Fabrics, >=85% Acrylic... Staple Fibres, Excl.Unbleached Or Bleached",174,148365
55129900,"Woven Fabrics, >=85% Synthetic Fibres, Nes",13899,27644212
55131100,"Plain weave fabrics, <85% polyester fibres + cotton, =<170g/m2 fibres, plain weave",1295032,929129578
55131200,"3-Thread or 4-thread twill, including cross twill ,of polyester staple fibres",178691,122343988
55131300,Other woven fabrics of polyester staple fibres,44579,21311029
55131900,Other woven fabrics,41815,27602645
55132100,"Dyed Plain Weave Fabrics, <85% Polyester Fibres + Cotton, =<170g/M2",798089,656575998
55132300,"Dyed Woven Fabrics, Nes, <85% Polyester Fibres + Cotton, =<170g/M2",281992,214685023
55132900,"Dyed Woven Fabrics, <85% Synthetic Fibres + Cotton, Nes, =<170g/M2",149110,127591618
55133100,"Coloured Plain Weave Fabrics, <85% Polyester Fibres + Cotton, =<170g/M2",80634,85517263
55133900,"Coloured Woven Fabrics, <85% Synthetic Fibres + Cotton, Nes, =<170g/M2",61976,71632950
55134100,"Printed Plain Weave Fabrics, <85% Polyester Fibres + Cotton, =<170g/M2",24785,33504891
55134900,"Printed Woven Fabrics, <85% Synthetic Fibres + Cotton, Nes, =<170g/M2",17826,20761152
55141100,"Of polyester staple fibres, plain weave",36563,26059396
55141200,"3-Thread for 4-thread twill, including cross twill, of polyester staple fibres",45946,25069738
55141900,Other woven fabrics,78926,81001092
55142100,"Dyed Plain Weave Fabrics, <85% Polyester Fibres + Cotton, >170g/M2",41896,41988664
55142200,"Dyed 3 Or 4-Thread Twill, <85% Polyester Fibres + Cotton, >170g/M2",1251007,786974911
55142300,"Dyed Woven Fabrics, Nes, <85% Polyester Fibres + Cotton, >170g/M2",162436,153098884
55142900,"Dyed Woven Fabrics, <85% Synthetic Fibres + Cotton, Nes, >170g/M2",145974,201563875
55143000,"Unbleached or bleached Of polyester staple fibres, plain weave: dyed Of yarns",4878,4971084
55144100,"Printed Plain Weave Fabrics, <85% Polyester Fibres + Cotton, >170g/M2",2162,3933129
55144200,"Printed 3 Or 4-Thread Twill, <85% Polyester Fibres + Cotton, >170g/M2",4254,29174668
55144900,"Printed Woven Fabrics, <85% Synthetic Fibres + Cotton, Nes, >170g/M2",2,3131
55151100,Mixed mainly or solely with viscose rayon staple fibres,1938556,1648534965
55151200,Mixed mainly or solely with man-made filaments:,2810,3001311
55151300,Mixed mainly or solely with wool or fine animal hair:,48915,122815471
55151900,"Woven fabrics of polyester staple fibres, nes",262214,277708607
55152100,Mixed mainly or solely with man-made filaments,1543,3662369
55152200,Mixed mainly or solely with wool or fine animal hair,9693,23035703
55152900,"Woven fabrics of acrylic or modacrylic staple fibres, nes",43032,98793804
55159100,Mixed mainly or solely with man-made filaments:,73,63572
55159900,"Woven fabrics of synthetic staple fibres, nes",13929,18247203
55161100,"Unbleached or bleached woven fabrics, >=85% artificial staple fibres",127776,69896357
55161200,"Dyed Woven Fabrics, >=85% Artificial Staple Fibres",1331251,1222807831
55161300,"Coloured Woven Fabrics Of Yarn, >=85% Artificial Staple Fibres",167713,154354444
55161400,"Printed Woven Fabrics, >=85% Artificial Staple Fibres",1352938,1194562028
55162100,"Woven fab. <85% artificial fibres, with man-made filas, Unbleached or bleached",8271,11388357
55162200,"Dyed Woven Fabrics, <85% Artificial Fibres, With Man-Made Filaments",690621,795592824
55162300,"Coloured Woven Fabrics, <85% Artificial Fibres, With Man-Made Filaments",54149,53385581
55162400,"Printed Woven Fabrics, <85% Artificial Fibres, With Man-Made Filaments",173523,164421483
55163300,"Coloured Woven Fabrics, <85% Artificial Staple Fibres, With Wool...",31885,20405449
55164100,"Woven fabrics, <85% artificial staple fibres, mixed with cotton Unblea. or bleached",15060,16911835
55164200,"Dyed Woven Fabrics, <85% Artificial Staple Fibres, Mixed With Cotton",203743,334712233
55164300,"Coloured Woven Fabrics, <85% Artificialstaple Fibres, Mixed With Cotton",22866,19417341
55164400,"Printed Woven Fabrics, <85% Artificial Staple Fibres, Mixed With Cotton",46630,47435467
55169100,"Woven fabrics, <85% artificial staple fibres, nes Unbleached or bleached",14203,17117449
55169200,"Dyed Woven Fabrics, <85% Artificial Staple Fibres, Nes",721040,990685136
55169300,"Coloured Woven Fabrics, <85% Artificial Staple Fibres",73938,113188600
55169400,"Printed Woven Fabrics, <85% Artificial Staple Fibres, Nes",50442,67616184
56012100,Cotton Wadding And Articles Thereof,10203,4440291
56012200,Wadding Of Man-Made Fibres And Articles Thereof,502844,302239606
56012900,"Wadding and articles of wadding, nes",88789,89207285
56021000,,8676,4937637
56022100,"Felt Of Wool Or Fine Animal Hair (Excl. Impregnated, Coated, Etc)",135,23561
56022900,"Felt of textile materials (excl. impregnated, coated, etc) Of other textile materials",4598,6014442
56029000,"Felt, Nes (Exl. Needleloom, Wool, Text Material, Jute, Other Than Jute)",16417,14023757
56031110,"Nonwovens, Of Man-Made Filaments, Weighing <=25g/M2",12238,6335254
56031190,"Nonwovens, Of Man-Made Filaments, Weighing <=25g/M2",240451,80745332
56031210,"Nonwovens, Of Man-Made Filaments, Weighing >25g/M2 But <=70g/M2",6791,6326056
56031290,"Nonwovens, Of Man-Made Filaments, Weighing >25g/M2 But <=70g/M2",415812,149185255
56031310,Elastic back ear,5879,4483260
56031390,"Nonwovens, Of Man-Made Filaments, Weighing >70g/M2 But <=150g/M2",10617,8973389
56031400,"Nonwovens, Of Man-Made Filaments, Weighing >150g/M2",331435,127326571
56039100,"Nonwovens, Not Of Man-Made Filaments, Weighing <=25g/M2",357987,175154762
56039210,"Dry web, Weighing more than 25 g/m2 but not more than 70 g/m2",46208,20849642
56039290,"Nonwovens, Not Of Man-Made Filaments, Weighing >25g/M2 But <=70g/M2",129651,60316648
56039300,"Nonwovens, Not Of Man-Made Filaments, Weighing >70g/M2 But <=150g/M2",73186,46119636
56039400,"Nonwovens, Not Of Man-Made Filaments, Weighing >150g/M2",148038,124097052
56041000,"Rubber Thread And Cord, Textile Covered",201500,206474863
56049000,"Textile Yarn And Strip, Etc, Impregnated Or Coated",27664,19151655
56050010,Metalized round yarn,91520,35480281
56050090,Other metalized yarn,134704,43749122
56060000,"Gimped yarn, & strip & the like .... (including flock chenille yarn); loop wale-yarn.",125671,69173618
56072100,"Binder Or Baler Twine Of Sisal, Etc, Of The Genus Agave",9,47099
56072900,"Twine,Cordage,Rope & Cables,Of Sisal,Etc. Of The Genus Agave,Nes,Ex.Binder",22405,51149461
56074100,Binder Or Baler Twine Of Polyethylene Or Polypropylene,128002,75858895
56074910,"Twine,Cordage,Rope&Cables,Of Polyethylene/Polypropy. For Fishing Trawlers",728,4841708
56074990,"Twine, Cordage,Rope & Cables, Of Polyethylene Or Polypropylene, Other",27691,25815234
56075000,"Twine, Cordage, Rope And Cables, Of Synthetic Fibres, Nes",38049,120918741
56079000,"Twine, cordage, ropes and cables, whether or not plaited .. with rubber or pla",94295,201274227
56090010,"Twine,Cordage,Rope Or Cables For Fishing Trawler And Factory Ships, Nes",223,678492
56090090,"Articles Of Yarn,Strip,Etc,Twine,Cordage, Rope Or Cables, Nes",22948,28501645
58012100,UNCUT WEFT PILE FABRICS,34,21284
58012200,Cut Corduroy Of Cotton,396015,344310724
58012300,"Weft Pile Fabrics Of Cotton, Nes",10,6887
58012700,Warp pile fabrics,20,16621
58013200,"Cut Corduroy Of Man-Made Fibres, Nes",17917,16227884
58013300,"Weft Pile Fabrics Of Man-Made Fibres, Nes",2495,1002076
58013600,"Chenille Fabrics Of Man-Made Fibres, Nes",19343,5456008
58013700,Warp pile fabrics,102,64514
58021000,"Terry towelling and similar woven terry fabrics, of cotton",118575,38708822
58022000,"Terry towelling and similar woven terry fabrics, of other textile materials",3737,2868035
58030000,"Gauze, other than narrow fabrics of heading 58.06.",407500,408752668
58041000,Tulles And Other Net Fabrics,236872,257659342
58042100,"Mechanically Made Of Lace Of Man-Made Fibres In Piece,In Strips/In Motifs",221226,594669130
58042900,"Mechanically Made Of Lace Of Oth.Textiles In Piece,In Strips Or In Motifs",190190,507302771
58043000,"Hand-Made Lace In Pieces, In Strips Or In Motifs",2521,3696782
58050000,"Han.Wov.Tapestr.Of The Ty.Gobelins,Flandres,Aubu.,Beauvais&Needle-Work Tap",2660,5546586
58061000,Narrow Woven Pile Fabrics And Chenille Fabrics,17953,41345913
58062000,"Narrow Woven Fabrics, Width >=5% Elastomeric Yarn Or Rubber Thread",1324933,1837923294
58063100,OTHER WOVEN FABRICS OF COTTON,60339,73066125
58063200,,731868,343709425
58063900,"Narrow Woven Fabrics Of Other Textiles, Nes",408746,466369103
58064000,Fabrics With Warp Without Weft Assembled By An Adhesive (Bolducs),40149,57890650
58071000,"Labels, Badges... Of Textiles, Woven, In Piece..., Not Embroidered",178800,914933312
58079000,"Labels, Badges... Of Textiles, Unwoven, In Piece..., Not Embroidered",198737,566023863
58081000,"Braids, In The Piece",255,535322
58089000,"Ornamental Trimmings In The Piece; Tassels, Pompons, Etc, Nes(Excl.Braids)",1271,4283013
58090000,"Woven Fabrics Of Metal Thread And Woven Fabrics Of Metallized Yarn, Nes",661,542164
58101000,Embroidery Without Visible Ground,7627,58594276
58109100,"Cotton Embroidery, In The Piece, In Strips Or In Motifs",108344,241137756
58109200,"Embroidery Of Man-Made Fibres, In The Piece, In Strips Or In Motifs",27680,67723155
58109900,"Embroidery Of Other Textiles, In The Piece, In Strips Or In Motifs",32010,106535854
58110000,Quilted Tex.Produ.In The Piece(Excl.Embroi.Of 58.10)One Or More Layers Tax,261351,195532800
59011000,Tex.Fab.Coated With Gum/Amyla.. Substances For Other Convers Or Books Etc,10950,5101120
59019000,"Tracing Cloth; Prepared Painting Canvas; Buckram, Etc",178354,112250896
59021000,Tyre Cord Fabric Of High Tenacity Yarn Of Nylon Or Other Polyamides,3,1879
59031010,Fusing Interlining Mate.(Tex.Mat.For Stiffening Cuffs&Col.With Poly V.Chlo,835315,720261653
59031090,Other Fabrics Impregnated...With Polyvinyl Chloride,884488,387344624
59032010,Fusing Interlining Mat.(Tex.Mat.For Stiffening Cuffs&Col. With Poly Ureth.,816883,687130689
59032090,Other Textile Fabrics Impregnated....With Polyurethane,4431103,4391834475
59039010,"Textile fabrics impregnated... with plastics, nes",6183,5915039
59039090,"Textile fabrics impregnated... with plastics, nes",1246093,1280422636
59061000,Adhesive Tape Of A Width =<20cm,8952,23077075
59069100,Knitted Or Crocheted Rubberized Textile Fabrics (Excl. Adhesive Tape),5271,5278544
59069910,REFLECTIVE TAPE,104439,207553216
59069990,"RUBBERIZED TEXTILE FABRICS EXCLUDING REFLECTIVE TAPE, KNITTED OR CROCHETED & ADHESIVE TA",1207,4363877
59070000,Textile Fabrics Otherwise Impregnated... ; Painted Canvas...,297470,344375483
59090000,"Textile... Tubing, With Or Without Lining, Etc, Of Other Materials",649,589555
59100000,"Transmission Or Conveyor Belts Or Belting, Of Textile Material",641,1174276
59111090,Other,30070,51122715
59112000,Bolting Cloth Whether Or Not Made Up,771,4868552
59114000,"Straining Cloth Of A Kind Used In Oil Presses, Etc",48,60102
59119000,"Textile Articles For Technical Uses, Nes, As Specified In Chapter Note 7",1175,634338
60011000,"Long Pile Fabrics, Knitted Or Crocheted",159894,105705121
60012100,"Looped Pile Fabrics Of Cotton, Knitted Or Crocheted",569036,335576343
60012200,"Looped Pile Fabrics Of Man-Made Fibres, Knitted Or Crocheted",308683,179591299
60012900,"Looped Pile Fabrics Of Textile Materials, Knitted Or Crocheted",62187,49063884
60019100,"Pile Fabrics Of Cotton, Nes, Knitted Or Crocheted",1456803,909620621
60019200,"Pile Fabrics Of Man-Made Fibres, Nes, Knitted Or Crocheted",5455020,3620857976
60019900,"Pile Fabrics Of Textile Materials, Nes, Knitted Or Crocheted",91358,68565950
60024000,CONTAINING BY WEIGHT 5%OR MORE ELASTOMERIC YARN BUT NOT CONTNG.RUBER THRED,298,415429
60029000,"KNITTED OR CROCHETED FABRICS OF A WIDTH <30CM,CONTAINING BY WEIGHT 5%..NES",29946,23471473
60032000,KNITTED OR CROCHETED FABRICS OF A WIDTH <30CM.. OF COTTON,5385,3565404
60033000,"KNITTED OR CROCHETED FABRICS OF A WIDTH <30CM,OF SYNTHETIC FIBRES",32136,26966015
60034000,"KNITTED OR CROCHETED FABRICS OF WIDTH <30CM,OF ARTIFICIAL FIBRES",224,2734323
60039000,"KNITTED/CROCTD.FBRCS.OF A WIDTH <30CM,OTH THAN THOSE OF HD60.01/60.02,NES",119,166881
60041000,CONTING. BY WEIGHT 5%OR MORE OF ELASTOMERIC YARN BUT NOT CONT.RUBER THRED,9669660,8128632718
60049000,"CONTNG.BY WEIGHT 5%OR MORE ELSTMRC.YARN BUT NOT CONTAINING RUBR.THREAD,NES",215694,330478717
60052200,"WRAP KNIT FABRICS OF COTTON,DYED",57495,69439459
60052300,"WRAP KNIT FABRICS OF COTTON,OF YARNS OF DIFFERENT COLOURS",3577,1581310
60052400,"WRAP KNIT FABRICS,OF COTTON PRINTED",14330,15342055
60053500,Fabrics specified in Subheading Note 1 to this Chapter,3631,3798880
60053600,"Other, unbleached or bleached",180664,96797169
60053700,Of synthetic fibres other dyed,926081,690168389
60053800,Synthetic fibres Other of yarns of different colours,16001,14168487
60053900,"Other, of yarns of different colours other printed",26723,16453910
60054100,"WRAP KNIT FABRICS OF ARTIFICIAL FIBRES,UNBLEACHED OR BLEACHED",15158,19912267
60054200,"WARP KNIT FABRICS,OF ARTIFICIAL FIBRES DYED",13246,13908880
60054300,"WARP KNIT FABRICS,OF ARTIFICIAL FIBRES OF YARN OF DIFFERENT COLOURS",123795,185178319
60059010,"WARP KNIT FABRICS OF ARTIFICIAL FIBRES, NES",2,16110
60059090,"WARP KNIT FABRICS OF ARTIFICIAL FIBRES, NES",25592,15509260
60061000,OTHER KNITTED OR CROCHETED FABRICS OF WOOL OR FINE ANIMAL HAIR,26030,91592552
60062100,OTHER KNITED OR CROCHETED FABRICS OF COTTON UNBLEACHED OR BLEACHED,268484,155810262
60062200,OTH.KNITTED OR CROCHETED FABRICS OF COTTON DYED,3687303,2732938871
60062300,"OTH.KNITTED OR CROCHETED FABRICS OF COTTON, OF YARNS OF DIFFERENT COLOURS",161121,131869691
60062400,OTH.KNITTED OR CROCHETED FABRICS OF COTTON PRINTED,515064,382785732
60063100,"OTH.KNITTED OR CROCHETED FABRICS. OF SYNTHETIC FIBRES,UNBLEACHED OR BLEACH",184666,94251386
60063200,"OTH.KNITTED OR CROCHETED FABRICS OF SYNTHETIC FIBRES,DYED",6808702,4400576073
60063300,OTH.KNITTED OR CROCHETED FABRICS OF SYNTH. FIBRES OF YARNS OF DIFF.COLOUR,163880,109656073
60063400,OTH KNITTED OR CROCHETED FABRICS OF SYNTHETIC FIBRES PRINTED,737373,477783659
60064100,"OTH.KNITTED OR CROCHETED FIBRICS OF ARTIFICIAL FIBRES,UNBLEACHED/BLEACHED",37216,35393983
60064200,"OTH.KNITTED OR CROCHETED FABRICS OF ARTIFICIAL FIBRES,DYED",424699,298138935
60064300,OTH.KNITTED OR CROCHETED FABRICS OF ARTFCL.FIBRES OF YARNS OF DIFF.COLOUR,20070,13808681
60064400,Printed,54966,32316354
60069000,"OTH.KNITTED OR CROCHETED FABRICS OF ARTIFICIAL FIBRES,NES",340215,316938563
61012000,"Men'S Or Boys' Over/Car Coats, Etc, Of Cotton, Knitted Or Crocheted",19,54708
61019000,"Men'S Or Boys' Over/Car Coats, Etc, Of Other Textiles,Knitted Or Crocheted",8,18781
61021000,"Woman'S Or Girls' Over/Car Coats,Etc, Of Wool..., Knitted Or Crocheted",8,10017
61022000,"Woman'S Or Girls' Over/Car Coats, Etc, Of Cotton, Knitted Or Crocheted",0,626
61023000,"Woman'S Or Girls' Over/Car Coats,Etc,Of Man-Made Fibres,Knitted/Crocheted",1,2967
61031000,"Men's or boys' Suits, Excl. Sports out fit for sports shooting",2,3737
61032200,"Men'S Or Boys' Ensembles Of Cotton, Knitted Or Crocheted",8,28184
61033100,"Men'S Or Boys' Jackets And Blazers Of Wool..., Knitted Or Crocheted",2,18160
61033200,"Men'S Or Boys'Jackets And Blazers Of Cotton, Knitted Or Crocheted",60,121588
61033300,"Men'S Or Boys' Jackets... Of Synthetic Fibres, Knitted Or Crocheted",60,92519
61033900,"Men'S Or Boys' Jackets... Of Other Textiles, Nes, Knitted Or Crocheted",36,80871
61034100,"Men'S Or Boys' Trousers, Etc, Of Wool..., Knitted Or Crocheted",17,17933
61034200,"Men'S Or Boys' Trousers, Etc, Of Cotton, Knitted Or Crocheted",39,74282
61034300,"Men'S Or Boys' Trousers, Etc, Of Synthetic Fibres, Knitted Or Crocheted",5,24999
61034900,"Men'S Or Boys' Trousers, Etc, Of Other Textiles, Knitted Or Crocheted",3,8442
61043300,"Women'S Or Girls' Jackets, Of Synthetic Fibres, Knitted Or Crocheted",4,7820
61043900,"Woman'S Or Girls' Jackets, Of Other Textiles, Knitted Or Crocheted",1,1878
61044200,"Dresses Of Cotton, Knitted Or Crocheted",7,17655
61044300,"Dresses Of Synthetic Fibres, Knitted Or Crocheted",2,3652
61044900,"Dresses Of Other Textile Material, Nes, Knitted Or Crocheted",5,15889
61045200,"Skirts And Divided Skirts Of Cotton, Knitted Or Crocheted",3,6262
61045300,"Skirts And Divided Skirts Of Synthetic Fibres, Knitted Or Crocheted",1,2532
61046100,"Women'S Or Girls' Trousers, Etc, Of Wool..., Knitted Or Crocheted",4,8763
61046200,"Women'S Or Girls' Trousers, Etc, Of Cotton, Knitted Or Crocheted",9,31451
61046300,"Women'S Or Girls' Trousers, Etc, Of Synthetic, Knitted Or Crocheted",19,43445
61046900,"Women'S Or Girls' Trousers, Etc, Of Other Textile, Knitted Or Crocheted",27,53475
61051000,"Men'S Or Boys' Shirts Of Cotton, Knitted Or Crocheted",67,136370
61052000,"Men'S Or Boys' Shirts Of Man-Made Fibres, Knitted Or Crocheted",9,61042
61059000,"Men'S Or Boys' Shirts Of Other Textiles, Nes, Knitted Or Crocheted",6,10974
61061000,"Women'S Or Girls' Blouses, Etc, Of Cotton, Knitted Or Crocheted",4,12814
61062000,"Women'S Or Girls' Blouses, Etc, Of Man-Made Fibres, Knitted Or Crocheted",7,19436
61069000,"Women'S Or Girls' Blouses Etc. Of Other Textiles Nes, Knitted Or Crocheted",1,3757
61071100,"Men'S Or Boys' Underpants And Briefs Of Cotton, Knitted Or Crocheted",7,65361
61071200,"Men'S Or Boys' Underpants, Etc, Of Man-Made Fibres, Knitted Or Crocheted",3,17506
61072100,"Men'S Or Boys' Night Shirt Pyjamas Of Cotton, Knitted Or Crocheted",5,16218
61081100,"Women'S Or Girls' Slips, Etc, Of Man-Made Fibres, Knitted Or Crocheted",1,1853
61082100,"Women'S Or Girls' Briefs And Panties Of Cotton, Knitted Or Crocheted",9,82495
61082200,"Women'S Or Girls' Briefs, Etc, Of Man-Made Fibres, Knitted Or Crocheted",2,6824
61083200,"Women'S Or Girls' Pyjamas,Night Dresses Of Man-Made Fibres,Knitted/Croched",1,1252
61089200,"Women'S Or Girls'Negliges Dressing Gowns Of Man-Made Fibre,Knitted/Croch.",1,939
61089900,"Women'S/Girls' Negliges Dressing Gowns.. Of Other Tex.,Nes,Knitted/Croche.",9,93869
61091000,"T-Shirts, Singlets And Other Vests, Of Cotton, Knitted Or Crocheted",240,792216
61099000,"T-Shirts, Singlets, Etc, Of Other Textiles, Nes, Knitted Or Crocheted",24,74616
61101100,OF WOOL OR FINE ANIMAL HAIR. OF WOOL,5,7424
61101900,"OF WOOL OR FINE ANIMAL HAIR,NES",0,632
61102000,"JERSEYS, PULLOVERS, CARDIGANS, WAISTCOATS & SIMILAR ART., KNITTED OR CROCHETED OF COT",267,855202
61103000,"JERSEYS,PULLOVERS,CARDIGANS,WAISTCOATS.., KNITTED OR CROCHETED OF MAN-MADE FIBRE",78,240958
61109000,"JERSEYS, PULLOVERS, CARDIGANS, WAISTCOATS.. ,KNITTED OR CROCHETED OF OTH. TEXT. MATER",42,131936
61112000,"Babies' Garments, Etc, Of Cotton, Knitted Or Crocheted",17,130563
61119000,"Babies' Garments, Etc,Of Other Textiles Materials,Nes Knitted Or Crocheted",1,2504
61123900,"MEN'S OR BOY'S SWIMWEAR, OF OTHER TEXTILE MATERIALS",3,5263
61124100,"Women'S Or Girls' Swimwear Of Synthetic Fibres, Knitted Or Crocheted",2,6622
61142000,"Garments Of Cotton, Knitted Or Crocheted, Nes",7,13726
61143000,"Garments Of Man-Made Fibres, Knitted Or Crocheted, Nes",1,5776
61159500,"Panty hose,tights,stockings,sock..., inclu.grad.Comp.hos.Of Cotton, NES",74,196004
61159600,"Panty hose,tights,stockings,sock..., inclu.grad.Comp.hos.Of synthetic fibres",1573,3625527
61159900,"Hosiery And Footwear Without Soles Of Other Tex., Knitted Or Crochete, Nes",982,1058155
61169200,"Gloves, Mittens And Mitts, Of Cotton, Knitted Or Crocheted",13076,10526062
61169300,"Gloves, Mittens And Mitts, Of Synthetic Fibres, Knitted Or Crocheted",10689,7791353
61169900,"Gloves, Mittens And Mitts, Of Other Textiles, Knitted Or Crocheted",342,44693
61171000,"SHAWLS, SCARVES, MUFFLERS, MANTILLAS, VEILS AND THE LIKE",1108,1015722
61178010,"Other Clothing Accessories, Knitted Or Crocheted, Nes, Of Cotton",2540,1717071
61178090,"Other clothing accessories, knitted or crocheted, nes",65924,65049761
61179000,"Parts Of Garments Or Clothing Accessories, Knitted Or Crocheted",111115,175110495
62012000,"Overcoat, raing coat, car-coat capes, cloaks and similar..Of wool or fine animal hair",1,614
62014000,Other Of man-made fibres,15,39385
62023000,"Womens or girls overcoat , car-coad capes, cloaks, anoraks ...Of cotton",5,10121
62024000,"Womens or girls overcoat , car-coad capes, cloaks, anoraks ...Of man-made fibres",11,25231
62029000,"Woent or gilrs overcoat, raincot car-coat capes, ......Of other textile materials",2,3210
62033100,Men'S Or Boys' Jackets And Blazers Of Wool Or Fine Animal Hair,34,64315
62033200,Men'S Or Boys' Jackets And Blazers Of Cotton,66,149325
62033300,Men'S Or Boys' Jackets And Blazers Of Synthetic Fibres,59,131530
62033900,"Men'S Or Boy'S Jackets And Blazers Of Other Textiles,(Exl.Wool,Syn.Fab,Cot",149,368574
62034200,"Men'S Or Boys' Bib & Brace Trousers, Breeches, Shorts, Of Cotton",995,2010255
62034300,"Men'S Or Boys' Bib & Brace Trousers, Breeches & Shorts Of Synthetic Fibres",66,153400
62034900,"Men'S Or Boys' Bib&Brace Trousers,Breeches & Shorts Of Other Textiles,Nes",18,42159
62042300,Women's or girls' ensembles of synthetic fibres,0,614
62042900,"Women'S Or Girls' Ensembles Of Other Textiles, (Exl.Wool,Cotton,Syn.Fibre)",6,11598
62043100,Women'S Or Girls' Jackets And Blazers Of Wool Or Fine Animal Hair,8,10018
62043200,Women'S Or Girls' Jackets And Blazers Of Cotton,49,86685
62043300,Women'S Or Girls' Jackets And Blazers Of Synthetic Fibres,21,41992
62043900,"Women'S Or Girls' Jackets&Blazers Of Oth.Tex.,(Exl.Wool,Cotton,Syn.Fibre)",3,24821
62044200,Dresses Of Cotton,46,102102
62044300,Dresses Of Synthetic Fibres,18,51645
62044900,"Dresses Of Other Textiles, (Exl.Wool,Cotton,Syn./Arti.Fibre)",0,1002
62045100,Skirts And Divided Skirts Of Wool Or Fine Animal Hair,10,14165
62045200,Skirts And Divided Skirts Of Cotton,11,29431
62045300,Skirts And Divided Skirts Of Synthetic Fibres,10,39674
62045900,"Skirts And Divided Skirts Of Other Textiles, (Exl.Wool,Cotton,Syn.Fibre)",1,1710
62046100,"Women'S Or Girls' Trousers, Breeches, Etc, Of Wool Or Fine Animal Hair",100,110134
62046200,"Women'S Or Girls' Trousers, Breeches, Etc, Of Cotton",293,654188
62046300,"Women'S Or Girls' Trousers, Breeches, Etc, Of Synthetic Fibres",26,82001
62046900,"Women'S/Girl'S Trousers,Breeches,Etc,Of Oth.Tex.,(Exl.Wool,Cotton,Syn.Fib.",32,57244
62052000,Men'S Or Boys' Shirts Of Cotton,183,428477
62053000,Men'S Or Boys' Shirts Of Man-Made Fibres,9,29050
62059000,"Men'S Or Boy'S Shirts Of Other Textiles,(Exl.Wool,Cotton,Man Made Fibre)",18,42772
62061000,"Women'S Or Girl'S Blouses, Shirts/Blouses Of Silk Or Silk Waste",3,6284
62062000,"Women'S Or Girl'S Blouses, Shirts/Blouses Of Wool Or Fine Animal Hair",38,25792
62063000,"Women'S Or Girls' Blouses, Shirts/Blouses Of Cotton",17,63726
62064000,"Women'S Or Girl'S Blouses, Shirts/Blouses Of Man-Made Fibres",11,22448
62069000,"Women/Girl'S Blouses,Shirts/Blouses Of Oth.Tex.(Exl.Silk,Wool,Of Man M.Fib",1,1503
62072100,Men'S Or Boys' Nightshirts And Pyjamas Of Cotton,1,9414
62079100,"Men'S Or Boys' Singlets,Vests Dressing Gowns, Etc, Of Cotton",1,2468
62079900,"Mens/Boy'S Singlets,Vests Dressing Gowns,Etc,Of Oth.Tex.(Exl.Cot.Man M.Fib",1,1840
62089200,"Women'S Or Girls' Dressing Gowns, Panties, Etc, Of Man-Made Fibres",1,6009
62092000,Babies' Garments And Clothing Accessories Of Cotton,7,48887
62093000,Babies' Garments And Clothing Accessories Of Synthetic Fibres,0,2280
62099000,"Babies Garments&Clothing Accessories Of Oth.Tex.(Exl.Wool,Cotton,Syn.Fib)",102,587588
62102000,"Garments Of 6201.11 To 19, Made Up Of Fabrics Of 59.03, 59.06 Or59.07",0,265
62103000,"Garments Of 6202.11 To 19, Made Up Of Fabrics Of 59.03, 59.06 Or 59.07",1,614
62104000,"Men'S Or Boys' Garments Made Up Of Fabrics Of 59.03, 59.06 Or 59.07",2,5009
62111100,Men'S Or Boys' Swimwear,3,11592
62111200,Women'S Or Girls' Swimwear,10,58663
62113200,"Men's or boys' garments of cotton, nes",6,9997
62113300,"Men's or boys' garments of man-made fibres, nes",9,10405
62113900,"Men's or boys' garments of other textiles, nes",1,46672
62114200,"Women's or girls' garments of cotton, nes",12,12823
62114300,"Women's or girls' garments of man-made fibres, nes",0,1940
62114900,"Women's or girls' garments of other textiles, nes",3,4997
62121000,Brassisres,436,780905
62122000,Girdles And Panty-Girdles,1,5008
62123000,Corselettes,1,626
62129000,"Corsets, Braces, Garters, Suspenders And Similar Articles",319347,979892923
62132000,Handkerchiefs Of Cotton,280,438213
62139000,"Handkerchiefs Of Other Textiles, (Exl. Silk/Silk Waste,Cotton).",91,624336
62143000,"Shawls,Scarves,Mufflers,Mantillas,Veils,Etc & The Like Of Synthetic Fibres",241,1405271
62149000,"Shawls,Scrvs.,Mflrs.,Mntls.,Veils,Etc,Of Oth.Textls.(Exl.Silk/Wool,Syn/Art",0,626
62151000,"Ties, Bow Ties And Cravats Of Silk Or Silk Waste",241,1989762
62152000,"Ties, Bow Ties And Cravats Of Man-Made Fibres",2638,68424836
62159000,"Ties, Bow Ties And Cravats Of Other Textiles,Nes(Excl.Silk Man Made Fibre)",2051,25890253
62160000,"Gloves, Mittens And Mitts",2320,2603968
62171000,"Clothing Accessories, Nes",693800,550852077
62179000,"Parts Of Garments Or Clothing Accessories, Nes",35847,76608957
63013000,"Blankets (Excl. Electric Blankets) And Travelling Rugs, Of Cotton",0,1878
63026000,"Toilet Linen And Kitchen Linen, Of Terry Fabrics, Of Cotton",5,3591
63039900,Curtains&Intror.Blinds;Curtain/Bed Valances Of Oth.Txtls.(Exl.Knitted/Croc,25,61815
63052000,"Sacks And Bags, Used For Packing Goods, Of Cotton",1796,3999275
63053300,"Sacks And Bags,For Packing Goods,Of Polyethylene/Polypropylene Strip Nes",59731,11289982
63053900,"Sacks And Bags, Used For Packing Goods, Of Man-Made Textile Fibres, Nes",2669,2018843
63059000,"Sacks And Bags, Used For Packing Goods, Of Other Textiles, Nes",269,728523
63061200,"Tarpaulins, Awnings And Sunblinds, Of Synthetic Fibres",25,6260
63061900,"Tarpaulins, Awnings And Sunblinds, Of Other Textiles, Nes",3880,1370640
63062200,Tents Of Synthetic Fibres,354,250355
63064000,Tents: Pneumatic mattresses,10829,4181746
63069000,Other camping goods,20,9604
63071000,"Floor-Cloths, Dish-Cloths, Dusters And Similar Cleaning Cloths",136,863649
63079000,"Made Up Articles (Incl. Dress Patterns), Nes",4685,6245984
63101000,"USED OR NEW RAGS, SCRAP TWINE, CORDAGE, ROPE AND CABLES AND WORN OUT ART..,SORTED",20001,196554
63109000,"USED OR NEW RAGS, SCRAP TWINE, CORDAGE, ROPE AND CABLES AND WORN OUT ART..,EXCL. SORTED",2742979,18059520
64019200,Waterproof Footwear Covering The Ankle But Not The Knee,13,8450
64021900,"Sport Footwear, Nes, Of Rubber Or Plastics",5,10017
64022000,"Footwear With Upper Straps/Thongs Plugged Into Soles,Of Rubber Or Plastics",18799,11913559
64029100,"Footwear, Nes, Covering The Ankle Of Rubber Or Plastics",7,11638
64029900,"Footwear, Nes, Exl. Covering The Ankle, Of Rubber Or Plastics",3483,2772405
64032000,"Footwear With Leather Soles And Straps (Over Instep, Around Big Toe)",58,22336
64035100,"Footwear With Leather Soles And Uppers, Covering The Ankle",7064,5837197
64039100,"Footwear With Rubber... Soles And Leather Uppers, Covering The Ankle,Nes",31,25183
64039900,"Footwear With Rubber... Soles, Leather Uppers, Not Covering The Ankle",30,18986
64041100,"Sports Shoes, Etc, With Rubber Or Plastic Soles And Textile Uppers",1,3505
64041900,"Sports Footwear, With Rubber Or Plastic Soles And Textile Uppers",241,375676
64042000,Footwear With Leather Or Composition Leather Soles And Textile Uppers,134,182529
64051000,"Footwear, Nes, With Leather Or Composition Leather Uppers",4102,5622073
64059000,"Footwear, Nes",7219,2339457
64061000,,61332,120290134
64062000,"Outer soles and heels, of rubber or plastics",1779217,1250711481
64069000,Other Parts of footwear,1310805,1072365620
65010000,"Hat-Forms, Hat Bodies And Hoods Of Felt; Plateaux And Manchons Of Felt",5023,6991813
65040000,"Hats And Other Headgear, Plaited Or Assembled By Strips Of Any Material",413,394427
65050000,"Hats and other headgear, knitted or crocheted, . trimmed; hair-nets of any material, wh",8196,7209585
65061000,Safety Headgear,57,227017
65069100,"Hats And Other Headgear, Of Rubber Or Plastics",1,1227
65070000,"Head-Bands, Linings, Covers, Hat Foundations, Etc, For Headgear",104324,36318547
67010000,"Skins Of Birds With Feathers Or Down, Feathers, Etc",3930,28333187
67021000,"Artificial Flowers, Foliage And Fruit And Articles Thereof Of Plastics",850,4097167
67029000,"Artificial Flowers, Foliage, Etc And Articles Thereof Of Other Materials",187,1045970
67030000,"Human Hair, Dressed, Etc; Animal Hair And Synthetic Materials For Wigs",650638,669071110
67041900,"False Beards, Eyebrows And Eyelashes, Etc, Of Synthetic Fibres",18719,9394067
67049000,"Wigs,False Beards,Eyebrows,Etc Of Animal Hair Or Text,Material",16596,43631272
68021010,"Tiles, Cubes...; artificially coloured granules, chippings and powder",37240,1466135
68022300,"Granite, Cut/Sawn, With Flat/Even Surface",161040,6043853
68029900,"Monumental/Building Stone, Nes, Worked",4,2932
68041000,"Millstones And Grindstones For Milling, Grinding Or Pulping",440,1067943
68042100,"Millstones, etc, of agglomerated synthetic or natural diamond",8,402984
68042200,"Millstones, etc, of other agglomerated abrasives or of ceramics",18325,3937614
68042300,"Millstones, etc, of natural stone",509,190761
68043000,Hand Sharpening Or Polishing Stones,1002,1204819
68051000,"NATURAL OR ARTIFICIAL ABRASIVE POWDER OR GRAIN..,ON A BASE OF WOVEN TEXTILE FABRIC ON",6,138214
68052000,"Natural Or Artificial Abrasive Powder/Grain, On Paper/Paperboard",2821,2717930
68053000,"Natural Or Artificial Abrasive Powder/Grain, On A Base Of Materials, Nes",87,1846108
68062000,"Exfoliated Vermiculite, Expanded Clays, Etc (Incl. Intermixtures)",2926,1034597
68069000,"OTH. WOOL,EXCL.SLAG WOOL,ROCK WOOLAND SIMILAR, EXFOLIATED VERMICULITE, EXPANDED CLAYS..",8,1334
68071000,"Articles Of Asphalt Or Of Similar Material, In Rolls",21689,2536863
68080000,"Panels, Boards..., Of Wood Waste, Etc, Agglomerated With Cement, Etc",26421,1811185
68091100,"Boards..., Of Plaster..., Reinforced With Paper Or Paperboard Only",3500,78878
68091900,"Boards..., Of Plaster Or Compositions Based On Plaster, Nes",2594,162384
68099000,"Articles Of Plaster Or Compositions Based On Plaster, Nes",57050,1714517
68101100,"Building Blocks And Bricks, Of Cement Or Artificial Stone Or Concrete",6949351,31641833
68109900,"Articles Of Cement, Concrete Or Artificial Stone, Nes",6521748,50067846
68129100,"Clothing, clothing accessories, footwear and headgear, Excl. Of crocodile",2835,2161663
68138100,Friction material and articles thereof ..not Containing asbestos Brake linings,3,599954
68151000,Non-Electrical Articles Of Graphite Or Other Carbon (Incl. Carbon Fibres),4342,14607818
68151100,Articles of stone or of other mineral substance ...Carbon fibres,3310,17614995
68151200,Articles of stone or of other mineral substance ...Fabrics of carbon fibres,517,4681879
68151900,Articles of stone or of other mineral substance .. NES,26,41948
68159900,"Articles Of Stone Or Other Mineral Substances, Nes",526,781268
69039090,"Refactory Ceramic Goods, Nes",0,751
69041000,Ceramic Building Bricks,38600,2692822
69072100,Of a water absorption coefficient by weight not exceeding 0.5 %,21120,1771683
69074000,Finishing ceramics,517234,28846270
69109000,"Ceramic Sinks, Wash Basins, Baths... And Other Sanitary Fixtures, Nes",1716,350348
69119000,"Household And Toilet Articles, Nes, Of Porcelain Or China",16,201
69120000,Ceramic Tableware... Other Household Articles (Excl. Porcelain Or China),245,90522
70021000,"Balls Of Glass, Unworked",311,1095063
70023110,Neutral Glass Tubes For The Manufacture Of Ampoules And Vials,1434,468657
70049000,"Unworked Drawn/Blown Glass (Excl. Coloured, Opacified, Etc)",1966,166501
70051000,"Nonwired Unworked Sheets Of Float/Ground/Polished Glass,Wth Absorbnt Layer",23994,2356735
70052990,Excl. Ultra clear glass imported by VAT registered refrigerator or freezer manf. ind.,1349,270344
70099190,Unframed Glass Mirrors (Excl.Spherical & Cylinderical Only For Lab Use),2928,536777
70102000,"Stoppers, Lids And Other Closures Of Glass",2,11060
70181000,"Glass Smallware (Incl. Beads, Imitation Pearls/Stones, Etc)",16550,40126640
70189000,"Glass Statuettes And Other Ornaments Of Lamp-Worked Glass, Nes",2939,11850130
70191200,Rovings Of Glass Fibres,20791,2244257
70191900,"OTH. YARN AND STRANDS, EXCL.(CHOPPED STRANDS, OF A LENGTH OF NOT >50MM, ROVINGS)",4707,5891873
70196300,"Closed woven fabrics, plain weave, of yarns, not coated or laminated",44,31508
70196590,Open woven fabrics of a width not exceeding 30 cm,165,429626
70197110,Glass fiber in sheet form imp. by Ind.IRC VAT compliant,336,1733100
70198000,Glass wool and articles of glass wool,8718,1738622
70199090,"GLASS FIBRES (INCL. GLASS WOOL) AND ARTICLES THEREOF (EG WOVEN FABRICS), NES",673436,155336323
70200090,"Other articles of glass, Excl. Glass inners for vacuum flasks or for other vac",300,9483
71131900,Articles Of Jewellery And Parts Thereof Of Precious Metal (Excl. Silver),24,681534
71171100,Cuff-Links And Studs Of Base Metal (Incl. Plated),150,2008488
71171900,"Imitation Jewellery Of Base Metal (Incl. Plated), Nes",6477,2116846
72083800,,528310,33860077
72083900,Of a thickness of less than 3 mm,19724050,1211549710
72085100,,2061,370020
72085300,,2775,216974
72085400,,19165,1894468
72091790,"Flat/Coldrolled Iron/Steel,In Coils,Width >=600mm, >=0.5mm But <=1mm Thick",13646,5180730
72092700,"Flat/Coldrolled Iron/Steel,Not In Coils,Wid>=600mm,>=0.5mm But <=1mm Thick",11958,1177659
72101100,"Flatrolled Iron/Steel, Width>=600mm, >= 0.5mm Thick,Clad,Plated...With Tin",1865,2685700
72101200,"Flat-Rolled Iron/Steel, Width >=600mm, <0.5mm Thick, Plated... With Tin",373468,63139132
72103000,Electrolytically plated or coated with zinc,8360,2510961
72104100,"Flatrolld Iron/Steel,Wid.>=600mm,Plated Wth Zinc(Exc.Electroplatd)Corrugtd",55637,6355398
72104910,Flat rolled prod. of a thickness => 0.4 mm Imp.VAT reg. Refri. & Pre. Fab.bu.Industry,58693,6842172
72104990,"Flat rolled products, NES",64167,8553498
72106190,"Ro.Iron/Steel,..Excl. thi.=< 0.4 mm imp.by reg. & pre-fabr. building mfg industry",117340,14836862
72106910,Other plated or coated Of a thickness of 0.4 mm or more,60520,8572776
72106990,"Ro.Iron/Steel,Of a thi. 0.4 mm or more Excl. imp.by reg. & pre-fabr. Buil. mfg ind.",12000,595076
72107010,Of a thickness of 0.3 mm or more,19660,3735989
72109000,"Rolled Iron/Steel, Width >=600mm, Otherwise Clad,Plated Or Coated Nes",8160,1664745
72111400,"Flat/Hotrolled Iron/Steel,Wid<600mm,>=4.75mm Thick,Not Clad/Plated Etc Nes",115,5569
72119000,"Flatrolled Iron/Nonalloy Steel,Wid<600mm,Nes(Inc.Furthr Worked Than Rolled",333483,25469204
72125010,Steel plate of a thickness of 0.25 mm to 0.50 mm,1,41506
72132000,"Hot-rolled bars & rods of free-cutting steel, in coils",211,38635
72142000,"Iron/steel bars & rods, hot-rolled...,twisted, or with deformations from rolling proc",3448875,249417887
72149100,,639,472031
72149900,"Iron/steel bars and rods, hot-rolled, hot-drawn or hot extruded, nes",4518,1696513
72162100,"L Sections Of Iron/Steel, Hot-Rolled..., <80mm High",5829,422533
72163100,"U Sections Of Iron/Steel, Hot-Rolled..., >=80mm High",17541,1197913
72163300,"H Sections Of Iron/Steel, Hot-Rolled..., >=80mm High",14122,808886
72164000,"L Or T Sections Of Iron/Steel, Hot-Rolled..., >=80mm High",105301,5221848
72165000,"Angles/Shapes/Sections Of Iron/Steel,Not Furthr Worked Than Hot-Rolled Nes",595,111741
72166100,"Angles,Shapes.. Of Iron/Steel,No More Workd Thn Cold-Formed,From Flat Rol.",15352,6593474
72169900,"Angles, Shapes And Sections Of Iron Or Non-Alloy Steel, Nes",35435,2531141
72171000,"Wire Of Iron/Non-Alloy Steel,Not Plated/Coated,Whether Or Not Polished",168796,17164593
72172000,"Wire Of Iron Or Non-Alloy Steel,Plated Or Coated With Zinc",1425,581899
72179000,"Wire Of Iron Or Non-Alloy Steel, Nes",21429,6094787
72191100,"Hot-Rolled Stainless Steel, In Coils, >=600mm By >10mm",23343,9060108
72191300,Of a thickness of 3 mm or more but less than 4.75 mm,33738,2274540
72192100,"Hot-Rolled Stainless Steel, Uncoiled, >=600mm By >10mm",395,148367
72192200,"Hot-Rolled Stainless Steel, Uncoiled, >=600mm By 4.75-10mm",10,6706
72192400,"Hot-Rolled Stainless Steel, Uncoiled, >=600mm By <3mm",3560,1154229
72193400,"Cold-Rolled Stainless Steel, Uncoiled, >=600mm By 0.5-1mm",3126,467238
72193500,"Cold-Rolled Stainless Steel, Uncoiled, >=600mm By <0.5mm",17930,5317866
72201290,Hot-Rolled Stainless Steel (Excl.Thickness Less Than 0.125mm),1542,544629
72202090,Not Further Worked Than Cold-Rolled(Cold-Reduced)Excl.Thickness <0.125 Mm,42692,15308650
72209000,"Rolled products stainless steel, <600mm wide, nes",2189,2713133
72210000,"Stainless Steel Bars & Rods, Hot-Rolled, In Irregularly Wound Coils",1200,299095
72221900,"Stainlss Steel Bars/Rods,Not Furthr Workd Than Hotrolld,Not Circ.X-Section",1,8260
72223000,"Stainless Steel Bars And Rods, Nes",36000,1785228
72224000,"Angles, Shapes And Sections Of Stainless Steel",1707,105870
72230000,Wire Of Stainless Steel,91575,61180975
72251900,"Flatrolled Prods Of Siliconelectric.Steel,>=600mm Wide,(Excl.Grainoriented",99945,18657710
72269990,"Flat-Rolled Products Of Other Alloy Steel, <600mm Wide, Nes",13283,3535191
72286000,"Bars And Rods Of Alloy Steel, Nes",3517,1023803
73012000,"Angles, Shapes And Sections Of Iron Or Steel",17257,5843686
73029000,"Railway Track Construction Material Of Iron Or Steel, Etc, Nes",2367,706781
73030000,"Tubes, Pipes And Hollow Profiles, Of Cast Iron",2709,456083
73041110,"Line pipe of a kind used for oil or gas pipelines : Of stainless steel, Exceed",16223,1323843
73041910,"Line pipe of a kind used for oil or gas pipelines:Excl.Of stainless steel, Exc",73350,13297220
73042320,"Casing,tubing & drill pipe,Excl.Drill pipe of stainless steel: Exceed. 8 inch d",302,249416
73042420,"Casing, tubing and drill pipe..Other, of stainless steel , 8 inch dia or less",10713,804785
73043100,"Seamless Iron/Steel Tubes/Pipes/Profiles, Circular, Cold-Drawn/Rolled",1310,122950
73043900,Other Circular cross section of iron or non alloy steel (Excl cold drawn or cold rol),3066,2185196
73044190,"Capillary Tube (Excl.16 Bwg To 29 Bwg), Of S.Steel, Circular Cross Section",2198,184382
73049000,Seamless Iron/Steel Tubes/Pipes/Profiles Of Non-Circular X-Section,165786,25561392
73062120,"Casing and tubing of a kind used in the dril for oil/gas,Welded,of stainless st",5673,490684
73063000,"Other, welded, of circular cross-section of iron or non-alloy steel",22173,2918947
73066100,"Othr,weld, of non-circu.cr.section Of square or rec.cross-sec., NES",94991,9765650
73069000,"Tubes, pipes and hollow profiles, riveted, of iron or steel, nes",102110,18685982
73071900,"Cast Tube Or Pipe Fittings Of Iron,Oth.Than Non-Malleable Steel",1151,318028
73072100,Flanges Of Stainless Steel,12745,4787764
73072200,"Threaded Elbows, Bends And Sleeves Of Stainless Steel",19643,3578450
73072900,"Tube Or Pipe Fittings Of Stainless Steel, Nes",14353,5874393
73079100,Flanges Of Iron Or Steel (Excl. Stainless),23147,5854270
73079290,"Threaded Elbows, Bends And Sleeves Of Iron Or Steel (Excl. Stainless)",3471,1386133
73079990,"Tube Or Pipe Fittings Of Iron Or Steel (Excl. Stainless), Nes",70025,14612445
73083000,"Doors, Window-Frames And Thresholds For Doors Of Iron Or Steel",77456,58673065
73084000,"Equipment For Scaffolding,Shuttering,Propping Or Pitpropping Of Iron/Steel",149,37383
73089010,Door co-ordinator,9084,2034052
73089020,Industrial .. System Imp. by Ind. IRC Holder VAT ... 100% Exp. Oriented Garments ind.,11805,3251847
73089091,"Structures And Parts Of Structures, Nes, Of Iron Or Steel",12564,2571669
73089099,"Structures And Parts Of Structures, Nes, Of Iron Or Steel",1042976,121696245
73102190,Cans Closed By Soldering And Crimping (Excl.Tin Plated Cans),347911,90943656
73121000,"Stranded Wire, Cables Of Iron Or Steel, Not Electically Insulated",0,2766
73129000,"Plaited Bands, Slings, Etc, Of Iron Or Steel, Not Electically Insulated",420,262645
73141200,Stainless Steel Woven Cloth Endless Bands For Machinery,120,92024
73143900,"Iron/Steel Grill, Netting & Fencing, Welded At Intersection, Nes",213,96586
73151110,"Roller chain of iron or steel Of a kind used exclusively ..or automotive vehicles , nes",11436,6824827
73151120,Roller Chain Of Iron/Steel Of A Kind Used Exclusively In Motor Cycles,4,9989
73151190,"Roller Chain Of Iron Or Steel, Nes",9,44630
73151200,Articulated Link Chain (Excl. Roller Chain) Of Iron Or Steel,11675,13977314
73158900,"Chain, Nes, Of Iron Or Steel",3385,20183929
73159000,"Parts Of Chains, Nes, Of Iron Or Steel",463,820786
73170000,"Nails, tacks, drawing pins, ...erial, but excluding such articles with heads of copper.",43304,31005844
73181100,Threaded Coach Screws Of Iron Or Steel,15506,2961050
73181200,Threaded Wood Screws (Excl. Coach Screws) Of Iron Or Steel,635,192613
73181300,Threaded Screw Hooks And Screw Rings Of Iron Or Steel,43104,11898728
73181400,Threaded Self-Tapping Screws Of Iron Or Steel Imp by pre-fab. Buil. industry,761,637570
73181510,"Threaded Screws&Bolts Of Iron Or Steel,Nes Whether Or Not With Nuts/Washer",136,81886
73181590,"Threaded Screws&Bolts Of Iron Or Steel,Nes Whether Or Not With Nuts/Washer",16496,11907489
73181600,Threaded Nuts Of Iron Or Steel,4802,2222958
73181900,"Threaded Articles, Nes, Of Iron Or Steel",11683,4717178
73182100,Non-Threaded Spring Washers And Other Lock Washers Of Iron/Steel,172,642854
73182200,Other washers,1021,1153180
73182390,"Rivets, Nes",29447,21412342
73182400,Cotters And Cotter-Pins Of Iron/Steel,192,428195
73182990,"Screw,bolts,nuts,coach,screws,screw hooks,river,cotters,cotter-pins,washers..,NES",60795,17247905
73194000,Safety pins and other pins,394,805813
73199000,"Knitting needles, bodkins, crochet hooks, etc, of iron or steel",331,2825733
73201000,LEAF SPRINGS AND LEAVES THERE FOR,0,4882
73202000,Helical springs of iron or steel,205,616810
73209000,"Springs, nes, of iron or steel",5718,7542144
73211100,"Cooking Appliances, Plate Warmers, For Gas Fuel... Of Iron Or Steel",10,314
73239100,"Table, Kitchen Or Household Articles... Of Cast Iron, Not Enamelled",50,751
73241000,"Sinks And Wash Basins, Of Stainless Steel",334,128807
73242900,Baths Of Iron (Excl. Cast) Or Steel,3,2234
73249000,Sanitary Ware And Parts Of Sanitary Ware Of Iron Or Steel,14,25343
73251000,"Other Cast Articles Of Non-Malleable Cast Iron, Nes",14,15024
73259900,"Cast articles of iron or steel, nes",10230,1416909
73261900,"Forged Or Stamped Articles Of Iron Or Steel, Nes",184,351090
73262090,Other Articles Of Ironor Steel Wire( Excl.Bead Wire For Cycle Tyres),50004,19248934
73269010,Steel bobbin,2,13837
73269090,"Other Articles Of Iron Or Steel, Nes(Excl.S.S.Screen, Burette Stand)",1170436,279561470
74020000,Unrefined Copper; Copper Anodes For Electrolytic Refining,930,1777981
74032200,"Copper-Tin Base Alloys (Bronze), Unwrought",58,15872
74050000,Master Alloys Of Copper,280,90593
74072190,"Bars,rods and profiles of brass",112000,148077545
74072900,"Bars, rods and profiles of copper alloys, nes",712,1094459
74081100,"Wire Of Refined Copper, Maximum Cross-Sectional Dimension >6mm",683,761183
74081900,Other,78767,93625646
74082100,Wire Of Brass,130748,159957147
74082200,Wire Of Cupro-Nickel Or Nickel Silver,4369,3249662
74082900,"Wire Of Copper Alloy, Nes",51,485123
74091100,"Plates, Sheets And Strip, Of Refined Copper, In Coils, >0.15mm Thick",7543,12631200
74091900,"Plates, Sheets And Strip, Of Refined Copper, Uncoiled, >0.15mm Thick",3768,6664351
74092100,"Plates, sheets and strip, of brass, in coils, >0.15mm thick In coils",215409,251801914
74092900,"Plates, Sheets And Strip, Of Brass, Uncoiled, >0.15mm Thick",4202,6709006
74093100,"Plates, Sheets And Strip, Of Bronze, In Coils, >0.15mm Thick",107,300420
74094000,"Plates, Sheets And Strip, Of Cupro-Nickel/Nickel Silver, >0.15mm Thick",1387,1719530
74112200,Tubes And Pipes Of Cupro-Nickel Or Nickel Silver,2146,4617129
74121000,Tube Or Pipe Fittings Of Refined Copper,2088,3350107
74122000,Tube Or Pipe Fittings Of Copper Alloys,3224,664079
74130000,"Stranded Wire, Cables... Of Copper, Not Electrically Insulated",4140,6132631
74151000,"Nails And Tacks, Drawing Pins, Staples, Etc, Of Copper Or Partly Copper",5329,12995181
74152100,Washers Of Copper (Including Spring Washers),37,199556
74152900,"Non-Threaded Articles Such As Rivets, Cotters, Cotter-Pins... Of Copper",73,26200
74153390,"SCREWS;BOLTS AND NUTS, EXCLUDING SCREWS FOR WOOD",6,18761
75022000,Unwrought Nickel Alloys,25,15619
75062000,"Plates, sheets, strip and foil of nickel alloys",3,9090
75072000,Tubes Or Pipe Fittings Of Nickel,7640,2656597
76011000,"Aluminium, not alloyed",50682,20191616
76020000,Aluminium Waste And Scrap,70009,6466576
76041000,"Bars, rods and profiles of aluminium, not alloyed",8270,13394081
76042100,Hollow Profiles Of Aluminium Alloys,25744,15151851
76042900,"Bars, rods and profiles of aluminium alloys",39643,33451609
76051900,"Wire of aluminium, not alloyed, maximum cross-sectional dimension =<7mm",5152,3473909
76052900,"Wire of aluminium alloys, maximum cross-sectional dimension =<7mm",80,179412
76061100,"Rectangular (Incl. Square) Plates... Of Aluminium, Not Alloyed, >0.2mm",96,11913
76061200,"Of Aluminium, alloys",96784,44337626
76069190,"Plates... (Excl. Rectangular) Of Aluminium, Not Alloyed, >0.2mm Thick",9364,6512458
76069200,"Plates...(Excl. Rec) of aluminium alloys,>0.2mm thick NES Of aluminium alloys",1979,1049112
76071100,Rolled but not further worked,21368,10410159
76072099,"Aluminium foil backed, NES",5495,2412815
76081000,"Tubes And Pipes Of Aluminium, Not Alloyed",249,327121
76082000,Tubes And Pipes Of Aluminium Alloys,83098,77806058
76090000,Aluminium Tube Or Pipe Fittings,5434,6576542
76101000,"Doors, Windows And Their Frames And Thresholds For Doors, Of Aluminium",28489,15104830
76109010,"Aluminium Structure And Parts Of Structures..., Nes",43,114831
76109090,"Aluminium Structure And Parts Of Structures..., Nes",1642,404942
76110000,"Aluminium Reservoirs, Tanks, Etc, (Excl. For Gas) >=300 L",5,2191
76141000,"Cables... of aluminium, with steel core, not electically insulated",597,244661
76161000,"Nails, Tacks, Staples, Screws, Bolts, Nuts... Of Aluminium",19435,19864275
76169100,"Cloth, Grill, Netting And Fencing, Of Aluminium Wire",255,95818
76169900,"Articles of aluminium, nes",42537,39084527
78011000,"Refined Lead, Unwrought",150638,42968943
78019100,"Unwrought Lead, Containing Antimony As The Principale Other Element",98561,35534343
78019900,Unwrought Lead (Excl. Refined And Containing Antimony),171380,57767658
78060090,Other Articles Of Lead Nes,19,567862
79011190,"Zinc, Not Alloyed, >=99.99% Pure, Nes",38984,13359178
79012000,Zinc alloys,495423,238724979
79040000,"Zinc Bars, Rods, Profiles And Wire",3,18781
79050000,"Zinc Plates, Sheets, Strip And Foil",14918,10292011
79070090,"Other Articles Of Zinc, Nes",352,553670
80011000,"Tin, Not Alloyed, Unwrought",398,2981639
80012000,"Tin Alloys, Unwrought",200,450733
80030000,"Tin bars, rods, profiles and wire",49,18480
81019400,"UNWROUGHT TUNGSTEN, INCLUDING BARS AND RODS OBTAINED SIMPLY BY SINTERING",64,802700
81089000,"Articles Of Titanium, Nes",2,195508
82021000,Hand Saws,3,7250
82022000,Band Saw Blades,12,125681
82023100,Circular Saw Blades With Working Part Of Stl(Inc.Slittng/Slottng Saw Blade,1,7769
82023900,Circular Saw Blades(Inc.Slitting Blades)Excl.With Steel Working Part;Parts,1,13435
82031010,Files For Cutting Ampoules,0,16679
82031090,"Files, Raspsand Similar Tools Nes.",10,40983
82032000,"Tweezers, Pliers, Pincers And Similar Tools",8,97924
82041100,"Non-Adjustable, Hand-Operated Spanners And Wrenches",385,524270
82041200,"Adjustable, Hand-Operated Spanners And Wrenches",0,13748
82051000,"Drilling, Threading Or Tapping Hand Tools",524,923237
82052000,Hammers And Sledge Hammers,33,43785
82054000,Screwdrivers,0,3751
82055990,"HAND TOOLS, NES (INCL. GRAZIERS' DIAMONDS) EXCLUDING FIBRE OPTIC CABLE FUSION SLICER",592,2360345
82057000,"Vices, Clamps And The Like",1471,614528
82059000,"Other,incl.sets of articles of two or more of sub-headings of this heading",122,160127
82060000,"Tools Of Two Or More Of 82.02 To 82.05, Put Up In Sets For Retail Sale",193,58678
82072000,Dies For Drawing Or Extruding Metal,711,4409415
82073000,"Interchangeable Tools For Pressing, Stamping Or Punching",1539,8399241
82074000,Interchangeable Tools For Tapping Or Threading,31,494630
82075000,"Interchangeable Tools For Drilling, Other Than For Rock Drilling",249,552954
82077000,Interchangeable Tools For Milling,45,933707
82079000,"Other Interchangeable Tools For Hand Or Machine-Tools, Nes",801,125432
82081000,"Knives And Cutting Blades, For Metal Working Machines",2,252544
82089000,"Knives And Cutting Blades, For Machines Or Mechanical Appliances Nes",2825,18577551
82090000,"Plates, Sticks... For Tools, Unmounted, Of Metal Carbides Or Cermet",1,109211
82111000,"Sets Of Assorted Knives, Nes",165,430844
82119200,Other Knives With Fixed Blades (Excl. Table Knives),10,189
82119300,Knives(Excl. With Fixed Blades),4055,1640945
82130000,"Scissors, Tailors' Shears And Similar Shears, And Blades Therefor",349,190744
82159900,"Spoons, Forks, Ladles, Skimmers... Or Similar Tableware, Nes",50,1567
83011000,Padlocks Of Base Metal,3345,4831874
83013000,Locks For Furniture Of Base Metal,28,17209
83014010,Other locks,75,56342
83014090,Other locks,1257,8480864
83015000,"Clasps And Frames With Clasps, Incorporating Locks Of Base Metal",713,870569
83016000,Parts Of Padlocks And Locks Of Base Metals,1823,716666
83021000,Hinges Of Base Metal,664,299248
83022000,Castors Of Base Metal,66,10330
83024210,Magnatic door holder....Suitable for furniture,33,22965
83024290,"Mountings, Fittings, Etc, Suitable For Furniture, Of Base Metal, Nes",893,513536
83024910,"OTHR MOUNTING, FIT.&SIMILAR ARTICLES, DEV. /FITTINGS FOR BARR.WIND. & OR PANIC EXIT DOOR",261,1124005
83024991,OTR MOUNTING FITTINGS &SIMILAR ARTI.EXCL. DEVICE/FIT.FOR BARRED WINDOWS & OR PANIC EXIT,72221,26504064
83024999,OTR MOUNTING FITTINGS &SIMILAR ARTI.EXCL. DEVICE/FIT.FOR BARRED WINDOWS & OR PANIC EXIT,18205,14578176
83025000,"Hat-Racks, Hat-Pegs, Brackets And Similar Fixtures Of Base Metal",83,62670
83030000,"Armoured Or Reinforced Safes, Strong-Boxes And Doors... Of Base Metal",1230,651299
83051000,Fittings For Loose-Leaf Binders Or Files Of Base Metal,18,75122
83052000,"Staples In Strips, Of Base Metal",269,112683
83059000,"Office Artcls.Such As Ltr.Clips,Ltr.Corners..Of Base Metal Incldng.Parts",473,2694956
83061000,"Bells, Gongs, Etc, Non-Electric, Of Base Metal Containing more than 99.99 % of bismut",3486,5751213
83062100,"Statuettes And Other Ornaments Of Base Metal, Plated With Precious Metal",13,8389
83062900,Statuettes and other ornaments of base metal (excl. plated),450,360424
83063000,"Photograph, Picture Or Similar Frames; Mirrors Of Base Metal",2,1912
83071000,Flexible Tubing Of Iron Or Steel,105,828247
83079000,Flexible Tubing Of Other Base Metal (Excl. Iron Or Steel),4587,1294024
83081000,"Hooks, Eyes And Eyelets Of Base Metal",394086,526700725
83082000,Tubular Or Bifurcated Rivets Of Base Metal,71222,284079450
83089000,"Clasps, Buckles... Beads Andspangles Of Base Metal (Incl. Parts)",295740,528037071
83099010,Lug Caps,16,172390
83099020,Container Seal,615,773167
83099030,Combination seal for vials,681,3205674
83099091,"Stoppers, caps and lids.. excl.Crown corks nes,",578,2541088
83099099,"Stoppers, caps and lids.. excl.Crown corks nes,",150632,68382559
83100000,"Sign-Plates, Name-Plates, Address-Plates, Etc, Of Base Metal(Ex.Hsno-94.05",17867,62587716
83111090,"Coat electrode of base metal, for elec arc-weld, ExWeld wire imp by VAT reg com. manu",1160,292094
83113000,"Coated rods and cored wire of base metal, for soldering, brazing...",12468,14987279
83119000,"Wires, Rods... Of Base Metal, Coated/Cored (Incl. Powder For Sprays) Nes",936,472313
84021900,"Other Vapour Generating Boilers, Nes (Incl. Hybrid Boilers)",27545,24099630
84029000,Parts Of Sheam On Oth.Vapour Genrtng.Boilers & Super-Heated Water Boiles,140,134343
84031000,Central Heating Boilers For Oth.Than Hs Code No-84.02,16425,5636306
84081000,Marine propulsion engines,3621,27764655
84099910,For Engines of Industrial use and fishing trawler,149,3985080
84099990,"Parts For Compression-Ignition Internal Combustion Engines, Nes",5,82088
84119100,Parts Of Turbo-Jets Or Turbo-Propellers,16,14003887
84122100,"Hydraulic Power Engines And Motors, Linear Acting (Cylinders)",6,143032
84122900,Hydraulic Power Engines And Motors (Excl. Linear Acting),5,12428082
84123100,"Pneumatic Power Engines And Motors, Linear-Acting (Cylinders)",60,1410119
84123900,Pneumatic Power Engines And Motors (Excl. Linear Acting),14,682643
84129010,Parts Of Engines And Motors Of 8412.10 To 8412.80 For Aircraft Engines,2,5155637
84129090,"Parts Of Engines And Motors Of 8412.10 To 8412.80, Nes",7,139214
84131900,"Pumps For Liquids, With Or Designed To Be Fitted With A Measuring Device",3136,5554518
84136000,Rotary Positive Displacement Pumps,403,1578610
84137000,Other Centrifugal Pumps,1487,1448741
84138100,Other Liquid Elevatos Pumps,288,4990229
84139100,Parts of Pumps for liq. whts or not fitted with fitted with meas. dev.liquied elev.,50,654157
84141000,Vacuum Pumps,812,220109
84142000,Hand Or Foot-Operated Air Pumps,4430,2458058
84143010,Compressors For Refrigerating Equipment For Industrial Use,692,1337926
84144000,Air Compressors Mounted On A Wheeled Chassis For Towing,2,65664
84145100,"Table, floor, wall, window, ceiling or roof fans, with a....output not exceeding 125W",1530,159619
84145910,Venlating exhaust fan with blade rotating diameter of 24 inch or mere,10431,11836510
84145990,"Otherv Fans, Nes",2557,22042854
84146000,Hoods Incorporating A Fan Having A Maximum Horizontal Side =<120cm,45,41070
84148010,Air Compressors,5033,9327565
84148090,"Other Air Pumps; Air Or Gas Compressors; Hoods With A Fan, Nes",818,1016785
84149010,Parts Of Fan,5,166759
84149020,Parts...Of compressor,87,89964123
84149090,"Parts Of Air/Vacum Pumps, Of Air/Gas Compressors, Nes",953,2381001
84152010,"AIR CON.MCH >200,000BTU,OR EQV.USE FOR PRSN IN MOTOR VEHI.IMP.BY VAT REG.BUS BDY BLD.",13016,21525021
84158320,"For textile requiring more than 200,000 BTU or equivalent",855,3260039
84159090,Parts of other Air Conditioning Machine,2,2792
84162000,Other Furnace Burners For Solid Fuel Or Gas (Incl. Combination Burners),50,29376
84169000,Parts Of Furnace Burners For Liquid/Solid/Gas Fuel; Mechanical Grates...,1,107531
84179000,Parts Of Industrial Or Laboratory Furnaces And Ovens,1750,616002
84182900,"Household refrigerators, nes",38,1837363
84186110,"Indstrl.Refrigeration/Freezing Equipment,Compression Type..Heat Excharger)",100,162765
84186910,"Refrigerating Or Freezing Equipment,Heat Pumps, Industrial",247057,34259956
84186999,"Freezers of the upright type, (Excl.) exceeding 900 L or 800L capacity",1155,3998559
84189900,Parts for imported by VAT registered refrigerator and freezer manufacturers,6,108811
84192000,"Medical, Surgical Or Laboratory Sterilizers",4744,1858023
84193900,"Non-Domestic Dryers, Nes",3020,2367954
84194090,Water Rectifying Plant,650,726182
84195000,Heat Exchange Units,3438,14079699
84198100,"Non-Domestic Equipment, For Cooking Or Heating Food",158,142785
84199000,Parts Of Non-Domestic Heating/Cooling Equipment,150,1809544
84209100,Cylinders For Calendering Or Other Rolling Machines,61,988837
84209900,"Parts Of Calendering Or Other Rolling Machines, Nes",35,104931
84212120,Domestic type water purifying apparatur and machine.,988,1194413
84212300,Oil Or Petrol-Filters For Internal Combustion Engines,373,5766687
84212910,Cartrdg./Membr. filt. imp. by VAT reg. pharma. & water purif. mach./apprts. manf. ind,16,114198
84212990,"Filtering or purifying machinery and apparatus for liquids, NES",166,706075
84213100,Intake Air Filters For Internal Combustion Engines,17,942312
84213920,Industrial filter for air or other gases; overhead travelling .. cyclone of industria,237,2566590
84213990,Other,9,228499
84219910,Parts Of Machinery... For Filtering/Purifying Liquids Or Gases,12,57469
84219990,Parts Of Machinery... For Filtering/Purifying Liquids Or Gases,122,2048240
84223000,"Machinery For Filling,Closing...Etc.Bottles,Cans Etc,& Aerating Drinks",300,112683
84224000,"Oth.Packing/Wrapping Machinery, (Incl. Heat-Shrink Wrapping Machinery)Nes",7103,1459750
84229000,Parts Of Machinery Of 8422.11 To 8422.40,141,85341
84232000,Scales For Continuous Weighing Of Goods On Conveyors,70,149005
84238210,Weighting Capacity Exceeding 200KG,8,2111
84239000,Weighing Machine Weights Of All Kinds; Parts Of Weighing Machinery,4,125204
84241000,"Fire Extinguishers, Whether Or Not Charged",362,1900073
84242010,Spray Guns And Similar Appliances Of Industrial Use,143,558161
84242030,SPRINKLER SYSTEM AND EQUIPMENTS,153524,39326463
84248900,Mechanical Appliances For Projecting/Dispersing/Spraying Liquids/Powders,29561,36972701
84249000,Parts Of Machinery And Apparatus Of 8424.10 To 8424.89,150,1537470
84251100,"Pulley Tackle And Hoists..., Powered By Electric Motor",1196,804985
84253900,"Winches, Capstans, Nes",50,50642
84261900,"Transporter Cranes,Gantry Cranes/Bridge Cranes,Overhd Travellng Cranes Nes",648,139325
84271000,Self-Propelled Works Trucks Powered By An Electric Motor,23665,11598392
84272000,Self-Propelled Works Trucks (Excl. Electic),8125,4034901
84279000,"Other Works Trucks Fitted With Lifting Or Handling Equipment, Nes",352,193131
84281000,Lifts And Skip Hoists,141678,57170551
84283300,"Continuous-Action Elevators And Conveyors, Belt Type, Nes",3369,2388340
84283900,"Continuous-Action Elevators And Conveyors, Nes",2250,1324900
84312000,Parts Of Machinery Of 84.27,78,179430
84313100,"Parts Of Lift, Skip Hoists Or Escalators",3,7335
84313900,"Parts Of Machinery Of 84.28 (Excl. Lift, Skip Hoists Or Escalators)",10,36492
84314900,"Parts of machinery of 84.26, 84.29 and 84.30, nes",7,17513
84368000,"Agricultural... Forestry Or Bee-Keeping Machinery, Nes",80,33143
84401000,Book-Binding Machinery (Incl. Book-Sewing Machines),165,150244
84411000,Cutting Machines,12527,14193153
84419000,"Parts Of Machinery For Making Up Paper Pulp, Paper Or Paperboard, Nes",153,380783
84423000,"Machinery, apparatus and equipment for pre. or making plates, ..comp. Machiner",832,2372986
84425020,PRINTING PLATES,4384,3626797
84425090,"Other Printing Type,Blocks,Plates,Cylinders...Other Printing Components",63,17452
84431300,Other offset printing machinery,41543,33579634
84431600,Flexographic printing machinery,37,653783
84431900,"Other printing components(excl.Offset printing machinery, Letterpress printing",13246,50267082
84433100,"Machines which perform two or more of the functions of printing, copying or fa",9,26919
84433290,Other printer (excl. computer printer),1001,559453
84433910,Inkjet printer,55,225367
84433991,Copying machine & fax machine,68,156563
84433999,"Other printing machine,nes",1520,996184
84439100,"Parts & acces.of printing m/c used for print. by means of plates, cylinders an",2072,1928103
84439920,Other parts for Computer Printer,209,2686121
84439990,Parts & accessories other than compuet printer,1021,23714594
84440000,"Machines For Extruding, Drawing... Or Cutting Man-Made Textile Materials",250699,484538419
84454000,Textile Winding (Incl. Weft-Winding) Or Reeling Machines,3106,738824
84472000,Flat Knitting Machines; Stitch-Bonding Machines,9552,16024654
84479000,"Machines For Making Gimped Yarn, Tulle, Lace, Embroidery, Trimmings, Etc",118596,77797172
84482090,Parts And Accessories Of Machines Of 84.44 Or Their Auxiliary Machinery,5744,17243247
84483200,"Parts And Accessories Of Machines For Preparing Textile Fibres, Nes",4015,11442538
84483900,"Parts And Accessories Of Machines Of 84.45, Etc, Nes",629,1816736
84484290,Other Reeds For Looms Healds And Heald-Frames,342,2459041
84484900,"Parts And Accessories Of Weaving Machines (Looms), Nes",715,8234215
84485100,"Sinkers, needles and other articles used in forming stitches",75,5264777
84485900,"Other Parts And Accessories Of Machines Of 84.47, Etc, Nes",50,739905
84502090,"Washing Machines, Household/Laundry Type, Capacity >10kg",1700,1096279
84511000,Dry-Cleaning Machines,4000,491425
84512900,"Drying Machines, Of A Dry Linen Capacity >10kg",8101,2953157
84513000,Ironing Machines And Presses (Incl. Fusing Presses),15368,16704739
84514000,"Washing, Bleaching Or Dyeing Machines, Nes",82044,209560121
84515000,"Machines For Reeling, Unreeling, Folding, Cutting... Textile Fabrics",28555,65260104
84518000,"Machines For Wringing, Dressing, Finishing... Textile Yarns, Fabrics...",23039,46194773
84519000,"Parts Of Machines For Cleaning, Drying, Ironing, Etc",10077,53816171
84522100,Automatic Sewing Machines,273305,514699055
84522990,Sewing Machines Of Industrial Type (Excl. Automaic Units ) Nes.,30674,79305695
84523000,Sewing Machine Needles,960,17170481
84529090,Other parts of sewing machines,4984,46333489
84532000,Machinery For Making Or Repairing Footwear,1850,5707655
84538000,"Machinery For Making/Repairing Articles Of Hides, Skins Or Leather, Nes",398,648302
84539000,"Parts Of Machinery For Preparing ... Leather, Making Footware, Etc",346,767612
84542000,"Ingot Moulds, Ladles Used In Metallurgy Or In Metal Foundries",2147,4261622
84549000,"Parts Of Converters, Ladles... Casting Machines",1655,5417530
84561100,"Operated by laser or other light or photon beam processes,Operated by laser",2490,5306143
84562000,Machine-Tools Operated By Ultrasonic Processes,168,1082339
84564000,Operated by plasma arc processes,157,118010
84569000,"Other m/c-tools(excl. laser or other light or photon beam, ultra-sonic, electr",2,74695
84581900,Horizontal Lathes For Removing Metal (Excl. Numerically Controlled),3000,2330542
84592900,"Drilling Machines For Removing Metal, Nes",465,579657
84595900,"Milling Machines, Knee-Type, For Metal (Excl. Numerically Controlled)",3800,3204714
84603100,"Sharpening (Tool Or Cutter Grinding) Machines, Numerically Controlled",296,71366
84609000,"Other Machines For Deburring, Grinding, Polishing, Etc, Metal, Nes",1562,2663441
84615000,Sawing Or Cutting-Off Machines For Working Metal Or Cermets,1360,666584
84622300,Numerically controlled press brakes,12720,5000568
84622500,Numerically controlled roll forming machines,1833,2306753
84622900,"Bending, Folding, Straightening Or Flattening Machines (Incl. Presses)",2398,1351600
84623200,Slitting lines and cut-to-length lines,9450,2388331
84626100,Cold metal working presses : Hydraulic presses,15040,4785475
84629000,Machine-tools (Including presses) for working metal by... not specified above NES,150,129631
84632000,"Thread Rolling Machines For Working Metal, Without Removing Material",80,22344
84633000,"Machines For Working Wire, Without Removing Material",24950,9318626
84642000,"Grinding Or Polishing Machines, For Working Stone, Ceramics, Etc",2716,1411619
84649000,"Machine-Tools For Working Stone, Ceramics, Concrete, Etc",117,8182
84659300,"Grinding, Sanding Or Polishing Machines For Working Wood, Cork, Etc",3946,2235590
84659400,"Bending Or Assembling Machines For Working Wood, Cork, Bone, Etc",1000,685616
84659900,"Other Machine-Tools, Nes, For Working Wood, Cork, Bone, Hard Rubber, Etc",7796,10415720
84661000,Tool Holders And Self-Opening Dieheads,0,78503
84662000,Work Holders For Machine-Tools,1,6619
84663000,Dividing Heads And Other Special Attachments For Machine-Tools,0,34807
84669200,Parts And Accessories For Machines Of 84.65,645,410156
84669300,Parts And Accessories For Machines Of 84.56 To 84.61,204,11309826
84669400,Parts And Accessories For Machines Of 84.62 To 84.63,6,926347
84671100,"Pneumatic Tools, Rotary Type, For Working In The Hand",1,59271
84671900,"Pneumatic Tools (Excl. Rotary Type), For Working In The Hand",9,147281
84672100,DRILLS OF ALL KINDS;WITH SELF CONTAINED ELECTRIC MOTOR,32,55587
84672900,TOOLS FOR WORKING IN THE HAND;EXCLUDING DRILLS AND SAWS,37,525496
84678900,"Tools for working in the hand, with non-electric motor, nes",16,69929
84679900,"Parts Of Hand-Tools, With Non-Electric Motor, Nes",12,8671
84688000,"Machinery And Apparatus For Soldering, Brazing Or Welding, Nes",89,72434
84713000,"Portable Digital Adp Machines,Wt<=10 Kg,Comp.At Least Cpu,Keyboard&Display",34,382648
84714100,"Nonportable Adp Machines,Comprisng At Least Cpu & I/O Unit In Same Housing",47,35828251
84716090,Adp Input/Output Units Whether/Not Containg. Storage Units In Same Housing,2,105059
84718000,Other Units Of Automatic Data Processing Machines Nes,66,354444
84719000,Magnetic or optical readers; machines for transcribing data onto data media...nes,179,3137982
84729090,"Office machines (incl. coin-sorting/counting/wrapping machines...) , nes",16,30776
84733000,Parts And Accessories Of The Machines Of 84.71,2,96544
84748000,"Other Machinery For Earth, Stone, Ores, Etc, Nes",17,159914
84759000,Parts Of Machines Of 84.75,90,164164
84771000,"Injection-Moulding Machines For Working Rubber Or Plastics, Etc",22308,73828399
84772000,Extruders For Working Rubber Or Plastics And Making Products Thereof,4043,6585204
84774000,Vacuum Moulding Machines And Other Thermoforming Machines For Rubber...,1140,1072695
84778000,"Other Machinery For Working Rubber/Plastics Or Making Products Thereof,Nes",28555,22606343
84779000,"Parts Of Machinery For Working Rubber Or Plastics, Etc",1466,5940914
84795000,"Industrial Robots, Nes",22820,42598088
84796000,Evaporative Air Coolers,730,281815
84798200,"Machines For Mixing,Kneading,Crushing,Grinding,Having Individual Functions",16266,11744135
84798900,"Machines, having individual functions, nes",17208,106123890
84799000,Parts Of Machines Having Individual Functions Of Hs Heading 8479,1220,29665588
84802000,Mould Bases,202693,163100101
84803000,Moulding Patterns,17,162765
84804100,Injection Or Compression Type Moulds For Metal Or Metal Carbides,129,969840
84804900,Moulds For Metal Or Metal Carbides (Excl. Injection Or Compression),1873,3154638
84806000,Moulds For Mineral Materials,531,697128
84807100,Injection Or Compression Type Moulds For Rubber Or Plastics,31731,56530569
84807900,Moulds For Rubber Or Plastics (Excl. Injection Of Compression),34100,44474060
84811011,"Pressure-reducing valves,... not exceeding 1 inch Pressure regulator/valve for LPG",5,32664
84811019,"Pressure-reducing valves,... not exceed 1 inch, Excl. Press. regulator/valve for LPG",64,276718
84811090,Exclu. Inner Diameter not exceeding 1 inch,73,685267
84812010,"Valves for oleohydraulic or pneumatic transmission, inner diameter not exceeding 1 inch",67,310933
84812090,"Valves for oleohydraulic or pneumatic transmissions,Excl.Inner diameter not excee. 1 inc",74,830205
84813019,"Check (nonreturn) valves, inner diameter <= 1 inch.",20,141792
84813090,"Check (nonreturn) valves, Excl. Inner Diameter <= 1 inch.",11385,7259354
84814019,"Safety or relief valves, Inner dia. <= 1 inch., Excl. Safety or relief valve for LPG",13,6765082
84814090,"Safety or relief valves, Excl. diameter <= 1 Inch",20,235977
84818029,Hand diaphragm valve,128,8553863
84818090,"Inner Diameter <1 inch,nes",2039,46016590
84819010,Parts of taps and cocks,4,2506
84819090,"Parts of taps and cocks, NES",26,3273671
84821000,Ball Bearings,35,595774
84822000,"Tapered Roller Bearings, Including Cone And Tapered Roller Assemblies",200,1622108
84823000,Spherical Roller Bearings,3,26899
84824000,Needle Roller Bearings,58,244372
84825000,Other Cylindrical Roller Bearings (Excl. Needle),5,37561
84828000,"Ball Or Roller Bearings (Incl. Combined Ball/Roller Bearings), Nes",1735,604381
84829100,"Balls, Needles And Rollers",1,49262
84829900,"Parts Of Ball Or Roller Bearings (Excl. Balls, Needles And Rollers)",39,303245
84831000,Transmission shafts (incl. cam and crank shafts) and cranks,88,2036489
84833000,"Bearing Housings, Nes; Plain Shaft Bearings",53,344819
84834000,Gears and gearing; ball or roller screws; gear boxes and other speed changers...,22,632199
84835000,Flywheels And Pulleys (Incl. Pulley Blocks),40,547868
84836000,Clutches And Shaft Couplings (Incl. Universal Joints),245,4778116
84839000,"Parts Of Transmission Shafts, Cranks, Bearing Housings, Gears, Etc",167,746609
84841000,Gaskets... Of Metal Combined With Other Materials Or >1 Metal Layer,262,1340061
84849000,Sets Or Assortments Of Gaskets And Similar Joints,75,3326447
84879000,Machinery Parts other than ships' or boats' propellers and blades therefore,109,1670298
85011090,Motors Of An Output =<37.5 W,105,535367
85012091,Motors of an output not exceeding 37.5 W but not exceeding 750 W,44,228314
85012099,Excluding Motors of an output not exceeding 37.5 W but not exceeding 750 W,3,92395
85013100,"Oth DC motors; DC generators, other than photovoltaic genera <=750 W",3888,12804930
85013200,"Oth DC motors; DC generators, other than photovoltaic generators : >1200 W But <=75 Kw",4,150433
85014010,"Ac motors, single-phase.. Of an output not exceeding 750 W",90,1362400
85014020,"Ac motors, single-phase...Of an output exceeding 750 W but not exceeding 75 KW",6,193286
85014090,"Ac motors, single-phase...Excl. Of an output not exceeding 750 W",10,51142
85015100,"Ac Motors, Multi-Phase, Of An Output =<750 W",201,2164192
85016100,"AC generators (alternators), other than photovoltaic generators :<=75 Kva",1,55373
85017100,Photovoltaic DC generators : Of an output not exceeding 50 W,1,1878
85017230,Photovoltaic DC generators : Of an output exceeding 75 kW not exceeding 375 kW,16382,10655827
85017240,Photovoltaic DC generators : Of an output exceeding 50 W :,129420,75268924
85021100,"Generating Sets With Compression-Ignition Engines, =<75 Kva",680,106463
85021300,"Generating Sets With Compression-Ignition Engines, >375 Kva",51345,69732700
85030020,PARTS OF OTHER GENERATOR,21,3751272
85030030,Rotor/Motor bush/Casing for electric motors,2,128379
85030093,Others parts of motor,2,13717
85041000,Ballasts For Discharge Lamps Or Tubes,5,25041
85042100,"Liquid Dielectric Transformers, Power Handling Capacity =<650 Kva",0,4759
85042390,"Liquid Dielectric Transformers, Power Handling Capacity >10000 Kva",699,128129
85043100,"Transformers, Nes, Power Handling Capacity =<1 Kva",505,2440196
85043200,"Transformers, Nes, Power Handling Capacity =>1 Kva But <=16 Kva",7,39344
85043300,"Transformers, Nes, Power Handling Capacity 16-500 Kva",109,235621
85043400,"Transformers, Nes, Power Handling Capacity >500 Kva",7300,4194324
85044010,Mobile battery charger(less than 6V),1,44321
85044030,"Voltage stabilizer (capacity upto 2,000 VA)",1653,5819720
85044090,Other Static converters,12001,21946839
85045000,"Inductors, Nes",459,1352165
85051100,Permanent Magnets And Articles Becoming Permanent Magnets Of Metal,1179,718248
85051900,Permanent Magnets And Articles Becoming Permanent Magnets (Excl. Metal),20,14250
85052000,"Electro-Magnetic Couplings, Clutches And Brakes",31,88194
85059000,"Other Electro-Magnetic Or Permanent Magnet Chucks,Etc;Incl.Parts Of Magnet",15,405394
85065000,Primary Cells And Primary Batteries Of Lithium,11,37561
85069090,"Parts Of Primary Cells And Primary Batteries,Excl.Separator, Nes",3046,966259
85076000,Lithium-ion,4942,19353668
85078090,"Electric Accumulators,Seperators(Excl.Lead-Acid,Nickel-Cadmium/Nickel-Iron",15,3015626
85079010,Separators,9926,4145844
85086010,"Other vacuum cleaners, Industrial type",156,170033
85099000,Parts Of Electro-Mechanical Domestic Appliances,8,23538
85111090,Sparking Plugs,22,1690124
85112000,Ignition magnetos; magneto-dynamos; magnetic flywheels,25,39839
85113000,Distributors; Ignition Coils,0,18180
85114000,Starter motors and dual purpose starter-generators,294,33689181
85121000,Lighting Or Visual Signalling Equipment For Bicycles,4150,22592247
85123000,Sound Signalling Equipment For Cycles Or Motor Vehicles,0,100688
85129000,"Parts Of Vehicle Lighting/Signalling, Etc, Equipment Of 85.12",1,12531
85141900,Resistance heated furnaces and ovens : Excluding Hot isostatic presses,13971,4178502
85143900,"Other furnaces and ovens , NES",125,719795
85151100,Soldering Irons And Guns,479,321678
85151900,"Brazing Or Soldering Machines And Apparatus, Nes",10,45450
85152100,"Machines For Resistance Welding Of Metal, Fully Or Partly Automatic",89,22537
85152900,"Machines And Apparatus For Resistance Welding Of Metal, Not Automatic",0,75792
85158000,"Machines And Apparatus For Welding/Spraying Of Metals, Nes",96,37578
85159000,"Parts Of Soldering, Brazing, Welding, Etc, Machines/Apparatus Of 85.15",45,363231
85161090,Other than water heater with insulated storage tank,14,242699
85162900,"Electric space heating and soil heating apparatus, nes",1,56591
85164010,Industrial Steam Iron,3182,8302832
85168000,Electric Heating Resistors (Excl. Those Of 85.45),892,2286691
85169000,Parts Of Electro-Thermic Appliances Of 85.16,301,503435
85171800,Telephone set for other wireless networks,48,651304
85176220,Telephonic or telegraphic switching apparatus,4,16992
85176250,"WI-FI WIMAX LAN Card Access point,Security Dev",3,1078604
85176290,"Other reception, transmission app.(excl. modem, telephonic/telegraphic switch.",8,31946446
85177900,Parts : NES,9,12520
85181000,Microphones And Stands Therefor,1,1133343
85182900,"Loudspeakers, Not Mounted In Encloseurs",109,365617
85189000,Parts Of Apparatus Of 85.18,0,540
85219020,"Vdo Rcding./Reprod.Appa.,With/Without Vdo Tuner,Exc.Mag.Tape Type In Cbu",36,29225797
85229090,"Parts & acc. for use with apparatus of 85.19 to 85.21, (excl.pick-up cartridges),nes",6,563417
85232100,Cards incorporating a magnetic stripe,1165,1394596
85234921,Database; os; development tools; productivity; communication or collaboration soft.,0,44489
85235190,"Solid-state non-volatile storage devices, excl flash memory",0,5008
85235200,Smart cards,9,65647
85235910,Proximity Cards and tags,69917,421303380
85235920,RFID TAG,442451,5390270969
85235990,Semiconductor media : Excl. Proximity Cards and tags,20683,54284130
85241190,Flat panel display module Without drivers or control circuits :Of liquid crystals :,420,13151
85249900,"Flat panel display modules, whether or not incorporating touch-sensitive screens,NES",2,3385659
85258900,"Flat panel display modules, whether or not incorporating touch-sensitive screens. NES",70,43195
85261000,Radar Apparatus,39,154060
85285290,"Other Monitor, excluding Computer monitor size not exceeding 22 inch",2,32093
85285900,"Other Monitor, excl, of a kind solely or principally?.an automatic data proc..",5,3566646
85286900,"Other Projections, excl. of a kind solely or prin?.an automatic data proc..sys",159,45431
85291000,Aerials And Aerial Reflectors Of All Kinds And Parts Thereof,5,413172
85299010,Parts of apparatus of Heading 85.27,16,25041
85299030,,39,8181118
85299090,Parts Of Apparatus Of Heading No. 85.25 & 85.26,19,13446
85311000,Electrical Burglar Or Fire Alarms And Similar Apparatus,1781,14095898
85312000,ndicator panels incorp. liquid crystal devices (LCD) or light-emitting diodes (LED),12,661075
85318000,"Electrical Apparatus For Sound Or Visual Signalling, Nes",32448,137621638
85319000,Parts Of Apparatus Of 85.31,68213,104919717
85321000,Fixed Capacitors For 50/60 Hz Circuits Having Power Capacity >=0.5kvar,9,91649
85322200,Aluminium electrolytic,1,34757
85322300,"Fixed Electrical Capacitors Of Ceramic Dielectric, Single Layer",4,247957
85322910,"Fixed electrical capacitors, nes, capacitors imp by VAT reg comp. manu.",1,155002
85322990,"Fixed electrical capacitors, nes, Excl capacitors imp by VAT reg comp. manu.",404,211570
85323000,Electrical Variable Or Adjustable (Pre-Set) Capacitors,336,1447920
85329000,Parts Of Electrical Capacitors Of 85.32,0,107715
85331000,"Fixed Carbon Resistors, Composition Or Film Types",156,678144
85332900,Other Fixed Resistors For A Power Handling Capacity >20w,0,4638
85333900,Wirewound Variable Resistors For A Power Handling Capacity >20 W,4,116287
85334000,"Variable Resistors, Nes (Incl. Rheostats And Potentiometers)",2,10860
85339000,"Parts Of Electrical Resistors, Rheostats And Potentiometers",90,251216
85340000,Printed Circuits,3202,11753950
85353000,"Isolating Switches And Make-And-Break Switches, >1000 V",0,56431
85359090,"Other Apparatus For Switching... Electrical Circuits, >1000 V, Nes",82,1676515
85361000,"Fuses, =<1000 V",125,1178020
85362000,"Automatic Circuit Breakers, =<1000 V",4,12903
85363090,"Apparatus For Protecting Electrical Circuits, Nes, =<1000 V",6,50583
85364100,Relays For A Voltage =<60 V,7,170751
85364910,Relays For A Voltage 60-1000 V,22,21701
85364990,Relays For A Voltage 60-1000 V,19,2052121
85365000,Other switches,140,1019257
85366100,"Lamp-Holders, =<1000 V",0,15891
85366900,Other,264,5657260
85367000,"Connectors for optical fibres, optical fibre bundles or cables",54,534928
85369010,"Apparatus For Switching... Electrical Circuits, Nes, =<1000 V",75,756255
85369090,"Apparatus For Switching... Electrical Circuits, Nes, =<1000 V",1781,2995592
85371010,BUSBAR TRUNKING SYSTEM,5740,6890260
85371020,Electric panel,6679,10867244
85371090,Other,1767,155079190
85372000,"Boards...Equipped With Two/More Apparatus Of 85.35/85.36, Voltage > 1000v",12475,15897427
85381000,"Boards... Desks, Cabinets And Other Bases For Goods Of 85.37, Not Equipped",183,1312105
85389000,"Parts Of Apparatus Of 85.35 To 85.37, Nes",44,4489774
85392190,Other Tungsten Halogen Filament Lamps (Excl.Ultra-Violet Or Infra-Red)Nes.,163,712198
85392910,Indicator pilot lamp 6V-60V/5 Watt,1,20659
85392990,"Elec.filmnt.or discharge lamps,incl. sealed beam..excl.Indicator pilot lamp 6V-60V/5 wa",1,12820
85393120,T5 tube light,406,289779
85393190,"Discharge Lamp other than Ultra-Violet Lamps, Fluorescent, Hot Cathode",472,1143514
85394990,Other Ultra-Violet Or Infra-Red Lamps Nes.,33,61382
85395200,Light-emitting diode (LED) light sources :Light-emitting diode (LED) lamps,7735,17302143
85399010,Base Cap For Lamps,5,222816
85401100,Colour,470,556529
85408900,"Other Valves And Tubes, Nes",29,380620
85411000,"Diodes, other than photosensitive or light-emitting diodes (LED)",352,19595584
85412100,"Transistors (Excl. Phototransistors), With A Dissipation Rate <1w",0,22816
85412900,"Transistors (Excl. Phototransistors), With A Dissipation Rate >=1w",51,3950321
85414100,"Photosensitive semi-conductor devices, including....Light-emitting diodes (LED)",352,2865224
85414900,"Other --- Photosensitive semi-conductor devices,..light-emitting diodes (LED) NES",1,58939
85415100,"Other semi-conductor devices , Semiconductor-based transducers",0,1197
85423990,"Electronic integrated circuits,nes",110,4470267
85429000,Parts,25,1183187
85433000,"Machines/Apparatus For Electroplating, Electrolysis Or Electrophoresis",1814,1085629
85437090,"Other machines & appa., Excl. Remote control for electronic and electrical appa.",783,4451824
85439090,Parts excluding Electronic Cigarattes and Similar personal electric vaporising device,228,1553033
85441100,Of copper,328,9022425
85441990,Other Winding Wire (Excl Wire Of Copper & Cotton Braided Electric Cables),685,727786
85442000,Co-Axial Cable And Other Co-Axial Electric Conductors,2055,5918606
85443000,"Ignition Wiring Sets And Other Wiring Sets For Vehicles, Aircraft...",14,25406772
85444200,"Other electric conductors for a voltage not exceeding 1,000 V: Fitted with conn",6495,14935688
85444900,"Electric Conductors, Nes, For A Voltage <=80 V, Not Fitted With Connectors",81362,115465429
85446000,"Other electric conductors, for a voltage exceeding 1000V",2,130111
85447000,Optical Fibre Cables Made Up Of Individually Sheathed Fibres,1,45491
85451990,"Carbon electrodes (excl. for furnaces), nes",1,81695
85452000,Carbon Brushes,1,19351
85459020,Carbon rod,13,22537
85469000,Electrical Insulators (Excl. Of Glass Or Ceramics),20,35558
85479000,"Insulating Fittings, Nes, For Electrical Machines...; Conduit Tubing...",51,19418
85480000,"Electrical parts of machinery or apparatus, not specified or included elsewhere in th",2,580529
87088000,Suspension shock absorbers,1,4131
87089900,"Parts and accessories, nes, for vehicles of 87.01 to 87.05",104,4324414
87141090,"Parts and acce. Of Motorcycles, EXCLUDING Saddles",1,1578
87142000,Parts And Accessories Of Invalid Carriages,0,93
87149100,"Frames and forks, and parts thereof",268104,272073362
87149210,"Wheel Rims & Spokes Of Bicycles & Other Cycles, Not Motorised",56365,50604052
87149290,Wheel Rims & Spokes Of Bicycles & Other Cycles (Excl. Not Motorised),9191,3120514
87149311,"Hubs, other Than Coaster Braking Hubs & Hub ... Free-wheel sprocket-wheels of bicycle",50067,107700142
87149319,"Hubs, other Than Coaster Braking Hub excluding Free-wheel sprocket-wheels of bicycle",64377,99004032
87149390,"Hubs,Other Than Coaster Braking Hubs & ....Of Bicycles (Excl.Not Motorised",9194,2953754
87149410,"Brakes,Including Coaster Braking Hubs & Hubs...Of Bicycles, Not Motorised",81615,169211302
87149490,"Brakes,Including Coaster Braking Hubs &..Of Bicycle (Excl.Not Motorised)",17862,32763048
87149510,"Saddles Of Bicycles & Other, Not Motorised",42006,46078242
87149610,"Pedals & Crank-Gear Of Bicycles & Other, Not Motorised",102560,111182103
87149690,Pedals & Crank-Gear Of Bicycles & Other (Excl. Not Motorised),21057,4779976
87149900,"Parts and accessories of cycles, nes",411512,461979238
87168000,"Vehicles, Not Mechanically Propelled, Nes",597,99546
87169000,"Parts Of Trailers, Semi-Trailers, Etc, Of 87.16",2199,6319357
88051000,"Aircraft Launching Gear, Deck-Arrestors... And Parts Thereof",2000,60009246
88073090,"Other parts of aeroplanes, helicopters or unmanned aircraft :",1457,213344403
90015000,Spectacle Lenses (Excl. Of Glass),13339,8138080
90019010,Blanks And Demos Of Plastic,730,3039378
90019090,"Oth. Prisms, Mirrors And Other Optical Elements, Unmounted, Nes",1659,10363235
90021100,"Mounted Objective Lenses, Of Any Material, For Cameras, Projectors, Etc",288,13788427
90029000,"Oth. Mounted Lenses, Prisms, Mirrors, Etc, Of Any Material, Nes",420,10909594
90031100,"Frames And Mountings For Spectacles, Goggles Or The Like, Of Plastics, TV",20,248105
90031900,"Frames And Mountings For Spectacles, Goggles Or The Like, Nes, TV",207,5958461
90039000,"Other Parts Of Frames And Mountings For Spectacles, Goggles Or The Like",3048,40468352
90041000,"Sunglasses, TV",3889,7227741
90049000,"Spectacles, Goggles And The Like (Excl. Sunglasses), TV",2,41359
90069100,Parts And Accessories For Cameras (Not Cine-),11,653570
90089000,"Parts And Accessories Of Image Projectors, Photo Enlargers/Reducers",277,3587843
90106000,Projection Screens,260,19967493
90111000,Stereoscopic Microscopes,5,36358
90118000,"Other Optical Microscopes, Nes",11,60121
90142000,Instruments/Apparatus For Aeronautical/Space Navigation (Excl Compasses),15,62528476
90158090,"Other Instruments And Appliances For Meteorological... Purposes, Nes",131,23171480
90160000,"Balances Of A Sensitivity Of 5cg Or Better, With Or Without Weights",8,74371
90173000,"Micrometers, Calipers And Gauges",11,124513
90178090,Other Instruments,11,52363
90179000,Parts And Accessories Of Drawing/Measuring Instruments Of 90.17,3,41386
90183130,Plastic syringe with or without needles,0,12776
90183200,"Tubular Metal Needles And Needles For Sutures, For Medical... Sciences",0,449
90200000,Other Breathing Appliances And Gas Masks,16,19990
90211000,ORTHOPAEDIC OR FRACTURE APPLIANCES,4446,12494168
90230000,"Instruments, Apparatus And Models Designed For Demonstrational Purposes",9487,4200790
90241000,"Machines/Appliances For Testing The Hardness, Strength... Of Metals",449,538403
90248090,Other Machines/Appliances For Testing... Materials (Excl. Metals),1297,7831152
90251900,"Thermometers/Pyrometrs,Not Comb.With Other Instrumts,Not Liquid-Filled Nes",14,402321
90258000,"Oth.Instruments Hydrometers,Pyrometers, Hygrometers, Etc, And Combinations",5,112656
90261000,"Instruments... For Measuring/Checking The Flow Or Level Of Liquids, Nes",36,1616734
90262000,Instruments... For Measuring Or Checking Pressure,22,3077449
90268000,Oth.Instruments... For Measuring Or Checking Variables Of Liquids Or Gas,7,75098
90269000,Parts And Accessories Of Instruments For Measuring Flows... Of 90.26,11,31502865
90273000,"Spectrometers, Spectrophotometers... Using Optical Radiations",101,30890761
90278900,"Other instruments and apparatus, OTHER Excl. Mass spectrometers",2,22787
90279000,Parts And Accessories Of Instruments For Analysis Of 90.27,1,124358
90291090,"Revolution Or Producton Counters,Taximeters,Mileometers,Pedometers, Nes",2,325658
90292000,Stroboscopes; speed indicators and tachometers,2,39912
90303300,"Other inst and appt, for measr or chk volt, cur., resis.or power : Multim. wit",21,289931
90314900,"Optical Instruments And Appliances For Measuring Or Checking, Nes",60,1264105
90318000,"Instruments, Appliances And Machines For Measuring Or Checking, Nes",354,1541025
90319000,"Parts And Accessories Of Measuring Instruments... Nes, Of 90.31",36,1348284
90321000,Thermostats,79,1736651
90328900,"Automatic Regulating Or Controlling Instruments And Apparatus, Nes",62,2414143
90329000,Parts And Accessories Of Automatic Regulating Devices Of 90.32,1,7858
90330090,"Parts And Accessories, Nes, For Machines, Appliances, Etc, Of Chapter 90",647,5122144
91061000,Time-Registers; Time-Recorders,1,2446
94013900,Swivel seats with variable height adjustment :OTHER,6994,3349826
94016100,"Upholstered Seats, With Wooden Frames",62,31413
94017100,"Upholstered Seats, With Metal Frames",30,15775
94017900,"Seats With Metal Frames, Not Upholstered",17,8418
94018000,"Seats, Nes",443,423248
94019900,"Seats (Other Then 94.02) Whether or not cnvrt. into beds, and parts :Parts : others",12990,60127585
94031000,Metal Furniture Of A Kind Used In Offices (Excl. Seats),24246,9163270
94032030,Cutting table of kind used with cutting machine,11034,6072546
94033000,Wooden Furniture Of A Kind Used In Offices (Excl. Seats),9109,3467422
94037000,Furniture (Excl. Seats) Of Plastics,1319,446985
94038900,"Furniture of other material, including cane,osier or similar materials: Excl b",23962,4240616
94039900,"Others Furniture and Parts Thereof :Parts, OTHERS",14,9577
94042100,Mattresses Of Cellular Rubber Or Plastics,135,87343
94043000,Sleeping Bags,9,15989
94049000,"Articles Of Bedding, Stuffed, Etc (Excl. Mattresses And Sleeping Bags)",98,10407038
94051900,"Designed for use solely with light-emitting diode (LED) light sources,NES",342,7136335
94053900,"Lighting sets of a kind used for Christmas trees,OTHER",1860,11094294
94054190,"Photovoltaic, dsgn. use solely with light-emitting diode (LED) light sources",726,1490901
94054200,"Oth.elec.lum. &..Other, designed for use solely light-emitting diode (LED) light sour",7,547616
94054990,"Other electric luminaires and lighting fittings,NES",1472,5301052
94056100,Designed for use solely with light-emitting diode (LED) light sources,1,406911
94056900,"Illuminated signs, illuminated name-plates and the like,OTHER",1,119374
94059200,Luminating and lighting fittings including searchlights .........Parts of Plastic,4,366596
94059900,"Parts, NES",2,146568
94069090,Prefabricated buildings. nes,4871,1326861
95030090,"Tricycl, scotr, pedal car and simlr whel toy; dolls? carg..Excl puzzles",25,170785
95051000,Articles For Christmas Festivities,52,21284
95063900,"Golf Equipment, Nes",441,6840800
95066200,Inflatable Balls,169,145236
95069900,"Other articles and equipment for sport and open-air games, nes",3630,4216241
95072000,"Fish-Hooks, Wheather Or Not Snelled",101,1030353
95079000,"Line fishing tackle, fish landing nets, butterfly and similar nets...",1,1640
96019000,"Worked Bone, Tortoise-Shell, Horn... And Articles Thereof, Nes",1,634
96031000,"Brooms And Brushes, Of Twigs Or Other Vegetable Material Bound Together",186,3494
96032900,"Oth. Brushes For Shaving, Hair, Nail, Eyelash, Toilet Brushes",50,626
96033000,"Artists', Writing Brushes And Brushes For The Application Of Cosmetics",31,103865
96034000,"Paint, Distemper, Varnish Or Similar Brushes; Paint Pads And Rollers",84,69219
96035000,"Brushes Constituting Parts Of Machines, Appliances Or Vehicles, Nes",580,1013394
96039000,"Hand-Operated Floor Sweepers, Mops, Feather Dusters, Etc, Nes",1242,2108314
96061000,"Press-Fasteners, Snap-Fasteners And Press-Studs And Parts Therefor",260650,773654361
96062100,"Buttons Of Plastics, Not Covered With Textile Material",148433,464892834
96062200,"Buttons Of Base Metal, Not Covered With Textile Material",222165,615502255
96062900,"Oth. Buttons, Nes",63171,182625321
96063000,Button moulds and other parts of buttons; button blanks:,45936,100578045
96071100,Slide Fasteners Fitted With Chain Scoops Of Base Metal,1110918,2295840160
96071900,Slide Fasteners Not Fitted With Chain Scoops Of Base Metal,1041040,2066828663
96072000,Slide Fastener Parts,691371,949901780
96082000,Felt-Tipped And Other Porous-Tipped Pens And Markers,846,4147747
96089990,"Duplicating Stylos; Pen/Pencil Holders; Parts Of Pens, Nes",68,11586
96091000,"Pencils And Crayons, With Leads Encased In A Rigid Sheath",0,626
96110000,"Date, Sealing Or Numbering Stamps, Etc, For Use In The Hand....Sticks",1,16405
96121010,Ribbons (Computer Printers Ribbons),1465,3529899
96121090,Other Ribbons(excl.computer printer ribbons),14798,52907230
96140000,"Smoking pipes (including pipe bowls) and cigar or cigarette holders, and parts",182,585326
96151100,"Combs, Hair-Slides And The Like Of Hard Rubber Or Plastics",741,499716
96151900,"Combs, Hair-Slides And The Like Of Other Materials, Nes",3596,4657333
96159000,"Hairpins; Curling Pins, Curling Grips, Etc, And Parts Thereof",1114,2576699
96162000,"Powder-Puffs And Pads For The Application Of Cosmetics, Etc",10,5950
96180000,"Tailors' Dummies, Etc; Automata And Other Animated Displays",1383,13273046
